customer_id,churn_prob,churn_pred,churn_reason,user_type,plan,net_quality,monthly_fee,lifestyle
CUST_00001,0.855162611,1,too expensive,retired individual,standard,high,373.02,binge watcher
CUST_00002,0.770003278,1,switched to competitor,college student,basic,high,219.38,news junkie
CUST_00003,0.810403427,1,too expensive,school student,premium,low,686.85,casual viewer
CUST_00004,0.886081554,1,too expensive,college student,basic,medium,158.38,binge watcher
CUST_00005,0.658398595,1,switched to competitor,college student,basic,high,206.36,family viewer
CUST_00006,0.792206519,1,content not interesting,retired individual,basic,high,225.48,news junkie
CUST_00007,0.672354239,1,switched to competitor,college student,standard,high,395.67,family viewer
CUST_00008,0.745535119,1,none,working professional,basic,medium,244.51,binge watcher
CUST_00009,0.902759241,1,too expensive,college student,standard,high,442.4,binge watcher
CUST_00010,0.813915432,1,too expensive,retired individual,premium,low,771.42,news junkie
CUST_00011,0.762460195,1,none,school student,premium,low,659.94,news junkie
CUST_00012,0.647452575,1,none,school student,premium,medium,681.76,family viewer
CUST_00013,0.898630377,1,technical issues,retired individual,basic,low,199.38,binge watcher
CUST_00014,0.729518134,1,technical issues,school student,basic,medium,230.81,binge watcher
CUST_00015,0.625801861,1,switched to competitor,retired individual,standard,high,395.27,news junkie
CUST_00016,0.767471965,1,switched to competitor,college student,basic,high,225.42,casual viewer
CUST_00017,0.795188297,1,none,college student,premium,high,700.84,binge watcher
CUST_00018,0.714615656,1,none,college student,premium,high,755.24,news junkie
CUST_00019,0.804811618,1,none,working professional,standard,high,434.92,news junkie
CUST_00020,0.855030276,1,too expensive,retired individual,standard,high,471.58,casual viewer
CUST_00021,0.821028547,1,no time to watch,working professional,basic,high,173.85,family viewer
CUST_00022,0.617109229,1,none,retired individual,premium,high,613.95,news junkie
CUST_00023,0.87274067,1,too expensive,college student,premium,medium,798.18,casual viewer
CUST_00024,0.816423939,1,too expensive,working professional,standard,high,435.8,sports enthusiast
CUST_00025,0.82966941,1,technical issues,college student,basic,low,188.5,news junkie
CUST_00026,0.850742822,1,too expensive,college student,premium,high,777.47,sports enthusiast
CUST_00027,0.711513186,1,content not interesting,college student,basic,high,174.28,binge watcher
CUST_00028,0.673631323,1,switched to competitor,retired individual,basic,high,204.66,casual viewer
CUST_00029,0.767363088,1,none,college student,premium,high,776.82,family viewer
CUST_00030,0.914188162,1,no time to watch,working professional,basic,low,215.61,binge watcher
CUST_00031,0.743960515,1,technical issues,college student,basic,medium,243.02,binge watcher
CUST_00032,0.595858174,1,switched to competitor,college student,standard,high,429.45,casual viewer
CUST_00033,0.560237253,1,none,college student,premium,high,683.29,family viewer
CUST_00034,0.944056857,1,too expensive,college student,standard,low,433.82,family viewer
CUST_00035,0.78114432,1,no time to watch,working professional,basic,low,228.72,news junkie
CUST_00036,0.670129497,1,switched to competitor,working professional,standard,high,376.62,family viewer
CUST_00037,0.870739109,1,no time to watch,college student,standard,medium,408.17,binge watcher
CUST_00038,0.827676364,1,none,working professional,basic,high,249.12,news junkie
CUST_00039,0.823521787,1,too expensive,retired individual,basic,high,180.94,sports enthusiast
CUST_00040,0.667924512,1,too expensive,school student,premium,high,634.88,family viewer
CUST_00041,0.746987682,1,too expensive,college student,premium,high,611.22,news junkie
CUST_00042,0.80185469,1,too expensive,college student,premium,high,789.07,news junkie
CUST_00043,0.878293384,1,too expensive,working professional,premium,high,643.44,family viewer
CUST_00044,0.565516591,1,no time to watch,working professional,standard,high,382.54,sports enthusiast
CUST_00045,0.718512973,1,too expensive,college student,premium,high,707.57,casual viewer
CUST_00046,0.794036381,1,none,school student,premium,high,621.14,sports enthusiast
CUST_00047,0.795831417,1,too expensive,retired individual,premium,medium,672.75,binge watcher
CUST_00048,0.710394157,1,technical issues,college student,standard,low,385.46,family viewer
CUST_00049,0.872386864,1,none,retired individual,premium,low,600.05,sports enthusiast
CUST_00050,0.799987975,1,switched to competitor,college student,standard,high,360.72,sports enthusiast
CUST_00051,0.893750643,1,no time to watch,retired individual,basic,medium,210.18,family viewer
CUST_00052,0.94064215,1,too expensive,college student,standard,low,362.75,sports enthusiast
CUST_00053,0.687366099,1,none,college student,standard,medium,398.63,sports enthusiast
CUST_00054,0.705283599,1,technical issues,college student,standard,medium,402.96,casual viewer
CUST_00055,0.548293265,1,too expensive,college student,premium,medium,644.66,news junkie
CUST_00056,0.907992199,1,too expensive,college student,basic,medium,198.79,casual viewer
CUST_00057,0.598737536,1,none,college student,premium,high,667.86,news junkie
CUST_00058,0.852915019,1,technical issues,retired individual,basic,low,209.44,news junkie
CUST_00059,0.854657273,1,too expensive,college student,basic,medium,145.45,sports enthusiast
CUST_00060,0.721514658,1,too expensive,working professional,premium,medium,767.54,family viewer
CUST_00061,0.914071773,1,no time to watch,college student,standard,high,370.85,casual viewer
CUST_00062,0.87112136,1,content not interesting,working professional,standard,high,432.48,casual viewer
CUST_00063,0.890819308,1,too expensive,school student,premium,high,639.51,binge watcher
CUST_00064,0.767207625,1,no time to watch,working professional,basic,high,224.41,sports enthusiast
CUST_00065,0.777189522,1,too expensive,retired individual,premium,low,791.57,news junkie
CUST_00066,0.819902601,1,too expensive,school student,premium,high,793.86,binge watcher
CUST_00067,0.646332564,1,too expensive,college student,basic,high,182.29,family viewer
CUST_00068,0.818872729,1,no time to watch,working professional,basic,medium,183.66,news junkie
CUST_00069,0.885246029,1,too expensive,school student,premium,high,637.81,casual viewer
CUST_00070,0.864603052,1,too expensive,retired individual,basic,high,211.75,binge watcher
CUST_00071,0.833487005,1,technical issues,working professional,standard,low,396.62,casual viewer
CUST_00072,0.83540467,1,too expensive,retired individual,basic,high,193.4,binge watcher
CUST_00073,0.925342861,1,technical issues,college student,standard,low,408.94,family viewer
CUST_00074,0.617694187,1,none,working professional,standard,high,437.9,binge watcher
CUST_00075,0.702629272,1,technical issues,college student,standard,medium,497.07,binge watcher
CUST_00076,0.882204841,1,too expensive,working professional,basic,high,247.76,binge watcher
CUST_00077,0.837022473,1,no time to watch,college student,basic,high,227.47,news junkie
CUST_00078,0.889702532,1,too expensive,working professional,basic,medium,218.51,binge watcher
CUST_00079,0.879622868,1,none,college student,standard,medium,441.67,news junkie
CUST_00080,0.726186127,1,content not interesting,retired individual,standard,high,463.18,family viewer
CUST_00081,0.915145125,1,too expensive,school student,premium,high,703.83,family viewer
CUST_00082,0.775551815,1,none,retired individual,premium,medium,790.29,family viewer
CUST_00083,0.869565761,1,too expensive,school student,basic,medium,196.84,binge watcher
CUST_00084,0.806694599,1,technical issues,college student,standard,low,453.36,casual viewer
CUST_00085,0.738141422,1,no time to watch,college student,basic,high,155.42,news junkie
CUST_00086,0.909201501,1,too expensive,college student,standard,medium,385.34,binge watcher
CUST_00087,0.851288352,1,too expensive,college student,premium,medium,794.89,binge watcher
CUST_00088,0.83537625,1,too expensive,college student,standard,low,421.34,news junkie
CUST_00089,0.751989111,1,none,college student,basic,medium,160.87,family viewer
CUST_00090,0.86818886,1,too expensive,retired individual,premium,high,759.24,news junkie
CUST_00091,0.859275064,1,too expensive,retired individual,basic,high,183.26,news junkie
CUST_00092,0.868282093,1,too expensive,retired individual,premium,medium,712.21,news junkie
CUST_00093,0.671842642,1,technical issues,college student,basic,medium,153.5,family viewer
CUST_00094,0.696887253,1,switched to competitor,school student,standard,high,339.75,sports enthusiast
CUST_00095,0.865166004,1,technical issues,college student,standard,medium,367.87,family viewer
CUST_00096,0.847211252,1,technical issues,school student,standard,low,480.69,news junkie
CUST_00097,0.767330298,1,no time to watch,college student,standard,high,426.07,news junkie
CUST_00098,0.822727641,1,no time to watch,working professional,basic,high,200.52,sports enthusiast
CUST_00099,0.789209408,1,technical issues,college student,basic,medium,185.56,sports enthusiast
CUST_00100,0.655724533,1,switched to competitor,working professional,standard,high,412.26,news junkie
CUST_00101,0.923041515,1,too expensive,school student,standard,high,399.77,casual viewer
CUST_00102,0.854828432,1,too expensive,college student,premium,medium,647.25,casual viewer
CUST_00103,0.878397633,1,too expensive,retired individual,premium,low,759.31,casual viewer
CUST_00104,0.840329198,1,technical issues,college student,standard,low,343.64,news junkie
CUST_00105,0.864724541,1,none,working professional,premium,high,659.3,casual viewer
CUST_00106,0.798490027,1,too expensive,college student,premium,low,639.93,binge watcher
CUST_00107,0.764195946,1,too expensive,school student,basic,high,250.32,sports enthusiast
CUST_00108,0.563666874,1,none,retired individual,premium,high,753.91,casual viewer
CUST_00109,0.717330647,1,none,working professional,premium,high,685.11,casual viewer
CUST_00110,0.641289403,1,no time to watch,retired individual,standard,high,411.28,family viewer
CUST_00111,0.914424978,1,too expensive,college student,basic,medium,204.31,sports enthusiast
CUST_00112,0.68444665,1,switched to competitor,retired individual,basic,high,170.94,family viewer
CUST_00113,0.891855064,1,technical issues,college student,standard,low,333.43,news junkie
CUST_00114,0.781955401,1,too expensive,college student,premium,high,665.21,binge watcher
CUST_00115,0.792503454,1,switched to competitor,college student,basic,high,249.05,binge watcher
CUST_00116,0.713877945,1,technical issues,college student,standard,medium,376.86,sports enthusiast
CUST_00117,0.859553851,1,technical issues,college student,standard,low,438.14,news junkie
CUST_00118,0.702795454,1,none,working professional,standard,high,384.61,news junkie
CUST_00119,0.69435183,1,none,college student,premium,high,716.42,sports enthusiast
CUST_00120,0.864848813,1,too expensive,college student,standard,low,384.14,news junkie
CUST_00121,0.796029806,1,none,college student,standard,medium,443.69,family viewer
CUST_00122,0.788019839,1,switched to competitor,college student,standard,high,426.9,family viewer
CUST_00123,0.819608571,1,too expensive,retired individual,standard,high,326.78,sports enthusiast
CUST_00124,0.875517396,1,too expensive,retired individual,premium,high,618.12,family viewer
CUST_00125,0.767574125,1,technical issues,college student,basic,low,172.41,binge watcher
CUST_00126,0.715245819,1,too expensive,retired individual,standard,high,361.76,sports enthusiast
CUST_00127,0.770951951,1,switched to competitor,retired individual,basic,high,216.97,family viewer
CUST_00128,0.747240573,1,none,college student,premium,medium,716.55,family viewer
CUST_00129,0.890021163,1,too expensive,school student,basic,high,136.23,casual viewer
CUST_00130,0.676548543,1,no time to watch,working professional,basic,high,223.84,casual viewer
CUST_00131,0.914065959,1,too expensive,college student,standard,low,395.45,casual viewer
CUST_00132,0.665278872,1,none,school student,standard,high,454.39,family viewer
CUST_00133,0.593382403,1,too expensive,college student,premium,high,734.62,binge watcher
CUST_00134,0.783868602,1,too expensive,school student,premium,high,683.87,sports enthusiast
CUST_00135,0.577396578,1,technical issues,college student,standard,medium,448.37,sports enthusiast
CUST_00136,0.808363305,1,too expensive,college student,premium,high,610.13,news junkie
CUST_00137,0.86997832,1,too expensive,retired individual,premium,low,640.61,family viewer
CUST_00138,0.911224743,1,technical issues,retired individual,basic,low,242,casual viewer
CUST_00139,0.838995702,1,content not interesting,working professional,standard,high,357.18,casual viewer
CUST_00140,0.77099169,1,technical issues,college student,basic,medium,236.6,family viewer
CUST_00141,0.793741736,1,too expensive,college student,premium,low,710.54,sports enthusiast
CUST_00142,0.823763335,1,too expensive,retired individual,premium,medium,680.39,binge watcher
CUST_00143,0.897146436,1,too expensive,working professional,premium,high,742.97,binge watcher
CUST_00144,0.79653942,1,no time to watch,college student,standard,medium,367.27,family viewer
CUST_00145,0.801986918,1,none,college student,standard,medium,348.83,casual viewer
CUST_00146,0.902953455,1,no time to watch,working professional,basic,low,216.7,family viewer
CUST_00147,0.833076756,1,technical issues,college student,basic,low,194.08,binge watcher
CUST_00148,0.944046414,1,too expensive,college student,basic,low,192.67,casual viewer
CUST_00149,0.88060904,1,too expensive,college student,premium,medium,617.96,binge watcher
CUST_00150,0.841101134,1,technical issues,college student,standard,low,390.08,casual viewer
CUST_00151,0.745397929,1,none,retired individual,standard,medium,335.77,family viewer
CUST_00152,0.802978014,1,none,working professional,premium,high,632.01,casual viewer
CUST_00153,0.800975419,1,technical issues,working professional,standard,low,441.47,binge watcher
CUST_00154,0.954052562,1,too expensive,working professional,premium,low,634.83,sports enthusiast
CUST_00155,0.759831114,1,none,college student,standard,high,442.94,family viewer
CUST_00156,0.761580277,1,too expensive,college student,premium,low,740.08,casual viewer
CUST_00157,0.771528941,1,no time to watch,college student,basic,low,220.6,sports enthusiast
CUST_00158,0.859837602,1,technical issues,college student,standard,low,389.13,family viewer
CUST_00159,0.831123327,1,none,working professional,premium,medium,635.6,sports enthusiast
CUST_00160,0.913533511,1,too expensive,working professional,standard,medium,421.29,casual viewer
CUST_00161,0.85332119,1,too expensive,school student,standard,low,457.61,casual viewer
CUST_00162,0.709201831,1,too expensive,retired individual,premium,high,690.74,news junkie
CUST_00163,0.755327038,1,technical issues,working professional,standard,medium,381.95,casual viewer
CUST_00164,0.836436225,1,none,working professional,standard,medium,397.24,binge watcher
CUST_00165,0.699839,1,too expensive,school student,premium,high,669.77,casual viewer
CUST_00166,0.737453763,1,none,college student,premium,high,683.44,binge watcher
CUST_00167,0.80600466,1,too expensive,working professional,basic,high,178.6,casual viewer
CUST_00168,0.907633232,1,none,college student,premium,medium,663.14,casual viewer
CUST_00169,0.675829807,1,none,retired individual,basic,low,199.44,binge watcher
CUST_00170,0.601959778,1,too expensive,college student,premium,medium,687.56,sports enthusiast
CUST_00171,0.711701481,1,none,retired individual,standard,high,350.45,binge watcher
CUST_00172,0.77849582,1,technical issues,college student,standard,medium,382.5,casual viewer
CUST_00173,0.91590288,1,too expensive,college student,standard,low,353.85,casual viewer
CUST_00174,0.89244861,1,technical issues,college student,basic,low,179.99,binge watcher
CUST_00175,0.805720494,1,too expensive,retired individual,basic,high,160.87,binge watcher
CUST_00176,0.855289036,1,too expensive,working professional,premium,high,644.28,sports enthusiast
CUST_00177,0.899929611,1,too expensive,working professional,premium,high,627.54,casual viewer
CUST_00178,0.793545269,1,too expensive,working professional,premium,high,795.3,binge watcher
CUST_00179,0.845657778,1,too expensive,working professional,standard,high,447.66,sports enthusiast
CUST_00180,0.897130827,1,too expensive,working professional,premium,low,714.56,binge watcher
CUST_00181,0.716645442,1,too expensive,working professional,premium,high,626.06,news junkie
CUST_00182,0.939371856,1,technical issues,working professional,basic,low,227.73,casual viewer
CUST_00183,0.712028302,1,none,college student,basic,high,190.84,family viewer
CUST_00184,0.797244399,1,none,college student,basic,medium,195.6,casual viewer
CUST_00185,0.844110013,1,switched to competitor,school student,basic,high,175.78,sports enthusiast
CUST_00186,0.60923031,1,content not interesting,retired individual,basic,high,139.87,news junkie
CUST_00187,0.825985743,1,too expensive,working professional,standard,medium,420.52,family viewer
CUST_00188,0.873291054,1,too expensive,retired individual,premium,low,688.43,news junkie
CUST_00189,0.831109658,1,no time to watch,working professional,premium,medium,589.17,casual viewer
CUST_00190,0.832219206,1,technical issues,college student,standard,medium,421.62,binge watcher
CUST_00191,0.809147516,1,too expensive,college student,premium,medium,747.14,binge watcher
CUST_00192,0.734025996,1,too expensive,school student,premium,medium,773.92,family viewer
CUST_00193,0.831806454,1,too expensive,working professional,basic,high,178.11,casual viewer
CUST_00194,0.613221419,1,too expensive,college student,premium,medium,699.4,sports enthusiast
CUST_00195,0.767754134,1,too expensive,college student,standard,high,395.17,binge watcher
CUST_00196,0.688513264,1,none,working professional,basic,high,177.44,sports enthusiast
CUST_00197,0.805537818,1,none,college student,standard,high,462.97,casual viewer
CUST_00198,0.637512951,1,content not interesting,college student,standard,high,360.46,news junkie
CUST_00199,0.745624167,1,technical issues,college student,basic,medium,225.96,family viewer
CUST_00200,0.770418485,1,technical issues,college student,basic,low,187.25,binge watcher
CUST_00201,0.89192909,1,too expensive,college student,standard,high,346.17,family viewer
CUST_00202,0.861784502,1,none,working professional,basic,low,173.01,binge watcher
CUST_00203,0.853683612,1,too expensive,school student,premium,high,719.91,sports enthusiast
CUST_00204,0.77400091,1,technical issues,retired individual,standard,low,453.55,sports enthusiast
CUST_00205,0.755033686,1,none,college student,standard,medium,382.29,sports enthusiast
CUST_00206,0.856236621,1,none,college student,standard,low,456.82,news junkie
CUST_00207,0.724685607,1,content not interesting,retired individual,basic,high,179.79,casual viewer
CUST_00208,0.845431478,1,no time to watch,college student,standard,medium,390.76,family viewer
CUST_00209,0.600012829,1,switched to competitor,retired individual,basic,high,192.24,casual viewer
CUST_00210,0.896862194,1,too expensive,working professional,standard,high,381.1,binge watcher
CUST_00211,0.76693348,1,none,college student,premium,high,622.05,news junkie
CUST_00212,0.83695969,1,none,college student,standard,high,374.28,casual viewer
CUST_00213,0.604726546,1,no time to watch,retired individual,basic,high,162.23,family viewer
CUST_00214,0.850196362,1,technical issues,retired individual,standard,low,389.93,family viewer
CUST_00215,0.668243552,1,switched to competitor,retired individual,standard,high,404.75,news junkie
CUST_00216,0.879367482,1,none,college student,basic,low,170.98,family viewer
CUST_00217,0.704072047,1,technical issues,working professional,standard,medium,364.84,sports enthusiast
CUST_00218,0.865404789,1,too expensive,college student,standard,medium,331.8,family viewer
CUST_00219,0.868451641,1,too expensive,working professional,premium,medium,688.21,casual viewer
CUST_00220,0.919587758,1,technical issues,working professional,basic,low,203.14,casual viewer
CUST_00221,0.818988334,1,no time to watch,working professional,standard,medium,411.44,sports enthusiast
CUST_00222,0.872652527,1,too expensive,retired individual,premium,medium,609.23,binge watcher
CUST_00223,0.862078632,1,too expensive,retired individual,premium,low,626.51,casual viewer
CUST_00224,0.898806759,1,too expensive,working professional,basic,medium,184.62,sports enthusiast
CUST_00225,0.867178295,1,too expensive,school student,basic,high,225.74,family viewer
CUST_00226,0.800949648,1,too expensive,retired individual,premium,medium,622.13,family viewer
CUST_00227,0.768363092,1,technical issues,retired individual,standard,medium,427.26,casual viewer
CUST_00228,0.881202942,1,too expensive,working professional,premium,high,780.78,binge watcher
CUST_00229,0.736655486,1,none,retired individual,basic,high,165.68,family viewer
CUST_00230,0.675790599,1,too expensive,retired individual,basic,high,175.18,news junkie
CUST_00231,0.855508988,1,none,working professional,premium,low,629.04,sports enthusiast
CUST_00232,0.713726571,1,no time to watch,college student,standard,medium,437.72,casual viewer
CUST_00233,0.839001085,1,technical issues,retired individual,standard,medium,429.82,family viewer
CUST_00234,0.878311196,1,too expensive,college student,basic,high,207.99,binge watcher
CUST_00235,0.868678654,1,technical issues,school student,standard,medium,368.1,casual viewer
CUST_00236,0.91716161,1,technical issues,college student,basic,low,218.42,binge watcher
CUST_00237,0.859667637,1,too expensive,working professional,premium,medium,632.06,binge watcher
CUST_00238,0.841319068,1,too expensive,retired individual,premium,medium,765.77,family viewer
CUST_00239,0.813628639,1,too expensive,working professional,premium,medium,612.85,sports enthusiast
CUST_00240,0.745985918,1,technical issues,retired individual,standard,medium,432.57,news junkie
CUST_00241,0.78599973,1,too expensive,retired individual,premium,low,679.07,casual viewer
CUST_00242,0.848800144,1,no time to watch,working professional,standard,high,401.12,news junkie
CUST_00243,0.815215407,1,too expensive,retired individual,standard,medium,404.77,family viewer
CUST_00244,0.842261789,1,too expensive,working professional,standard,medium,438.77,family viewer
CUST_00245,0.924675347,1,too expensive,working professional,premium,low,736.84,binge watcher
CUST_00246,0.803640333,1,too expensive,college student,premium,low,820.1,news junkie
CUST_00247,0.808990801,1,too expensive,college student,premium,high,752.88,binge watcher
CUST_00248,0.894474671,1,too expensive,retired individual,basic,low,192.16,family viewer
CUST_00249,0.821220556,1,too expensive,college student,premium,medium,784.81,family viewer
CUST_00250,0.885547026,1,too expensive,school student,premium,medium,796.39,binge watcher
CUST_00251,0.778062137,1,none,school student,standard,high,440.95,news junkie
CUST_00252,0.870759442,1,content not interesting,college student,basic,high,171.29,binge watcher
CUST_00253,0.912130387,1,too expensive,college student,standard,high,365.54,binge watcher
CUST_00254,0.731819204,1,none,retired individual,standard,high,467.1,news junkie
CUST_00255,0.726707443,1,too expensive,retired individual,premium,high,633.98,family viewer
CUST_00256,0.912207562,1,too expensive,retired individual,standard,medium,352.97,binge watcher
CUST_00257,0.74468654,1,no time to watch,college student,standard,medium,374.1,binge watcher
CUST_00258,0.628045916,1,none,college student,standard,high,402.6,news junkie
CUST_00259,0.869950751,1,technical issues,college student,basic,low,231.67,family viewer
CUST_00260,0.915174723,1,no time to watch,working professional,standard,low,355.8,sports enthusiast
CUST_00261,0.929013018,1,too expensive,school student,premium,low,766.96,family viewer
CUST_00262,0.70257588,1,no time to watch,working professional,basic,high,202.21,casual viewer
CUST_00263,0.851694887,1,too expensive,working professional,premium,low,768.37,family viewer
CUST_00264,0.854626364,1,too expensive,college student,premium,high,621.16,casual viewer
CUST_00265,0.789242597,1,switched to competitor,working professional,standard,high,341.06,news junkie
CUST_00266,0.748728319,1,too expensive,college student,premium,high,791.48,casual viewer
CUST_00267,0.840809845,1,none,working professional,basic,low,161.03,sports enthusiast
CUST_00268,0.842082165,1,none,working professional,basic,low,207.28,casual viewer
CUST_00269,0.710705353,1,switched to competitor,college student,standard,high,403.41,sports enthusiast
CUST_00270,0.866360802,1,too expensive,working professional,standard,medium,370.71,family viewer
CUST_00271,0.691879322,1,technical issues,college student,basic,medium,207.94,news junkie
CUST_00272,0.751174536,1,switched to competitor,retired individual,basic,high,246.25,sports enthusiast
CUST_00273,0.798710002,1,none,retired individual,standard,high,360.93,family viewer
CUST_00274,0.580977327,1,none,school student,basic,medium,210.68,binge watcher
CUST_00275,0.675817669,1,too expensive,retired individual,premium,high,707.15,binge watcher
CUST_00276,0.916077074,1,too expensive,retired individual,basic,medium,205.24,binge watcher
CUST_00277,0.867365596,1,technical issues,working professional,standard,medium,391.58,family viewer
CUST_00278,0.698108418,1,no time to watch,retired individual,basic,medium,191.98,family viewer
CUST_00279,0.88832929,1,too expensive,working professional,basic,low,181.34,casual viewer
CUST_00280,0.843029401,1,no time to watch,college student,basic,low,211.19,sports enthusiast
CUST_00281,0.865645097,1,technical issues,college student,standard,low,417.38,family viewer
CUST_00282,0.883355766,1,too expensive,college student,basic,medium,179.49,casual viewer
CUST_00283,0.871420074,1,too expensive,college student,premium,high,622.26,family viewer
CUST_00284,0.527899433,1,none,college student,standard,high,363.21,news junkie
CUST_00285,0.848312651,1,switched to competitor,working professional,basic,high,210.07,casual viewer
CUST_00286,0.746594445,1,technical issues,working professional,standard,medium,386.45,family viewer
CUST_00287,0.698033839,1,none,college student,premium,medium,696.1,binge watcher
CUST_00288,0.826395208,1,too expensive,retired individual,premium,high,704.62,casual viewer
CUST_00289,0.785581626,1,too expensive,retired individual,premium,high,623.64,binge watcher
CUST_00290,0.60903938,1,none,college student,standard,high,442.76,casual viewer
CUST_00291,0.751760917,1,technical issues,retired individual,standard,medium,412.37,binge watcher
CUST_00292,0.929344198,1,none,retired individual,standard,low,378.91,news junkie
CUST_00293,0.82894019,1,too expensive,college student,basic,medium,241.34,sports enthusiast
CUST_00294,0.721541795,1,none,college student,standard,high,442.68,binge watcher
CUST_00295,0.662102901,1,none,working professional,basic,high,185.34,casual viewer
CUST_00296,0.719559481,1,technical issues,school student,basic,low,189.12,casual viewer
CUST_00297,0.892796899,1,no time to watch,working professional,standard,medium,374.78,binge watcher
CUST_00298,0.838246216,1,technical issues,retired individual,standard,medium,422.54,news junkie
CUST_00299,0.891964569,1,none,working professional,basic,high,176.76,sports enthusiast
CUST_00300,0.84583819,1,too expensive,college student,premium,medium,787.81,casual viewer
CUST_00301,0.868721898,1,none,retired individual,basic,low,196.4,news junkie
CUST_00302,0.855951517,1,too expensive,retired individual,premium,high,629.74,binge watcher
CUST_00303,0.795457864,1,too expensive,college student,premium,medium,639.87,family viewer
CUST_00304,0.709370097,1,switched to competitor,working professional,basic,high,217.9,sports enthusiast
CUST_00305,0.80638831,1,too expensive,college student,basic,medium,200.17,news junkie
CUST_00306,0.828222878,1,none,college student,standard,high,428.93,family viewer
CUST_00307,0.86211815,1,too expensive,working professional,standard,low,362.65,family viewer
CUST_00308,0.892214476,1,too expensive,college student,premium,high,764.16,casual viewer
CUST_00309,0.838734836,1,no time to watch,college student,basic,medium,173.22,news junkie
CUST_00310,0.860446306,1,too expensive,school student,standard,high,511.43,sports enthusiast
CUST_00311,0.857971819,1,too expensive,college student,premium,medium,613.01,binge watcher
CUST_00312,0.818393154,1,too expensive,working professional,basic,low,225.11,family viewer
CUST_00313,0.799634418,1,technical issues,working professional,standard,medium,429.78,sports enthusiast
CUST_00314,0.818458398,1,too expensive,retired individual,standard,high,468.27,news junkie
CUST_00315,0.787726366,1,too expensive,college student,standard,high,383.61,casual viewer
CUST_00316,0.803804871,1,too expensive,college student,premium,low,689.34,binge watcher
CUST_00317,0.744195269,1,none,retired individual,standard,high,419.3,news junkie
CUST_00318,0.762660743,1,content not interesting,college student,standard,high,438.21,casual viewer
CUST_00319,0.924822428,1,no time to watch,school student,standard,low,339.86,sports enthusiast
CUST_00320,0.677268183,1,switched to competitor,college student,standard,high,461.19,family viewer
CUST_00321,0.643019075,1,no time to watch,working professional,basic,high,208.24,family viewer
CUST_00322,0.918593699,1,too expensive,college student,premium,low,645.87,binge watcher
CUST_00323,0.748320318,1,none,working professional,basic,high,198.27,binge watcher
CUST_00324,0.830749194,1,technical issues,working professional,basic,low,226.15,news junkie
CUST_00325,0.8412712,1,too expensive,college student,premium,medium,718.11,casual viewer
CUST_00326,0.812964504,1,too expensive,college student,premium,medium,802.4,binge watcher
CUST_00327,0.922635282,1,too expensive,working professional,standard,low,450.32,family viewer
CUST_00328,0.678782802,1,content not interesting,college student,standard,high,419.09,news junkie
CUST_00329,0.830774486,1,too expensive,retired individual,premium,medium,757.21,casual viewer
CUST_00330,0.845103201,1,too expensive,working professional,standard,medium,333.17,news junkie
CUST_00331,0.529649353,1,content not interesting,college student,standard,high,413.02,binge watcher
CUST_00332,0.708750703,1,too expensive,school student,premium,high,774.75,family viewer
CUST_00333,0.789163738,1,technical issues,working professional,standard,medium,390.35,family viewer
CUST_00334,0.841494872,1,technical issues,college student,basic,low,168.44,binge watcher
CUST_00335,0.825992272,1,none,college student,premium,low,606.68,binge watcher
CUST_00336,0.916346709,1,too expensive,college student,premium,medium,760.42,sports enthusiast
CUST_00337,0.707151057,1,too expensive,college student,basic,high,193.33,news junkie
CUST_00338,0.837391427,1,none,school student,basic,high,154.78,binge watcher
CUST_00339,0.90440652,1,too expensive,college student,standard,medium,408,family viewer
CUST_00340,0.897671482,1,technical issues,college student,standard,low,431.08,sports enthusiast
CUST_00341,0.703909348,1,none,retired individual,basic,medium,147.78,family viewer
CUST_00342,0.893546663,1,too expensive,working professional,premium,medium,608.39,sports enthusiast
CUST_00343,0.768644144,1,no time to watch,working professional,standard,high,430.95,casual viewer
CUST_00344,0.825608889,1,none,working professional,premium,high,790.31,family viewer
CUST_00345,0.735679148,1,too expensive,college student,standard,high,376.93,casual viewer
CUST_00346,0.808821858,1,switched to competitor,college student,basic,high,176.8,casual viewer
CUST_00347,0.654923847,1,no time to watch,retired individual,standard,high,425.52,casual viewer
CUST_00348,0.855594593,1,no time to watch,college student,basic,low,206.19,sports enthusiast
CUST_00349,0.83504343,1,too expensive,retired individual,premium,low,789.69,binge watcher
CUST_00350,0.847654915,1,no time to watch,college student,basic,medium,177.67,sports enthusiast
CUST_00351,0.851241035,1,too expensive,retired individual,premium,high,794.99,binge watcher
CUST_00352,0.807926327,1,too expensive,college student,standard,high,435.55,family viewer
CUST_00353,0.860187337,1,none,college student,basic,low,203.93,binge watcher
CUST_00354,0.612616668,1,none,retired individual,premium,high,788.73,news junkie
CUST_00355,0.650040291,1,technical issues,college student,basic,medium,166.22,binge watcher
CUST_00356,0.838895337,1,content not interesting,college student,standard,high,446.22,casual viewer
CUST_00357,0.791612819,1,content not interesting,working professional,standard,high,465.8,sports enthusiast
CUST_00358,0.720552182,1,no time to watch,working professional,basic,medium,227.35,news junkie
CUST_00359,0.923428342,1,technical issues,college student,standard,low,381.62,binge watcher
CUST_00360,0.895288204,1,technical issues,college student,standard,medium,448.87,news junkie
CUST_00361,0.834964686,1,no time to watch,working professional,standard,medium,380.82,sports enthusiast
CUST_00362,0.756267116,1,too expensive,college student,basic,high,202.18,sports enthusiast
CUST_00363,0.83492351,1,too expensive,working professional,standard,high,394.6,family viewer
CUST_00364,0.725044946,1,too expensive,college student,standard,high,473.03,casual viewer
CUST_00365,0.683508551,1,none,college student,premium,medium,725.44,casual viewer
CUST_00366,0.697251285,1,too expensive,college student,premium,medium,734.49,family viewer
CUST_00367,0.86865424,1,too expensive,retired individual,premium,low,766.53,casual viewer
CUST_00368,0.848061115,1,no time to watch,working professional,basic,medium,236.19,sports enthusiast
CUST_00369,0.894744271,1,none,college student,standard,low,379.69,news junkie
CUST_00370,0.749009958,1,too expensive,retired individual,premium,medium,779.03,news junkie
CUST_00371,0.85478,1,switched to competitor,college student,standard,high,356.66,sports enthusiast
CUST_00372,0.749936322,1,switched to competitor,college student,basic,high,168.31,news junkie
CUST_00373,0.761557037,1,switched to competitor,college student,standard,high,339.6,casual viewer
CUST_00374,0.515551016,1,switched to competitor,retired individual,standard,high,426.48,news junkie
CUST_00375,0.938349474,1,too expensive,college student,standard,low,412.37,family viewer
CUST_00376,0.741575751,1,too expensive,working professional,premium,medium,731.03,casual viewer
CUST_00377,0.762503005,1,too expensive,retired individual,premium,medium,756.24,binge watcher
CUST_00378,0.817297339,1,no time to watch,working professional,standard,medium,453.05,binge watcher
CUST_00379,0.716476578,1,content not interesting,college student,basic,high,227.76,family viewer
CUST_00380,0.841707435,1,switched to competitor,college student,standard,high,363.5,family viewer
CUST_00381,0.634347785,1,none,school student,premium,high,704.53,family viewer
CUST_00382,0.554805964,1,switched to competitor,college student,basic,high,176.3,family viewer
CUST_00383,0.81271646,1,switched to competitor,retired individual,standard,high,396.79,sports enthusiast
CUST_00384,0.921710586,1,too expensive,college student,basic,medium,187.99,sports enthusiast
CUST_00385,0.885335432,1,no time to watch,college student,basic,high,176.92,sports enthusiast
CUST_00386,0.762392782,1,too expensive,college student,premium,medium,684.29,casual viewer
CUST_00387,0.897137393,1,technical issues,college student,standard,low,403.58,casual viewer
CUST_00388,0.76536052,1,switched to competitor,school student,standard,high,401.24,binge watcher
CUST_00389,0.707513086,1,none,college student,standard,medium,394.14,family viewer
CUST_00390,0.849534612,1,too expensive,school student,premium,high,712.37,binge watcher
CUST_00391,0.809760433,1,none,school student,standard,high,343.92,casual viewer
CUST_00392,0.842033824,1,none,college student,basic,high,159.68,sports enthusiast
CUST_00393,0.910615507,1,too expensive,working professional,premium,medium,768.75,family viewer
CUST_00394,0.871078224,1,too expensive,working professional,premium,medium,629.8,casual viewer
CUST_00395,0.738529153,1,too expensive,retired individual,premium,high,621.79,family viewer
CUST_00396,0.854206015,1,too expensive,college student,standard,medium,419.94,sports enthusiast
CUST_00397,0.742703916,1,too expensive,working professional,standard,high,376.81,binge watcher
CUST_00398,0.882529866,1,none,working professional,premium,high,683.61,family viewer
CUST_00399,0.706909321,1,switched to competitor,retired individual,standard,high,350.76,family viewer
CUST_00400,0.868115177,1,too expensive,college student,basic,medium,204.25,sports enthusiast
CUST_00401,0.664422378,1,none,working professional,premium,high,703.37,binge watcher
CUST_00402,0.720039473,1,content not interesting,retired individual,standard,high,403.34,family viewer
CUST_00403,0.721665191,1,no time to watch,working professional,standard,high,355.12,news junkie
CUST_00404,0.687092488,1,too expensive,college student,premium,high,718.17,binge watcher
CUST_00405,0.849438223,1,too expensive,school student,basic,medium,198.49,family viewer
CUST_00406,0.93202919,1,too expensive,college student,premium,low,630.56,binge watcher
CUST_00407,0.744215343,1,too expensive,retired individual,premium,low,756.55,binge watcher
CUST_00408,0.856373776,1,no time to watch,retired individual,basic,low,153.96,family viewer
CUST_00409,0.756315694,1,none,retired individual,basic,medium,201.85,family viewer
CUST_00410,0.646468684,1,content not interesting,retired individual,standard,high,421.69,news junkie
CUST_00411,0.852121493,1,too expensive,retired individual,standard,medium,383.07,sports enthusiast
CUST_00412,0.799960768,1,no time to watch,working professional,basic,high,181.41,sports enthusiast
CUST_00413,0.827943544,1,too expensive,school student,standard,high,386.68,binge watcher
CUST_00414,0.766996269,1,too expensive,retired individual,premium,high,705.12,sports enthusiast
CUST_00415,0.783034966,1,too expensive,college student,standard,high,452.16,binge watcher
CUST_00416,0.5829489,1,too expensive,working professional,premium,high,754.15,binge watcher
CUST_00417,0.891735532,1,too expensive,school student,standard,medium,350.29,casual viewer
CUST_00418,0.931401354,1,too expensive,college student,premium,low,764.42,binge watcher
CUST_00419,0.861351277,1,too expensive,working professional,basic,high,169.98,news junkie
CUST_00420,0.696002826,1,too expensive,school student,premium,low,754.09,binge watcher
CUST_00421,0.830356422,1,technical issues,college student,standard,low,377.83,casual viewer
CUST_00422,0.876719834,1,too expensive,retired individual,premium,medium,777.62,casual viewer
CUST_00423,0.863866539,1,no time to watch,working professional,basic,high,165.97,sports enthusiast
CUST_00424,0.850352631,1,too expensive,working professional,premium,medium,647.81,family viewer
CUST_00425,0.722864606,1,too expensive,retired individual,premium,high,643.34,sports enthusiast
CUST_00426,0.746059286,1,none,retired individual,premium,high,640.1,sports enthusiast
CUST_00427,0.948178401,1,too expensive,retired individual,premium,low,686.33,news junkie
CUST_00428,0.726875398,1,too expensive,working professional,premium,medium,614.7,sports enthusiast
CUST_00429,0.823629156,1,too expensive,retired individual,premium,high,693.15,sports enthusiast
CUST_00430,0.851700486,1,too expensive,college student,standard,low,428.99,casual viewer
CUST_00431,0.782017373,1,too expensive,college student,basic,high,156.33,news junkie
CUST_00432,0.821921948,1,technical issues,college student,standard,low,401.19,news junkie
CUST_00433,0.840955821,1,none,college student,standard,medium,385.34,sports enthusiast
CUST_00434,0.590901675,1,technical issues,college student,standard,medium,368.82,news junkie
CUST_00435,0.820258402,1,too expensive,college student,standard,medium,453.6,family viewer
CUST_00436,0.708606978,1,too expensive,college student,premium,low,710.82,binge watcher
CUST_00437,0.628315636,1,none,college student,standard,high,386.34,binge watcher
CUST_00438,0.715816607,1,technical issues,retired individual,basic,medium,184.19,family viewer
CUST_00439,0.635897902,1,too expensive,school student,premium,medium,680.53,binge watcher
CUST_00440,0.871109577,1,none,college student,basic,medium,166.24,binge watcher
CUST_00441,0.881829928,1,too expensive,college student,premium,medium,742.98,family viewer
CUST_00442,0.605886493,1,switched to competitor,retired individual,basic,high,208.99,binge watcher
CUST_00443,0.941107942,1,too expensive,retired individual,premium,low,797.84,sports enthusiast
CUST_00444,0.826550372,1,none,school student,standard,medium,425.32,family viewer
CUST_00445,0.61949288,1,none,college student,standard,high,419.52,binge watcher
CUST_00446,0.847998273,1,none,retired individual,premium,medium,767.27,binge watcher
CUST_00447,0.794725878,1,technical issues,college student,standard,medium,339.92,casual viewer
CUST_00448,0.839789104,1,technical issues,college student,standard,medium,452.77,binge watcher
CUST_00449,0.876422608,1,too expensive,retired individual,standard,medium,459.68,casual viewer
CUST_00450,0.856310018,1,too expensive,college student,basic,medium,205.1,news junkie
CUST_00451,0.788827971,1,too expensive,college student,premium,medium,689.6,news junkie
CUST_00452,0.775480432,1,too expensive,college student,standard,medium,407.83,news junkie
CUST_00453,0.725470299,1,no time to watch,working professional,basic,high,207.15,binge watcher
CUST_00454,0.85593051,1,too expensive,college student,standard,high,406.64,family viewer
CUST_00455,0.684645531,1,none,college student,standard,high,390.11,sports enthusiast
CUST_00456,0.810395621,1,too expensive,college student,standard,high,404.98,casual viewer
CUST_00457,0.867601029,1,too expensive,school student,basic,high,226.67,casual viewer
CUST_00458,0.682684414,1,too expensive,college student,premium,high,759.58,family viewer
CUST_00459,0.796852628,1,too expensive,retired individual,premium,high,714.53,family viewer
CUST_00460,0.883101766,1,too expensive,working professional,premium,medium,756.94,casual viewer
CUST_00461,0.835724369,1,technical issues,college student,standard,medium,449.65,casual viewer
CUST_00462,0.686059521,1,no time to watch,college student,standard,high,401.85,casual viewer
CUST_00463,0.795879836,1,too expensive,college student,standard,high,369.65,binge watcher
CUST_00464,0.812517939,1,technical issues,retired individual,standard,low,375.36,family viewer
CUST_00465,0.739764919,1,none,college student,basic,high,206.11,sports enthusiast
CUST_00466,0.844990244,1,none,school student,standard,low,407.58,family viewer
CUST_00467,0.599130069,1,none,school student,standard,high,433,binge watcher
CUST_00468,0.609426324,1,content not interesting,school student,basic,high,182.52,binge watcher
CUST_00469,0.940192964,1,too expensive,school student,basic,medium,240.63,binge watcher
CUST_00470,0.826152343,1,too expensive,college student,basic,medium,219.94,binge watcher
CUST_00471,0.736519423,1,technical issues,college student,basic,low,172.6,news junkie
CUST_00472,0.84261728,1,technical issues,retired individual,standard,low,396.07,family viewer
CUST_00473,0.815835963,1,technical issues,college student,standard,medium,428.91,sports enthusiast
CUST_00474,0.800792088,1,too expensive,college student,standard,high,445.46,family viewer
CUST_00475,0.884025278,1,none,college student,premium,medium,776.85,news junkie
CUST_00476,0.715777283,1,technical issues,college student,basic,low,216.11,binge watcher
CUST_00477,0.87411804,1,none,college student,basic,low,188.76,family viewer
CUST_00478,0.847164318,1,none,working professional,basic,high,191.33,family viewer
CUST_00479,0.813909973,1,too expensive,college student,premium,high,749.86,news junkie
CUST_00480,0.756150415,1,no time to watch,working professional,basic,high,193.77,news junkie
CUST_00481,0.941168077,1,too expensive,retired individual,premium,low,777.23,binge watcher
CUST_00482,0.669161063,1,no time to watch,retired individual,standard,high,374.51,family viewer
CUST_00483,0.755941853,1,none,college student,basic,high,187.16,casual viewer
CUST_00484,0.808941266,1,technical issues,college student,standard,medium,330.25,sports enthusiast
CUST_00485,0.7726649,1,technical issues,college student,basic,low,226.83,casual viewer
CUST_00486,0.743873212,1,technical issues,college student,standard,low,401.67,news junkie
CUST_00487,0.72081567,1,technical issues,school student,basic,medium,199.38,sports enthusiast
CUST_00488,0.766265395,1,too expensive,working professional,premium,medium,701.84,family viewer
CUST_00489,0.781538756,1,none,school student,premium,high,613.88,family viewer
CUST_00490,0.825912748,1,too expensive,retired individual,standard,high,384.81,casual viewer
CUST_00491,0.81406767,1,too expensive,working professional,premium,high,682.6,binge watcher
CUST_00492,0.713267454,1,no time to watch,retired individual,standard,high,391.49,news junkie
CUST_00493,0.808196298,1,no time to watch,working professional,standard,high,360.47,binge watcher
CUST_00494,0.774369739,1,too expensive,college student,premium,medium,723.82,news junkie
CUST_00495,0.714649218,1,switched to competitor,retired individual,standard,high,388.74,binge watcher
CUST_00496,0.776503356,1,too expensive,college student,premium,high,654.69,family viewer
CUST_00497,0.893440581,1,too expensive,college student,premium,high,627.54,binge watcher
CUST_00498,0.722321643,1,none,college student,standard,high,389.5,binge watcher
CUST_00499,0.868632694,1,too expensive,college student,premium,low,689.74,binge watcher
CUST_00500,0.941046105,1,too expensive,college student,basic,medium,228.66,sports enthusiast
CUST_00501,0.875317721,1,no time to watch,school student,standard,low,409.57,binge watcher
CUST_00502,0.886050792,1,content not interesting,school student,standard,high,447.08,family viewer
CUST_00503,0.85676686,1,technical issues,college student,standard,low,341.52,binge watcher
CUST_00504,0.7196917,1,content not interesting,college student,standard,high,383.36,binge watcher
CUST_00505,0.773155361,1,technical issues,college student,basic,medium,184.04,binge watcher
CUST_00506,0.949920165,1,too expensive,working professional,standard,low,426.9,news junkie
CUST_00507,0.883154568,1,technical issues,retired individual,basic,low,174.88,family viewer
CUST_00508,0.8399694,1,no time to watch,working professional,standard,high,412.14,casual viewer
CUST_00509,0.79525124,1,too expensive,working professional,premium,medium,693.51,casual viewer
CUST_00510,0.865143929,1,technical issues,college student,basic,medium,178.02,news junkie
CUST_00511,0.899814869,1,too expensive,retired individual,standard,medium,406.3,family viewer
CUST_00512,0.783648864,1,none,college student,standard,high,429.62,family viewer
CUST_00513,0.90333854,1,too expensive,school student,standard,high,346.96,casual viewer
CUST_00514,0.824791706,1,content not interesting,retired individual,basic,high,225.28,family viewer
CUST_00515,0.900546838,1,none,college student,standard,low,381.84,sports enthusiast
CUST_00516,0.865613107,1,too expensive,college student,standard,medium,360.29,news junkie
CUST_00517,0.769868223,1,technical issues,retired individual,basic,low,146.8,family viewer
CUST_00518,0.891218368,1,no time to watch,working professional,standard,low,370.75,binge watcher
CUST_00519,0.856578257,1,none,college student,premium,low,661.14,news junkie
CUST_00520,0.792851091,1,none,working professional,standard,high,391.03,sports enthusiast
CUST_00521,0.841072709,1,none,retired individual,basic,medium,186.4,news junkie
CUST_00522,0.719917854,1,switched to competitor,college student,basic,high,218.54,casual viewer
CUST_00523,0.786020641,1,none,school student,standard,medium,375.93,casual viewer
CUST_00524,0.557907337,1,no time to watch,college student,basic,medium,145.92,news junkie
CUST_00525,0.70267381,1,switched to competitor,retired individual,standard,high,385.36,news junkie
CUST_00526,0.812048771,1,too expensive,school student,premium,medium,714.1,casual viewer
CUST_00527,0.882155053,1,too expensive,college student,premium,medium,766.01,sports enthusiast
CUST_00528,0.857340173,1,too expensive,school student,premium,high,735.04,news junkie
CUST_00529,0.814112813,1,too expensive,retired individual,standard,low,419.71,sports enthusiast
CUST_00530,0.852215724,1,none,working professional,premium,medium,598.55,sports enthusiast
CUST_00531,0.875610686,1,too expensive,working professional,premium,low,691.69,news junkie
CUST_00532,0.792006808,1,none,working professional,premium,high,703.09,family viewer
CUST_00533,0.672959084,1,technical issues,college student,standard,medium,354.75,sports enthusiast
CUST_00534,0.756495698,1,too expensive,retired individual,premium,high,707.67,binge watcher
CUST_00535,0.8219936,1,too expensive,college student,premium,high,646.87,casual viewer
CUST_00536,0.664390462,1,content not interesting,college student,basic,high,212.3,binge watcher
CUST_00537,0.782904575,1,technical issues,college student,basic,medium,152.16,casual viewer
CUST_00538,0.8814995,1,too expensive,college student,standard,low,298.92,sports enthusiast
CUST_00539,0.663490092,1,none,college student,standard,medium,411.69,sports enthusiast
CUST_00540,0.855434151,1,no time to watch,college student,standard,low,366.31,binge watcher
CUST_00541,0.841345706,1,none,working professional,standard,high,378.72,sports enthusiast
CUST_00542,0.919496479,1,too expensive,working professional,basic,high,226.02,binge watcher
CUST_00543,0.867754845,1,too expensive,working professional,premium,medium,646.45,casual viewer
CUST_00544,0.895988722,1,too expensive,retired individual,standard,low,358.87,casual viewer
CUST_00545,0.729990474,1,switched to competitor,college student,standard,high,403.45,sports enthusiast
CUST_00546,0.828558849,1,none,working professional,basic,high,191.49,binge watcher
CUST_00547,0.760932212,1,switched to competitor,retired individual,standard,high,434.02,binge watcher
CUST_00548,0.819645274,1,too expensive,working professional,premium,medium,781.34,sports enthusiast
CUST_00549,0.779275064,1,content not interesting,college student,standard,high,383.32,casual viewer
CUST_00550,0.800715596,1,too expensive,college student,standard,high,406.87,casual viewer
CUST_00551,0.818452306,1,too expensive,retired individual,premium,high,734.64,sports enthusiast
CUST_00552,0.703310245,1,content not interesting,college student,standard,high,394.76,sports enthusiast
CUST_00553,0.53589616,1,none,retired individual,premium,high,651.76,family viewer
CUST_00554,0.873879088,1,too expensive,working professional,premium,low,758.11,casual viewer
CUST_00555,0.867678021,1,too expensive,working professional,basic,high,189.35,news junkie
CUST_00556,0.860121118,1,no time to watch,retired individual,standard,low,372.63,family viewer
CUST_00557,0.851847011,1,none,working professional,standard,low,346.29,news junkie
CUST_00558,0.720794996,1,switched to competitor,retired individual,standard,high,366.63,family viewer
CUST_00559,0.912296328,1,too expensive,working professional,basic,medium,182.82,sports enthusiast
CUST_00560,0.88238474,1,too expensive,college student,standard,high,431.28,binge watcher
CUST_00561,0.728932259,1,technical issues,college student,standard,low,374.23,sports enthusiast
CUST_00562,0.867371467,1,too expensive,working professional,premium,low,680.77,news junkie
CUST_00563,0.844217359,1,too expensive,college student,standard,medium,345.87,family viewer
CUST_00564,0.731197632,1,switched to competitor,college student,basic,high,204.64,sports enthusiast
CUST_00565,0.918268417,1,too expensive,college student,basic,low,204.6,casual viewer
CUST_00566,0.796935157,1,none,working professional,premium,low,655.66,news junkie
CUST_00567,0.812195102,1,content not interesting,college student,standard,high,463.58,news junkie
CUST_00568,0.73427372,1,no time to watch,working professional,standard,high,454,news junkie
CUST_00569,0.81787678,1,technical issues,college student,standard,low,365.37,sports enthusiast
CUST_00570,0.778824366,1,too expensive,working professional,premium,high,759.13,casual viewer
CUST_00571,0.831415907,1,too expensive,school student,premium,low,780.6,news junkie
CUST_00572,0.721729334,1,too expensive,college student,premium,high,777.77,binge watcher
CUST_00573,0.846043905,1,too expensive,college student,premium,low,711.58,binge watcher
CUST_00574,0.615769129,1,technical issues,college student,basic,medium,206.56,sports enthusiast
CUST_00575,0.93166242,1,too expensive,working professional,premium,medium,702.21,casual viewer
CUST_00576,0.855990593,1,too expensive,college student,basic,medium,210.36,family viewer
CUST_00577,0.769102739,1,too expensive,college student,premium,medium,643.17,binge watcher
CUST_00578,0.761779721,1,too expensive,school student,premium,high,709.36,sports enthusiast
CUST_00579,0.889892915,1,too expensive,working professional,premium,medium,616.37,binge watcher
CUST_00580,0.577265134,1,no time to watch,working professional,basic,medium,212,family viewer
CUST_00581,0.894838345,1,too expensive,school student,premium,low,768.98,binge watcher
CUST_00582,0.810949609,1,too expensive,college student,basic,low,199.2,news junkie
CUST_00583,0.786546834,1,none,college student,basic,high,220.06,casual viewer
CUST_00584,0.788350388,1,too expensive,college student,premium,high,776.66,family viewer
CUST_00585,0.767117791,1,switched to competitor,college student,standard,high,360.34,family viewer
CUST_00586,0.791141106,1,switched to competitor,college student,basic,high,203.75,casual viewer
CUST_00587,0.924654357,1,too expensive,working professional,basic,medium,237.58,sports enthusiast
CUST_00588,0.669919255,1,too expensive,school student,premium,low,725.21,binge watcher
CUST_00589,0.678855338,1,too expensive,retired individual,premium,high,627.24,sports enthusiast
CUST_00590,0.86350261,1,no time to watch,college student,standard,medium,402.01,family viewer
CUST_00591,0.790973083,1,content not interesting,college student,basic,high,229.71,news junkie
CUST_00592,0.844044243,1,none,working professional,premium,medium,758.61,family viewer
CUST_00593,0.716671317,1,none,retired individual,basic,medium,218.89,sports enthusiast
CUST_00594,0.725746087,1,no time to watch,working professional,standard,medium,417.73,sports enthusiast
CUST_00595,0.819350419,1,technical issues,retired individual,standard,low,431.34,family viewer
CUST_00596,0.789082289,1,technical issues,college student,standard,medium,369.8,sports enthusiast
CUST_00597,0.807891002,1,content not interesting,college student,standard,high,389.6,casual viewer
CUST_00598,0.870821421,1,too expensive,college student,premium,low,737.9,family viewer
CUST_00599,0.796703885,1,no time to watch,retired individual,basic,high,201.8,casual viewer
CUST_00600,0.761106402,1,none,school student,basic,high,177.97,family viewer
CUST_00601,0.885373906,1,too expensive,college student,basic,high,199.63,family viewer
CUST_00602,0.739049169,1,too expensive,retired individual,basic,medium,210.77,family viewer
CUST_00603,0.752920184,1,no time to watch,college student,standard,medium,337.55,family viewer
CUST_00604,0.916217953,1,none,working professional,basic,low,206.03,news junkie
CUST_00605,0.663850154,1,none,college student,basic,high,179.95,news junkie
CUST_00606,0.75874429,1,no time to watch,retired individual,standard,medium,462.14,casual viewer
CUST_00607,0.717671141,1,technical issues,college student,basic,medium,191.96,casual viewer
CUST_00608,0.889614162,1,none,working professional,premium,low,680.16,binge watcher
CUST_00609,0.851721663,1,none,college student,standard,medium,376.06,family viewer
CUST_00610,0.871841685,1,too expensive,retired individual,standard,high,405.84,sports enthusiast
CUST_00611,0.891593289,1,too expensive,college student,basic,low,180.23,news junkie
CUST_00612,0.781876877,1,none,working professional,premium,high,803.82,binge watcher
CUST_00613,0.905111866,1,too expensive,college student,premium,medium,695.06,sports enthusiast
CUST_00614,0.81625761,1,too expensive,retired individual,premium,high,630.03,binge watcher
CUST_00615,0.904282728,1,technical issues,retired individual,basic,low,160.95,sports enthusiast
CUST_00616,0.84213005,1,too expensive,college student,basic,high,220.88,news junkie
CUST_00617,0.910377108,1,too expensive,retired individual,standard,low,373.3,sports enthusiast
CUST_00618,0.760035947,1,too expensive,college student,standard,high,400.94,sports enthusiast
CUST_00619,0.868956697,1,too expensive,retired individual,premium,medium,804.77,news junkie
CUST_00620,0.832214199,1,no time to watch,college student,basic,medium,188.41,binge watcher
CUST_00621,0.889236566,1,technical issues,working professional,standard,medium,442.55,casual viewer
CUST_00622,0.848725731,1,too expensive,retired individual,premium,high,630.52,casual viewer
CUST_00623,0.842525476,1,switched to competitor,college student,basic,high,241.7,family viewer
CUST_00624,0.692554941,1,none,retired individual,standard,high,405.64,family viewer
CUST_00625,0.799231463,1,technical issues,working professional,standard,low,354.34,binge watcher
CUST_00626,0.832581542,1,no time to watch,retired individual,basic,high,211.7,news junkie
CUST_00627,0.748134566,1,no time to watch,working professional,basic,low,200.78,news junkie
CUST_00628,0.819499532,1,technical issues,retired individual,basic,low,193.79,binge watcher
CUST_00629,0.792785543,1,too expensive,school student,premium,high,661.96,news junkie
CUST_00630,0.725955159,1,too expensive,college student,standard,high,437,binge watcher
CUST_00631,0.753534109,1,switched to competitor,college student,standard,high,382.18,sports enthusiast
CUST_00632,0.805068417,1,switched to competitor,school student,standard,high,345.53,binge watcher
CUST_00633,0.877315088,1,too expensive,working professional,basic,high,148.59,binge watcher
CUST_00634,0.753110393,1,no time to watch,working professional,basic,low,217.64,news junkie
CUST_00635,0.694542001,1,none,college student,standard,medium,377.07,sports enthusiast
CUST_00636,0.700944053,1,switched to competitor,retired individual,standard,high,385.78,news junkie
CUST_00637,0.852637518,1,too expensive,working professional,basic,low,212.97,binge watcher
CUST_00638,0.838532484,1,technical issues,retired individual,basic,medium,169.76,family viewer
CUST_00639,0.678033958,1,none,college student,basic,high,205.37,casual viewer
CUST_00640,0.612948685,1,none,school student,standard,medium,435.72,sports enthusiast
CUST_00641,0.705074123,1,none,working professional,basic,high,149.52,casual viewer
CUST_00642,0.805993179,1,technical issues,college student,basic,medium,215.49,casual viewer
CUST_00643,0.711655948,1,none,college student,standard,medium,385.2,casual viewer
CUST_00644,0.742059027,1,none,college student,basic,medium,205.2,sports enthusiast
CUST_00645,0.834618297,1,technical issues,working professional,standard,low,393.82,sports enthusiast
CUST_00646,0.883017044,1,too expensive,working professional,premium,low,645.4,sports enthusiast
CUST_00647,0.677289865,1,switched to competitor,working professional,standard,high,344.3,sports enthusiast
CUST_00648,0.862269373,1,too expensive,retired individual,basic,high,191.95,sports enthusiast
CUST_00649,0.942245629,1,too expensive,working professional,standard,medium,460.81,sports enthusiast
CUST_00650,0.930224294,1,too expensive,working professional,basic,high,172.35,casual viewer
CUST_00651,0.82561009,1,too expensive,retired individual,basic,medium,241.47,binge watcher
CUST_00652,0.78539799,1,technical issues,college student,standard,medium,363.97,sports enthusiast
CUST_00653,0.912458319,1,too expensive,retired individual,standard,low,334.3,binge watcher
CUST_00654,0.840078938,1,too expensive,working professional,basic,medium,220.18,casual viewer
CUST_00655,0.781319427,1,none,school student,standard,medium,393.29,binge watcher
CUST_00656,0.742479547,1,switched to competitor,college student,basic,high,215.76,binge watcher
CUST_00657,0.866947061,1,too expensive,college student,standard,low,441.23,family viewer
CUST_00658,0.709707134,1,no time to watch,college student,standard,high,454.63,sports enthusiast
CUST_00659,0.807513928,1,technical issues,college student,basic,medium,177.11,news junkie
CUST_00660,0.644919926,1,none,college student,standard,high,391.9,binge watcher
CUST_00661,0.928774358,1,technical issues,college student,standard,low,474.1,sports enthusiast
CUST_00662,0.861103069,1,too expensive,school student,standard,high,375.97,sports enthusiast
CUST_00663,0.827538201,1,too expensive,retired individual,standard,high,401.08,casual viewer
CUST_00664,0.855839019,1,too expensive,retired individual,basic,high,180.78,casual viewer
CUST_00665,0.72148839,1,technical issues,college student,basic,medium,207.53,family viewer
CUST_00666,0.910804129,1,too expensive,retired individual,standard,medium,362.95,binge watcher
CUST_00667,0.663792581,1,technical issues,college student,standard,medium,359.92,binge watcher
CUST_00668,0.768183119,1,none,college student,standard,high,420.19,news junkie
CUST_00669,0.690395443,1,none,college student,standard,medium,396.12,family viewer
CUST_00670,0.784720432,1,too expensive,college student,basic,medium,184.27,sports enthusiast
CUST_00671,0.861995976,1,too expensive,college student,premium,low,792.49,news junkie
CUST_00672,0.800878259,1,none,college student,basic,medium,228.93,casual viewer
CUST_00673,0.873046393,1,too expensive,college student,basic,high,214.88,news junkie
CUST_00674,0.746647483,1,none,college student,basic,medium,179.05,binge watcher
CUST_00675,0.464127018,0,none,college student,basic,high,163.63,news junkie
CUST_00676,0.850481397,1,too expensive,college student,basic,high,187.25,sports enthusiast
CUST_00677,0.907424495,1,too expensive,retired individual,standard,low,415.48,news junkie
CUST_00678,0.811423221,1,switched to competitor,working professional,basic,high,202.8,sports enthusiast
CUST_00679,0.858891142,1,none,college student,standard,low,419.45,family viewer
CUST_00680,0.892544644,1,none,working professional,standard,high,381.03,binge watcher
CUST_00681,0.868828194,1,technical issues,college student,standard,low,367.67,sports enthusiast
CUST_00682,0.631059767,1,switched to competitor,working professional,basic,high,203.21,sports enthusiast
CUST_00683,0.798344625,1,none,college student,basic,high,169.85,family viewer
CUST_00684,0.770880365,1,content not interesting,retired individual,standard,high,345.98,sports enthusiast
CUST_00685,0.888293281,1,too expensive,working professional,standard,low,453.81,family viewer
CUST_00686,0.787708354,1,too expensive,college student,basic,medium,208.35,sports enthusiast
CUST_00687,0.706198247,1,none,retired individual,basic,high,207.34,casual viewer
CUST_00688,0.529284978,1,too expensive,college student,premium,high,707.49,sports enthusiast
CUST_00689,0.807820121,1,too expensive,college student,premium,high,610.44,casual viewer
CUST_00690,0.84918958,1,no time to watch,retired individual,basic,medium,209.48,casual viewer
CUST_00691,0.909202268,1,too expensive,working professional,premium,high,757.49,news junkie
CUST_00692,0.643485478,1,switched to competitor,retired individual,standard,high,389.8,casual viewer
CUST_00693,0.810143262,1,technical issues,school student,standard,medium,346.84,binge watcher
CUST_00694,0.857815323,1,technical issues,retired individual,standard,medium,420.03,binge watcher
CUST_00695,0.816308407,1,too expensive,college student,standard,high,486.19,casual viewer
CUST_00696,0.879986752,1,no time to watch,working professional,basic,medium,237.12,sports enthusiast
CUST_00697,0.890760394,1,technical issues,college student,basic,low,216.8,family viewer
CUST_00698,0.84949569,1,too expensive,working professional,premium,medium,617.63,news junkie
CUST_00699,0.895507152,1,too expensive,retired individual,premium,high,781.34,casual viewer
CUST_00700,0.866422067,1,technical issues,college student,standard,low,363.09,news junkie
CUST_00701,0.78262164,1,too expensive,working professional,standard,medium,441.84,casual viewer
CUST_00702,0.751129146,1,too expensive,retired individual,premium,medium,726.61,casual viewer
CUST_00703,0.636617389,1,switched to competitor,college student,standard,high,401.58,news junkie
CUST_00704,0.87009319,1,too expensive,college student,premium,high,718.01,casual viewer
CUST_00705,0.767490936,1,too expensive,school student,premium,high,692.15,sports enthusiast
CUST_00706,0.874001685,1,technical issues,working professional,basic,low,168.62,news junkie
CUST_00707,0.679654786,1,switched to competitor,school student,standard,high,419.47,family viewer
CUST_00708,0.800381422,1,no time to watch,retired individual,standard,high,378.34,family viewer
CUST_00709,0.710943985,1,none,college student,standard,high,323.72,family viewer
CUST_00710,0.819794443,1,no time to watch,college student,basic,medium,225.74,news junkie
CUST_00711,0.900986318,1,too expensive,school student,premium,low,623.56,casual viewer
CUST_00712,0.65944845,1,switched to competitor,college student,standard,high,386.52,family viewer
CUST_00713,0.708751007,1,no time to watch,working professional,standard,high,330.88,binge watcher
CUST_00714,0.845646063,1,too expensive,working professional,premium,medium,719.75,casual viewer
CUST_00715,0.757787401,1,content not interesting,retired individual,standard,high,393.23,family viewer
CUST_00716,0.770222281,1,technical issues,college student,standard,low,382.37,binge watcher
CUST_00717,0.87287005,1,none,working professional,basic,high,204.44,family viewer
CUST_00718,0.861842134,1,too expensive,working professional,premium,medium,778.37,family viewer
CUST_00719,0.788356186,1,none,college student,standard,high,397.72,casual viewer
CUST_00720,0.768802654,1,none,school student,standard,high,368.05,sports enthusiast
CUST_00721,0.840885366,1,technical issues,retired individual,standard,low,401.81,casual viewer
CUST_00722,0.875812168,1,too expensive,college student,basic,medium,240.93,sports enthusiast
CUST_00723,0.844363242,1,none,retired individual,premium,medium,799.09,sports enthusiast
CUST_00724,0.94475671,1,too expensive,working professional,premium,low,685.29,family viewer
CUST_00725,0.840900659,1,technical issues,retired individual,standard,medium,355.45,casual viewer
CUST_00726,0.894054199,1,none,school student,basic,low,164.86,news junkie
CUST_00727,0.819141654,1,technical issues,college student,standard,medium,342.79,casual viewer
CUST_00728,0.822670661,1,too expensive,retired individual,basic,high,193.21,sports enthusiast
CUST_00729,0.817630649,1,too expensive,working professional,premium,high,781.77,binge watcher
CUST_00730,0.869887824,1,none,school student,basic,high,191.06,sports enthusiast
CUST_00731,0.856137987,1,none,retired individual,standard,high,362.74,sports enthusiast
CUST_00732,0.845900458,1,switched to competitor,retired individual,standard,high,420.46,family viewer
CUST_00733,0.855019669,1,too expensive,college student,standard,low,324.06,sports enthusiast
CUST_00734,0.819135058,1,technical issues,college student,standard,medium,379.08,casual viewer
CUST_00735,0.814511299,1,too expensive,working professional,premium,high,616.32,family viewer
CUST_00736,0.735490461,1,too expensive,retired individual,premium,medium,620.29,family viewer
CUST_00737,0.844669883,1,none,retired individual,basic,high,188.41,family viewer
CUST_00738,0.898645441,1,too expensive,retired individual,standard,low,379.69,news junkie
CUST_00739,0.827480049,1,too expensive,college student,basic,high,222.1,sports enthusiast
CUST_00740,0.787159958,1,none,college student,premium,low,700.1,sports enthusiast
CUST_00741,0.8520615,1,too expensive,college student,basic,high,238.15,sports enthusiast
CUST_00742,0.880774017,1,too expensive,college student,basic,high,164.31,binge watcher
CUST_00743,0.870998405,1,too expensive,working professional,basic,medium,205.1,news junkie
CUST_00744,0.820734743,1,too expensive,working professional,standard,medium,410.24,binge watcher
CUST_00745,0.81321119,1,none,retired individual,standard,high,413.96,casual viewer
CUST_00746,0.734583876,1,too expensive,retired individual,premium,high,692.21,news junkie
CUST_00747,0.801733444,1,too expensive,working professional,premium,medium,769.06,family viewer
CUST_00748,0.745322432,1,content not interesting,working professional,basic,high,211.75,casual viewer
CUST_00749,0.883483904,1,too expensive,retired individual,premium,low,788.56,family viewer
CUST_00750,0.763036562,1,none,college student,premium,high,730,news junkie
CUST_00751,0.817627393,1,too expensive,college student,standard,high,420.74,sports enthusiast
CUST_00752,0.557933024,1,content not interesting,college student,basic,high,203.63,binge watcher
CUST_00753,0.843652399,1,none,college student,premium,low,751.21,binge watcher
CUST_00754,0.727076366,1,too expensive,retired individual,premium,high,783.91,family viewer
CUST_00755,0.630333894,1,no time to watch,school student,basic,low,201.14,news junkie
CUST_00756,0.768709523,1,too expensive,working professional,premium,high,640,casual viewer
CUST_00757,0.734611632,1,too expensive,college student,premium,high,761.71,news junkie
CUST_00758,0.926794351,1,technical issues,college student,standard,low,456.52,sports enthusiast
CUST_00759,0.660190447,1,too expensive,retired individual,premium,high,670.36,family viewer
CUST_00760,0.722463801,1,too expensive,college student,basic,high,189.57,news junkie
CUST_00761,0.803131107,1,none,working professional,premium,high,798.98,binge watcher
CUST_00762,0.90931203,1,too expensive,working professional,premium,medium,610.34,binge watcher
CUST_00763,0.813970052,1,too expensive,college student,premium,high,769.34,casual viewer
CUST_00764,0.861337562,1,no time to watch,college student,premium,medium,597.36,family viewer
CUST_00765,0.729890716,1,too expensive,school student,standard,high,376.3,family viewer
CUST_00766,0.659239749,1,none,working professional,basic,medium,223.69,family viewer
CUST_00767,0.815299001,1,none,working professional,standard,medium,430.06,sports enthusiast
CUST_00768,0.821659578,1,too expensive,retired individual,premium,medium,708.3,family viewer
CUST_00769,0.729306601,1,too expensive,school student,basic,high,214.63,family viewer
CUST_00770,0.672870654,1,none,college student,basic,high,195.01,news junkie
CUST_00771,0.804012252,1,none,working professional,premium,medium,607.96,news junkie
CUST_00772,0.768449127,1,too expensive,retired individual,premium,high,719.38,binge watcher
CUST_00773,0.877025326,1,too expensive,retired individual,premium,medium,689.96,sports enthusiast
CUST_00774,0.798993395,1,too expensive,college student,premium,medium,667.36,casual viewer
CUST_00775,0.832688748,1,content not interesting,college student,standard,high,336.06,news junkie
CUST_00776,0.898403728,1,too expensive,school student,basic,high,167.48,casual viewer
CUST_00777,0.891575714,1,too expensive,school student,premium,medium,682.31,sports enthusiast
CUST_00778,0.907143263,1,too expensive,retired individual,basic,low,183.92,casual viewer
CUST_00779,0.670534404,1,technical issues,retired individual,standard,medium,328.49,news junkie
CUST_00780,0.654181719,1,switched to competitor,college student,standard,high,378.07,binge watcher
CUST_00781,0.918065375,1,too expensive,working professional,premium,low,776.81,sports enthusiast
CUST_00782,0.688203859,1,switched to competitor,retired individual,standard,high,397.62,news junkie
CUST_00783,0.708554634,1,none,retired individual,basic,medium,181.97,news junkie
CUST_00784,0.85667644,1,no time to watch,college student,basic,medium,234.53,sports enthusiast
CUST_00785,0.868628508,1,content not interesting,working professional,standard,high,414.48,casual viewer
CUST_00786,0.892895516,1,none,working professional,premium,low,774,binge watcher
CUST_00787,0.769538417,1,technical issues,school student,standard,medium,447.61,sports enthusiast
CUST_00788,0.856471781,1,too expensive,retired individual,premium,high,709.01,sports enthusiast
CUST_00789,0.655231427,1,none,college student,standard,high,442.88,family viewer
CUST_00790,0.688975107,1,too expensive,school student,premium,medium,690.72,binge watcher
CUST_00791,0.76811947,1,too expensive,retired individual,premium,high,757.02,casual viewer
CUST_00792,0.65165188,1,technical issues,college student,standard,medium,404.33,news junkie
CUST_00793,0.565279105,1,none,college student,standard,high,432.99,casual viewer
CUST_00794,0.884283985,1,too expensive,working professional,basic,high,197.42,news junkie
CUST_00795,0.832360009,1,too expensive,college student,premium,medium,688.91,sports enthusiast
CUST_00796,0.722098333,1,no time to watch,retired individual,basic,high,188.85,family viewer
CUST_00797,0.89947303,1,none,working professional,standard,high,386.24,binge watcher
CUST_00798,0.766665578,1,too expensive,college student,premium,medium,705.63,casual viewer
CUST_00799,0.886474151,1,too expensive,retired individual,basic,high,156.94,sports enthusiast
CUST_00800,0.869002706,1,too expensive,working professional,premium,low,709.08,sports enthusiast
CUST_00801,0.873569387,1,technical issues,school student,basic,medium,187.93,casual viewer
CUST_00802,0.872889231,1,none,college student,basic,medium,159.87,binge watcher
CUST_00803,0.818090856,1,switched to competitor,retired individual,basic,high,185.59,binge watcher
CUST_00804,0.686733626,1,no time to watch,working professional,basic,high,212.82,family viewer
CUST_00805,0.812604908,1,too expensive,school student,premium,medium,668.76,binge watcher
CUST_00806,0.682542495,1,no time to watch,retired individual,basic,medium,181.54,news junkie
CUST_00807,0.827921723,1,too expensive,college student,basic,medium,224.45,binge watcher
CUST_00808,0.783387802,1,too expensive,working professional,standard,high,370.07,binge watcher
CUST_00809,0.647811646,1,none,school student,basic,high,193.19,binge watcher
CUST_00810,0.842076651,1,too expensive,college student,premium,high,793.74,binge watcher
CUST_00811,0.858788798,1,switched to competitor,school student,standard,high,392.79,binge watcher
CUST_00812,0.853598148,1,too expensive,school student,standard,medium,440.51,news junkie
CUST_00813,0.688521674,1,none,college student,basic,high,202.5,binge watcher
CUST_00814,0.561111711,1,none,college student,premium,high,626.8,casual viewer
CUST_00815,0.846423829,1,too expensive,school student,premium,high,757.49,family viewer
CUST_00816,0.884934251,1,technical issues,retired individual,standard,medium,430.45,family viewer
CUST_00817,0.826683533,1,none,college student,premium,high,630.46,news junkie
CUST_00818,0.768574954,1,no time to watch,working professional,standard,high,350.74,casual viewer
CUST_00819,0.647786537,1,content not interesting,retired individual,standard,high,378.25,family viewer
CUST_00820,0.887804426,1,too expensive,working professional,basic,low,205.19,news junkie
CUST_00821,0.80702053,1,too expensive,college student,premium,low,711.15,casual viewer
CUST_00822,0.792523849,1,none,school student,standard,high,412.38,binge watcher
CUST_00823,0.64403308,1,no time to watch,retired individual,standard,high,439.58,news junkie
CUST_00824,0.8207734,1,too expensive,working professional,standard,high,343.79,news junkie
CUST_00825,0.955427155,1,too expensive,college student,standard,low,370.02,casual viewer
CUST_00826,0.75585996,1,too expensive,college student,basic,high,200.17,casual viewer
CUST_00827,0.605588171,1,too expensive,college student,premium,high,608.11,news junkie
CUST_00828,0.84821906,1,technical issues,retired individual,standard,low,352.54,family viewer
CUST_00829,0.815951992,1,switched to competitor,working professional,basic,high,193.79,sports enthusiast
CUST_00830,0.825758256,1,no time to watch,retired individual,standard,low,344.86,family viewer
CUST_00831,0.563267661,1,switched to competitor,retired individual,standard,high,409.9,family viewer
CUST_00832,0.925785378,1,too expensive,school student,standard,medium,444.6,casual viewer
CUST_00833,0.658748015,1,none,college student,basic,medium,213.25,sports enthusiast
CUST_00834,0.536981912,1,none,college student,standard,medium,396.82,family viewer
CUST_00835,0.866306648,1,too expensive,college student,premium,medium,693.94,casual viewer
CUST_00836,0.86513264,1,technical issues,college student,basic,low,213.84,family viewer
CUST_00837,0.861133008,1,too expensive,school student,basic,high,243.07,news junkie
CUST_00838,0.868642431,1,technical issues,college student,standard,medium,409.89,news junkie
CUST_00839,0.831437585,1,technical issues,working professional,basic,low,189.86,sports enthusiast
CUST_00840,0.635939409,1,none,college student,basic,high,159.26,sports enthusiast
CUST_00841,0.88345989,1,too expensive,retired individual,basic,low,211.82,casual viewer
CUST_00842,0.660459515,1,content not interesting,college student,basic,high,242.37,family viewer
CUST_00843,0.783916311,1,technical issues,school student,standard,medium,366.56,casual viewer
CUST_00844,0.750204217,1,technical issues,college student,standard,medium,327.42,sports enthusiast
CUST_00845,0.726765575,1,none,college student,basic,medium,195.15,casual viewer
CUST_00846,0.740833885,1,technical issues,college student,basic,medium,201.13,family viewer
CUST_00847,0.829468727,1,no time to watch,school student,basic,low,204.47,family viewer
CUST_00848,0.572091804,1,none,college student,standard,high,436.89,binge watcher
CUST_00849,0.901288566,1,too expensive,working professional,premium,high,650.04,news junkie
CUST_00850,0.790971837,1,none,retired individual,premium,medium,794.91,casual viewer
CUST_00851,0.868004508,1,technical issues,retired individual,standard,low,427.66,news junkie
CUST_00852,0.894220681,1,too expensive,school student,standard,high,367.94,casual viewer
CUST_00853,0.700033066,1,too expensive,retired individual,basic,high,204.32,news junkie
CUST_00854,0.750816633,1,none,retired individual,basic,medium,225.34,news junkie
CUST_00855,0.861577277,1,too expensive,college student,standard,high,445.61,binge watcher
CUST_00856,0.721881251,1,no time to watch,college student,basic,medium,255.49,family viewer
CUST_00857,0.836016266,1,technical issues,retired individual,standard,medium,385.88,casual viewer
CUST_00858,0.872657988,1,too expensive,retired individual,premium,medium,645.86,binge watcher
CUST_00859,0.875886769,1,too expensive,retired individual,premium,high,626.48,family viewer
CUST_00860,0.854656304,1,too expensive,college student,premium,medium,725.24,binge watcher
CUST_00861,0.839880151,1,too expensive,working professional,basic,high,243.82,binge watcher
CUST_00862,0.85753491,1,too expensive,working professional,basic,low,204.49,binge watcher
CUST_00863,0.909777598,1,technical issues,college student,basic,low,181.46,sports enthusiast
CUST_00864,0.864247466,1,too expensive,working professional,premium,low,621.79,casual viewer
CUST_00865,0.669573819,1,too expensive,college student,premium,high,647.92,casual viewer
CUST_00866,0.789517981,1,no time to watch,college student,standard,high,368.7,casual viewer
CUST_00867,0.727265287,1,no time to watch,retired individual,standard,high,450.7,binge watcher
CUST_00868,0.864815189,1,too expensive,retired individual,basic,high,175.05,news junkie
CUST_00869,0.71413306,1,no time to watch,working professional,basic,high,208.02,casual viewer
CUST_00870,0.878339812,1,none,retired individual,basic,medium,166.08,family viewer
CUST_00871,0.520619809,1,none,college student,standard,high,356.08,news junkie
CUST_00872,0.704733472,1,none,retired individual,standard,high,357.43,family viewer
CUST_00873,0.867445208,1,no time to watch,working professional,standard,medium,448.12,family viewer
CUST_00874,0.750078185,1,no time to watch,college student,standard,medium,382.71,casual viewer
CUST_00875,0.835557677,1,none,college student,standard,medium,358.93,sports enthusiast
CUST_00876,0.737532315,1,content not interesting,college student,basic,high,234.25,binge watcher
CUST_00877,0.836254595,1,none,retired individual,premium,low,637.33,family viewer
CUST_00878,0.818808494,1,none,working professional,basic,high,159.83,sports enthusiast
CUST_00879,0.910405988,1,no time to watch,working professional,basic,medium,198.55,family viewer
CUST_00880,0.836340277,1,too expensive,college student,standard,medium,420.19,sports enthusiast
CUST_00881,0.860170905,1,too expensive,college student,basic,high,217.99,news junkie
CUST_00882,0.945763313,1,too expensive,working professional,standard,low,378.18,casual viewer
CUST_00883,0.94609408,1,none,working professional,premium,medium,732.42,casual viewer
CUST_00884,0.829764147,1,too expensive,college student,premium,high,755.8,casual viewer
CUST_00885,0.918772155,1,too expensive,working professional,premium,high,635.8,family viewer
CUST_00886,0.688893989,1,technical issues,college student,basic,medium,222.06,sports enthusiast
CUST_00887,0.769086416,1,switched to competitor,college student,standard,high,426.84,casual viewer
CUST_00888,0.753476839,1,switched to competitor,college student,standard,high,428.11,binge watcher
CUST_00889,0.767015685,1,content not interesting,college student,basic,high,169.1,binge watcher
CUST_00890,0.705324036,1,technical issues,college student,basic,low,202.2,family viewer
CUST_00891,0.803730879,1,too expensive,working professional,premium,high,745.16,news junkie
CUST_00892,0.760485545,1,none,retired individual,premium,high,765.81,binge watcher
CUST_00893,0.714878786,1,too expensive,retired individual,premium,high,689.57,binge watcher
CUST_00894,0.692129151,1,too expensive,college student,premium,low,782.37,sports enthusiast
CUST_00895,0.740723874,1,technical issues,college student,basic,medium,226.38,news junkie
CUST_00896,0.908856692,1,too expensive,college student,premium,low,774.29,family viewer
CUST_00897,0.774565205,1,none,college student,premium,high,722.78,casual viewer
CUST_00898,0.790390656,1,too expensive,college student,basic,medium,150.03,sports enthusiast
CUST_00899,0.82925281,1,none,college student,standard,low,357.3,news junkie
CUST_00900,0.880077794,1,too expensive,college student,premium,high,738.14,casual viewer
CUST_00901,0.831565986,1,too expensive,school student,basic,medium,213.31,family viewer
CUST_00902,0.634074584,1,none,working professional,standard,high,428.1,casual viewer
CUST_00903,0.563821919,1,switched to competitor,school student,standard,high,348.11,casual viewer
CUST_00904,0.899553184,1,too expensive,college student,standard,low,366.33,binge watcher
CUST_00905,0.67301172,1,too expensive,retired individual,premium,high,605.26,casual viewer
CUST_00906,0.578970214,1,none,college student,basic,high,230.32,family viewer
CUST_00907,0.885679813,1,too expensive,college student,premium,high,759.98,sports enthusiast
CUST_00908,0.656355995,1,switched to competitor,college student,basic,high,181.15,casual viewer
CUST_00909,0.697909384,1,content not interesting,working professional,standard,high,359.86,sports enthusiast
CUST_00910,0.742666464,1,no time to watch,college student,basic,medium,202.01,family viewer
CUST_00911,0.683236191,1,none,college student,standard,high,381.21,news junkie
CUST_00912,0.83052931,1,too expensive,working professional,premium,medium,629.86,news junkie
CUST_00913,0.730728885,1,none,school student,premium,medium,755.07,family viewer
CUST_00914,0.700657418,1,no time to watch,retired individual,standard,high,441.77,news junkie
CUST_00915,0.72217417,1,switched to competitor,college student,standard,high,370.45,casual viewer
CUST_00916,0.800787195,1,technical issues,working professional,basic,medium,224.83,binge watcher
CUST_00917,0.807932192,1,too expensive,college student,standard,medium,347.01,family viewer
CUST_00918,0.919580169,1,too expensive,retired individual,premium,low,646.63,sports enthusiast
CUST_00919,0.918005358,1,too expensive,retired individual,standard,low,387,sports enthusiast
CUST_00920,0.470223632,0,none,college student,basic,high,205.18,news junkie
CUST_00921,0.880909497,1,none,school student,standard,low,350.26,sports enthusiast
CUST_00922,0.545046519,1,none,college student,basic,high,230.46,sports enthusiast
CUST_00923,0.748095365,1,content not interesting,college student,basic,high,170.55,family viewer
CUST_00924,0.846250049,1,too expensive,college student,basic,high,253.44,binge watcher
CUST_00925,0.74557064,1,too expensive,school student,premium,medium,653.43,casual viewer
CUST_00926,0.870453141,1,content not interesting,college student,standard,high,422.62,family viewer
CUST_00927,0.6634836,1,none,retired individual,standard,high,365.3,binge watcher
CUST_00928,0.737904945,1,too expensive,working professional,premium,medium,716.13,sports enthusiast
CUST_00929,0.790986597,1,too expensive,college student,basic,high,216.66,news junkie
CUST_00930,0.759276665,1,too expensive,retired individual,premium,high,637.26,news junkie
CUST_00931,0.593059684,1,too expensive,retired individual,premium,high,684.16,casual viewer
CUST_00932,0.610888167,1,switched to competitor,school student,basic,high,167.6,sports enthusiast
CUST_00933,0.882622137,1,no time to watch,college student,basic,medium,230.09,news junkie
CUST_00934,0.727792098,1,too expensive,retired individual,premium,low,795.03,casual viewer
CUST_00935,0.564975679,1,too expensive,college student,premium,high,704.03,binge watcher
CUST_00936,0.792997033,1,no time to watch,working professional,basic,low,197.19,news junkie
CUST_00937,0.870584792,1,too expensive,school student,basic,high,199.66,binge watcher
CUST_00938,0.72173472,1,none,retired individual,basic,medium,156.41,family viewer
CUST_00939,0.680925234,1,content not interesting,school student,standard,high,414.24,casual viewer
CUST_00940,0.890123737,1,too expensive,working professional,basic,low,203.96,sports enthusiast
CUST_00941,0.898348129,1,none,working professional,premium,high,771.68,sports enthusiast
CUST_00942,0.772305705,1,switched to competitor,college student,standard,high,363.5,family viewer
CUST_00943,0.823073224,1,too expensive,college student,premium,low,768.33,news junkie
CUST_00944,0.873087705,1,too expensive,college student,premium,high,700.96,news junkie
CUST_00945,0.767506064,1,switched to competitor,college student,standard,high,323.35,news junkie
CUST_00946,0.853378994,1,too expensive,retired individual,premium,medium,777.44,binge watcher
CUST_00947,0.685111764,1,too expensive,college student,premium,high,701.1,sports enthusiast
CUST_00948,0.722084354,1,technical issues,college student,standard,low,379.93,family viewer
CUST_00949,0.752105808,1,switched to competitor,college student,standard,high,417.89,family viewer
CUST_00950,0.86741043,1,too expensive,college student,premium,medium,707.23,news junkie
CUST_00951,0.791629162,1,too expensive,college student,premium,low,726.46,binge watcher
CUST_00952,0.791187791,1,no time to watch,working professional,basic,medium,219.36,family viewer
CUST_00953,0.70434382,1,technical issues,college student,basic,medium,243.86,sports enthusiast
CUST_00954,0.765774687,1,switched to competitor,school student,standard,high,445.91,sports enthusiast
CUST_00955,0.887159795,1,no time to watch,working professional,basic,medium,157.58,binge watcher
CUST_00956,0.842918515,1,none,working professional,standard,high,400.35,binge watcher
CUST_00957,0.783580032,1,technical issues,college student,standard,low,333.55,family viewer
CUST_00958,0.874550096,1,too expensive,retired individual,standard,medium,405.94,sports enthusiast
CUST_00959,0.814261617,1,no time to watch,college student,basic,medium,194.12,binge watcher
CUST_00960,0.859405578,1,too expensive,working professional,standard,high,447.91,binge watcher
CUST_00961,0.808310702,1,no time to watch,college student,basic,high,176.99,binge watcher
CUST_00962,0.713542973,1,none,college student,standard,medium,348.71,sports enthusiast
CUST_00963,0.801554447,1,no time to watch,working professional,basic,medium,188.25,family viewer
CUST_00964,0.882950326,1,too expensive,retired individual,premium,low,622.17,news junkie
CUST_00965,0.903471091,1,too expensive,retired individual,premium,low,711.67,news junkie
CUST_00966,0.935138415,1,too expensive,retired individual,standard,medium,375.67,family viewer
CUST_00967,0.822189421,1,too expensive,working professional,standard,high,402.5,family viewer
CUST_00968,0.847453255,1,switched to competitor,college student,standard,high,356.8,sports enthusiast
CUST_00969,0.83469086,1,none,working professional,basic,medium,217.75,binge watcher
CUST_00970,0.847180436,1,too expensive,working professional,basic,medium,249.87,binge watcher
CUST_00971,0.709797294,1,too expensive,retired individual,premium,low,642.65,news junkie
CUST_00972,0.932849064,1,none,college student,standard,low,387.44,casual viewer
CUST_00973,0.785749697,1,too expensive,retired individual,basic,high,149.9,binge watcher
CUST_00974,0.80513068,1,no time to watch,school student,basic,high,216.45,sports enthusiast
CUST_00975,0.831675792,1,too expensive,college student,standard,high,419,family viewer
CUST_00976,0.893214562,1,technical issues,working professional,standard,medium,398.12,sports enthusiast
CUST_00977,0.882673502,1,no time to watch,working professional,basic,low,190.42,family viewer
CUST_00978,0.772301766,1,too expensive,retired individual,basic,high,208.44,sports enthusiast
CUST_00979,0.81657066,1,none,college student,standard,medium,442.48,binge watcher
CUST_00980,0.874987435,1,too expensive,retired individual,premium,high,774.28,binge watcher
CUST_00981,0.724787813,1,none,college student,premium,medium,710.71,family viewer
CUST_00982,0.720751723,1,too expensive,school student,basic,medium,191.19,sports enthusiast
CUST_00983,0.823491963,1,none,retired individual,standard,low,360.4,casual viewer
CUST_00984,0.701823592,1,too expensive,retired individual,premium,high,789.35,news junkie
CUST_00985,0.759360016,1,none,college student,standard,high,345.47,binge watcher
CUST_00986,0.769456162,1,technical issues,college student,standard,low,363.1,binge watcher
CUST_00987,0.864557352,1,too expensive,retired individual,premium,medium,710.79,news junkie
CUST_00988,0.746731598,1,switched to competitor,college student,standard,high,382.71,family viewer
CUST_00989,0.756269776,1,none,retired individual,standard,high,482.38,sports enthusiast
CUST_00990,0.758488113,1,none,college student,premium,high,741.8,news junkie
CUST_00991,0.749296221,1,too expensive,college student,premium,high,758.31,casual viewer
CUST_00992,0.85995466,1,too expensive,working professional,standard,high,384.1,family viewer
CUST_00993,0.867243578,1,no time to watch,working professional,basic,low,170.22,family viewer
CUST_00994,0.721418108,1,switched to competitor,working professional,basic,high,185.23,news junkie
CUST_00995,0.875088414,1,switched to competitor,working professional,basic,high,176.49,binge watcher
CUST_00996,0.680795858,1,too expensive,school student,standard,high,399.32,family viewer
CUST_00997,0.769273286,1,switched to competitor,working professional,standard,high,447.19,casual viewer
CUST_00998,0.921837225,1,too expensive,working professional,standard,medium,372.1,binge watcher
CUST_00999,0.602750913,1,none,college student,standard,medium,439.55,news junkie
CUST_01000,0.776427367,1,technical issues,college student,standard,medium,383.25,sports enthusiast
CUST_01001,0.812344769,1,too expensive,college student,premium,high,781.93,news junkie
CUST_01002,0.894584233,1,no time to watch,college student,standard,low,388.58,sports enthusiast
CUST_01003,0.883181592,1,technical issues,retired individual,basic,low,189.45,casual viewer
CUST_01004,0.757712079,1,none,college student,premium,high,607.52,casual viewer
CUST_01005,0.858756087,1,switched to competitor,retired individual,standard,high,373.76,casual viewer
CUST_01006,0.665618205,1,none,retired individual,standard,medium,408.72,news junkie
CUST_01007,0.919825325,1,technical issues,retired individual,standard,low,459.31,casual viewer
CUST_01008,0.658045233,1,none,school student,premium,medium,743.08,family viewer
CUST_01009,0.632740334,1,none,working professional,premium,high,772.16,family viewer
CUST_01010,0.827978339,1,technical issues,college student,basic,low,195.5,casual viewer
CUST_01011,0.876645732,1,too expensive,retired individual,standard,low,393.97,sports enthusiast
CUST_01012,0.800194161,1,too expensive,college student,basic,medium,235.6,news junkie
CUST_01013,0.869669688,1,too expensive,working professional,premium,low,635.44,binge watcher
CUST_01014,0.796157636,1,too expensive,college student,premium,low,634.12,news junkie
CUST_01015,0.761368995,1,none,school student,premium,medium,748.46,casual viewer
CUST_01016,0.655721384,1,content not interesting,college student,standard,high,361.63,news junkie
CUST_01017,0.55834481,1,too expensive,college student,premium,high,638.2,sports enthusiast
CUST_01018,0.866807929,1,too expensive,college student,premium,medium,783.26,casual viewer
CUST_01019,0.825132386,1,technical issues,college student,basic,medium,149.79,news junkie
CUST_01020,0.774568177,1,content not interesting,retired individual,standard,high,474.57,sports enthusiast
CUST_01021,0.503507195,1,too expensive,college student,premium,medium,604.33,family viewer
CUST_01022,0.692264938,1,too expensive,college student,premium,high,784.56,news junkie
CUST_01023,0.823716642,1,too expensive,college student,premium,low,647.62,casual viewer
CUST_01024,0.840159405,1,switched to competitor,college student,standard,high,385.49,casual viewer
CUST_01025,0.787636381,1,no time to watch,working professional,basic,high,181.37,sports enthusiast
CUST_01026,0.795828731,1,technical issues,retired individual,standard,low,333.82,binge watcher
CUST_01027,0.656014804,1,switched to competitor,retired individual,standard,high,362.08,binge watcher
CUST_01028,0.647656247,1,content not interesting,working professional,standard,high,378.39,news junkie
CUST_01029,0.773169329,1,too expensive,retired individual,premium,high,690.58,casual viewer
CUST_01030,0.860111641,1,too expensive,college student,premium,medium,645.67,binge watcher
CUST_01031,0.903697543,1,technical issues,retired individual,basic,medium,241.66,family viewer
CUST_01032,0.921800143,1,too expensive,working professional,standard,medium,372.51,news junkie
CUST_01033,0.905577441,1,too expensive,working professional,standard,high,410.54,sports enthusiast
CUST_01034,0.912095318,1,too expensive,working professional,premium,low,717.7,family viewer
CUST_01035,0.73721999,1,too expensive,working professional,premium,high,733.98,sports enthusiast
CUST_01036,0.904359755,1,too expensive,school student,premium,low,686.4,family viewer
CUST_01037,0.789039001,1,too expensive,college student,standard,medium,393.72,family viewer
CUST_01038,0.906766815,1,technical issues,working professional,basic,medium,172.36,family viewer
CUST_01039,0.929290655,1,no time to watch,working professional,standard,low,425.96,family viewer
CUST_01040,0.656398396,1,no time to watch,retired individual,basic,high,194.95,family viewer
CUST_01041,0.749551516,1,switched to competitor,school student,basic,high,169.57,news junkie
CUST_01042,0.870819722,1,none,college student,standard,low,400.96,casual viewer
CUST_01043,0.753991231,1,none,school student,basic,medium,233.24,sports enthusiast
CUST_01044,0.882122236,1,no time to watch,working professional,standard,medium,435.41,casual viewer
CUST_01045,0.632023599,1,none,college student,premium,high,759.09,news junkie
CUST_01046,0.89762906,1,no time to watch,college student,standard,medium,454.98,family viewer
CUST_01047,0.879801148,1,too expensive,school student,standard,medium,363.25,binge watcher
CUST_01048,0.812002733,1,none,college student,standard,low,425.21,binge watcher
CUST_01049,0.827429975,1,no time to watch,retired individual,standard,low,399.08,family viewer
CUST_01050,0.812446406,1,too expensive,college student,standard,high,373.55,sports enthusiast
CUST_01051,0.805319188,1,none,retired individual,premium,medium,697.74,family viewer
CUST_01052,0.685643936,1,technical issues,college student,standard,medium,348.55,sports enthusiast
CUST_01053,0.711775596,1,no time to watch,working professional,standard,high,466.73,casual viewer
CUST_01054,0.91791424,1,none,college student,basic,medium,182.23,sports enthusiast
CUST_01055,0.713733376,1,no time to watch,retired individual,basic,high,201.81,binge watcher
CUST_01056,0.578081987,1,none,school student,basic,medium,214.92,binge watcher
CUST_01057,0.882588873,1,too expensive,retired individual,premium,high,694.11,binge watcher
CUST_01058,0.756018092,1,technical issues,retired individual,standard,low,407.15,binge watcher
CUST_01059,0.820259516,1,no time to watch,working professional,standard,high,461.2,casual viewer
CUST_01060,0.760765303,1,no time to watch,working professional,standard,high,347.15,sports enthusiast
CUST_01061,0.746983165,1,none,retired individual,standard,high,314.05,news junkie
CUST_01062,0.801531421,1,too expensive,college student,premium,low,605.39,casual viewer
CUST_01063,0.667718764,1,none,school student,premium,high,593.05,sports enthusiast
CUST_01064,0.905022175,1,too expensive,college student,basic,high,218.8,family viewer
CUST_01065,0.781617933,1,too expensive,working professional,premium,high,691.1,family viewer
CUST_01066,0.546397268,1,none,college student,standard,high,407.08,family viewer
CUST_01067,0.720046775,1,switched to competitor,school student,basic,high,209.25,sports enthusiast
CUST_01068,0.682842862,1,none,college student,basic,high,237.19,sports enthusiast
CUST_01069,0.913461605,1,no time to watch,college student,standard,low,330.78,binge watcher
CUST_01070,0.796113719,1,too expensive,school student,basic,high,192.8,casual viewer
CUST_01071,0.649018932,1,none,retired individual,premium,high,777,casual viewer
CUST_01072,0.680300576,1,none,retired individual,premium,high,782.07,casual viewer
CUST_01073,0.837073582,1,no time to watch,retired individual,standard,medium,370.37,news junkie
CUST_01074,0.81988928,1,too expensive,college student,premium,low,659.61,family viewer
CUST_01075,0.810717323,1,no time to watch,retired individual,basic,medium,208.67,family viewer
CUST_01076,0.715317788,1,none,college student,premium,high,795,news junkie
CUST_01077,0.810648693,1,none,working professional,premium,medium,700.54,news junkie
CUST_01078,0.782626831,1,none,retired individual,basic,medium,243.73,news junkie
CUST_01079,0.785629753,1,none,working professional,basic,medium,183.6,news junkie
CUST_01080,0.865940563,1,too expensive,college student,premium,medium,703.21,sports enthusiast
CUST_01081,0.800060985,1,none,school student,basic,high,196.21,news junkie
CUST_01082,0.806948478,1,too expensive,working professional,premium,high,616.58,sports enthusiast
CUST_01083,0.858874462,1,technical issues,school student,standard,low,394.43,binge watcher
CUST_01084,0.91007636,1,too expensive,working professional,standard,high,384.21,news junkie
CUST_01085,0.607490387,1,none,working professional,standard,high,377.15,sports enthusiast
CUST_01086,0.703920408,1,none,school student,standard,medium,358.64,news junkie
CUST_01087,0.856447795,1,no time to watch,working professional,basic,high,279.41,casual viewer
CUST_01088,0.735188067,1,none,college student,basic,low,158.24,family viewer
CUST_01089,0.697158456,1,technical issues,college student,standard,medium,454.77,casual viewer
CUST_01090,0.621858007,1,technical issues,college student,basic,medium,216.66,casual viewer
CUST_01091,0.83849849,1,too expensive,working professional,standard,high,406.18,binge watcher
CUST_01092,0.665035364,1,none,college student,basic,medium,157.62,family viewer
CUST_01093,0.902539049,1,too expensive,college student,premium,low,685.69,news junkie
CUST_01094,0.750543492,1,too expensive,college student,premium,medium,766.52,news junkie
CUST_01095,0.719509275,1,too expensive,college student,premium,medium,774.93,binge watcher
CUST_01096,0.826939269,1,too expensive,college student,standard,medium,369.93,casual viewer
CUST_01097,0.853029037,1,switched to competitor,college student,standard,high,441.04,sports enthusiast
CUST_01098,0.650370065,1,none,college student,standard,high,351.46,news junkie
CUST_01099,0.594061993,1,none,school student,basic,high,180.94,news junkie
CUST_01100,0.760679594,1,technical issues,college student,standard,medium,396.14,binge watcher
CUST_01101,0.906516415,1,too expensive,school student,standard,low,432.41,sports enthusiast
CUST_01102,0.6326507,1,none,working professional,basic,high,152.73,news junkie
CUST_01103,0.911555614,1,too expensive,retired individual,basic,high,239.5,sports enthusiast
CUST_01104,0.833211676,1,technical issues,working professional,standard,medium,384.32,family viewer
CUST_01105,0.706997914,1,no time to watch,retired individual,standard,medium,423.67,sports enthusiast
CUST_01106,0.731508537,1,too expensive,working professional,premium,low,779.09,sports enthusiast
CUST_01107,0.867819314,1,too expensive,school student,basic,high,226.89,binge watcher
CUST_01108,0.785337638,1,too expensive,school student,premium,medium,697.31,sports enthusiast
CUST_01109,0.791896383,1,content not interesting,retired individual,basic,high,241.81,news junkie
CUST_01110,0.49620784,0,technical issues,college student,standard,medium,356.04,news junkie
CUST_01111,0.599848872,1,none,retired individual,basic,high,140.46,family viewer
CUST_01112,0.771520391,1,technical issues,school student,standard,low,361.26,sports enthusiast
CUST_01113,0.588088795,1,too expensive,working professional,premium,medium,706.49,casual viewer
CUST_01114,0.522786437,1,none,college student,premium,medium,756.18,family viewer
CUST_01115,0.700614354,1,switched to competitor,retired individual,basic,high,202.06,family viewer
CUST_01116,0.832200138,1,no time to watch,working professional,standard,high,429.67,casual viewer
CUST_01117,0.70026197,1,content not interesting,school student,standard,high,389.12,binge watcher
CUST_01118,0.828001897,1,too expensive,working professional,basic,high,154.71,sports enthusiast
CUST_01119,0.848262586,1,none,retired individual,basic,medium,205.44,casual viewer
CUST_01120,0.738395396,1,none,retired individual,standard,high,427.86,family viewer
CUST_01121,0.755958729,1,no time to watch,school student,standard,medium,405.14,news junkie
CUST_01122,0.664724997,1,none,retired individual,standard,medium,376.82,binge watcher
CUST_01123,0.887574951,1,too expensive,working professional,premium,high,775.11,casual viewer
CUST_01124,0.753353755,1,no time to watch,working professional,basic,high,226.33,sports enthusiast
CUST_01125,0.932325344,1,too expensive,working professional,standard,low,435.07,sports enthusiast
CUST_01126,0.871962738,1,no time to watch,working professional,basic,medium,246.96,news junkie
CUST_01127,0.766905039,1,too expensive,school student,premium,medium,702.08,news junkie
CUST_01128,0.843581473,1,too expensive,retired individual,premium,medium,683.97,binge watcher
CUST_01129,0.625395888,1,switched to competitor,school student,basic,high,177.82,family viewer
CUST_01130,0.732571606,1,none,college student,premium,high,620.95,news junkie
CUST_01131,0.787557364,1,too expensive,college student,premium,medium,681.04,family viewer
CUST_01132,0.805096838,1,none,college student,basic,high,151.02,binge watcher
CUST_01133,0.749347602,1,technical issues,retired individual,standard,medium,380.2,news junkie
CUST_01134,0.625099666,1,switched to competitor,college student,standard,high,421.3,sports enthusiast
CUST_01135,0.729905478,1,technical issues,retired individual,standard,medium,403.07,binge watcher
CUST_01136,0.815659475,1,too expensive,retired individual,premium,medium,726.22,casual viewer
CUST_01137,0.761839978,1,switched to competitor,school student,basic,high,202.22,news junkie
CUST_01138,0.817685135,1,switched to competitor,retired individual,standard,high,419.44,news junkie
CUST_01139,0.750149549,1,technical issues,college student,standard,medium,354.66,binge watcher
CUST_01140,0.839302057,1,technical issues,retired individual,standard,low,367.27,sports enthusiast
CUST_01141,0.832168311,1,technical issues,college student,basic,low,267.21,binge watcher
CUST_01142,0.921996559,1,too expensive,working professional,premium,low,793.59,sports enthusiast
CUST_01143,0.652319029,1,switched to competitor,college student,standard,high,398.65,family viewer
CUST_01144,0.917206637,1,too expensive,college student,premium,low,729.38,news junkie
CUST_01145,0.721057173,1,switched to competitor,working professional,standard,high,336.25,family viewer
CUST_01146,0.864663977,1,too expensive,retired individual,standard,medium,435.55,casual viewer
CUST_01147,0.949690276,1,too expensive,school student,standard,low,351.99,casual viewer
CUST_01148,0.754950443,1,no time to watch,working professional,standard,high,425.3,family viewer
CUST_01149,0.834221313,1,technical issues,retired individual,basic,low,197.36,news junkie
CUST_01150,0.723483481,1,none,retired individual,basic,high,221.52,sports enthusiast
CUST_01151,0.873432229,1,no time to watch,working professional,basic,medium,203,sports enthusiast
CUST_01152,0.899990424,1,too expensive,retired individual,standard,medium,399.36,family viewer
CUST_01153,0.901498398,1,too expensive,working professional,standard,high,379.13,casual viewer
CUST_01154,0.715343692,1,technical issues,college student,basic,medium,213.79,casual viewer
CUST_01155,0.732483866,1,too expensive,college student,standard,high,326.15,sports enthusiast
CUST_01156,0.739267728,1,too expensive,retired individual,premium,medium,713.31,casual viewer
CUST_01157,0.883818453,1,technical issues,retired individual,basic,medium,182.3,casual viewer
CUST_01158,0.864286943,1,too expensive,retired individual,basic,low,190.02,binge watcher
CUST_01159,0.852173124,1,too expensive,retired individual,basic,medium,185.15,sports enthusiast
CUST_01160,0.804358017,1,switched to competitor,retired individual,basic,high,151.01,casual viewer
CUST_01161,0.931684437,1,too expensive,retired individual,standard,medium,392.01,news junkie
CUST_01162,0.867089743,1,content not interesting,school student,basic,high,209.2,family viewer
CUST_01163,0.738524921,1,too expensive,working professional,premium,high,670.1,news junkie
CUST_01164,0.874000205,1,too expensive,retired individual,basic,low,250.86,sports enthusiast
CUST_01165,0.79498423,1,too expensive,college student,basic,medium,156.37,binge watcher
CUST_01166,0.784781951,1,too expensive,retired individual,premium,medium,714.6,sports enthusiast
CUST_01167,0.661526315,1,none,college student,standard,medium,316.96,news junkie
CUST_01168,0.869433668,1,none,working professional,basic,medium,223.83,casual viewer
CUST_01169,0.680091647,1,too expensive,school student,premium,high,738.26,family viewer
CUST_01170,0.868953673,1,too expensive,retired individual,premium,medium,726.52,binge watcher
CUST_01171,0.838115682,1,too expensive,college student,premium,medium,661.39,sports enthusiast
CUST_01172,0.855242008,1,too expensive,retired individual,premium,high,652.04,sports enthusiast
CUST_01173,0.837380923,1,none,college student,premium,high,795.17,binge watcher
CUST_01174,0.763300491,1,switched to competitor,college student,standard,high,366.57,sports enthusiast
CUST_01175,0.908234246,1,too expensive,working professional,standard,high,387.16,casual viewer
CUST_01176,0.880656848,1,none,college student,standard,low,421.4,binge watcher
CUST_01177,0.894479691,1,none,college student,premium,low,747.83,binge watcher
CUST_01178,0.760563531,1,technical issues,working professional,basic,medium,193.7,family viewer
CUST_01179,0.937604552,1,too expensive,working professional,basic,low,201.98,casual viewer
CUST_01180,0.737427755,1,too expensive,retired individual,premium,medium,668.94,news junkie
CUST_01181,0.782873351,1,no time to watch,school student,standard,high,350.15,casual viewer
CUST_01182,0.882734593,1,too expensive,school student,standard,high,422.29,binge watcher
CUST_01183,0.837886285,1,too expensive,college student,premium,high,618.44,binge watcher
CUST_01184,0.79575493,1,none,college student,basic,high,212.45,binge watcher
CUST_01185,0.683771891,1,none,retired individual,standard,high,430.09,binge watcher
CUST_01186,0.868124776,1,too expensive,retired individual,premium,high,709.12,news junkie
CUST_01187,0.88802822,1,too expensive,school student,standard,low,389.01,family viewer
CUST_01188,0.82202658,1,too expensive,working professional,standard,high,356.94,family viewer
CUST_01189,0.666927571,1,technical issues,school student,basic,medium,159.43,news junkie
CUST_01190,0.808627459,1,too expensive,working professional,standard,medium,310.41,news junkie
CUST_01191,0.916008979,1,none,working professional,standard,low,395.64,family viewer
CUST_01192,0.811729358,1,too expensive,working professional,basic,high,168.69,news junkie
CUST_01193,0.939242367,1,too expensive,working professional,basic,medium,242.4,sports enthusiast
CUST_01194,0.942056483,1,too expensive,working professional,premium,low,771.93,sports enthusiast
CUST_01195,0.800861222,1,none,retired individual,basic,medium,210.47,sports enthusiast
CUST_01196,0.806001531,1,too expensive,college student,standard,medium,402.83,casual viewer
CUST_01197,0.78242064,1,none,school student,standard,high,359.76,news junkie
CUST_01198,0.690526896,1,no time to watch,working professional,basic,medium,223.56,sports enthusiast
CUST_01199,0.799918637,1,too expensive,school student,premium,high,781.07,news junkie
CUST_01200,0.745642653,1,none,working professional,premium,high,743.2,news junkie
CUST_01201,0.761960568,1,none,college student,standard,medium,423.06,family viewer
CUST_01202,0.775182923,1,too expensive,retired individual,standard,medium,323.25,family viewer
CUST_01203,0.740219884,1,too expensive,working professional,standard,high,345.66,casual viewer
CUST_01204,0.868674835,1,too expensive,school student,standard,high,403.12,news junkie
CUST_01205,0.837750133,1,too expensive,retired individual,premium,medium,764.14,sports enthusiast
CUST_01206,0.756311205,1,none,school student,standard,high,361.55,family viewer
CUST_01207,0.894096236,1,too expensive,working professional,premium,low,755.21,sports enthusiast
CUST_01208,0.833303899,1,none,college student,premium,medium,720.68,family viewer
CUST_01209,0.894121063,1,too expensive,working professional,premium,low,658.23,binge watcher
CUST_01210,0.667376803,1,switched to competitor,college student,standard,high,392.02,sports enthusiast
CUST_01211,0.854634253,1,too expensive,college student,premium,low,752.16,sports enthusiast
CUST_01212,0.805763397,1,too expensive,working professional,premium,high,688.9,family viewer
CUST_01213,0.670325187,1,technical issues,college student,standard,medium,425.01,news junkie
CUST_01214,0.682097866,1,too expensive,college student,premium,medium,653.87,family viewer
CUST_01215,0.859473027,1,too expensive,college student,standard,medium,358.72,news junkie
CUST_01216,0.626974631,1,switched to competitor,college student,basic,high,198.19,family viewer
CUST_01217,0.79058633,1,too expensive,college student,premium,high,697.38,news junkie
CUST_01218,0.888244299,1,too expensive,retired individual,standard,high,439.02,news junkie
CUST_01219,0.837788064,1,too expensive,college student,standard,medium,400.2,sports enthusiast
CUST_01220,0.884474776,1,no time to watch,working professional,standard,low,449.57,casual viewer
CUST_01221,0.618163049,1,none,retired individual,basic,medium,171.5,sports enthusiast
CUST_01222,0.73935744,1,none,college student,basic,high,170.68,sports enthusiast
CUST_01223,0.816074835,1,none,college student,premium,low,669.93,casual viewer
CUST_01224,0.739995631,1,too expensive,retired individual,premium,medium,684.55,family viewer
CUST_01225,0.752028137,1,too expensive,college student,basic,high,151.96,binge watcher
CUST_01226,0.722510377,1,switched to competitor,working professional,basic,high,183.1,casual viewer
CUST_01227,0.86134823,1,none,retired individual,standard,medium,420.51,sports enthusiast
CUST_01228,0.85269151,1,too expensive,retired individual,premium,high,748.5,casual viewer
CUST_01229,0.748075249,1,switched to competitor,school student,standard,high,420.45,sports enthusiast
CUST_01230,0.764786443,1,too expensive,retired individual,premium,high,790.96,sports enthusiast
CUST_01231,0.848486007,1,none,retired individual,basic,high,212.3,sports enthusiast
CUST_01232,0.77715812,1,too expensive,retired individual,basic,high,169.12,casual viewer
CUST_01233,0.846645759,1,none,working professional,basic,low,196.77,family viewer
CUST_01234,0.829774225,1,none,college student,standard,medium,412.52,sports enthusiast
CUST_01235,0.710285208,1,switched to competitor,college student,standard,high,383.32,family viewer
CUST_01236,0.828286997,1,technical issues,college student,standard,low,370.73,family viewer
CUST_01237,0.697964196,1,none,working professional,basic,high,190.01,casual viewer
CUST_01238,0.785734602,1,too expensive,retired individual,premium,low,696.98,family viewer
CUST_01239,0.778852519,1,no time to watch,working professional,basic,high,217.11,family viewer
CUST_01240,0.593119499,1,none,college student,premium,high,706.11,family viewer
CUST_01241,0.777115446,1,technical issues,college student,standard,low,440.15,binge watcher
CUST_01242,0.659220764,1,switched to competitor,college student,basic,high,190.13,news junkie
CUST_01243,0.679919179,1,no time to watch,working professional,basic,high,211.87,family viewer
CUST_01244,0.745912838,1,no time to watch,college student,basic,low,243.22,sports enthusiast
CUST_01245,0.874591655,1,too expensive,retired individual,standard,high,330.32,casual viewer
CUST_01246,0.68438044,1,too expensive,school student,premium,medium,653.71,sports enthusiast
CUST_01247,0.85195851,1,too expensive,college student,premium,medium,715.25,sports enthusiast
CUST_01248,0.793550264,1,none,college student,premium,high,752.51,family viewer
CUST_01249,0.842154614,1,technical issues,retired individual,standard,medium,351.85,binge watcher
CUST_01250,0.957108335,1,too expensive,working professional,basic,low,186.25,casual viewer
CUST_01251,0.783881688,1,too expensive,retired individual,standard,high,382.34,family viewer
CUST_01252,0.827877888,1,switched to competitor,working professional,standard,high,440,family viewer
CUST_01253,0.841136435,1,too expensive,school student,premium,low,783.32,news junkie
CUST_01254,0.857015961,1,too expensive,working professional,basic,high,148.38,news junkie
CUST_01255,0.863224746,1,too expensive,college student,premium,high,616.51,sports enthusiast
CUST_01256,0.666676138,1,content not interesting,college student,standard,high,396.35,binge watcher
CUST_01257,0.779306426,1,no time to watch,working professional,basic,high,168.78,casual viewer
CUST_01258,0.905648576,1,technical issues,retired individual,standard,low,411.25,binge watcher
CUST_01259,0.686332061,1,too expensive,working professional,premium,high,708.28,casual viewer
CUST_01260,0.866008874,1,technical issues,working professional,standard,low,397.5,casual viewer
CUST_01261,0.689365049,1,none,college student,premium,high,733.4,news junkie
CUST_01262,0.837253519,1,too expensive,retired individual,standard,high,387.79,binge watcher
CUST_01263,0.853311312,1,too expensive,college student,premium,low,698.32,news junkie
CUST_01264,0.697894956,1,no time to watch,college student,standard,medium,373.12,family viewer
CUST_01265,0.859312054,1,too expensive,working professional,basic,high,186.51,casual viewer
CUST_01266,0.799773602,1,switched to competitor,college student,standard,high,391.14,binge watcher
CUST_01267,0.764790757,1,content not interesting,working professional,standard,high,449.14,binge watcher
CUST_01268,0.756377718,1,content not interesting,college student,basic,high,171.68,sports enthusiast
CUST_01269,0.823056823,1,technical issues,college student,standard,medium,344.13,family viewer
CUST_01270,0.889099243,1,no time to watch,working professional,basic,high,223.97,casual viewer
CUST_01271,0.66211457,1,technical issues,college student,standard,medium,381.19,binge watcher
CUST_01272,0.755697223,1,content not interesting,college student,standard,high,342.43,news junkie
CUST_01273,0.659591646,1,switched to competitor,working professional,basic,high,221.75,sports enthusiast
CUST_01274,0.690738126,1,technical issues,college student,standard,medium,433.79,casual viewer
CUST_01275,0.863564974,1,too expensive,retired individual,basic,high,179.12,casual viewer
CUST_01276,0.733829544,1,technical issues,college student,basic,low,165.79,sports enthusiast
CUST_01277,0.758879245,1,no time to watch,school student,standard,medium,418.83,news junkie
CUST_01278,0.835319062,1,switched to competitor,college student,basic,high,196.32,casual viewer
CUST_01279,0.90603955,1,none,college student,basic,medium,187.29,sports enthusiast
CUST_01280,0.692487791,1,none,college student,standard,high,387.57,sports enthusiast
CUST_01281,0.895176209,1,too expensive,retired individual,standard,low,426.63,binge watcher
CUST_01282,0.642150995,1,switched to competitor,school student,basic,high,184.52,family viewer
CUST_01283,0.814825618,1,none,college student,premium,high,673.55,news junkie
CUST_01284,0.782288616,1,none,school student,basic,high,222.38,binge watcher
CUST_01285,0.94264826,1,none,working professional,standard,low,347.13,sports enthusiast
CUST_01286,0.669616583,1,too expensive,retired individual,premium,low,753.17,sports enthusiast
CUST_01287,0.741655799,1,too expensive,retired individual,premium,low,717.09,sports enthusiast
CUST_01288,0.828113153,1,none,college student,standard,high,447.6,binge watcher
CUST_01289,0.825361133,1,technical issues,college student,standard,low,431.89,news junkie
CUST_01290,0.798664851,1,no time to watch,college student,basic,high,191.77,binge watcher
CUST_01291,0.851726594,1,too expensive,retired individual,premium,medium,691.47,news junkie
CUST_01292,0.735919075,1,technical issues,college student,standard,medium,378.61,news junkie
CUST_01293,0.871648746,1,too expensive,working professional,standard,medium,433.09,news junkie
CUST_01294,0.827736026,1,too expensive,college student,standard,medium,385.66,casual viewer
CUST_01295,0.760791219,1,none,working professional,standard,high,434.01,family viewer
CUST_01296,0.778218155,1,no time to watch,retired individual,standard,low,388.17,news junkie
CUST_01297,0.606548315,1,none,working professional,premium,high,628.82,casual viewer
CUST_01298,0.834615195,1,content not interesting,working professional,basic,high,187.45,binge watcher
CUST_01299,0.745971931,1,none,working professional,premium,low,669.87,binge watcher
CUST_01300,0.731057563,1,no time to watch,college student,basic,high,184.39,binge watcher
CUST_01301,0.78858076,1,none,college student,premium,high,765.87,casual viewer
CUST_01302,0.749857638,1,technical issues,retired individual,basic,medium,220.55,casual viewer
CUST_01303,0.766430468,1,technical issues,college student,basic,medium,208.32,binge watcher
CUST_01304,0.813891882,1,technical issues,college student,standard,low,412.39,family viewer
CUST_01305,0.814347813,1,none,working professional,premium,high,636.25,binge watcher
CUST_01306,0.709909399,1,no time to watch,retired individual,standard,high,339.04,news junkie
CUST_01307,0.884627422,1,too expensive,retired individual,standard,medium,347.02,casual viewer
CUST_01308,0.914246182,1,too expensive,retired individual,premium,low,666.31,news junkie
CUST_01309,0.759047175,1,switched to competitor,college student,standard,high,490.33,sports enthusiast
CUST_01310,0.819642489,1,technical issues,college student,basic,medium,182.04,binge watcher
CUST_01311,0.824085524,1,too expensive,college student,standard,high,413.78,family viewer
CUST_01312,0.791031171,1,no time to watch,retired individual,standard,medium,383.36,family viewer
CUST_01313,0.832382744,1,no time to watch,working professional,standard,medium,410.64,news junkie
CUST_01314,0.756702758,1,too expensive,working professional,premium,low,719.95,news junkie
CUST_01315,0.885955408,1,too expensive,retired individual,premium,medium,696,news junkie
CUST_01316,0.824800491,1,none,working professional,standard,high,434.55,casual viewer
CUST_01317,0.712095858,1,none,working professional,standard,high,382.79,casual viewer
CUST_01318,0.880318255,1,too expensive,working professional,basic,medium,213.47,binge watcher
CUST_01319,0.722863995,1,switched to competitor,college student,basic,high,253.12,news junkie
CUST_01320,0.785810129,1,too expensive,college student,premium,low,629.47,sports enthusiast
CUST_01321,0.877800661,1,too expensive,college student,premium,high,703.15,casual viewer
CUST_01322,0.693179025,1,technical issues,retired individual,basic,medium,178.44,sports enthusiast
CUST_01323,0.832485454,1,too expensive,college student,standard,medium,349.11,binge watcher
CUST_01324,0.852468761,1,no time to watch,retired individual,standard,high,407.47,news junkie
CUST_01325,0.801383411,1,none,college student,premium,high,670.45,casual viewer
CUST_01326,0.801664119,1,switched to competitor,college student,standard,high,398.49,news junkie
CUST_01327,0.854922298,1,too expensive,college student,premium,medium,720.92,news junkie
CUST_01328,0.817864986,1,too expensive,working professional,premium,medium,619.46,binge watcher
CUST_01329,0.82451045,1,too expensive,retired individual,standard,low,390.69,news junkie
CUST_01330,0.908093581,1,no time to watch,working professional,premium,low,598.69,casual viewer
CUST_01331,0.71058228,1,technical issues,college student,standard,medium,396.77,binge watcher
CUST_01332,0.874184952,1,too expensive,working professional,basic,high,184.89,binge watcher
CUST_01333,0.683128676,1,none,school student,premium,high,622.35,news junkie
CUST_01334,0.808803112,1,too expensive,college student,premium,low,618.93,binge watcher
CUST_01335,0.77367281,1,none,working professional,premium,high,669,family viewer
CUST_01336,0.904887607,1,too expensive,working professional,basic,low,235.74,family viewer
CUST_01337,0.788607471,1,none,college student,basic,low,188.27,binge watcher
CUST_01338,0.651469541,1,switched to competitor,college student,basic,high,198.51,sports enthusiast
CUST_01339,0.802265318,1,none,working professional,standard,low,399.56,sports enthusiast
CUST_01340,0.856853628,1,too expensive,college student,standard,medium,398.05,binge watcher
CUST_01341,0.799768919,1,none,retired individual,standard,high,345.91,casual viewer
CUST_01342,0.813935157,1,too expensive,working professional,standard,high,459.66,news junkie
CUST_01343,0.808289912,1,technical issues,school student,standard,low,349.1,casual viewer
CUST_01344,0.692553516,1,switched to competitor,college student,basic,high,192.79,sports enthusiast
CUST_01345,0.673256191,1,none,working professional,premium,high,607.04,family viewer
CUST_01346,0.90111016,1,too expensive,working professional,premium,high,694.56,sports enthusiast
CUST_01347,0.81770595,1,too expensive,college student,premium,medium,772.48,news junkie
CUST_01348,0.855792112,1,none,college student,premium,medium,699.52,family viewer
CUST_01349,0.655852279,1,no time to watch,college student,basic,high,198.78,news junkie
CUST_01350,0.711834185,1,none,retired individual,standard,high,346.15,casual viewer
CUST_01351,0.84062436,1,too expensive,college student,premium,medium,735.65,casual viewer
CUST_01352,0.740089743,1,too expensive,working professional,premium,medium,707.58,sports enthusiast
CUST_01353,0.724379423,1,too expensive,college student,standard,high,393.81,sports enthusiast
CUST_01354,0.826170124,1,none,college student,premium,low,729.3,sports enthusiast
CUST_01355,0.893330064,1,too expensive,college student,standard,medium,434.95,casual viewer
CUST_01356,0.713275945,1,too expensive,college student,premium,high,706.13,family viewer
CUST_01357,0.598786931,1,none,working professional,basic,high,260.35,family viewer
CUST_01358,0.756854437,1,no time to watch,working professional,standard,medium,424.09,sports enthusiast
CUST_01359,0.663566518,1,too expensive,retired individual,premium,high,639,sports enthusiast
CUST_01360,0.764708784,1,none,school student,basic,medium,183.05,casual viewer
CUST_01361,0.906090885,1,too expensive,college student,premium,low,763.16,sports enthusiast
CUST_01362,0.640705151,1,technical issues,retired individual,standard,medium,439.63,family viewer
CUST_01363,0.735697994,1,too expensive,retired individual,premium,medium,641.12,casual viewer
CUST_01364,0.65014159,1,none,retired individual,premium,high,784.02,binge watcher
CUST_01365,0.639359436,1,too expensive,college student,premium,high,755.31,binge watcher
CUST_01366,0.766557949,1,content not interesting,college student,basic,high,223.39,sports enthusiast
CUST_01367,0.860280775,1,technical issues,retired individual,basic,low,215.45,binge watcher
CUST_01368,0.890355907,1,none,working professional,standard,low,379.93,family viewer
CUST_01369,0.738024434,1,none,retired individual,standard,high,362.52,binge watcher
CUST_01370,0.712321708,1,switched to competitor,school student,basic,high,201.71,news junkie
CUST_01371,0.72671757,1,technical issues,college student,standard,medium,333.94,sports enthusiast
CUST_01372,0.7568091,1,too expensive,college student,premium,medium,622.93,casual viewer
CUST_01373,0.834773937,1,too expensive,college student,premium,high,628.67,sports enthusiast
CUST_01374,0.743520213,1,technical issues,school student,standard,low,473.11,sports enthusiast
CUST_01375,0.621979449,1,switched to competitor,college student,basic,high,205.35,family viewer
CUST_01376,0.818136009,1,no time to watch,working professional,standard,low,346.77,news junkie
CUST_01377,0.859283151,1,technical issues,college student,standard,medium,361.98,casual viewer
CUST_01378,0.864767603,1,too expensive,working professional,basic,high,187.82,binge watcher
CUST_01379,0.793970206,1,too expensive,retired individual,premium,low,721.47,casual viewer
CUST_01380,0.695640423,1,none,working professional,standard,high,406.27,sports enthusiast
CUST_01381,0.819785148,1,no time to watch,working professional,standard,high,413.29,news junkie
CUST_01382,0.873488502,1,too expensive,school student,basic,medium,243.17,binge watcher
CUST_01383,0.78778707,1,no time to watch,working professional,basic,high,208.99,sports enthusiast
CUST_01384,0.786488937,1,too expensive,working professional,basic,high,200.35,news junkie
CUST_01385,0.773620835,1,technical issues,retired individual,standard,medium,338.65,sports enthusiast
CUST_01386,0.908339509,1,too expensive,college student,premium,high,760.46,family viewer
CUST_01387,0.784447661,1,technical issues,school student,standard,medium,374.48,sports enthusiast
CUST_01388,0.907675164,1,too expensive,college student,premium,medium,775.31,casual viewer
CUST_01389,0.92778893,1,too expensive,working professional,standard,low,374.33,family viewer
CUST_01390,0.689533126,1,no time to watch,working professional,basic,high,195.25,news junkie
CUST_01391,0.775986772,1,too expensive,school student,premium,high,600.82,binge watcher
CUST_01392,0.690753563,1,technical issues,college student,standard,medium,406.18,casual viewer
CUST_01393,0.884047077,1,too expensive,college student,premium,low,685.1,news junkie
CUST_01394,0.908140207,1,none,college student,standard,low,357.18,news junkie
CUST_01395,0.72439107,1,no time to watch,working professional,standard,high,445.4,family viewer
CUST_01396,0.788320114,1,too expensive,school student,premium,medium,706.62,news junkie
CUST_01397,0.614432263,1,none,college student,standard,high,410.7,binge watcher
CUST_01398,0.846758309,1,too expensive,college student,premium,high,716.29,family viewer
CUST_01399,0.715984969,1,none,college student,basic,high,244.7,sports enthusiast
CUST_01400,0.798387039,1,too expensive,college student,premium,medium,632.84,sports enthusiast
CUST_01401,0.638328646,1,technical issues,retired individual,basic,medium,179.31,news junkie
CUST_01402,0.559954859,1,none,college student,premium,medium,685.06,news junkie
CUST_01403,0.506980039,1,switched to competitor,college student,standard,high,404.93,family viewer
CUST_01404,0.551954487,1,switched to competitor,college student,standard,high,385.42,news junkie
CUST_01405,0.680534986,1,switched to competitor,college student,standard,high,328.77,family viewer
CUST_01406,0.584921055,1,no time to watch,college student,standard,high,401.94,casual viewer
CUST_01407,0.800909307,1,too expensive,retired individual,premium,medium,710.48,news junkie
CUST_01408,0.832896622,1,no time to watch,college student,standard,medium,435.27,news junkie
CUST_01409,0.901168524,1,too expensive,school student,basic,high,214.47,casual viewer
CUST_01410,0.735999029,1,too expensive,college student,basic,high,189.39,sports enthusiast
CUST_01411,0.76848607,1,technical issues,college student,standard,medium,355.28,casual viewer
CUST_01412,0.84022067,1,too expensive,college student,premium,high,643.85,binge watcher
CUST_01413,0.79239916,1,too expensive,school student,premium,medium,696.38,news junkie
CUST_01414,0.757948329,1,no time to watch,college student,standard,low,341.33,news junkie
CUST_01415,0.843664355,1,too expensive,college student,basic,high,180.11,binge watcher
CUST_01416,0.707425133,1,content not interesting,school student,standard,high,346.79,sports enthusiast
CUST_01417,0.748671872,1,technical issues,college student,standard,medium,415.72,sports enthusiast
CUST_01418,0.883760976,1,too expensive,working professional,basic,high,138.53,family viewer
CUST_01419,0.816416576,1,none,retired individual,basic,medium,212.34,family viewer
CUST_01420,0.841628666,1,too expensive,working professional,premium,medium,775.37,news junkie
CUST_01421,0.738551996,1,too expensive,college student,basic,high,143.65,casual viewer
CUST_01422,0.851625663,1,too expensive,retired individual,premium,high,630.05,news junkie
CUST_01423,0.807560331,1,too expensive,college student,premium,low,603.06,binge watcher
CUST_01424,0.882935827,1,too expensive,retired individual,standard,high,415.81,news junkie
CUST_01425,0.749423842,1,technical issues,college student,basic,medium,129.53,family viewer
CUST_01426,0.708321023,1,none,school student,premium,high,731.53,sports enthusiast
CUST_01427,0.909099467,1,too expensive,school student,standard,low,348.02,sports enthusiast
CUST_01428,0.847042212,1,technical issues,college student,basic,low,228,casual viewer
CUST_01429,0.661749564,1,too expensive,college student,premium,high,710.34,news junkie
CUST_01430,0.811886199,1,none,college student,basic,medium,143.89,binge watcher
CUST_01431,0.819355848,1,none,retired individual,premium,high,783.1,casual viewer
CUST_01432,0.8174175,1,switched to competitor,college student,standard,high,463.29,family viewer
CUST_01433,0.837152683,1,technical issues,retired individual,standard,medium,428.24,news junkie
CUST_01434,0.688596945,1,none,college student,basic,high,189.47,sports enthusiast
CUST_01435,0.898564505,1,too expensive,college student,standard,medium,382.77,news junkie
CUST_01436,0.806864861,1,too expensive,college student,premium,high,702.89,binge watcher
CUST_01437,0.839728323,1,too expensive,working professional,premium,high,790.65,casual viewer
CUST_01438,0.736806027,1,content not interesting,retired individual,standard,high,453.69,binge watcher
CUST_01439,0.747816677,1,too expensive,working professional,premium,high,744.05,family viewer
CUST_01440,0.65659345,1,too expensive,retired individual,premium,high,712.84,sports enthusiast
CUST_01441,0.714206506,1,no time to watch,college student,standard,high,375.09,casual viewer
CUST_01442,0.892908564,1,too expensive,college student,basic,low,180.28,news junkie
CUST_01443,0.777618103,1,technical issues,college student,basic,low,222.64,binge watcher
CUST_01444,0.756405418,1,too expensive,school student,basic,medium,155.4,binge watcher
CUST_01445,0.919948834,1,too expensive,college student,premium,low,701.15,binge watcher
CUST_01446,0.909122441,1,no time to watch,working professional,basic,medium,222.41,casual viewer
CUST_01447,0.745871223,1,content not interesting,college student,basic,high,181.26,news junkie
CUST_01448,0.646818969,1,none,college student,standard,high,435.15,binge watcher
CUST_01449,0.715593533,1,technical issues,college student,basic,medium,216.14,news junkie
CUST_01450,0.626770126,1,none,college student,basic,high,173.98,binge watcher
CUST_01451,0.587175093,1,switched to competitor,retired individual,basic,high,205.44,binge watcher
CUST_01452,0.843844487,1,technical issues,college student,basic,medium,209.29,casual viewer
CUST_01453,0.630376529,1,switched to competitor,college student,basic,high,195.89,news junkie
CUST_01454,0.866216366,1,too expensive,retired individual,basic,high,216.65,casual viewer
CUST_01455,0.838644545,1,technical issues,working professional,basic,medium,197.9,news junkie
CUST_01456,0.926020708,1,none,working professional,basic,low,189.57,sports enthusiast
CUST_01457,0.796477824,1,too expensive,retired individual,premium,high,620.7,sports enthusiast
CUST_01458,0.855050674,1,too expensive,college student,premium,high,799.45,binge watcher
CUST_01459,0.868627256,1,too expensive,college student,premium,medium,616.36,binge watcher
CUST_01460,0.84938032,1,technical issues,school student,basic,low,206.59,sports enthusiast
CUST_01461,0.833322112,1,technical issues,working professional,standard,medium,399.45,binge watcher
CUST_01462,0.813828553,1,content not interesting,working professional,basic,high,226.16,casual viewer
CUST_01463,0.78417731,1,none,college student,basic,medium,203.48,binge watcher
CUST_01464,0.838016932,1,technical issues,college student,basic,medium,176.4,family viewer
CUST_01465,0.81831087,1,no time to watch,working professional,standard,high,458.4,casual viewer
CUST_01466,0.834514833,1,content not interesting,retired individual,basic,high,195.45,casual viewer
CUST_01467,0.762846701,1,switched to competitor,college student,standard,high,435.67,sports enthusiast
CUST_01468,0.555132228,1,no time to watch,college student,basic,high,222.18,binge watcher
CUST_01469,0.850225674,1,too expensive,college student,premium,low,704.86,casual viewer
CUST_01470,0.851576978,1,technical issues,retired individual,standard,low,440.99,news junkie
CUST_01471,0.800149133,1,no time to watch,working professional,standard,medium,381.94,casual viewer
CUST_01472,0.857613401,1,technical issues,retired individual,basic,medium,196.58,sports enthusiast
CUST_01473,0.797094045,1,too expensive,working professional,premium,medium,773.72,news junkie
CUST_01474,0.811134717,1,too expensive,college student,standard,high,441.6,casual viewer
CUST_01475,0.739384627,1,too expensive,working professional,premium,high,724.91,binge watcher
CUST_01476,0.628648307,1,none,working professional,premium,high,630.4,binge watcher
CUST_01477,0.754016195,1,too expensive,college student,premium,high,764.68,sports enthusiast
CUST_01478,0.926722107,1,too expensive,college student,basic,low,194.82,binge watcher
CUST_01479,0.867163562,1,no time to watch,working professional,standard,medium,359.28,casual viewer
CUST_01480,0.8474605,1,too expensive,school student,premium,high,720.44,news junkie
CUST_01481,0.881864538,1,none,retired individual,premium,medium,760.28,news junkie
CUST_01482,0.8296881,1,too expensive,college student,premium,high,606.38,news junkie
CUST_01483,0.801708858,1,too expensive,retired individual,premium,low,617.36,binge watcher
CUST_01484,0.836654211,1,no time to watch,working professional,basic,low,216.03,news junkie
CUST_01485,0.867779867,1,technical issues,college student,standard,low,430.16,casual viewer
CUST_01486,0.729635239,1,switched to competitor,college student,basic,high,186.92,casual viewer
CUST_01487,0.882848653,1,no time to watch,working professional,basic,low,154.29,family viewer
CUST_01488,0.808298153,1,too expensive,retired individual,premium,medium,714.61,binge watcher
CUST_01489,0.70662143,1,none,working professional,premium,high,635.98,casual viewer
CUST_01490,0.629213578,1,too expensive,college student,premium,medium,664.16,news junkie
CUST_01491,0.932416569,1,too expensive,retired individual,standard,low,407.07,family viewer
CUST_01492,0.788117024,1,switched to competitor,retired individual,basic,high,219.1,sports enthusiast
CUST_01493,0.803682417,1,none,working professional,standard,high,424.25,binge watcher
CUST_01494,0.908151209,1,too expensive,school student,premium,medium,665.52,binge watcher
CUST_01495,0.727942298,1,too expensive,college student,premium,low,781.02,sports enthusiast
CUST_01496,0.771906756,1,none,college student,premium,medium,783.39,casual viewer
CUST_01497,0.81350062,1,switched to competitor,college student,standard,high,431.16,news junkie
CUST_01498,0.926042522,1,too expensive,college student,basic,medium,182.8,binge watcher
CUST_01499,0.794605244,1,too expensive,college student,premium,high,668.2,sports enthusiast
CUST_01500,0.788905138,1,none,college student,standard,high,381.3,casual viewer
CUST_01501,0.878602035,1,too expensive,college student,basic,high,195.75,binge watcher
CUST_01502,0.856335346,1,too expensive,working professional,basic,high,144.93,family viewer
CUST_01503,0.779156632,1,too expensive,school student,premium,medium,688.24,binge watcher
CUST_01504,0.89605792,1,too expensive,working professional,basic,high,217.44,binge watcher
CUST_01505,0.80619118,1,switched to competitor,college student,basic,high,171.2,casual viewer
CUST_01506,0.74189565,1,too expensive,college student,premium,medium,776.59,news junkie
CUST_01507,0.769221348,1,none,working professional,premium,high,613.19,sports enthusiast
CUST_01508,0.6764402,1,none,college student,basic,high,182.05,casual viewer
CUST_01509,0.82409025,1,none,college student,standard,medium,413.53,news junkie
CUST_01510,0.736247862,1,none,working professional,standard,high,366.44,binge watcher
CUST_01511,0.818092368,1,too expensive,college student,basic,low,212.91,casual viewer
CUST_01512,0.739289243,1,switched to competitor,retired individual,standard,high,362.87,sports enthusiast
CUST_01513,0.849787046,1,too expensive,retired individual,standard,high,484.29,binge watcher
CUST_01514,0.763881152,1,none,college student,standard,high,408.66,news junkie
CUST_01515,0.734499432,1,technical issues,college student,standard,medium,376.36,news junkie
CUST_01516,0.600231299,1,none,retired individual,standard,high,410.44,sports enthusiast
CUST_01517,0.783721762,1,switched to competitor,college student,standard,high,379.37,casual viewer
CUST_01518,0.824655603,1,switched to competitor,retired individual,basic,high,189.11,sports enthusiast
CUST_01519,0.833422916,1,too expensive,working professional,basic,medium,217.36,casual viewer
CUST_01520,0.695865714,1,technical issues,retired individual,basic,medium,254.46,sports enthusiast
CUST_01521,0.782912529,1,too expensive,college student,basic,high,202.99,news junkie
CUST_01522,0.747995028,1,no time to watch,working professional,basic,high,198.81,binge watcher
CUST_01523,0.853631127,1,none,retired individual,standard,high,420.77,family viewer
CUST_01524,0.940080893,1,too expensive,college student,premium,low,641.15,casual viewer
CUST_01525,0.857190135,1,none,college student,basic,high,183.41,family viewer
CUST_01526,0.766672622,1,too expensive,retired individual,premium,medium,678.07,news junkie
CUST_01527,0.915885682,1,too expensive,retired individual,basic,low,224.26,sports enthusiast
CUST_01528,0.915020556,1,technical issues,college student,basic,low,226.35,sports enthusiast
CUST_01529,0.808121587,1,none,retired individual,basic,medium,200.76,family viewer
CUST_01530,0.807543703,1,switched to competitor,working professional,standard,high,358.52,binge watcher
CUST_01531,0.615025038,1,switched to competitor,college student,basic,high,178.16,news junkie
CUST_01532,0.868316223,1,none,retired individual,basic,medium,200.49,casual viewer
CUST_01533,0.829659534,1,technical issues,retired individual,standard,medium,445.72,family viewer
CUST_01534,0.82402075,1,content not interesting,college student,basic,high,170.56,casual viewer
CUST_01535,0.793731969,1,too expensive,college student,premium,medium,669.58,news junkie
CUST_01536,0.800953725,1,too expensive,college student,premium,high,743.83,news junkie
CUST_01537,0.888778531,1,too expensive,school student,basic,medium,194.1,family viewer
CUST_01538,0.838277138,1,too expensive,retired individual,basic,high,178.58,binge watcher
CUST_01539,0.66103321,1,too expensive,school student,premium,high,753.93,news junkie
CUST_01540,0.845444919,1,too expensive,working professional,premium,medium,623.89,family viewer
CUST_01541,0.907844723,1,too expensive,school student,standard,low,332.67,news junkie
CUST_01542,0.871347658,1,too expensive,working professional,premium,low,675.01,family viewer
CUST_01543,0.732951478,1,none,school student,basic,medium,186.58,family viewer
CUST_01544,0.80205608,1,no time to watch,working professional,standard,high,473.19,binge watcher
CUST_01545,0.786479054,1,technical issues,college student,standard,medium,350.97,news junkie
CUST_01546,0.905679734,1,too expensive,retired individual,basic,medium,245.01,sports enthusiast
CUST_01547,0.742710504,1,none,retired individual,premium,high,761.57,family viewer
CUST_01548,0.708174584,1,too expensive,retired individual,premium,high,605.63,binge watcher
CUST_01549,0.655010797,1,none,working professional,standard,medium,392.62,family viewer
CUST_01550,0.859056691,1,too expensive,college student,basic,high,241.54,family viewer
CUST_01551,0.762953759,1,too expensive,college student,premium,medium,643.45,sports enthusiast
CUST_01552,0.79840354,1,none,college student,standard,high,332.98,casual viewer
CUST_01553,0.802987651,1,technical issues,college student,standard,medium,432.9,sports enthusiast
CUST_01554,0.819267461,1,switched to competitor,retired individual,basic,high,200.29,news junkie
CUST_01555,0.775687064,1,none,working professional,standard,high,399.64,binge watcher
CUST_01556,0.724280847,1,technical issues,college student,basic,medium,214.6,sports enthusiast
CUST_01557,0.940072706,1,too expensive,working professional,standard,medium,423.24,casual viewer
CUST_01558,0.783117612,1,too expensive,retired individual,premium,low,727.18,family viewer
CUST_01559,0.821919186,1,too expensive,college student,premium,low,783.66,news junkie
CUST_01560,0.730256882,1,switched to competitor,retired individual,standard,high,420.68,family viewer
CUST_01561,0.842643478,1,too expensive,retired individual,premium,high,616.58,family viewer
CUST_01562,0.688765767,1,too expensive,college student,basic,high,208.29,family viewer
CUST_01563,0.622060758,1,too expensive,working professional,premium,high,629.54,sports enthusiast
CUST_01564,0.874905367,1,too expensive,college student,standard,medium,365.26,sports enthusiast
CUST_01565,0.773039989,1,technical issues,retired individual,basic,low,235.86,sports enthusiast
CUST_01566,0.739618416,1,technical issues,college student,standard,medium,475.65,casual viewer
CUST_01567,0.929191747,1,too expensive,working professional,basic,high,239.01,binge watcher
CUST_01568,0.803608042,1,too expensive,school student,premium,medium,768.82,news junkie
CUST_01569,0.752987029,1,too expensive,school student,premium,low,670.86,casual viewer
CUST_01570,0.821449739,1,too expensive,retired individual,standard,high,378.98,binge watcher
CUST_01571,0.71883772,1,too expensive,retired individual,premium,high,694.15,binge watcher
CUST_01572,0.872059482,1,technical issues,school student,basic,low,210.66,binge watcher
CUST_01573,0.874994986,1,no time to watch,retired individual,basic,low,224.34,news junkie
CUST_01574,0.881475677,1,too expensive,retired individual,basic,low,192.25,casual viewer
CUST_01575,0.593003013,1,switched to competitor,college student,standard,high,439.57,sports enthusiast
CUST_01576,0.752957615,1,switched to competitor,college student,standard,high,328.42,sports enthusiast
CUST_01577,0.861046494,1,none,college student,basic,medium,179.43,sports enthusiast
CUST_01578,0.835896472,1,technical issues,working professional,basic,medium,189.54,news junkie
CUST_01579,0.909685785,1,none,working professional,standard,low,437.23,family viewer
CUST_01580,0.860069944,1,too expensive,school student,premium,high,642.88,binge watcher
CUST_01581,0.834790392,1,too expensive,school student,premium,medium,621.37,casual viewer
CUST_01582,0.718926565,1,switched to competitor,retired individual,standard,high,466.1,news junkie
CUST_01583,0.717157028,1,none,college student,premium,high,643.1,news junkie
CUST_01584,0.862293443,1,too expensive,college student,standard,high,452.31,sports enthusiast
CUST_01585,0.825682513,1,none,school student,standard,high,387.29,binge watcher
CUST_01586,0.778887428,1,none,college student,basic,medium,212.19,sports enthusiast
CUST_01587,0.750855058,1,none,college student,standard,low,451.27,news junkie
CUST_01588,0.541166699,1,none,working professional,basic,high,189.27,sports enthusiast
CUST_01589,0.595135591,1,none,retired individual,standard,medium,417.52,news junkie
CUST_01590,0.895569834,1,too expensive,working professional,premium,medium,790.32,binge watcher
CUST_01591,0.82824899,1,too expensive,school student,standard,high,401.77,binge watcher
CUST_01592,0.908975758,1,too expensive,college student,standard,low,396.44,news junkie
CUST_01593,0.676508889,1,none,working professional,premium,high,659.96,sports enthusiast
CUST_01594,0.884765102,1,too expensive,working professional,premium,medium,777.85,family viewer
CUST_01595,0.775356442,1,switched to competitor,working professional,basic,high,176.9,casual viewer
CUST_01596,0.727419473,1,switched to competitor,retired individual,standard,high,408.27,casual viewer
CUST_01597,0.863195457,1,too expensive,working professional,premium,low,786.67,sports enthusiast
CUST_01598,0.641029552,1,switched to competitor,retired individual,basic,high,170.64,binge watcher
CUST_01599,0.91358974,1,too expensive,college student,standard,low,424.47,family viewer
CUST_01600,0.833829977,1,no time to watch,school student,standard,high,490.07,sports enthusiast
CUST_01601,0.820110211,1,technical issues,college student,basic,low,259.21,family viewer
CUST_01602,0.83523388,1,too expensive,school student,standard,medium,404.89,sports enthusiast
CUST_01603,0.839026817,1,none,working professional,premium,high,609.08,casual viewer
CUST_01604,0.787361746,1,too expensive,college student,premium,high,762.62,binge watcher
CUST_01605,0.801380153,1,no time to watch,working professional,standard,low,355.38,family viewer
CUST_01606,0.837774709,1,too expensive,college student,basic,medium,208.53,binge watcher
CUST_01607,0.904304921,1,none,working professional,basic,high,213.75,family viewer
CUST_01608,0.882026093,1,switched to competitor,college student,standard,high,467.9,binge watcher
CUST_01609,0.861591066,1,too expensive,working professional,basic,high,243.03,news junkie
CUST_01610,0.617989193,1,none,retired individual,basic,high,167.69,binge watcher
CUST_01611,0.899000304,1,too expensive,working professional,premium,medium,764.24,sports enthusiast
CUST_01612,0.697124189,1,no time to watch,working professional,basic,high,244.06,family viewer
CUST_01613,0.822369426,1,too expensive,college student,premium,low,696.07,family viewer
CUST_01614,0.822876889,1,too expensive,college student,standard,high,366.4,binge watcher
CUST_01615,0.695857906,1,switched to competitor,college student,standard,high,441.88,news junkie
CUST_01616,0.7374507,1,none,retired individual,premium,high,717.69,family viewer
CUST_01617,0.82201716,1,too expensive,retired individual,basic,high,184.36,sports enthusiast
CUST_01618,0.845206215,1,too expensive,retired individual,premium,high,620.44,news junkie
CUST_01619,0.682356215,1,technical issues,working professional,standard,medium,350.31,news junkie
CUST_01620,0.868179882,1,content not interesting,working professional,basic,high,160.24,news junkie
CUST_01621,0.821455724,1,technical issues,college student,standard,medium,452.25,family viewer
CUST_01622,0.63718396,1,content not interesting,college student,premium,high,598.91,news junkie
CUST_01623,0.748050251,1,too expensive,college student,premium,high,639.03,news junkie
CUST_01624,0.883762548,1,too expensive,working professional,standard,high,363.64,family viewer
CUST_01625,0.584837425,1,none,college student,standard,medium,391.95,family viewer
CUST_01626,0.836267385,1,too expensive,working professional,standard,medium,347.78,family viewer
CUST_01627,0.763799407,1,none,retired individual,standard,medium,467.83,binge watcher
CUST_01628,0.909337825,1,too expensive,college student,standard,high,467.53,binge watcher
CUST_01629,0.564444571,1,content not interesting,college student,basic,high,141.44,binge watcher
CUST_01630,0.828067344,1,technical issues,retired individual,basic,medium,220.09,sports enthusiast
CUST_01631,0.731714975,1,too expensive,working professional,premium,high,707.02,family viewer
CUST_01632,0.778900818,1,technical issues,college student,standard,medium,451.48,casual viewer
CUST_01633,0.946811606,1,too expensive,retired individual,standard,low,381.48,news junkie
CUST_01634,0.887613237,1,too expensive,college student,standard,medium,432.99,casual viewer
CUST_01635,0.88352701,1,none,retired individual,premium,medium,648.89,sports enthusiast
CUST_01636,0.729632705,1,none,working professional,premium,low,674.75,sports enthusiast
CUST_01637,0.798125736,1,too expensive,working professional,premium,medium,719.57,family viewer
CUST_01638,0.856271846,1,too expensive,working professional,premium,medium,750.41,news junkie
CUST_01639,0.670214121,1,switched to competitor,school student,standard,high,402.34,sports enthusiast
CUST_01640,0.818056031,1,none,school student,standard,high,434.43,casual viewer
CUST_01641,0.805476475,1,none,retired individual,basic,medium,189.99,casual viewer
CUST_01642,0.751644508,1,none,working professional,premium,high,793.47,family viewer
CUST_01643,0.674723788,1,too expensive,college student,premium,high,745.79,family viewer
CUST_01644,0.923357545,1,too expensive,retired individual,premium,low,634.06,binge watcher
CUST_01645,0.704610509,1,content not interesting,college student,basic,high,199.84,news junkie
CUST_01646,0.841401201,1,too expensive,retired individual,basic,high,177.74,casual viewer
CUST_01647,0.797809018,1,too expensive,retired individual,basic,high,189.45,casual viewer
CUST_01648,0.792081061,1,switched to competitor,working professional,standard,high,364.85,binge watcher
CUST_01649,0.830899228,1,technical issues,college student,standard,low,422.97,casual viewer
CUST_01650,0.743090283,1,too expensive,retired individual,premium,high,686.58,casual viewer
CUST_01651,0.746041996,1,none,retired individual,premium,high,585.83,binge watcher
CUST_01652,0.773905524,1,technical issues,school student,basic,medium,211.84,casual viewer
CUST_01653,0.913536475,1,too expensive,retired individual,premium,medium,732.21,casual viewer
CUST_01654,0.683643089,1,technical issues,college student,standard,low,351.49,binge watcher
CUST_01655,0.84151913,1,technical issues,college student,standard,medium,365.14,casual viewer
CUST_01656,0.838779327,1,too expensive,college student,basic,low,191.63,news junkie
CUST_01657,0.585371115,1,switched to competitor,school student,basic,high,166.07,news junkie
CUST_01658,0.931348017,1,technical issues,college student,basic,low,211.12,sports enthusiast
CUST_01659,0.790454462,1,too expensive,retired individual,basic,high,189.31,family viewer
CUST_01660,0.87862551,1,too expensive,working professional,standard,high,370.16,sports enthusiast
CUST_01661,0.849297688,1,technical issues,college student,basic,medium,200.23,family viewer
CUST_01662,0.58490387,1,no time to watch,working professional,basic,medium,160.96,casual viewer
CUST_01663,0.829548449,1,none,college student,premium,medium,777.71,family viewer
CUST_01664,0.891442034,1,too expensive,retired individual,standard,high,395.91,casual viewer
CUST_01665,0.788872001,1,technical issues,college student,basic,medium,148.81,binge watcher
CUST_01666,0.75089475,1,switched to competitor,working professional,standard,high,363.26,family viewer
CUST_01667,0.829505521,1,technical issues,working professional,basic,medium,174.02,news junkie
CUST_01668,0.83283551,1,too expensive,college student,standard,high,431.77,sports enthusiast
CUST_01669,0.918599497,1,too expensive,college student,premium,medium,619.36,sports enthusiast
CUST_01670,0.906551498,1,too expensive,retired individual,standard,high,386.02,family viewer
CUST_01671,0.855599872,1,too expensive,college student,basic,medium,258.86,news junkie
CUST_01672,0.877516353,1,no time to watch,working professional,standard,medium,396.21,news junkie
CUST_01673,0.693854793,1,too expensive,college student,premium,high,746.63,family viewer
CUST_01674,0.862013212,1,no time to watch,working professional,standard,medium,439.49,sports enthusiast
CUST_01675,0.687123084,1,content not interesting,working professional,standard,high,424.1,binge watcher
CUST_01676,0.732859155,1,content not interesting,retired individual,standard,high,395.72,news junkie
CUST_01677,0.761943784,1,too expensive,school student,standard,high,405.77,binge watcher
CUST_01678,0.937218917,1,too expensive,college student,standard,low,386.88,family viewer
CUST_01679,0.908293388,1,too expensive,retired individual,standard,low,405.72,sports enthusiast
CUST_01680,0.646234454,1,content not interesting,working professional,standard,high,371.99,news junkie
CUST_01681,0.884344288,1,none,college student,standard,high,443.41,casual viewer
CUST_01682,0.602380945,1,technical issues,retired individual,standard,medium,397.63,casual viewer
CUST_01683,0.71524627,1,none,college student,premium,medium,773,sports enthusiast
CUST_01684,0.888216603,1,switched to competitor,working professional,standard,high,438.47,binge watcher
CUST_01685,0.873907327,1,no time to watch,retired individual,standard,high,427.21,sports enthusiast
CUST_01686,0.937362874,1,too expensive,working professional,basic,medium,161.55,casual viewer
CUST_01687,0.712607901,1,switched to competitor,college student,basic,high,196.74,family viewer
CUST_01688,0.903541262,1,too expensive,college student,premium,high,616.92,sports enthusiast
CUST_01689,0.856990305,1,no time to watch,retired individual,standard,medium,396.68,sports enthusiast
CUST_01690,0.724701426,1,too expensive,retired individual,premium,high,717.96,binge watcher
CUST_01691,0.650558588,1,too expensive,retired individual,premium,medium,617.12,family viewer
CUST_01692,0.730743978,1,no time to watch,working professional,basic,high,207.83,sports enthusiast
CUST_01693,0.844089055,1,too expensive,working professional,standard,medium,407.43,binge watcher
CUST_01694,0.861335689,1,no time to watch,retired individual,standard,low,380.42,family viewer
CUST_01695,0.794799122,1,technical issues,college student,basic,medium,159.44,news junkie
CUST_01696,0.621384531,1,too expensive,college student,premium,high,614.91,sports enthusiast
CUST_01697,0.643396812,1,technical issues,college student,basic,medium,217.24,binge watcher
CUST_01698,0.666174558,1,none,school student,basic,high,173.31,casual viewer
CUST_01699,0.798337322,1,too expensive,working professional,standard,high,368.43,binge watcher
CUST_01700,0.910913163,1,too expensive,working professional,premium,low,769.75,binge watcher
CUST_01701,0.831100505,1,technical issues,college student,basic,medium,218.09,binge watcher
CUST_01702,0.7150678,1,none,school student,standard,high,427.44,news junkie
CUST_01703,0.768725817,1,technical issues,college student,standard,medium,363.93,sports enthusiast
CUST_01704,0.770417297,1,technical issues,college student,standard,low,393.29,sports enthusiast
CUST_01705,0.823572547,1,content not interesting,college student,basic,high,179.75,sports enthusiast
CUST_01706,0.760536449,1,none,school student,premium,high,635.59,sports enthusiast
CUST_01707,0.737073866,1,too expensive,school student,basic,low,149.75,news junkie
CUST_01708,0.853018619,1,too expensive,college student,premium,high,682.03,casual viewer
CUST_01709,0.825412798,1,technical issues,school student,standard,low,455.05,family viewer
CUST_01710,0.8791449,1,too expensive,college student,standard,low,369.45,family viewer
CUST_01711,0.838237726,1,too expensive,retired individual,premium,high,679.92,family viewer
CUST_01712,0.744966686,1,too expensive,college student,premium,high,729.62,binge watcher
CUST_01713,0.833851045,1,content not interesting,college student,basic,high,195.08,binge watcher
CUST_01714,0.780790533,1,content not interesting,school student,standard,high,376.55,binge watcher
CUST_01715,0.737444714,1,technical issues,school student,standard,medium,398.14,binge watcher
CUST_01716,0.708792186,1,switched to competitor,retired individual,standard,high,468.88,binge watcher
CUST_01717,0.90694533,1,technical issues,working professional,basic,low,167.18,sports enthusiast
CUST_01718,0.722670251,1,too expensive,school student,premium,high,723.5,binge watcher
CUST_01719,0.892981395,1,too expensive,college student,premium,medium,704.06,news junkie
CUST_01720,0.854688097,1,technical issues,school student,standard,medium,431.68,sports enthusiast
CUST_01721,0.845184778,1,technical issues,retired individual,basic,medium,185.51,news junkie
CUST_01722,0.75726401,1,no time to watch,working professional,standard,high,356.82,news junkie
CUST_01723,0.865196485,1,no time to watch,college student,basic,low,211.8,family viewer
CUST_01724,0.877490488,1,technical issues,college student,standard,low,436.81,binge watcher
CUST_01725,0.852507241,1,none,college student,basic,medium,183.76,binge watcher
CUST_01726,0.874201285,1,technical issues,college student,standard,low,427.69,sports enthusiast
CUST_01727,0.913481843,1,none,college student,standard,low,440.98,sports enthusiast
CUST_01728,0.695313902,1,too expensive,school student,premium,high,698.01,family viewer
CUST_01729,0.732424811,1,technical issues,college student,standard,low,399.51,casual viewer
CUST_01730,0.749167486,1,technical issues,retired individual,basic,medium,229.6,sports enthusiast
CUST_01731,0.817326748,1,switched to competitor,college student,standard,high,370.29,casual viewer
CUST_01732,0.85289217,1,no time to watch,retired individual,standard,high,438.77,sports enthusiast
CUST_01733,0.89241683,1,too expensive,college student,standard,low,423.19,news junkie
CUST_01734,0.898978615,1,too expensive,college student,basic,low,176.36,family viewer
CUST_01735,0.873720633,1,too expensive,working professional,premium,high,647.67,casual viewer
CUST_01736,0.673572589,1,technical issues,college student,standard,medium,378.54,casual viewer
CUST_01737,0.916381803,1,technical issues,working professional,standard,low,395.78,binge watcher
CUST_01738,0.876963562,1,none,retired individual,premium,high,640.23,casual viewer
CUST_01739,0.923599811,1,too expensive,college student,standard,low,402.44,news junkie
CUST_01740,0.78809162,1,switched to competitor,working professional,standard,high,452.21,binge watcher
CUST_01741,0.89256618,1,too expensive,retired individual,premium,medium,760.73,family viewer
CUST_01742,0.721076141,1,too expensive,school student,premium,high,634.02,family viewer
CUST_01743,0.833109395,1,too expensive,college student,premium,high,714.53,binge watcher
CUST_01744,0.889878137,1,technical issues,working professional,basic,low,186.8,sports enthusiast
CUST_01745,0.714483809,1,switched to competitor,retired individual,basic,high,219.95,news junkie
CUST_01746,0.852333835,1,technical issues,retired individual,basic,medium,225.41,news junkie
CUST_01747,0.775419056,1,no time to watch,college student,basic,high,205.93,news junkie
CUST_01748,0.62428169,1,none,school student,standard,high,384.68,binge watcher
CUST_01749,0.655446759,1,too expensive,retired individual,basic,high,166.52,news junkie
CUST_01750,0.892400101,1,too expensive,retired individual,premium,high,593.22,family viewer
CUST_01751,0.761018866,1,none,college student,standard,high,372.02,news junkie
CUST_01752,0.855148486,1,no time to watch,school student,basic,low,208.79,news junkie
CUST_01753,0.558878629,1,too expensive,college student,premium,high,676.43,family viewer
CUST_01754,0.928529023,1,too expensive,college student,basic,low,217.26,news junkie
CUST_01755,0.603590621,1,none,school student,premium,high,767.2,casual viewer
CUST_01756,0.917192049,1,too expensive,working professional,basic,medium,165.02,casual viewer
CUST_01757,0.786627527,1,none,retired individual,standard,high,358.98,family viewer
CUST_01758,0.644154224,1,switched to competitor,school student,standard,high,364.12,news junkie
CUST_01759,0.617662188,1,too expensive,college student,premium,high,679.88,binge watcher
CUST_01760,0.784062691,1,none,working professional,standard,medium,439.3,sports enthusiast
CUST_01761,0.823608043,1,too expensive,college student,premium,high,715.21,family viewer
CUST_01762,0.843907463,1,none,college student,premium,medium,773.49,binge watcher
CUST_01763,0.792730516,1,none,college student,basic,low,219.75,casual viewer
CUST_01764,0.847899047,1,too expensive,working professional,premium,high,755.45,binge watcher
CUST_01765,0.752530018,1,too expensive,college student,premium,high,633.44,binge watcher
CUST_01766,0.721837243,1,switched to competitor,retired individual,basic,high,190.19,casual viewer
CUST_01767,0.782379766,1,too expensive,college student,premium,low,616.65,binge watcher
CUST_01768,0.930476845,1,too expensive,school student,premium,low,694.3,binge watcher
CUST_01769,0.844862276,1,none,retired individual,premium,low,673.49,news junkie
CUST_01770,0.717836771,1,none,retired individual,standard,high,384.28,sports enthusiast
CUST_01771,0.79020346,1,no time to watch,school student,premium,high,587.55,binge watcher
CUST_01772,0.721095477,1,content not interesting,retired individual,standard,high,432.81,family viewer
CUST_01773,0.889932373,1,too expensive,retired individual,basic,high,208.54,sports enthusiast
CUST_01774,0.69451474,1,technical issues,college student,standard,medium,369.74,sports enthusiast
CUST_01775,0.754831736,1,too expensive,retired individual,premium,medium,685.97,binge watcher
CUST_01776,0.893980171,1,too expensive,college student,premium,high,720.62,casual viewer
CUST_01777,0.854942189,1,none,college student,premium,low,677.55,casual viewer
CUST_01778,0.873521767,1,too expensive,school student,premium,high,638.38,sports enthusiast
CUST_01779,0.89208486,1,too expensive,college student,premium,low,707.03,family viewer
CUST_01780,0.887720218,1,too expensive,retired individual,basic,high,150.33,family viewer
CUST_01781,0.897942916,1,too expensive,retired individual,basic,medium,238.52,casual viewer
CUST_01782,0.770596586,1,technical issues,retired individual,standard,medium,396.17,binge watcher
CUST_01783,0.68858112,1,too expensive,working professional,premium,high,662.07,news junkie
CUST_01784,0.779386337,1,too expensive,college student,standard,high,464.89,casual viewer
CUST_01785,0.824783815,1,too expensive,college student,premium,medium,652.11,binge watcher
CUST_01786,0.789266531,1,too expensive,college student,premium,high,709.77,sports enthusiast
CUST_01787,0.896180678,1,too expensive,college student,standard,high,401.33,news junkie
CUST_01788,0.752797276,1,none,college student,standard,medium,351.3,sports enthusiast
CUST_01789,0.925075677,1,none,working professional,premium,medium,625.97,news junkie
CUST_01790,0.564478487,1,none,retired individual,basic,high,179.09,binge watcher
CUST_01791,0.823170818,1,technical issues,college student,standard,low,414.6,family viewer
CUST_01792,0.890295936,1,too expensive,working professional,premium,low,749.19,casual viewer
CUST_01793,0.829199948,1,technical issues,college student,basic,medium,220.36,news junkie
CUST_01794,0.458719047,0,none,college student,basic,high,187.32,family viewer
CUST_01795,0.722391519,1,none,retired individual,basic,medium,167.08,sports enthusiast
CUST_01796,0.666887944,1,no time to watch,college student,basic,high,206.01,sports enthusiast
CUST_01797,0.720652802,1,no time to watch,retired individual,standard,high,449.56,family viewer
CUST_01798,0.841443536,1,technical issues,college student,standard,medium,402.89,binge watcher
CUST_01799,0.904759839,1,too expensive,school student,basic,medium,198.75,binge watcher
CUST_01800,0.736536952,1,too expensive,retired individual,premium,high,658.3,casual viewer
CUST_01801,0.823076879,1,too expensive,school student,basic,medium,204.7,sports enthusiast
CUST_01802,0.863453501,1,none,college student,standard,medium,407.12,news junkie
CUST_01803,0.855936243,1,none,school student,basic,low,235.71,family viewer
CUST_01804,0.817791498,1,none,working professional,standard,high,440.25,sports enthusiast
CUST_01805,0.755786058,1,too expensive,retired individual,premium,medium,608.87,sports enthusiast
CUST_01806,0.648051966,1,none,college student,premium,high,734.65,binge watcher
CUST_01807,0.744508417,1,too expensive,college student,standard,high,377.49,binge watcher
CUST_01808,0.803543334,1,too expensive,retired individual,standard,medium,408.66,news junkie
CUST_01809,0.881216594,1,technical issues,school student,standard,low,457.68,news junkie
CUST_01810,0.897186678,1,no time to watch,working professional,basic,medium,253.71,casual viewer
CUST_01811,0.790807152,1,too expensive,working professional,premium,high,686.95,sports enthusiast
CUST_01812,0.944628559,1,too expensive,college student,premium,low,777.71,casual viewer
CUST_01813,0.849408442,1,too expensive,working professional,basic,medium,216.28,binge watcher
CUST_01814,0.887142777,1,none,college student,premium,high,769.95,news junkie
CUST_01815,0.903863719,1,technical issues,college student,standard,low,456.78,casual viewer
CUST_01816,0.820091179,1,too expensive,retired individual,standard,low,429.53,family viewer
CUST_01817,0.75183074,1,none,college student,standard,high,377.38,news junkie
CUST_01818,0.731891684,1,none,college student,basic,high,176.84,casual viewer
CUST_01819,0.538690321,1,technical issues,school student,basic,medium,214.33,casual viewer
CUST_01820,0.637052498,1,none,school student,premium,high,625.35,news junkie
CUST_01821,0.751382142,1,too expensive,college student,premium,high,766.7,binge watcher
CUST_01822,0.671476592,1,switched to competitor,school student,standard,high,374.16,sports enthusiast
CUST_01823,0.879015568,1,technical issues,retired individual,standard,low,445.06,casual viewer
CUST_01824,0.834988339,1,too expensive,working professional,basic,high,169.12,news junkie
CUST_01825,0.791916664,1,technical issues,college student,standard,medium,416.35,sports enthusiast
CUST_01826,0.834930305,1,too expensive,college student,premium,medium,622.6,sports enthusiast
CUST_01827,0.728797681,1,too expensive,retired individual,premium,medium,770.04,binge watcher
CUST_01828,0.899305603,1,technical issues,college student,standard,low,373.67,casual viewer
CUST_01829,0.860273509,1,no time to watch,retired individual,basic,low,187.08,casual viewer
CUST_01830,0.812236066,1,content not interesting,working professional,basic,high,161.24,sports enthusiast
CUST_01831,0.68192397,1,too expensive,retired individual,premium,high,681.4,news junkie
CUST_01832,0.944803868,1,too expensive,college student,premium,medium,800.78,casual viewer
CUST_01833,0.911388493,1,too expensive,college student,basic,low,230.11,casual viewer
CUST_01834,0.846053008,1,too expensive,college student,premium,high,625.73,casual viewer
CUST_01835,0.757741449,1,switched to competitor,working professional,standard,high,406.18,news junkie
CUST_01836,0.608724242,1,technical issues,school student,basic,medium,179.55,binge watcher
CUST_01837,0.874713625,1,too expensive,working professional,premium,medium,642.49,sports enthusiast
CUST_01838,0.74948536,1,switched to competitor,college student,standard,high,426.1,news junkie
CUST_01839,0.664217196,1,too expensive,college student,standard,high,356.17,sports enthusiast
CUST_01840,0.923069418,1,too expensive,college student,premium,medium,775.72,news junkie
CUST_01841,0.737604643,1,none,school student,standard,high,383.1,news junkie
CUST_01842,0.796979425,1,switched to competitor,college student,basic,high,156.87,casual viewer
CUST_01843,0.773542601,1,too expensive,school student,premium,high,640.67,binge watcher
CUST_01844,0.636139013,1,too expensive,college student,premium,medium,756.26,family viewer
CUST_01845,0.839671502,1,too expensive,retired individual,premium,medium,705.93,casual viewer
CUST_01846,0.902365416,1,too expensive,working professional,basic,high,195.62,casual viewer
CUST_01847,0.683427279,1,switched to competitor,working professional,standard,high,369.79,family viewer
CUST_01848,0.760272206,1,switched to competitor,retired individual,basic,high,177.94,news junkie
CUST_01849,0.833757868,1,no time to watch,working professional,standard,high,342.2,sports enthusiast
CUST_01850,0.829173638,1,too expensive,college student,basic,high,173.54,binge watcher
CUST_01851,0.744282411,1,no time to watch,working professional,standard,high,332.1,binge watcher
CUST_01852,0.829710719,1,no time to watch,working professional,standard,high,344.96,news junkie
CUST_01853,0.759417602,1,switched to competitor,retired individual,standard,high,468.13,sports enthusiast
CUST_01854,0.797139913,1,technical issues,retired individual,standard,medium,409.09,binge watcher
CUST_01855,0.730116327,1,technical issues,college student,basic,medium,198.61,news junkie
CUST_01856,0.718639176,1,none,college student,standard,high,356.67,sports enthusiast
CUST_01857,0.805942526,1,too expensive,college student,standard,medium,450.99,sports enthusiast
CUST_01858,0.860455381,1,none,college student,basic,medium,238.71,family viewer
CUST_01859,0.839414412,1,too expensive,college student,premium,high,794.42,casual viewer
CUST_01860,0.787102249,1,too expensive,working professional,standard,high,454.18,family viewer
CUST_01861,0.771203304,1,no time to watch,working professional,basic,high,181.17,news junkie
CUST_01862,0.756445797,1,technical issues,working professional,basic,low,183.23,casual viewer
CUST_01863,0.893725485,1,no time to watch,working professional,basic,medium,210.63,casual viewer
CUST_01864,0.739166279,1,too expensive,retired individual,premium,low,622.03,binge watcher
CUST_01865,0.749727776,1,none,college student,basic,high,207.39,sports enthusiast
CUST_01866,0.84254409,1,none,retired individual,basic,high,214.37,sports enthusiast
CUST_01867,0.480051327,0,switched to competitor,retired individual,basic,high,184.09,news junkie
CUST_01868,0.710890331,1,none,college student,standard,high,420.96,sports enthusiast
CUST_01869,0.79266855,1,too expensive,retired individual,premium,medium,691.93,casual viewer
CUST_01870,0.910033794,1,too expensive,working professional,premium,medium,784.13,binge watcher
CUST_01871,0.879991211,1,no time to watch,working professional,basic,high,199,binge watcher
CUST_01872,0.737264006,1,technical issues,retired individual,standard,medium,410.54,news junkie
CUST_01873,0.679464382,1,too expensive,college student,basic,high,194.1,family viewer
CUST_01874,0.728920564,1,none,college student,standard,high,365.63,casual viewer
CUST_01875,0.842899566,1,too expensive,school student,premium,medium,680.9,sports enthusiast
CUST_01876,0.660716513,1,too expensive,retired individual,premium,high,711.23,sports enthusiast
CUST_01877,0.798507736,1,too expensive,working professional,premium,high,611.58,news junkie
CUST_01878,0.79331456,1,too expensive,school student,premium,medium,762.41,sports enthusiast
CUST_01879,0.722151134,1,no time to watch,college student,basic,medium,193.58,news junkie
CUST_01880,0.535100644,1,switched to competitor,college student,basic,high,191.51,binge watcher
CUST_01881,0.896522492,1,none,college student,basic,low,187.04,sports enthusiast
CUST_01882,0.860835196,1,too expensive,college student,standard,high,359.21,news junkie
CUST_01883,0.66565549,1,content not interesting,working professional,standard,high,335.76,sports enthusiast
CUST_01884,0.898479017,1,too expensive,college student,basic,low,168.91,casual viewer
CUST_01885,0.851372137,1,too expensive,retired individual,standard,high,476.13,binge watcher
CUST_01886,0.83029354,1,none,working professional,standard,high,377.13,family viewer
CUST_01887,0.747976847,1,switched to competitor,college student,standard,high,407.73,sports enthusiast
CUST_01888,0.849307147,1,switched to competitor,working professional,standard,high,425.45,family viewer
CUST_01889,0.875485926,1,too expensive,working professional,premium,medium,690.29,news junkie
CUST_01890,0.92277,1,no time to watch,college student,basic,low,186.16,binge watcher
CUST_01891,0.71197117,1,none,college student,basic,high,173.23,binge watcher
CUST_01892,0.830771795,1,none,working professional,standard,high,397.07,news junkie
CUST_01893,0.805556711,1,content not interesting,college student,standard,high,429.73,family viewer
CUST_01894,0.731042015,1,switched to competitor,retired individual,basic,high,196.31,binge watcher
CUST_01895,0.704138731,1,technical issues,college student,standard,medium,334.87,family viewer
CUST_01896,0.656782833,1,none,working professional,standard,high,468.47,casual viewer
CUST_01897,0.850596114,1,no time to watch,working professional,basic,medium,164.91,sports enthusiast
CUST_01898,0.682172637,1,none,retired individual,standard,medium,414.23,binge watcher
CUST_01899,0.884094767,1,too expensive,college student,basic,high,160.58,news junkie
CUST_01900,0.809527524,1,too expensive,school student,standard,medium,434.83,news junkie
CUST_01901,0.733091307,1,switched to competitor,college student,standard,high,377.35,binge watcher
CUST_01902,0.886981202,1,no time to watch,college student,standard,medium,349.98,family viewer
CUST_01903,0.865336573,1,too expensive,retired individual,premium,high,687.88,sports enthusiast
CUST_01904,0.79698231,1,no time to watch,working professional,standard,medium,448.25,casual viewer
CUST_01905,0.771797392,1,too expensive,working professional,premium,high,649.88,binge watcher
CUST_01906,0.787716604,1,no time to watch,retired individual,basic,high,232.22,binge watcher
CUST_01907,0.886307008,1,no time to watch,working professional,basic,low,224.38,binge watcher
CUST_01908,0.76720905,1,switched to competitor,college student,basic,high,200.55,sports enthusiast
CUST_01909,0.808132662,1,none,retired individual,basic,medium,252.38,sports enthusiast
CUST_01910,0.675027041,1,none,working professional,standard,high,398.48,casual viewer
CUST_01911,0.799636265,1,too expensive,retired individual,basic,medium,210.58,family viewer
CUST_01912,0.746354906,1,too expensive,retired individual,standard,medium,334.47,sports enthusiast
CUST_01913,0.788088708,1,none,college student,premium,low,639.39,binge watcher
CUST_01914,0.903442152,1,too expensive,retired individual,standard,medium,391.12,family viewer
CUST_01915,0.744638782,1,technical issues,college student,standard,medium,397.09,news junkie
CUST_01916,0.762157252,1,too expensive,retired individual,standard,high,406.96,family viewer
CUST_01917,0.726475775,1,none,retired individual,premium,medium,683.99,family viewer
CUST_01918,0.73800532,1,none,college student,basic,low,151.92,casual viewer
CUST_01919,0.728028161,1,no time to watch,college student,basic,high,226.48,binge watcher
CUST_01920,0.914238371,1,too expensive,retired individual,premium,medium,727.45,casual viewer
CUST_01921,0.880178145,1,technical issues,working professional,basic,low,215.24,casual viewer
CUST_01922,0.8731807,1,too expensive,college student,basic,high,189.91,binge watcher
CUST_01923,0.863022614,1,too expensive,school student,premium,medium,728.65,binge watcher
CUST_01924,0.871189061,1,too expensive,college student,premium,high,705.75,sports enthusiast
CUST_01925,0.670190408,1,switched to competitor,college student,basic,high,183.73,casual viewer
CUST_01926,0.816010832,1,too expensive,college student,premium,high,617.33,casual viewer
CUST_01927,0.827710747,1,none,retired individual,premium,high,695.85,binge watcher
CUST_01928,0.632337256,1,none,school student,premium,high,598.59,binge watcher
CUST_01929,0.836199926,1,too expensive,working professional,standard,high,380.52,binge watcher
CUST_01930,0.750017038,1,too expensive,working professional,premium,low,642.01,news junkie
CUST_01931,0.66185575,1,content not interesting,college student,basic,high,203.68,casual viewer
CUST_01932,0.712614501,1,switched to competitor,college student,basic,high,222.99,family viewer
CUST_01933,0.700821415,1,none,college student,standard,high,415.65,binge watcher
CUST_01934,0.682443752,1,technical issues,college student,basic,medium,213.63,news junkie
CUST_01935,0.660411857,1,technical issues,school student,basic,low,234.24,news junkie
CUST_01936,0.936046534,1,too expensive,working professional,premium,high,763.06,sports enthusiast
CUST_01937,0.887268212,1,too expensive,school student,standard,medium,404.1,binge watcher
CUST_01938,0.852339,1,too expensive,college student,basic,medium,195.58,sports enthusiast
CUST_01939,0.902928946,1,no time to watch,college student,basic,low,171.11,casual viewer
CUST_01940,0.675196628,1,none,college student,premium,high,707.77,sports enthusiast
CUST_01941,0.894334681,1,no time to watch,retired individual,standard,low,386.32,binge watcher
CUST_01942,0.546012541,1,no time to watch,college student,basic,high,190.68,news junkie
CUST_01943,0.788738151,1,no time to watch,working professional,basic,medium,259.29,casual viewer
CUST_01944,0.777306468,1,technical issues,retired individual,standard,low,431.73,casual viewer
CUST_01945,0.77533184,1,no time to watch,working professional,basic,high,186.96,binge watcher
CUST_01946,0.74886373,1,content not interesting,college student,basic,high,160.13,casual viewer
CUST_01947,0.745592505,1,too expensive,school student,premium,high,642.51,family viewer
CUST_01948,0.701033756,1,technical issues,retired individual,basic,low,163.99,binge watcher
CUST_01949,0.664803817,1,content not interesting,school student,standard,high,337.75,binge watcher
CUST_01950,0.902188461,1,too expensive,college student,premium,high,671.08,binge watcher
CUST_01951,0.872336839,1,too expensive,retired individual,premium,low,713.87,binge watcher
CUST_01952,0.700916254,1,none,retired individual,basic,high,197.16,family viewer
CUST_01953,0.870149843,1,technical issues,retired individual,basic,medium,213.81,casual viewer
CUST_01954,0.927750128,1,too expensive,working professional,standard,low,341.85,news junkie
CUST_01955,0.723095658,1,switched to competitor,school student,basic,high,190.06,family viewer
CUST_01956,0.568957611,1,too expensive,college student,premium,high,615.88,sports enthusiast
CUST_01957,0.719566618,1,none,college student,basic,low,197.69,news junkie
CUST_01958,0.838544729,1,too expensive,working professional,premium,high,700.78,casual viewer
CUST_01959,0.687158761,1,too expensive,retired individual,premium,medium,648.87,news junkie
CUST_01960,0.889732474,1,too expensive,school student,basic,high,223.9,casual viewer
CUST_01961,0.890094143,1,none,college student,premium,high,690.69,family viewer
CUST_01962,0.879913151,1,too expensive,retired individual,basic,high,173.56,sports enthusiast
CUST_01963,0.872411862,1,too expensive,college student,premium,low,776.25,casual viewer
CUST_01964,0.680700884,1,content not interesting,retired individual,standard,high,374.39,family viewer
CUST_01965,0.91514275,1,no time to watch,working professional,standard,high,488.25,casual viewer
CUST_01966,0.849222374,1,too expensive,working professional,standard,high,460.55,casual viewer
CUST_01967,0.851509028,1,no time to watch,retired individual,basic,low,234.13,sports enthusiast
CUST_01968,0.856408292,1,too expensive,working professional,premium,low,781.84,news junkie
CUST_01969,0.919140377,1,too expensive,college student,premium,low,745.11,binge watcher
CUST_01970,0.914785324,1,too expensive,college student,standard,medium,400.46,family viewer
CUST_01971,0.869292007,1,none,working professional,basic,medium,212.23,sports enthusiast
CUST_01972,0.813812208,1,too expensive,retired individual,premium,medium,771.19,sports enthusiast
CUST_01973,0.847512272,1,too expensive,college student,premium,medium,624.55,family viewer
CUST_01974,0.881170536,1,no time to watch,working professional,standard,high,428.31,binge watcher
CUST_01975,0.823779646,1,technical issues,college student,basic,low,175.02,sports enthusiast
CUST_01976,0.846374234,1,too expensive,working professional,premium,high,669.93,binge watcher
CUST_01977,0.895699833,1,too expensive,college student,basic,high,189.83,casual viewer
CUST_01978,0.791967245,1,no time to watch,working professional,standard,low,453.84,sports enthusiast
CUST_01979,0.875891468,1,none,working professional,premium,medium,631.66,sports enthusiast
CUST_01980,0.797419916,1,none,college student,basic,low,215.81,news junkie
CUST_01981,0.856747462,1,no time to watch,college student,basic,high,193.43,family viewer
CUST_01982,0.607071696,1,none,college student,standard,medium,377.68,binge watcher
CUST_01983,0.59496847,1,technical issues,college student,standard,medium,357.03,binge watcher
CUST_01984,0.907776706,1,no time to watch,working professional,standard,high,430.94,news junkie
CUST_01985,0.869913258,1,technical issues,working professional,standard,medium,355.17,casual viewer
CUST_01986,0.774285717,1,switched to competitor,working professional,standard,high,420.37,news junkie
CUST_01987,0.888204079,1,too expensive,school student,basic,high,209.81,binge watcher
CUST_01988,0.781692815,1,none,college student,basic,low,222.06,sports enthusiast
CUST_01989,0.791400992,1,none,working professional,standard,high,357.83,news junkie
CUST_01990,0.731250028,1,none,retired individual,basic,high,155.63,binge watcher
CUST_01991,0.888894474,1,too expensive,college student,standard,medium,422.19,sports enthusiast
CUST_01992,0.644006353,1,too expensive,college student,premium,high,788.04,sports enthusiast
CUST_01993,0.778929103,1,too expensive,college student,premium,high,718.34,binge watcher
CUST_01994,0.818124352,1,too expensive,college student,premium,high,753.57,news junkie
CUST_01995,0.669392569,1,none,college student,standard,high,372.25,sports enthusiast
CUST_01996,0.752704491,1,too expensive,college student,basic,high,244.41,news junkie
CUST_01997,0.737291576,1,none,retired individual,basic,high,167.67,family viewer
CUST_01998,0.740533043,1,switched to competitor,working professional,standard,high,478.16,news junkie
CUST_01999,0.884019568,1,none,retired individual,standard,low,433.36,sports enthusiast
CUST_02000,0.852727621,1,technical issues,college student,standard,low,472.2,news junkie
CUST_02001,0.843309557,1,switched to competitor,retired individual,basic,high,175.21,news junkie
CUST_02002,0.6958646,1,none,college student,standard,high,362.29,news junkie
CUST_02003,0.84977809,1,no time to watch,retired individual,standard,high,325.97,news junkie
CUST_02004,0.693783656,1,switched to competitor,retired individual,standard,high,350.16,binge watcher
CUST_02005,0.854596231,1,too expensive,school student,premium,medium,791.22,news junkie
CUST_02006,0.801595126,1,none,retired individual,premium,low,695.61,news junkie
CUST_02007,0.889227883,1,too expensive,working professional,premium,high,763.86,casual viewer
CUST_02008,0.753906279,1,content not interesting,retired individual,basic,high,167.66,news junkie
CUST_02009,0.786433838,1,none,college student,premium,high,635.73,sports enthusiast
CUST_02010,0.7540326,1,technical issues,retired individual,standard,medium,421.63,family viewer
CUST_02011,0.904860552,1,too expensive,working professional,premium,low,746,sports enthusiast
CUST_02012,0.75417705,1,none,retired individual,premium,high,621.66,binge watcher
CUST_02013,0.755473397,1,technical issues,college student,basic,low,187.38,family viewer
CUST_02014,0.743911456,1,technical issues,college student,basic,medium,156.34,news junkie
CUST_02015,0.73851639,1,too expensive,retired individual,basic,high,203.74,family viewer
CUST_02016,0.874650236,1,too expensive,college student,premium,medium,617.66,news junkie
CUST_02017,0.869518925,1,none,working professional,standard,high,381.81,casual viewer
CUST_02018,0.946487287,1,too expensive,working professional,standard,low,433.93,binge watcher
CUST_02019,0.91396995,1,too expensive,retired individual,premium,medium,706.65,sports enthusiast
CUST_02020,0.887086916,1,none,college student,basic,high,170.81,family viewer
CUST_02021,0.784751806,1,technical issues,college student,standard,medium,353.72,casual viewer
CUST_02022,0.777425478,1,too expensive,college student,premium,high,655.94,sports enthusiast
CUST_02023,0.925571081,1,too expensive,college student,standard,medium,422.08,binge watcher
CUST_02024,0.615843907,1,too expensive,college student,premium,medium,762.71,binge watcher
CUST_02025,0.817614795,1,too expensive,college student,premium,high,612.25,news junkie
CUST_02026,0.886046936,1,too expensive,retired individual,premium,medium,785.72,news junkie
CUST_02027,0.820299966,1,switched to competitor,retired individual,basic,high,166.37,binge watcher
CUST_02028,0.645500348,1,too expensive,college student,premium,high,793.77,news junkie
CUST_02029,0.901197653,1,technical issues,working professional,standard,low,408.31,binge watcher
CUST_02030,0.760313194,1,content not interesting,working professional,standard,high,427.59,family viewer
CUST_02031,0.708819085,1,no time to watch,retired individual,basic,medium,236.44,binge watcher
CUST_02032,0.609945643,1,switched to competitor,retired individual,basic,high,203.09,casual viewer
CUST_02033,0.837380242,1,no time to watch,working professional,standard,low,373.61,casual viewer
CUST_02034,0.748796217,1,none,college student,standard,high,433.98,sports enthusiast
CUST_02035,0.912827815,1,too expensive,retired individual,standard,high,381.64,family viewer
CUST_02036,0.797611994,1,none,working professional,standard,high,451.66,family viewer
CUST_02037,0.910820877,1,no time to watch,working professional,standard,medium,427.41,binge watcher
CUST_02038,0.9012906,1,too expensive,college student,basic,medium,207.88,casual viewer
CUST_02039,0.723805059,1,too expensive,school student,basic,high,193.74,casual viewer
CUST_02040,0.796901215,1,technical issues,college student,basic,low,197.2,binge watcher
CUST_02041,0.831040572,1,none,working professional,basic,low,213.25,binge watcher
CUST_02042,0.856010753,1,no time to watch,retired individual,standard,medium,480,casual viewer
CUST_02043,0.803947232,1,too expensive,working professional,premium,low,689.16,news junkie
CUST_02044,0.794678392,1,content not interesting,college student,standard,high,364.39,binge watcher
CUST_02045,0.815200678,1,content not interesting,working professional,standard,high,399.6,family viewer
CUST_02046,0.778828352,1,technical issues,college student,standard,medium,452.35,news junkie
CUST_02047,0.658247793,1,switched to competitor,college student,standard,high,433.21,family viewer
CUST_02048,0.75929606,1,none,retired individual,standard,high,386.92,news junkie
CUST_02049,0.821767477,1,too expensive,retired individual,premium,high,617.66,news junkie
CUST_02050,0.839001436,1,too expensive,college student,premium,medium,738.5,family viewer
CUST_02051,0.831347789,1,technical issues,college student,standard,medium,362.26,casual viewer
CUST_02052,0.888947432,1,too expensive,working professional,premium,medium,616.95,news junkie
CUST_02053,0.877665693,1,too expensive,college student,basic,high,195.58,casual viewer
CUST_02054,0.84026174,1,too expensive,working professional,premium,high,644.93,binge watcher
CUST_02055,0.885715033,1,too expensive,retired individual,premium,high,631.9,family viewer
CUST_02056,0.851341887,1,too expensive,college student,basic,high,194.47,binge watcher
CUST_02057,0.688733205,1,switched to competitor,college student,basic,high,166,news junkie
CUST_02058,0.824689082,1,technical issues,college student,standard,low,414.49,binge watcher
CUST_02059,0.911889224,1,too expensive,working professional,basic,low,175.43,news junkie
CUST_02060,0.751537131,1,none,school student,premium,medium,602.2,binge watcher
CUST_02061,0.760154275,1,content not interesting,college student,standard,high,397.46,news junkie
CUST_02062,0.772037589,1,switched to competitor,school student,standard,high,434.09,binge watcher
CUST_02063,0.88967594,1,none,working professional,standard,low,398.93,binge watcher
CUST_02064,0.856661879,1,too expensive,working professional,premium,high,629.51,casual viewer
CUST_02065,0.83919183,1,too expensive,working professional,premium,medium,647.02,sports enthusiast
CUST_02066,0.811022972,1,none,retired individual,basic,high,236.65,casual viewer
CUST_02067,0.820137449,1,none,working professional,premium,high,699.81,sports enthusiast
CUST_02068,0.769464888,1,none,working professional,basic,medium,195.45,casual viewer
CUST_02069,0.696230175,1,content not interesting,college student,standard,high,444.08,sports enthusiast
CUST_02070,0.884349488,1,too expensive,school student,basic,low,204.63,family viewer
CUST_02071,0.701463251,1,none,college student,standard,high,384.53,family viewer
CUST_02072,0.862383017,1,no time to watch,working professional,standard,low,448.47,family viewer
CUST_02073,0.760930014,1,no time to watch,working professional,standard,high,408.37,sports enthusiast
CUST_02074,0.847961047,1,too expensive,school student,basic,high,175.56,news junkie
CUST_02075,0.864749814,1,too expensive,college student,standard,high,410.93,binge watcher
CUST_02076,0.774317997,1,too expensive,college student,premium,high,805.3,news junkie
CUST_02077,0.872863123,1,no time to watch,working professional,basic,medium,185.27,casual viewer
CUST_02078,0.866468181,1,too expensive,retired individual,premium,low,703.64,sports enthusiast
CUST_02079,0.849439503,1,too expensive,school student,standard,medium,393.38,news junkie
CUST_02080,0.689723584,1,too expensive,college student,premium,medium,616.13,family viewer
CUST_02081,0.79059706,1,none,college student,basic,high,190.64,sports enthusiast
CUST_02082,0.64722547,1,none,college student,standard,high,425.79,family viewer
CUST_02083,0.835502108,1,technical issues,retired individual,basic,low,198.16,casual viewer
CUST_02084,0.772295724,1,too expensive,college student,premium,high,718.22,binge watcher
CUST_02085,0.839931024,1,no time to watch,college student,standard,medium,473.2,casual viewer
CUST_02086,0.8120375,1,switched to competitor,college student,basic,high,193.12,family viewer
CUST_02087,0.792352312,1,too expensive,school student,standard,high,382.95,sports enthusiast
CUST_02088,0.862840602,1,too expensive,college student,premium,high,676.27,family viewer
CUST_02089,0.874872701,1,too expensive,retired individual,standard,medium,397.99,family viewer
CUST_02090,0.829394482,1,too expensive,retired individual,standard,high,322.73,family viewer
CUST_02091,0.835520067,1,switched to competitor,school student,basic,high,230.09,news junkie
CUST_02092,0.807832334,1,switched to competitor,working professional,standard,high,455.31,binge watcher
CUST_02093,0.921014653,1,too expensive,working professional,basic,low,136.91,binge watcher
CUST_02094,0.721706942,1,no time to watch,retired individual,standard,high,399.52,sports enthusiast
CUST_02095,0.858702445,1,too expensive,working professional,premium,high,644.72,casual viewer
CUST_02096,0.801703079,1,switched to competitor,college student,standard,high,384.81,sports enthusiast
CUST_02097,0.764925554,1,too expensive,college student,premium,high,772.45,family viewer
CUST_02098,0.832795745,1,technical issues,college student,basic,low,181.52,news junkie
CUST_02099,0.819008629,1,too expensive,retired individual,premium,low,661.61,casual viewer
CUST_02100,0.819251798,1,technical issues,school student,basic,medium,196.83,sports enthusiast
CUST_02101,0.810149412,1,technical issues,college student,standard,medium,360.34,binge watcher
CUST_02102,0.770627118,1,none,college student,basic,medium,166.06,binge watcher
CUST_02103,0.613245294,1,none,retired individual,basic,medium,184.08,news junkie
CUST_02104,0.669802512,1,content not interesting,working professional,basic,high,160.93,family viewer
CUST_02105,0.891406978,1,technical issues,college student,standard,low,399.92,casual viewer
CUST_02106,0.752239798,1,too expensive,working professional,premium,high,703.35,casual viewer
CUST_02107,0.867603548,1,too expensive,school student,basic,low,189.17,casual viewer
CUST_02108,0.82126831,1,no time to watch,working professional,basic,low,161.28,news junkie
CUST_02109,0.861982509,1,no time to watch,college student,standard,low,424.41,family viewer
CUST_02110,0.738750014,1,too expensive,college student,premium,high,683.17,binge watcher
CUST_02111,0.648905346,1,no time to watch,college student,basic,high,174.75,casual viewer
CUST_02112,0.801170449,1,none,college student,basic,high,225.95,binge watcher
CUST_02113,0.769443167,1,too expensive,college student,standard,high,309.61,news junkie
CUST_02114,0.787892972,1,none,college student,premium,high,663.65,family viewer
CUST_02115,0.697153054,1,no time to watch,retired individual,standard,high,435.23,casual viewer
CUST_02116,0.607720914,1,none,retired individual,standard,high,421.13,casual viewer
CUST_02117,0.720220582,1,no time to watch,working professional,standard,medium,362.99,casual viewer
CUST_02118,0.740651231,1,switched to competitor,college student,standard,high,363.33,sports enthusiast
CUST_02119,0.642949024,1,content not interesting,college student,basic,high,171.58,family viewer
CUST_02120,0.805071851,1,no time to watch,retired individual,basic,high,164.89,casual viewer
CUST_02121,0.680977382,1,content not interesting,working professional,basic,high,196.07,news junkie
CUST_02122,0.73071494,1,no time to watch,working professional,standard,low,413.88,news junkie
CUST_02123,0.817508567,1,too expensive,school student,standard,high,387.77,sports enthusiast
CUST_02124,0.734587561,1,no time to watch,working professional,basic,low,203.89,news junkie
CUST_02125,0.765564756,1,switched to competitor,college student,standard,high,418.07,binge watcher
CUST_02126,0.776331337,1,content not interesting,retired individual,standard,high,350.01,casual viewer
CUST_02127,0.928292545,1,none,retired individual,premium,low,615.23,casual viewer
CUST_02128,0.610741186,1,none,school student,basic,medium,188.03,news junkie
CUST_02129,0.851891209,1,too expensive,retired individual,standard,high,410.88,news junkie
CUST_02130,0.889576825,1,technical issues,working professional,standard,low,428.6,family viewer
CUST_02131,0.859096535,1,too expensive,retired individual,standard,medium,436.39,casual viewer
CUST_02132,0.83242974,1,technical issues,college student,standard,low,439.94,casual viewer
CUST_02133,0.708469661,1,content not interesting,college student,basic,high,224.7,binge watcher
CUST_02134,0.906132122,1,too expensive,working professional,premium,medium,720.81,family viewer
CUST_02135,0.739526488,1,none,college student,premium,high,766.37,sports enthusiast
CUST_02136,0.916121074,1,too expensive,college student,standard,low,436.84,sports enthusiast
CUST_02137,0.748021633,1,none,college student,basic,high,202.82,sports enthusiast
CUST_02138,0.869570228,1,too expensive,working professional,premium,high,661.75,binge watcher
CUST_02139,0.887133638,1,technical issues,retired individual,standard,low,438.81,binge watcher
CUST_02140,0.760628805,1,none,working professional,premium,high,652.71,casual viewer
CUST_02141,0.877474782,1,technical issues,working professional,standard,medium,388.26,casual viewer
CUST_02142,0.864832729,1,too expensive,college student,premium,medium,735.69,news junkie
CUST_02143,0.845294139,1,too expensive,working professional,premium,medium,692.72,casual viewer
CUST_02144,0.805789506,1,too expensive,college student,premium,high,751.48,news junkie
CUST_02145,0.805782344,1,too expensive,college student,premium,high,708.89,sports enthusiast
CUST_02146,0.897073281,1,too expensive,working professional,premium,low,669.32,news junkie
CUST_02147,0.784816283,1,too expensive,college student,standard,high,354.28,news junkie
CUST_02148,0.855826467,1,none,college student,basic,high,196.98,binge watcher
CUST_02149,0.526389139,1,none,college student,standard,high,421.97,news junkie
CUST_02150,0.912090485,1,too expensive,retired individual,premium,medium,686.13,casual viewer
CUST_02151,0.820573055,1,too expensive,college student,standard,medium,368.6,family viewer
CUST_02152,0.684475163,1,too expensive,college student,premium,high,722.44,family viewer
CUST_02153,0.727580389,1,too expensive,college student,premium,high,639.5,casual viewer
CUST_02154,0.827502249,1,too expensive,working professional,basic,high,216.57,news junkie
CUST_02155,0.778477421,1,content not interesting,working professional,standard,high,403.68,news junkie
CUST_02156,0.828722807,1,too expensive,working professional,standard,medium,438.23,family viewer
CUST_02157,0.771525695,1,too expensive,retired individual,premium,medium,798.24,news junkie
CUST_02158,0.802995721,1,technical issues,college student,standard,medium,461.04,casual viewer
CUST_02159,0.656257987,1,none,college student,basic,high,226.75,news junkie
CUST_02160,0.878533652,1,too expensive,school student,premium,low,667.52,casual viewer
CUST_02161,0.786228258,1,technical issues,college student,standard,low,405.16,news junkie
CUST_02162,0.720105509,1,none,college student,premium,medium,664.25,sports enthusiast
CUST_02163,0.905894476,1,technical issues,college student,basic,medium,168.63,binge watcher
CUST_02164,0.878730205,1,technical issues,school student,basic,medium,176.75,binge watcher
CUST_02165,0.921447302,1,too expensive,working professional,standard,medium,372.3,binge watcher
CUST_02166,0.638625264,1,none,retired individual,premium,high,611.27,family viewer
CUST_02167,0.765751542,1,no time to watch,working professional,standard,medium,359.67,casual viewer
CUST_02168,0.726464478,1,none,college student,standard,medium,347.98,binge watcher
CUST_02169,0.849869569,1,too expensive,working professional,premium,medium,757.59,news junkie
CUST_02170,0.743996784,1,technical issues,retired individual,standard,medium,370.38,binge watcher
CUST_02171,0.713191469,1,too expensive,college student,premium,medium,629.13,sports enthusiast
CUST_02172,0.665755479,1,no time to watch,retired individual,basic,medium,203.8,casual viewer
CUST_02173,0.77477832,1,switched to competitor,school student,standard,high,351.36,family viewer
CUST_02174,0.840496597,1,too expensive,college student,premium,medium,760.5,binge watcher
CUST_02175,0.75354965,1,switched to competitor,school student,standard,high,362.68,casual viewer
CUST_02176,0.874139005,1,switched to competitor,working professional,standard,high,439.2,news junkie
CUST_02177,0.844240184,1,too expensive,college student,premium,high,631.03,binge watcher
CUST_02178,0.893719906,1,too expensive,college student,basic,high,226,sports enthusiast
CUST_02179,0.926447104,1,too expensive,working professional,standard,low,386.45,binge watcher
CUST_02180,0.853774095,1,too expensive,college student,premium,medium,702.11,binge watcher
CUST_02181,0.643134742,1,technical issues,school student,basic,medium,157.64,news junkie
CUST_02182,0.865461613,1,too expensive,retired individual,premium,low,616.36,sports enthusiast
CUST_02183,0.889626576,1,too expensive,school student,premium,low,606.05,sports enthusiast
CUST_02184,0.871447026,1,too expensive,college student,standard,high,481.96,family viewer
CUST_02185,0.849019456,1,too expensive,working professional,standard,high,431.98,sports enthusiast
CUST_02186,0.845736515,1,too expensive,retired individual,standard,medium,476.72,family viewer
CUST_02187,0.813738608,1,too expensive,school student,premium,medium,745.26,sports enthusiast
CUST_02188,0.749919011,1,too expensive,college student,premium,high,635.68,casual viewer
CUST_02189,0.668011066,1,content not interesting,school student,standard,high,369.39,binge watcher
CUST_02190,0.754595485,1,switched to competitor,school student,basic,high,179.42,sports enthusiast
CUST_02191,0.778369943,1,none,college student,standard,high,417.59,family viewer
CUST_02192,0.809130723,1,too expensive,college student,premium,high,781.47,binge watcher
CUST_02193,0.87161676,1,none,college student,standard,high,375.75,family viewer
CUST_02194,0.828875543,1,technical issues,college student,standard,medium,379.35,binge watcher
CUST_02195,0.788660887,1,technical issues,working professional,standard,low,369.06,family viewer
CUST_02196,0.647414821,1,none,college student,basic,medium,214.4,family viewer
CUST_02197,0.881932371,1,no time to watch,college student,standard,high,386.91,binge watcher
CUST_02198,0.836402892,1,no time to watch,working professional,basic,high,172.46,sports enthusiast
CUST_02199,0.934849177,1,too expensive,working professional,premium,medium,778.87,casual viewer
CUST_02200,0.857457788,1,none,college student,standard,low,367.24,news junkie
CUST_02201,0.92638787,1,too expensive,college student,standard,low,383.85,news junkie
CUST_02202,0.781920703,1,too expensive,working professional,standard,high,363.47,news junkie
CUST_02203,0.660647787,1,technical issues,college student,standard,medium,365.81,binge watcher
CUST_02204,0.933201816,1,too expensive,retired individual,standard,low,407.82,news junkie
CUST_02205,0.745175443,1,content not interesting,retired individual,standard,high,418.89,family viewer
CUST_02206,0.836847321,1,none,retired individual,basic,medium,238.03,news junkie
CUST_02207,0.739704366,1,technical issues,retired individual,basic,low,254.29,news junkie
CUST_02208,0.705221752,1,none,school student,basic,high,177.97,binge watcher
CUST_02209,0.742553808,1,too expensive,college student,premium,high,736.77,family viewer
CUST_02210,0.810519694,1,no time to watch,working professional,basic,high,207.25,casual viewer
CUST_02211,0.62704999,1,none,working professional,standard,high,410.18,family viewer
CUST_02212,0.89788338,1,technical issues,working professional,standard,low,452.33,casual viewer
CUST_02213,0.872831351,1,technical issues,working professional,standard,medium,437.96,family viewer
CUST_02214,0.808699408,1,none,retired individual,premium,high,638.81,binge watcher
CUST_02215,0.896327115,1,none,retired individual,basic,low,164.49,news junkie
CUST_02216,0.855423311,1,none,retired individual,standard,low,400.84,casual viewer
CUST_02217,0.799541436,1,too expensive,college student,standard,high,448.78,sports enthusiast
CUST_02218,0.93364767,1,too expensive,school student,standard,medium,440.29,sports enthusiast
CUST_02219,0.782155073,1,technical issues,retired individual,basic,low,218.72,news junkie
CUST_02220,0.721629803,1,technical issues,retired individual,standard,medium,423.01,casual viewer
CUST_02221,0.930616436,1,too expensive,working professional,basic,medium,184.91,news junkie
CUST_02222,0.907131953,1,too expensive,working professional,basic,high,243.81,binge watcher
CUST_02223,0.856377402,1,too expensive,retired individual,premium,medium,721.4,family viewer
CUST_02224,0.70462722,1,technical issues,college student,standard,medium,415.44,news junkie
CUST_02225,0.857285842,1,too expensive,school student,premium,low,619.55,casual viewer
CUST_02226,0.813889307,1,none,college student,premium,high,606.85,casual viewer
CUST_02227,0.81100538,1,too expensive,retired individual,standard,high,409.66,news junkie
CUST_02228,0.62093447,1,switched to competitor,retired individual,basic,high,244.98,binge watcher
CUST_02229,0.85482316,1,too expensive,retired individual,standard,medium,454.94,news junkie
CUST_02230,0.716869315,1,none,college student,standard,high,390.46,news junkie
CUST_02231,0.678183843,1,none,retired individual,standard,high,378.81,binge watcher
CUST_02232,0.822425858,1,technical issues,retired individual,standard,medium,356.31,casual viewer
CUST_02233,0.628767846,1,none,working professional,basic,medium,196.64,binge watcher
CUST_02234,0.779005828,1,none,college student,basic,medium,223.18,binge watcher
CUST_02235,0.86054732,1,none,college student,basic,low,199.69,casual viewer
CUST_02236,0.788703788,1,none,working professional,premium,low,753.93,news junkie
CUST_02237,0.727973779,1,none,school student,premium,medium,636.92,family viewer
CUST_02238,0.829850029,1,too expensive,college student,standard,low,467.47,news junkie
CUST_02239,0.621931582,1,switched to competitor,college student,basic,high,248.84,sports enthusiast
CUST_02240,0.920876912,1,too expensive,working professional,standard,high,335.19,news junkie
CUST_02241,0.743294393,1,too expensive,college student,premium,high,617.16,news junkie
CUST_02242,0.908031534,1,technical issues,retired individual,standard,low,324.83,binge watcher
CUST_02243,0.683539793,1,none,college student,premium,medium,614.02,family viewer
CUST_02244,0.856038434,1,technical issues,working professional,basic,medium,150.05,news junkie
CUST_02245,0.883571178,1,content not interesting,college student,basic,high,207.13,family viewer
CUST_02246,0.836389261,1,no time to watch,college student,basic,medium,235.18,casual viewer
CUST_02247,0.86891836,1,no time to watch,retired individual,basic,medium,179.84,family viewer
CUST_02248,0.764411873,1,too expensive,retired individual,standard,high,378.56,family viewer
CUST_02249,0.747607741,1,none,working professional,premium,high,742.66,casual viewer
CUST_02250,0.925063489,1,too expensive,college student,premium,low,687.85,family viewer
CUST_02251,0.613760811,1,no time to watch,retired individual,standard,high,449.89,casual viewer
CUST_02252,0.808819884,1,too expensive,retired individual,basic,high,192.28,binge watcher
CUST_02253,0.798204119,1,switched to competitor,college student,basic,high,217.82,news junkie
CUST_02254,0.849345622,1,too expensive,college student,premium,medium,682.77,sports enthusiast
CUST_02255,0.720192181,1,too expensive,college student,standard,high,426.25,news junkie
CUST_02256,0.761869198,1,no time to watch,college student,basic,high,225.56,binge watcher
CUST_02257,0.618098307,1,switched to competitor,school student,standard,high,381.24,binge watcher
CUST_02258,0.794558471,1,no time to watch,working professional,standard,high,424.48,binge watcher
CUST_02259,0.759539064,1,technical issues,working professional,basic,low,226.95,news junkie
CUST_02260,0.690416064,1,none,school student,basic,high,222.7,family viewer
CUST_02261,0.897670436,1,too expensive,working professional,standard,high,373.2,casual viewer
CUST_02262,0.837572845,1,technical issues,retired individual,standard,medium,439.28,casual viewer
CUST_02263,0.728057434,1,content not interesting,college student,basic,high,165.28,news junkie
CUST_02264,0.680491448,1,none,working professional,premium,medium,637.98,casual viewer
CUST_02265,0.902426282,1,too expensive,college student,standard,low,427.36,news junkie
CUST_02266,0.849226797,1,too expensive,college student,premium,medium,612.05,news junkie
CUST_02267,0.845531454,1,no time to watch,working professional,standard,medium,331.4,family viewer
CUST_02268,0.902630078,1,no time to watch,working professional,basic,medium,263.73,casual viewer
CUST_02269,0.824523476,1,technical issues,school student,standard,medium,433.33,binge watcher
CUST_02270,0.764497117,1,content not interesting,college student,basic,high,206.84,casual viewer
CUST_02271,0.942070524,1,too expensive,college student,standard,low,442.23,news junkie
CUST_02272,0.768742266,1,too expensive,retired individual,premium,medium,618.71,binge watcher
CUST_02273,0.68400912,1,technical issues,college student,basic,medium,231.36,news junkie
CUST_02274,0.770378562,1,no time to watch,working professional,basic,high,197.49,casual viewer
CUST_02275,0.855114121,1,too expensive,retired individual,basic,high,194.3,family viewer
CUST_02276,0.813248437,1,none,college student,premium,low,688.61,sports enthusiast
CUST_02277,0.867700474,1,none,retired individual,basic,medium,217.59,sports enthusiast
CUST_02278,0.806756179,1,no time to watch,retired individual,basic,low,211.57,news junkie
CUST_02279,0.860983875,1,too expensive,working professional,premium,low,697.2,sports enthusiast
CUST_02280,0.800126842,1,no time to watch,college student,basic,high,208.42,family viewer
CUST_02281,0.721574174,1,none,college student,standard,high,414.85,news junkie
CUST_02282,0.92681938,1,too expensive,college student,standard,low,422.51,sports enthusiast
CUST_02283,0.749537875,1,too expensive,retired individual,premium,high,620.66,binge watcher
CUST_02284,0.931593341,1,no time to watch,working professional,standard,low,348.84,sports enthusiast
CUST_02285,0.773806001,1,none,college student,standard,high,394.68,news junkie
CUST_02286,0.655122662,1,switched to competitor,retired individual,basic,high,138.94,casual viewer
CUST_02287,0.71240008,1,switched to competitor,college student,standard,high,350.92,sports enthusiast
CUST_02288,0.809282866,1,none,college student,standard,medium,357.09,binge watcher
CUST_02289,0.862961369,1,none,school student,premium,medium,752.92,family viewer
CUST_02290,0.887243717,1,too expensive,working professional,standard,high,448.77,binge watcher
CUST_02291,0.741040347,1,too expensive,retired individual,premium,medium,612.87,casual viewer
CUST_02292,0.766683916,1,too expensive,college student,premium,medium,810.25,news junkie
CUST_02293,0.756396618,1,content not interesting,college student,standard,high,453.07,binge watcher
CUST_02294,0.762753405,1,switched to competitor,college student,basic,high,210.47,casual viewer
CUST_02295,0.787911155,1,technical issues,school student,basic,medium,187.2,binge watcher
CUST_02296,0.754495776,1,switched to competitor,college student,basic,high,205.19,news junkie
CUST_02297,0.722131041,1,no time to watch,school student,basic,medium,185.52,news junkie
CUST_02298,0.852835844,1,technical issues,retired individual,standard,low,433.93,casual viewer
CUST_02299,0.600604677,1,switched to competitor,college student,standard,high,409.47,family viewer
CUST_02300,0.589465392,1,technical issues,college student,basic,low,175.8,news junkie
CUST_02301,0.855313083,1,too expensive,school student,premium,medium,772.43,binge watcher
CUST_02302,0.789275466,1,too expensive,retired individual,premium,medium,754.84,binge watcher
CUST_02303,0.823005882,1,technical issues,retired individual,standard,medium,439.99,family viewer
CUST_02304,0.8095215,1,too expensive,school student,premium,high,690.32,sports enthusiast
CUST_02305,0.785222638,1,too expensive,college student,basic,high,185.53,family viewer
CUST_02306,0.786606105,1,technical issues,college student,standard,low,374.66,casual viewer
CUST_02307,0.720112414,1,switched to competitor,retired individual,standard,high,397.97,family viewer
CUST_02308,0.708671037,1,too expensive,retired individual,premium,medium,601.34,binge watcher
CUST_02309,0.79546574,1,too expensive,college student,premium,medium,609.77,news junkie
CUST_02310,0.720998181,1,none,college student,standard,high,380.21,sports enthusiast
CUST_02311,0.632006369,1,technical issues,retired individual,basic,medium,180.05,news junkie
CUST_02312,0.780884611,1,too expensive,college student,premium,high,626.46,binge watcher
CUST_02313,0.659930002,1,none,college student,standard,high,358.77,family viewer
CUST_02314,0.811099227,1,too expensive,retired individual,premium,low,779.54,family viewer
CUST_02315,0.701025412,1,switched to competitor,college student,standard,high,327.34,binge watcher
CUST_02316,0.76061903,1,technical issues,retired individual,basic,medium,217.38,binge watcher
CUST_02317,0.891479599,1,too expensive,college student,premium,high,706.4,casual viewer
CUST_02318,0.85060538,1,technical issues,college student,standard,medium,347.69,sports enthusiast
CUST_02319,0.882358246,1,technical issues,college student,standard,medium,361.27,family viewer
CUST_02320,0.833865578,1,switched to competitor,school student,standard,high,462.92,binge watcher
CUST_02321,0.783656754,1,none,college student,basic,high,241.18,binge watcher
CUST_02322,0.704460287,1,too expensive,college student,basic,high,223.68,casual viewer
CUST_02323,0.772954107,1,none,college student,standard,high,324,news junkie
CUST_02324,0.629658177,1,too expensive,working professional,premium,high,656.77,sports enthusiast
CUST_02325,0.73676798,1,none,retired individual,premium,high,781.71,binge watcher
CUST_02326,0.802713027,1,no time to watch,working professional,basic,high,186.42,news junkie
CUST_02327,0.844486251,1,too expensive,college student,premium,high,684.93,sports enthusiast
CUST_02328,0.873499791,1,no time to watch,working professional,basic,high,246.57,casual viewer
CUST_02329,0.722108565,1,none,college student,premium,medium,635.83,news junkie
CUST_02330,0.688922723,1,too expensive,college student,premium,high,730.41,news junkie
CUST_02331,0.670825071,1,too expensive,retired individual,premium,medium,656.89,news junkie
CUST_02332,0.870156651,1,too expensive,working professional,premium,high,606.09,binge watcher
CUST_02333,0.749957178,1,none,school student,basic,high,192.32,sports enthusiast
CUST_02334,0.921292285,1,too expensive,retired individual,premium,high,653.66,family viewer
CUST_02335,0.75765419,1,none,college student,basic,high,242.58,casual viewer
CUST_02336,0.798028655,1,none,working professional,basic,high,171.78,sports enthusiast
CUST_02337,0.862154851,1,technical issues,college student,standard,low,406.12,family viewer
CUST_02338,0.751771364,1,too expensive,working professional,premium,high,743.88,family viewer
CUST_02339,0.695247844,1,switched to competitor,college student,standard,high,360.89,news junkie
CUST_02340,0.919678031,1,technical issues,college student,basic,low,186.9,casual viewer
CUST_02341,0.73874107,1,none,retired individual,premium,high,630.07,family viewer
CUST_02342,0.779055395,1,none,retired individual,standard,high,376.26,sports enthusiast
CUST_02343,0.893473366,1,technical issues,school student,standard,medium,375.65,binge watcher
CUST_02344,0.608786437,1,too expensive,college student,premium,medium,745.58,sports enthusiast
CUST_02345,0.817312597,1,too expensive,college student,premium,high,641.08,sports enthusiast
CUST_02346,0.754938324,1,switched to competitor,retired individual,basic,high,190.96,casual viewer
CUST_02347,0.879537133,1,too expensive,retired individual,premium,high,781.36,news junkie
CUST_02348,0.796219302,1,technical issues,college student,basic,medium,216.06,casual viewer
CUST_02349,0.814556332,1,too expensive,working professional,standard,high,360.2,family viewer
CUST_02350,0.618717802,1,too expensive,retired individual,premium,high,678.41,family viewer
CUST_02351,0.720553321,1,too expensive,working professional,premium,high,605.85,news junkie
CUST_02352,0.779027911,1,too expensive,college student,standard,high,347.52,family viewer
CUST_02353,0.650875367,1,none,college student,basic,medium,149.63,casual viewer
CUST_02354,0.880854934,1,too expensive,college student,premium,high,754.55,news junkie
CUST_02355,0.659307797,1,switched to competitor,retired individual,standard,high,377.68,news junkie
CUST_02356,0.856030085,1,no time to watch,retired individual,basic,medium,208.73,sports enthusiast
CUST_02357,0.831140881,1,technical issues,working professional,basic,medium,212.62,binge watcher
CUST_02358,0.847583957,1,no time to watch,college student,standard,high,425.94,casual viewer
CUST_02359,0.808517144,1,too expensive,retired individual,basic,medium,204.18,family viewer
CUST_02360,0.954816489,1,too expensive,working professional,standard,low,335.76,news junkie
CUST_02361,0.72909966,1,no time to watch,working professional,basic,medium,191.37,family viewer
CUST_02362,0.634183989,1,technical issues,college student,standard,medium,316.79,news junkie
CUST_02363,0.639885255,1,switched to competitor,retired individual,basic,high,172.65,family viewer
CUST_02364,0.83052952,1,no time to watch,college student,basic,high,215.84,news junkie
CUST_02365,0.735596248,1,too expensive,retired individual,standard,high,388.94,news junkie
CUST_02366,0.815895197,1,none,college student,standard,medium,371.75,family viewer
CUST_02367,0.809872881,1,none,working professional,premium,high,600.46,family viewer
CUST_02368,0.637257212,1,none,retired individual,basic,high,181.73,sports enthusiast
CUST_02369,0.803020956,1,technical issues,working professional,basic,low,181.22,sports enthusiast
CUST_02370,0.699568629,1,no time to watch,working professional,standard,high,469.44,casual viewer
CUST_02371,0.966148449,1,none,working professional,standard,low,396.51,news junkie
CUST_02372,0.607418411,1,none,college student,basic,high,170.01,casual viewer
CUST_02373,0.779775338,1,none,college student,premium,low,705.13,family viewer
CUST_02374,0.772721812,1,no time to watch,working professional,basic,high,181.08,binge watcher
CUST_02375,0.850694278,1,no time to watch,working professional,basic,medium,200.76,sports enthusiast
CUST_02376,0.741260671,1,none,working professional,premium,medium,683.72,casual viewer
CUST_02377,0.721363069,1,too expensive,retired individual,premium,medium,717.77,family viewer
CUST_02378,0.79779548,1,none,college student,standard,medium,401.54,sports enthusiast
CUST_02379,0.789872072,1,no time to watch,college student,standard,medium,419.56,casual viewer
CUST_02380,0.865892157,1,technical issues,school student,standard,low,336.18,news junkie
CUST_02381,0.612452163,1,none,school student,basic,high,159.98,sports enthusiast
CUST_02382,0.672283371,1,too expensive,college student,premium,high,681.15,family viewer
CUST_02383,0.850125341,1,too expensive,college student,standard,high,433.88,binge watcher
CUST_02384,0.840147609,1,too expensive,college student,premium,high,805.51,binge watcher
CUST_02385,0.896433748,1,too expensive,college student,premium,low,748.57,news junkie
CUST_02386,0.761103589,1,none,college student,premium,high,783.45,casual viewer
CUST_02387,0.711208676,1,none,working professional,standard,high,358.9,casual viewer
CUST_02388,0.835226406,1,too expensive,college student,premium,medium,712.22,binge watcher
CUST_02389,0.750717678,1,technical issues,college student,standard,medium,380.52,binge watcher
CUST_02390,0.892941143,1,no time to watch,working professional,standard,high,344.25,binge watcher
CUST_02391,0.837262677,1,technical issues,college student,basic,low,172.52,news junkie
CUST_02392,0.662291514,1,technical issues,school student,basic,medium,232.29,casual viewer
CUST_02393,0.882069761,1,too expensive,retired individual,premium,high,671.46,family viewer
CUST_02394,0.952989577,1,too expensive,working professional,standard,low,441.4,family viewer
CUST_02395,0.850900761,1,none,working professional,standard,high,420.48,family viewer
CUST_02396,0.815367123,1,too expensive,retired individual,premium,high,598.37,family viewer
CUST_02397,0.820453459,1,no time to watch,school student,basic,medium,189.27,binge watcher
CUST_02398,0.737288458,1,technical issues,retired individual,standard,low,357.94,news junkie
CUST_02399,0.677105882,1,too expensive,college student,premium,medium,623.22,binge watcher
CUST_02400,0.916676905,1,too expensive,retired individual,premium,low,785.31,casual viewer
CUST_02401,0.883628302,1,technical issues,school student,basic,medium,209.81,casual viewer
CUST_02402,0.509959253,1,switched to competitor,college student,basic,high,188.96,sports enthusiast
CUST_02403,0.799297212,1,too expensive,school student,standard,high,424.47,family viewer
CUST_02404,0.792571988,1,none,college student,standard,medium,375.81,family viewer
CUST_02405,0.853272698,1,technical issues,retired individual,standard,medium,346.62,sports enthusiast
CUST_02406,0.940991338,1,too expensive,school student,basic,low,183.12,binge watcher
CUST_02407,0.73970674,1,technical issues,retired individual,basic,medium,177.36,family viewer
CUST_02408,0.880391592,1,too expensive,college student,standard,medium,433.44,news junkie
CUST_02409,0.859203167,1,too expensive,school student,standard,high,413.45,casual viewer
CUST_02410,0.747156565,1,switched to competitor,college student,basic,high,184.95,sports enthusiast
CUST_02411,0.822589793,1,too expensive,retired individual,premium,high,607.87,binge watcher
CUST_02412,0.846410494,1,too expensive,college student,premium,high,635.7,binge watcher
CUST_02413,0.798698499,1,too expensive,college student,basic,medium,220.41,binge watcher
CUST_02414,0.834598309,1,technical issues,retired individual,standard,low,440.86,family viewer
CUST_02415,0.683665901,1,none,retired individual,basic,medium,216.5,family viewer
CUST_02416,0.852536949,1,switched to competitor,retired individual,basic,high,160.01,sports enthusiast
CUST_02417,0.894316443,1,too expensive,school student,premium,high,610.34,sports enthusiast
CUST_02418,0.827190086,1,too expensive,school student,premium,high,695.67,family viewer
CUST_02419,0.708538891,1,technical issues,school student,standard,medium,340.48,binge watcher
CUST_02420,0.806010131,1,technical issues,college student,standard,low,482.96,casual viewer
CUST_02421,0.793945268,1,content not interesting,college student,basic,high,217.57,family viewer
CUST_02422,0.736289167,1,none,college student,standard,high,423.64,sports enthusiast
CUST_02423,0.79090374,1,too expensive,school student,standard,high,384.56,binge watcher
CUST_02424,0.747430304,1,too expensive,college student,premium,high,756.93,family viewer
CUST_02425,0.800461168,1,technical issues,school student,basic,medium,154.47,family viewer
CUST_02426,0.538637065,1,none,school student,premium,high,782.57,news junkie
CUST_02427,0.57548927,1,switched to competitor,retired individual,basic,high,180.78,news junkie
CUST_02428,0.853631986,1,none,college student,standard,high,373.89,casual viewer
CUST_02429,0.777786277,1,technical issues,college student,basic,medium,222.83,news junkie
CUST_02430,0.891394134,1,none,working professional,standard,medium,384.07,sports enthusiast
CUST_02431,0.902207133,1,too expensive,college student,premium,low,703.03,news junkie
CUST_02432,0.729262251,1,technical issues,college student,basic,medium,201.67,casual viewer
CUST_02433,0.884498537,1,no time to watch,working professional,basic,low,192.25,binge watcher
CUST_02434,0.72337497,1,none,college student,standard,high,372.98,news junkie
CUST_02435,0.861383347,1,switched to competitor,college student,basic,high,173.45,binge watcher
CUST_02436,0.701936696,1,technical issues,retired individual,basic,medium,189.04,family viewer
CUST_02437,0.89411507,1,too expensive,school student,basic,medium,199.09,family viewer
CUST_02438,0.704836234,1,none,college student,premium,medium,608.51,casual viewer
CUST_02439,0.839208423,1,none,working professional,standard,low,397.38,casual viewer
CUST_02440,0.853386621,1,too expensive,retired individual,standard,medium,374.28,binge watcher
CUST_02441,0.8977272,1,too expensive,college student,standard,high,388.21,family viewer
CUST_02442,0.800223068,1,too expensive,school student,standard,high,334.64,sports enthusiast
CUST_02443,0.915599294,1,technical issues,retired individual,standard,low,429.61,family viewer
CUST_02444,0.821819326,1,too expensive,retired individual,premium,medium,701.17,family viewer
CUST_02445,0.8110861,1,none,retired individual,standard,high,346.82,news junkie
CUST_02446,0.861546698,1,none,college student,standard,high,392.59,news junkie
CUST_02447,0.709253219,1,switched to competitor,retired individual,basic,high,244.22,casual viewer
CUST_02448,0.751058678,1,none,college student,standard,high,443.73,binge watcher
CUST_02449,0.821571596,1,too expensive,retired individual,premium,high,823.55,casual viewer
CUST_02450,0.72832242,1,too expensive,college student,premium,high,699.85,binge watcher
CUST_02451,0.84044146,1,none,college student,basic,medium,164.13,news junkie
CUST_02452,0.699628776,1,technical issues,retired individual,standard,medium,464.41,casual viewer
CUST_02453,0.818587358,1,none,retired individual,basic,medium,209.5,casual viewer
CUST_02454,0.802205776,1,none,college student,basic,medium,181.6,casual viewer
CUST_02455,0.89632221,1,too expensive,retired individual,standard,medium,407.85,family viewer
CUST_02456,0.725145912,1,content not interesting,retired individual,standard,high,450.02,casual viewer
CUST_02457,0.724819738,1,no time to watch,school student,standard,high,393.91,binge watcher
CUST_02458,0.747887342,1,content not interesting,college student,standard,high,432.13,casual viewer
CUST_02459,0.84157926,1,technical issues,college student,standard,low,434.93,family viewer
CUST_02460,0.680777818,1,technical issues,college student,standard,medium,369.86,binge watcher
CUST_02461,0.727705605,1,too expensive,college student,premium,high,664.42,casual viewer
CUST_02462,0.819553622,1,too expensive,college student,standard,medium,395.61,news junkie
CUST_02463,0.845172574,1,too expensive,working professional,premium,medium,686.57,news junkie
CUST_02464,0.815164939,1,none,retired individual,standard,low,342.43,family viewer
CUST_02465,0.943197635,1,too expensive,working professional,standard,low,366.25,casual viewer
CUST_02466,0.73212144,1,none,college student,basic,low,209.32,family viewer
CUST_02467,0.78340054,1,none,retired individual,premium,high,712.99,family viewer
CUST_02468,0.905301479,1,too expensive,retired individual,standard,high,380.25,family viewer
CUST_02469,0.909923694,1,too expensive,college student,basic,medium,198.36,news junkie
CUST_02470,0.763142096,1,none,working professional,basic,medium,186.16,sports enthusiast
CUST_02471,0.707128731,1,too expensive,college student,premium,high,672.94,news junkie
CUST_02472,0.873685759,1,too expensive,retired individual,premium,low,642.56,family viewer
CUST_02473,0.837002444,1,too expensive,college student,basic,medium,226.7,news junkie
CUST_02474,0.834743051,1,too expensive,school student,premium,medium,688.12,sports enthusiast
CUST_02475,0.951924382,1,too expensive,retired individual,premium,low,693.37,binge watcher
CUST_02476,0.656102881,1,switched to competitor,working professional,basic,high,234.64,family viewer
CUST_02477,0.891727868,1,too expensive,retired individual,standard,medium,407.56,casual viewer
CUST_02478,0.864811194,1,too expensive,college student,premium,medium,714.46,family viewer
CUST_02479,0.863807115,1,none,working professional,basic,low,184.23,binge watcher
CUST_02480,0.758873421,1,technical issues,school student,standard,medium,406.96,binge watcher
CUST_02481,0.782654191,1,too expensive,college student,premium,medium,796.24,binge watcher
CUST_02482,0.665707393,1,technical issues,college student,basic,medium,207.93,news junkie
CUST_02483,0.901354122,1,too expensive,working professional,standard,medium,350.94,casual viewer
CUST_02484,0.796830281,1,technical issues,school student,basic,medium,215,sports enthusiast
CUST_02485,0.710461175,1,too expensive,college student,premium,low,719.48,family viewer
CUST_02486,0.793172909,1,too expensive,school student,premium,medium,632.8,sports enthusiast
CUST_02487,0.847137835,1,too expensive,retired individual,premium,high,694.03,casual viewer
CUST_02488,0.60579172,1,switched to competitor,retired individual,standard,high,455.33,news junkie
CUST_02489,0.758004927,1,none,school student,standard,medium,362.58,sports enthusiast
CUST_02490,0.77141356,1,too expensive,college student,premium,medium,782.3,family viewer
CUST_02491,0.918049283,1,too expensive,working professional,premium,low,765.41,sports enthusiast
CUST_02492,0.841056757,1,technical issues,school student,basic,low,208.68,family viewer
CUST_02493,0.785282827,1,none,school student,basic,medium,224.07,sports enthusiast
CUST_02494,0.798608724,1,too expensive,college student,premium,low,694.01,family viewer
CUST_02495,0.857578121,1,technical issues,retired individual,basic,low,204.95,news junkie
CUST_02496,0.677787772,1,content not interesting,college student,standard,high,414.33,sports enthusiast
CUST_02497,0.796958026,1,too expensive,retired individual,basic,medium,242.41,casual viewer
CUST_02498,0.830186722,1,no time to watch,retired individual,basic,high,168.92,sports enthusiast
CUST_02499,0.911651831,1,too expensive,retired individual,premium,low,660.19,news junkie
CUST_02500,0.735026859,1,too expensive,working professional,premium,high,607.63,news junkie
CUST_02501,0.873996492,1,too expensive,college student,premium,medium,645.18,casual viewer
CUST_02502,0.773670174,1,too expensive,college student,premium,low,759.97,family viewer
CUST_02503,0.783559905,1,technical issues,college student,basic,low,201.14,sports enthusiast
CUST_02504,0.801120297,1,none,college student,standard,medium,389.63,sports enthusiast
CUST_02505,0.661320639,1,none,college student,premium,medium,653.39,casual viewer
CUST_02506,0.578492229,1,content not interesting,retired individual,basic,high,197.3,binge watcher
CUST_02507,0.788682124,1,too expensive,college student,premium,high,613.25,news junkie
CUST_02508,0.764522266,1,none,retired individual,standard,low,343.91,news junkie
CUST_02509,0.870947905,1,too expensive,working professional,basic,high,225.33,family viewer
CUST_02510,0.900910847,1,no time to watch,working professional,standard,medium,369.11,binge watcher
CUST_02511,0.905758439,1,no time to watch,working professional,standard,low,409.23,news junkie
CUST_02512,0.75901744,1,none,retired individual,standard,high,408.79,news junkie
CUST_02513,0.904518579,1,too expensive,retired individual,premium,medium,761.35,binge watcher
CUST_02514,0.860133115,1,too expensive,working professional,premium,medium,737.47,binge watcher
CUST_02515,0.892284238,1,too expensive,college student,premium,low,634.28,news junkie
CUST_02516,0.877739586,1,too expensive,college student,basic,high,189.54,casual viewer
CUST_02517,0.827283501,1,too expensive,college student,standard,high,346.97,casual viewer
CUST_02518,0.56893202,1,switched to competitor,college student,basic,high,245.75,binge watcher
CUST_02519,0.566392008,1,content not interesting,retired individual,standard,high,408.52,sports enthusiast
CUST_02520,0.662917076,1,no time to watch,college student,basic,high,195.24,sports enthusiast
CUST_02521,0.91494911,1,too expensive,retired individual,premium,low,748.6,casual viewer
CUST_02522,0.733780947,1,technical issues,college student,standard,medium,384.44,binge watcher
CUST_02523,0.860513546,1,content not interesting,working professional,basic,high,162.8,casual viewer
CUST_02524,0.58180429,1,none,college student,premium,high,628.59,family viewer
CUST_02525,0.853230586,1,too expensive,school student,premium,medium,636.2,family viewer
CUST_02526,0.779988818,1,technical issues,college student,standard,low,442.36,binge watcher
CUST_02527,0.804146684,1,technical issues,college student,standard,medium,401.16,sports enthusiast
CUST_02528,0.67903071,1,none,retired individual,basic,high,194.01,casual viewer
CUST_02529,0.773916628,1,technical issues,college student,standard,low,422.03,casual viewer
CUST_02530,0.890897559,1,none,college student,basic,medium,199.96,sports enthusiast
CUST_02531,0.79258235,1,too expensive,college student,premium,high,632.7,sports enthusiast
CUST_02532,0.750296408,1,none,school student,premium,high,681.29,casual viewer
CUST_02533,0.702603749,1,no time to watch,working professional,standard,high,358.52,sports enthusiast
CUST_02534,0.749132399,1,content not interesting,retired individual,basic,high,177.29,news junkie
CUST_02535,0.675935656,1,switched to competitor,retired individual,standard,high,401.99,binge watcher
CUST_02536,0.90047825,1,no time to watch,retired individual,standard,low,347.91,news junkie
CUST_02537,0.793248593,1,no time to watch,college student,standard,medium,470.16,sports enthusiast
CUST_02538,0.771112557,1,no time to watch,working professional,basic,high,215.44,casual viewer
CUST_02539,0.905474235,1,too expensive,retired individual,premium,medium,628.29,binge watcher
CUST_02540,0.722879305,1,technical issues,college student,basic,medium,195.16,sports enthusiast
CUST_02541,0.896952281,1,too expensive,working professional,premium,high,631.98,family viewer
CUST_02542,0.677727757,1,switched to competitor,school student,standard,high,401.99,family viewer
CUST_02543,0.827933848,1,no time to watch,retired individual,basic,medium,197.18,family viewer
CUST_02544,0.646427633,1,switched to competitor,retired individual,standard,high,338.79,sports enthusiast
CUST_02545,0.808731706,1,too expensive,retired individual,basic,medium,181.15,binge watcher
CUST_02546,0.801411213,1,too expensive,school student,basic,high,211.47,news junkie
CUST_02547,0.778060912,1,switched to competitor,college student,standard,high,435.99,family viewer
CUST_02548,0.808173942,1,too expensive,working professional,premium,high,764.44,casual viewer
CUST_02549,0.770514348,1,too expensive,college student,premium,medium,693.44,sports enthusiast
CUST_02550,0.650742355,1,switched to competitor,college student,standard,high,489.5,family viewer
CUST_02551,0.808923881,1,technical issues,college student,standard,low,461.34,news junkie
CUST_02552,0.92148373,1,too expensive,college student,standard,low,406.41,casual viewer
CUST_02553,0.834281486,1,too expensive,school student,basic,high,183.67,binge watcher
CUST_02554,0.815331593,1,no time to watch,college student,basic,high,213.77,sports enthusiast
CUST_02555,0.579855231,1,none,college student,premium,high,707.66,sports enthusiast
CUST_02556,0.847670569,1,too expensive,college student,basic,high,212.97,binge watcher
CUST_02557,0.71236237,1,too expensive,college student,basic,medium,201.63,news junkie
CUST_02558,0.896101829,1,none,school student,standard,low,468.94,binge watcher
CUST_02559,0.91918902,1,too expensive,working professional,basic,high,167.21,news junkie
CUST_02560,0.682297289,1,too expensive,retired individual,premium,high,702.86,news junkie
CUST_02561,0.694676388,1,technical issues,college student,basic,low,202.73,news junkie
CUST_02562,0.734953511,1,none,school student,premium,low,590.54,news junkie
CUST_02563,0.812580907,1,too expensive,retired individual,premium,high,683.77,casual viewer
CUST_02564,0.591791257,1,switched to competitor,retired individual,basic,high,229.81,sports enthusiast
CUST_02565,0.719003469,1,technical issues,college student,basic,medium,184.23,family viewer
CUST_02566,0.775262846,1,technical issues,retired individual,standard,medium,352.26,sports enthusiast
CUST_02567,0.726823947,1,none,college student,premium,medium,704,family viewer
CUST_02568,0.788498207,1,technical issues,retired individual,standard,low,449.07,casual viewer
CUST_02569,0.796101554,1,too expensive,college student,premium,high,781.84,binge watcher
CUST_02570,0.670382665,1,none,retired individual,premium,high,596.95,casual viewer
CUST_02571,0.848082128,1,technical issues,college student,standard,low,410.72,sports enthusiast
CUST_02572,0.910069877,1,too expensive,working professional,basic,medium,203.63,casual viewer
CUST_02573,0.730736718,1,content not interesting,college student,basic,high,194.36,sports enthusiast
CUST_02574,0.844591407,1,none,retired individual,standard,high,408.89,sports enthusiast
CUST_02575,0.752778375,1,too expensive,college student,premium,medium,789.53,news junkie
CUST_02576,0.848667296,1,no time to watch,working professional,standard,low,430.11,sports enthusiast
CUST_02577,0.765359125,1,none,college student,basic,high,193.57,binge watcher
CUST_02578,0.829629861,1,technical issues,working professional,basic,low,140.42,binge watcher
CUST_02579,0.877851032,1,too expensive,working professional,premium,low,678.57,binge watcher
CUST_02580,0.717911883,1,too expensive,working professional,premium,medium,687.14,news junkie
CUST_02581,0.784660617,1,too expensive,working professional,premium,high,767.69,casual viewer
CUST_02582,0.816911416,1,too expensive,retired individual,basic,high,193.45,news junkie
CUST_02583,0.869576485,1,content not interesting,working professional,standard,high,351.29,news junkie
CUST_02584,0.786009789,1,too expensive,college student,premium,high,648.1,sports enthusiast
CUST_02585,0.758499038,1,too expensive,school student,standard,high,381.43,family viewer
CUST_02586,0.649003186,1,none,retired individual,basic,high,174.85,binge watcher
CUST_02587,0.852982761,1,too expensive,school student,premium,high,729.83,sports enthusiast
CUST_02588,0.752310321,1,switched to competitor,college student,basic,high,222.6,binge watcher
CUST_02589,0.638608447,1,none,college student,basic,high,192.12,family viewer
CUST_02590,0.696353657,1,too expensive,retired individual,premium,high,778.85,casual viewer
CUST_02591,0.861216537,1,none,retired individual,standard,medium,408.17,sports enthusiast
CUST_02592,0.838561186,1,none,college student,premium,high,758.34,news junkie
CUST_02593,0.909122529,1,too expensive,college student,standard,low,419.48,binge watcher
CUST_02594,0.653619762,1,none,school student,standard,high,375.78,sports enthusiast
CUST_02595,0.867455957,1,no time to watch,working professional,standard,high,391.29,news junkie
CUST_02596,0.695381126,1,content not interesting,retired individual,standard,high,418.54,family viewer
CUST_02597,0.89490751,1,no time to watch,working professional,standard,medium,349.97,binge watcher
CUST_02598,0.770486633,1,no time to watch,retired individual,standard,high,443.62,family viewer
CUST_02599,0.731258968,1,none,retired individual,standard,low,396.07,sports enthusiast
CUST_02600,0.769798401,1,too expensive,college student,standard,high,407.63,binge watcher
CUST_02601,0.853725223,1,technical issues,working professional,standard,low,368.02,binge watcher
CUST_02602,0.755981954,1,none,college student,basic,high,210.05,news junkie
CUST_02603,0.701628519,1,none,college student,basic,high,235.9,news junkie
CUST_02604,0.78252288,1,technical issues,retired individual,standard,medium,417.78,binge watcher
CUST_02605,0.897005299,1,too expensive,working professional,basic,high,212.71,sports enthusiast
CUST_02606,0.717369084,1,none,college student,basic,medium,251.51,sports enthusiast
CUST_02607,0.818370288,1,none,working professional,basic,high,200.28,casual viewer
CUST_02608,0.649618173,1,technical issues,retired individual,standard,medium,386.17,sports enthusiast
CUST_02609,0.628421547,1,switched to competitor,college student,standard,high,386.67,news junkie
CUST_02610,0.886157147,1,too expensive,working professional,premium,medium,702.43,casual viewer
CUST_02611,0.809611715,1,too expensive,retired individual,premium,medium,708.88,family viewer
CUST_02612,0.500413051,1,none,school student,standard,high,342.87,binge watcher
CUST_02613,0.918588545,1,too expensive,working professional,standard,low,384.92,family viewer
CUST_02614,0.694711968,1,no time to watch,college student,standard,medium,365.96,casual viewer
CUST_02615,0.648068951,1,content not interesting,college student,standard,high,405.26,family viewer
CUST_02616,0.681629555,1,switched to competitor,retired individual,standard,high,408.66,binge watcher
CUST_02617,0.805514625,1,none,retired individual,standard,high,417.22,news junkie
CUST_02618,0.779140847,1,none,college student,premium,high,714.04,sports enthusiast
CUST_02619,0.730589414,1,too expensive,college student,premium,high,675.35,sports enthusiast
CUST_02620,0.781587474,1,technical issues,college student,standard,medium,481.22,family viewer
CUST_02621,0.817568273,1,too expensive,college student,premium,medium,653.42,news junkie
CUST_02622,0.73511583,1,switched to competitor,college student,basic,high,220.27,binge watcher
CUST_02623,0.596125954,1,technical issues,school student,standard,medium,438.45,news junkie
CUST_02624,0.76862527,1,too expensive,school student,premium,medium,698.7,news junkie
CUST_02625,0.828136854,1,too expensive,college student,premium,high,750.66,news junkie
CUST_02626,0.816975991,1,too expensive,retired individual,basic,high,215.84,binge watcher
CUST_02627,0.564288809,1,none,college student,basic,high,184.75,casual viewer
CUST_02628,0.616747527,1,too expensive,college student,premium,high,699.38,family viewer
CUST_02629,0.883373604,1,too expensive,college student,standard,medium,418.06,sports enthusiast
CUST_02630,0.879095002,1,none,retired individual,basic,low,220.93,binge watcher
CUST_02631,0.811171795,1,technical issues,college student,basic,low,182.47,family viewer
CUST_02632,0.540008933,1,switched to competitor,retired individual,standard,high,364.19,casual viewer
CUST_02633,0.856347776,1,too expensive,working professional,premium,medium,771.53,family viewer
CUST_02634,0.768857475,1,no time to watch,working professional,standard,high,385.48,sports enthusiast
CUST_02635,0.862678213,1,too expensive,retired individual,basic,high,216.35,casual viewer
CUST_02636,0.680213413,1,too expensive,college student,premium,high,698.8,sports enthusiast
CUST_02637,0.816376793,1,too expensive,working professional,premium,low,830.07,family viewer
CUST_02638,0.648190838,1,none,working professional,standard,medium,376.05,casual viewer
CUST_02639,0.831876704,1,technical issues,college student,standard,low,440.1,casual viewer
CUST_02640,0.861784611,1,too expensive,college student,premium,medium,716.31,casual viewer
CUST_02641,0.891786371,1,too expensive,college student,premium,low,669.57,family viewer
CUST_02642,0.850602923,1,too expensive,retired individual,premium,medium,708.14,sports enthusiast
CUST_02643,0.760192471,1,too expensive,working professional,premium,high,778.55,sports enthusiast
CUST_02644,0.815816253,1,too expensive,college student,premium,high,650.67,sports enthusiast
CUST_02645,0.505783127,1,switched to competitor,college student,basic,high,157.36,news junkie
CUST_02646,0.769027108,1,technical issues,college student,standard,low,379.51,casual viewer
CUST_02647,0.874202182,1,no time to watch,college student,standard,medium,430.38,casual viewer
CUST_02648,0.821604393,1,technical issues,college student,basic,medium,252.82,sports enthusiast
CUST_02649,0.87425462,1,none,college student,premium,high,677.08,news junkie
CUST_02650,0.871479661,1,technical issues,school student,basic,low,230.32,news junkie
CUST_02651,0.825465137,1,too expensive,retired individual,premium,high,751.37,sports enthusiast
CUST_02652,0.580222399,1,none,college student,basic,high,232.88,family viewer
CUST_02653,0.821440518,1,too expensive,retired individual,basic,high,153.34,casual viewer
CUST_02654,0.851335076,1,too expensive,retired individual,premium,high,637.49,sports enthusiast
CUST_02655,0.815962816,1,technical issues,school student,basic,low,220.05,binge watcher
CUST_02656,0.818972521,1,no time to watch,college student,standard,medium,391.21,binge watcher
CUST_02657,0.79780464,1,none,retired individual,premium,high,746.9,family viewer
CUST_02658,0.794577985,1,none,college student,premium,high,788.76,news junkie
CUST_02659,0.958965227,1,too expensive,college student,basic,low,261.61,family viewer
CUST_02660,0.835846582,1,too expensive,school student,premium,low,690.54,news junkie
CUST_02661,0.619391601,1,none,working professional,basic,high,178.04,sports enthusiast
CUST_02662,0.793260603,1,none,retired individual,basic,low,255.34,family viewer
CUST_02663,0.754458929,1,too expensive,retired individual,premium,medium,793.55,sports enthusiast
CUST_02664,0.67621932,1,too expensive,college student,premium,high,649.81,news junkie
CUST_02665,0.854513076,1,none,college student,standard,low,396.09,family viewer
CUST_02666,0.883394268,1,too expensive,college student,premium,low,761.08,family viewer
CUST_02667,0.702082425,1,switched to competitor,college student,standard,high,435.26,casual viewer
CUST_02668,0.709135308,1,technical issues,school student,standard,medium,408.13,family viewer
CUST_02669,0.812612892,1,too expensive,college student,premium,low,755.87,news junkie
CUST_02670,0.855500253,1,too expensive,retired individual,standard,medium,377.16,sports enthusiast
CUST_02671,0.903859134,1,none,school student,standard,low,353.81,binge watcher
CUST_02672,0.760036488,1,too expensive,retired individual,standard,high,381.74,sports enthusiast
CUST_02673,0.839421069,1,too expensive,working professional,premium,medium,691.8,sports enthusiast
CUST_02674,0.782950137,1,none,retired individual,basic,medium,239.7,casual viewer
CUST_02675,0.768997325,1,technical issues,college student,standard,low,401.36,family viewer
CUST_02676,0.624733442,1,none,retired individual,premium,high,747.12,news junkie
CUST_02677,0.797167163,1,no time to watch,college student,standard,medium,400.22,sports enthusiast
CUST_02678,0.811008843,1,too expensive,college student,standard,medium,377.39,family viewer
CUST_02679,0.748293667,1,none,retired individual,premium,high,601.04,news junkie
CUST_02680,0.807591572,1,technical issues,college student,standard,medium,427.71,news junkie
CUST_02681,0.822793838,1,none,college student,standard,medium,357.95,casual viewer
CUST_02682,0.759475816,1,switched to competitor,retired individual,basic,high,194.26,sports enthusiast
CUST_02683,0.673999725,1,too expensive,college student,basic,high,194.56,casual viewer
CUST_02684,0.808941296,1,too expensive,retired individual,premium,high,687.85,binge watcher
CUST_02685,0.925683257,1,too expensive,college student,basic,low,170.91,family viewer
CUST_02686,0.826461661,1,switched to competitor,college student,basic,high,211.43,family viewer
CUST_02687,0.850164551,1,too expensive,retired individual,premium,medium,630.04,family viewer
CUST_02688,0.835287564,1,none,college student,premium,high,786.43,sports enthusiast
CUST_02689,0.785271294,1,none,college student,standard,low,427.38,sports enthusiast
CUST_02690,0.719277813,1,switched to competitor,college student,standard,high,475.73,sports enthusiast
CUST_02691,0.854760083,1,none,working professional,standard,high,443.37,binge watcher
CUST_02692,0.771196677,1,too expensive,college student,premium,high,698.88,casual viewer
CUST_02693,0.781911909,1,technical issues,college student,standard,medium,423.64,sports enthusiast
CUST_02694,0.646626447,1,switched to competitor,school student,standard,high,441.82,casual viewer
CUST_02695,0.755505106,1,too expensive,working professional,premium,high,635.57,sports enthusiast
CUST_02696,0.841831727,1,too expensive,working professional,premium,medium,669.18,sports enthusiast
CUST_02697,0.913744882,1,no time to watch,working professional,basic,low,182.44,family viewer
CUST_02698,0.777898214,1,none,college student,standard,high,413.03,family viewer
CUST_02699,0.873027291,1,technical issues,college student,standard,medium,401.85,family viewer
CUST_02700,0.784192433,1,too expensive,retired individual,premium,high,713.57,binge watcher
CUST_02701,0.568810306,1,switched to competitor,college student,basic,high,182.39,sports enthusiast
CUST_02702,0.94836124,1,too expensive,retired individual,basic,low,178.85,binge watcher
CUST_02703,0.90842649,1,technical issues,school student,standard,low,427.21,casual viewer
CUST_02704,0.724662215,1,none,retired individual,premium,medium,627.14,sports enthusiast
CUST_02705,0.694575549,1,none,college student,standard,high,465.26,news junkie
CUST_02706,0.936624179,1,too expensive,working professional,standard,low,422.19,casual viewer
CUST_02707,0.791165126,1,technical issues,retired individual,basic,medium,170.37,news junkie
CUST_02708,0.751675567,1,none,college student,premium,high,771.28,family viewer
CUST_02709,0.81591015,1,too expensive,retired individual,basic,high,220.64,news junkie
CUST_02710,0.93605482,1,too expensive,college student,standard,medium,419.67,binge watcher
CUST_02711,0.678810554,1,too expensive,retired individual,premium,medium,673.57,family viewer
CUST_02712,0.852657257,1,technical issues,working professional,basic,medium,234.1,sports enthusiast
CUST_02713,0.92089967,1,none,retired individual,premium,low,718.73,casual viewer
CUST_02714,0.891478354,1,too expensive,working professional,basic,medium,178.82,news junkie
CUST_02715,0.832040051,1,too expensive,retired individual,premium,high,628.56,sports enthusiast
CUST_02716,0.839285226,1,technical issues,college student,basic,medium,223.9,binge watcher
CUST_02717,0.855746131,1,content not interesting,college student,standard,high,453.76,binge watcher
CUST_02718,0.837917217,1,too expensive,retired individual,standard,medium,418.84,binge watcher
CUST_02719,0.628222519,1,none,retired individual,basic,high,183.93,casual viewer
CUST_02720,0.751989688,1,technical issues,college student,standard,medium,442.79,news junkie
CUST_02721,0.876456409,1,too expensive,working professional,premium,medium,756.06,news junkie
CUST_02722,0.581943224,1,switched to competitor,college student,basic,high,169.27,family viewer
CUST_02723,0.815022114,1,none,school student,basic,medium,198.01,news junkie
CUST_02724,0.841958472,1,too expensive,college student,premium,high,735.16,family viewer
CUST_02725,0.870133031,1,too expensive,college student,premium,medium,796.43,casual viewer
CUST_02726,0.78544331,1,no time to watch,college student,basic,low,175.96,family viewer
CUST_02727,0.660390675,1,none,retired individual,basic,high,192.38,casual viewer
CUST_02728,0.797924733,1,technical issues,college student,basic,low,189.09,news junkie
CUST_02729,0.775331918,1,technical issues,college student,basic,medium,221.24,sports enthusiast
CUST_02730,0.841573794,1,too expensive,retired individual,basic,high,198.12,binge watcher
CUST_02731,0.8985892,1,no time to watch,working professional,basic,high,255.5,casual viewer
CUST_02732,0.829721869,1,technical issues,college student,standard,low,357.9,casual viewer
CUST_02733,0.833591005,1,too expensive,working professional,premium,high,663.51,family viewer
CUST_02734,0.749529023,1,no time to watch,working professional,basic,high,229.89,sports enthusiast
CUST_02735,0.816407738,1,none,school student,standard,high,418.77,casual viewer
CUST_02736,0.867545149,1,no time to watch,college student,basic,low,199.05,family viewer
CUST_02737,0.734297984,1,technical issues,retired individual,standard,medium,419.67,sports enthusiast
CUST_02738,0.862419872,1,too expensive,college student,standard,low,355.7,binge watcher
CUST_02739,0.79103904,1,no time to watch,college student,standard,high,392.08,binge watcher
CUST_02740,0.870543403,1,too expensive,college student,basic,high,195.18,binge watcher
CUST_02741,0.849403924,1,no time to watch,working professional,standard,medium,428.75,binge watcher
CUST_02742,0.947678428,1,too expensive,college student,standard,low,368.57,casual viewer
CUST_02743,0.793264909,1,none,retired individual,basic,medium,158.18,family viewer
CUST_02744,0.779564619,1,technical issues,retired individual,standard,medium,377.11,news junkie
CUST_02745,0.900398072,1,too expensive,school student,premium,medium,765.99,news junkie
CUST_02746,0.784666027,1,no time to watch,working professional,basic,medium,207.19,binge watcher
CUST_02747,0.795665181,1,none,working professional,premium,high,625.42,binge watcher
CUST_02748,0.850957505,1,too expensive,retired individual,basic,medium,220.21,news junkie
CUST_02749,0.824974545,1,technical issues,college student,standard,low,335.53,family viewer
CUST_02750,0.754796417,1,too expensive,retired individual,standard,high,453.06,casual viewer
CUST_02751,0.588674606,1,too expensive,college student,premium,high,604.34,news junkie
CUST_02752,0.597794273,1,none,working professional,basic,high,193.85,sports enthusiast
CUST_02753,0.769644153,1,technical issues,retired individual,basic,medium,151.06,binge watcher
CUST_02754,0.687623946,1,switched to competitor,college student,standard,high,361.55,sports enthusiast
CUST_02755,0.671689042,1,too expensive,college student,premium,high,693.58,family viewer
CUST_02756,0.755306045,1,none,college student,premium,low,781.86,news junkie
CUST_02757,0.926838635,1,no time to watch,working professional,standard,low,420.57,binge watcher
CUST_02758,0.857928404,1,too expensive,retired individual,premium,high,653.02,casual viewer
CUST_02759,0.69481529,1,switched to competitor,school student,standard,high,378.19,casual viewer
CUST_02760,0.742399805,1,no time to watch,college student,standard,high,424.69,casual viewer
CUST_02761,0.640899946,1,switched to competitor,retired individual,basic,high,188.97,sports enthusiast
CUST_02762,0.927683629,1,no time to watch,working professional,standard,medium,422.94,casual viewer
CUST_02763,0.792321753,1,none,working professional,premium,medium,712.45,family viewer
CUST_02764,0.812753811,1,no time to watch,working professional,premium,high,598.44,news junkie
CUST_02765,0.718101373,1,none,college student,basic,medium,208.57,sports enthusiast
CUST_02766,0.904331011,1,too expensive,school student,standard,high,461.43,casual viewer
CUST_02767,0.714216751,1,switched to competitor,school student,standard,high,448.04,casual viewer
CUST_02768,0.816667415,1,switched to competitor,college student,standard,high,463.65,news junkie
CUST_02769,0.7743969,1,too expensive,working professional,premium,high,670.53,family viewer
CUST_02770,0.922408685,1,no time to watch,working professional,standard,low,416.64,sports enthusiast
CUST_02771,0.866954008,1,none,working professional,premium,high,798.83,casual viewer
CUST_02772,0.93696675,1,too expensive,working professional,standard,medium,396.56,family viewer
CUST_02773,0.777163619,1,technical issues,school student,standard,medium,329.85,news junkie
CUST_02774,0.920375732,1,too expensive,retired individual,premium,medium,763.94,family viewer
CUST_02775,0.821996132,1,too expensive,college student,basic,high,197.63,binge watcher
CUST_02776,0.903169429,1,too expensive,working professional,standard,medium,455.19,casual viewer
CUST_02777,0.576114994,1,no time to watch,college student,standard,medium,446.38,family viewer
CUST_02778,0.836675187,1,too expensive,working professional,standard,high,384.75,news junkie
CUST_02779,0.72644563,1,switched to competitor,retired individual,standard,high,382.85,family viewer
CUST_02780,0.682132161,1,switched to competitor,retired individual,basic,high,215.56,casual viewer
CUST_02781,0.774978562,1,technical issues,college student,basic,low,210.17,family viewer
CUST_02782,0.613140434,1,switched to competitor,retired individual,standard,high,371.07,sports enthusiast
CUST_02783,0.860035044,1,none,retired individual,premium,low,798.58,binge watcher
CUST_02784,0.600707463,1,too expensive,school student,premium,high,650.62,news junkie
CUST_02785,0.540308219,1,switched to competitor,college student,basic,high,197.26,sports enthusiast
CUST_02786,0.905876447,1,too expensive,retired individual,premium,high,799.1,sports enthusiast
CUST_02787,0.893899429,1,none,college student,standard,low,350.1,casual viewer
CUST_02788,0.843282624,1,no time to watch,college student,standard,high,388.18,casual viewer
CUST_02789,0.770448167,1,too expensive,college student,premium,high,653.92,family viewer
CUST_02790,0.802583653,1,switched to competitor,school student,standard,high,401.69,sports enthusiast
CUST_02791,0.924261443,1,too expensive,college student,standard,low,434.74,binge watcher
CUST_02792,0.737274792,1,too expensive,college student,premium,high,771.77,family viewer
CUST_02793,0.655582479,1,too expensive,school student,standard,high,378.52,family viewer
CUST_02794,0.763821971,1,none,college student,premium,high,710.36,sports enthusiast
CUST_02795,0.867058926,1,too expensive,working professional,premium,high,637.55,binge watcher
CUST_02796,0.833167491,1,too expensive,college student,standard,low,380.52,casual viewer
CUST_02797,0.752588002,1,too expensive,retired individual,premium,high,678.11,family viewer
CUST_02798,0.746787751,1,too expensive,school student,premium,high,789.74,family viewer
CUST_02799,0.842461184,1,too expensive,retired individual,premium,low,668.3,casual viewer
CUST_02800,0.84472178,1,none,college student,standard,high,438.45,sports enthusiast
CUST_02801,0.786291103,1,too expensive,retired individual,premium,high,680.38,binge watcher
CUST_02802,0.546099115,1,none,retired individual,premium,high,741.27,binge watcher
CUST_02803,0.854674583,1,too expensive,college student,premium,low,600.96,binge watcher
CUST_02804,0.865085717,1,technical issues,retired individual,basic,low,191.85,casual viewer
CUST_02805,0.807573192,1,too expensive,retired individual,premium,medium,751.55,sports enthusiast
CUST_02806,0.946508243,1,too expensive,working professional,basic,low,227.4,binge watcher
CUST_02807,0.949801727,1,too expensive,working professional,basic,low,252.52,binge watcher
CUST_02808,0.760732014,1,too expensive,school student,premium,high,766.36,family viewer
CUST_02809,0.728273541,1,technical issues,school student,standard,medium,341.18,news junkie
CUST_02810,0.764692628,1,too expensive,retired individual,premium,high,722.85,binge watcher
CUST_02811,0.884539824,1,no time to watch,working professional,basic,low,203.68,casual viewer
CUST_02812,0.860417417,1,too expensive,school student,premium,high,787.34,binge watcher
CUST_02813,0.913456722,1,too expensive,working professional,premium,low,766.99,sports enthusiast
CUST_02814,0.735672577,1,too expensive,school student,basic,high,242.57,sports enthusiast
CUST_02815,0.931403581,1,too expensive,working professional,premium,high,752.06,sports enthusiast
CUST_02816,0.892000642,1,too expensive,working professional,basic,high,137.69,casual viewer
CUST_02817,0.797763469,1,none,college student,basic,high,205.31,sports enthusiast
CUST_02818,0.864423879,1,too expensive,college student,premium,medium,591.23,casual viewer
CUST_02819,0.701345888,1,none,school student,premium,high,625.79,casual viewer
CUST_02820,0.767900183,1,content not interesting,working professional,basic,high,174.92,casual viewer
CUST_02821,0.698182694,1,switched to competitor,school student,standard,high,360.04,sports enthusiast
CUST_02822,0.910427003,1,none,retired individual,standard,medium,489.21,casual viewer
CUST_02823,0.844233476,1,none,college student,standard,medium,427.11,news junkie
CUST_02824,0.762382899,1,none,college student,premium,high,697.74,casual viewer
CUST_02825,0.87931333,1,technical issues,college student,basic,low,190.82,binge watcher
CUST_02826,0.846976029,1,too expensive,college student,basic,medium,195.64,binge watcher
CUST_02827,0.610909354,1,none,retired individual,basic,high,227.57,news junkie
CUST_02828,0.872176885,1,too expensive,working professional,premium,high,641.16,family viewer
CUST_02829,0.701004062,1,too expensive,retired individual,standard,high,410.81,news junkie
CUST_02830,0.827027254,1,no time to watch,college student,standard,high,362.74,news junkie
CUST_02831,0.682694778,1,too expensive,college student,premium,high,624.92,sports enthusiast
CUST_02832,0.817769564,1,too expensive,college student,premium,low,771.08,news junkie
CUST_02833,0.811337975,1,too expensive,retired individual,premium,high,689.49,casual viewer
CUST_02834,0.726145487,1,no time to watch,working professional,basic,high,207.79,sports enthusiast
CUST_02835,0.57082133,1,none,retired individual,standard,high,328.64,family viewer
CUST_02836,0.83190755,1,none,retired individual,standard,low,389.26,casual viewer
CUST_02837,0.882147354,1,too expensive,college student,premium,low,755.36,news junkie
CUST_02838,0.730673229,1,too expensive,college student,premium,high,729.42,binge watcher
CUST_02839,0.831035193,1,too expensive,retired individual,basic,medium,191.76,news junkie
CUST_02840,0.75573575,1,too expensive,college student,standard,high,364.24,casual viewer
CUST_02841,0.937280532,1,too expensive,college student,standard,low,341.2,binge watcher
CUST_02842,0.792782939,1,content not interesting,college student,basic,high,207.51,casual viewer
CUST_02843,0.879428791,1,no time to watch,working professional,basic,high,164.51,sports enthusiast
CUST_02844,0.86158054,1,too expensive,college student,premium,low,746.79,news junkie
CUST_02845,0.859446365,1,no time to watch,college student,basic,low,185.78,casual viewer
CUST_02846,0.609232526,1,switched to competitor,college student,standard,high,362.08,family viewer
CUST_02847,0.843065592,1,too expensive,working professional,premium,high,786.81,family viewer
CUST_02848,0.811114266,1,too expensive,college student,standard,high,396.14,casual viewer
CUST_02849,0.73178484,1,too expensive,retired individual,basic,high,202.85,binge watcher
CUST_02850,0.856518599,1,no time to watch,working professional,basic,high,178.27,sports enthusiast
CUST_02851,0.761641385,1,too expensive,college student,premium,high,720.45,sports enthusiast
CUST_02852,0.794286057,1,technical issues,college student,standard,low,427.66,news junkie
CUST_02853,0.773734152,1,none,working professional,standard,medium,430.91,news junkie
CUST_02854,0.655124243,1,switched to competitor,college student,basic,high,196.98,casual viewer
CUST_02855,0.773694473,1,too expensive,college student,basic,high,212.49,sports enthusiast
CUST_02856,0.867649395,1,technical issues,school student,standard,medium,417.14,sports enthusiast
CUST_02857,0.734942308,1,none,school student,basic,high,203.47,sports enthusiast
CUST_02858,0.71679459,1,too expensive,college student,standard,high,408.77,news junkie
CUST_02859,0.88609336,1,no time to watch,working professional,basic,low,194.89,family viewer
CUST_02860,0.545906488,1,too expensive,school student,premium,high,689.03,news junkie
CUST_02861,0.851318304,1,too expensive,school student,premium,high,649.26,news junkie
CUST_02862,0.798527133,1,none,retired individual,standard,high,372.07,family viewer
CUST_02863,0.682718056,1,none,college student,premium,high,692.83,news junkie
CUST_02864,0.636441443,1,none,college student,standard,high,433.37,casual viewer
CUST_02865,0.860385556,1,too expensive,college student,premium,low,627.66,news junkie
CUST_02866,0.804988004,1,technical issues,college student,basic,medium,178.19,news junkie
CUST_02867,0.725082964,1,switched to competitor,school student,standard,high,365.94,family viewer
CUST_02868,0.674700369,1,none,college student,basic,medium,231.59,news junkie
CUST_02869,0.688018498,1,no time to watch,working professional,basic,high,235.82,news junkie
CUST_02870,0.88715266,1,too expensive,college student,standard,high,351.78,binge watcher
CUST_02871,0.711486812,1,switched to competitor,school student,standard,high,346.6,family viewer
CUST_02872,0.655243072,1,none,college student,standard,high,356.52,news junkie
CUST_02873,0.633175698,1,content not interesting,retired individual,standard,high,360.07,casual viewer
CUST_02874,0.820950001,1,too expensive,college student,standard,high,408.31,family viewer
CUST_02875,0.846832524,1,too expensive,working professional,premium,medium,620.33,binge watcher
CUST_02876,0.781617765,1,none,college student,standard,high,440.41,family viewer
CUST_02877,0.791808057,1,technical issues,retired individual,standard,low,433.67,news junkie
CUST_02878,0.729752751,1,none,school student,premium,high,607.57,binge watcher
CUST_02879,0.685619378,1,no time to watch,retired individual,standard,high,369.19,sports enthusiast
CUST_02880,0.887968744,1,too expensive,college student,premium,high,642.19,news junkie
CUST_02881,0.59610241,1,switched to competitor,school student,basic,high,227.52,binge watcher
CUST_02882,0.641623177,1,technical issues,retired individual,standard,medium,413.4,family viewer
CUST_02883,0.819313627,1,no time to watch,college student,basic,medium,200.42,casual viewer
CUST_02884,0.846946502,1,no time to watch,retired individual,basic,low,178.09,news junkie
CUST_02885,0.72255964,1,content not interesting,school student,basic,high,153.72,casual viewer
CUST_02886,0.665205676,1,technical issues,working professional,standard,low,471.69,binge watcher
CUST_02887,0.734926075,1,technical issues,retired individual,standard,low,407.92,casual viewer
CUST_02888,0.799542499,1,too expensive,working professional,premium,low,750.68,news junkie
CUST_02889,0.853246555,1,too expensive,retired individual,premium,high,749.69,news junkie
CUST_02890,0.900378944,1,too expensive,college student,basic,low,172.72,casual viewer
CUST_02891,0.745598861,1,switched to competitor,school student,basic,high,160.67,news junkie
CUST_02892,0.784523673,1,too expensive,college student,basic,high,199.15,binge watcher
CUST_02893,0.797051232,1,none,college student,standard,medium,325.58,news junkie
CUST_02894,0.528043835,1,switched to competitor,retired individual,basic,high,212.37,binge watcher
CUST_02895,0.859054555,1,technical issues,college student,standard,medium,422.38,binge watcher
CUST_02896,0.914057383,1,too expensive,working professional,standard,high,354.89,casual viewer
CUST_02897,0.774610758,1,content not interesting,retired individual,premium,high,589.85,family viewer
CUST_02898,0.861017274,1,too expensive,retired individual,standard,high,457.16,binge watcher
CUST_02899,0.745745287,1,too expensive,school student,premium,high,699.33,sports enthusiast
CUST_02900,0.701043653,1,too expensive,working professional,premium,medium,725.02,binge watcher
CUST_02901,0.904807841,1,too expensive,college student,premium,low,702.09,family viewer
CUST_02902,0.799095518,1,too expensive,retired individual,premium,high,712.08,casual viewer
CUST_02903,0.80297191,1,too expensive,working professional,standard,high,358.25,news junkie
CUST_02904,0.725899327,1,technical issues,working professional,basic,medium,186.43,binge watcher
CUST_02905,0.9391178,1,too expensive,working professional,basic,low,226.91,family viewer
CUST_02906,0.75132611,1,too expensive,retired individual,premium,medium,775.75,binge watcher
CUST_02907,0.926719486,1,too expensive,college student,basic,low,165.04,sports enthusiast
CUST_02908,0.821443678,1,too expensive,retired individual,premium,high,623.55,news junkie
CUST_02909,0.827479303,1,too expensive,college student,premium,high,820.67,casual viewer
CUST_02910,0.824256861,1,too expensive,working professional,basic,high,171.83,binge watcher
CUST_02911,0.749342778,1,switched to competitor,college student,standard,high,419.39,news junkie
CUST_02912,0.872759406,1,no time to watch,college student,basic,medium,197.59,casual viewer
CUST_02913,0.89836391,1,too expensive,retired individual,basic,low,155.83,casual viewer
CUST_02914,0.817715684,1,none,college student,basic,high,206.05,family viewer
CUST_02915,0.565295674,1,too expensive,retired individual,premium,high,784.19,binge watcher
CUST_02916,0.831004051,1,too expensive,retired individual,premium,high,729.23,sports enthusiast
CUST_02917,0.595017191,1,too expensive,college student,premium,high,666.8,sports enthusiast
CUST_02918,0.895991318,1,too expensive,college student,standard,low,424.1,binge watcher
CUST_02919,0.59959949,1,too expensive,college student,premium,high,700.03,casual viewer
CUST_02920,0.879822509,1,too expensive,retired individual,basic,high,212.01,sports enthusiast
CUST_02921,0.613468572,1,no time to watch,retired individual,basic,high,159.28,sports enthusiast
CUST_02922,0.829042706,1,too expensive,retired individual,basic,high,225.81,news junkie
CUST_02923,0.89772886,1,no time to watch,college student,standard,medium,383.79,binge watcher
CUST_02924,0.715193957,1,too expensive,college student,basic,high,211.2,family viewer
CUST_02925,0.723484411,1,none,school student,standard,low,397.42,news junkie
CUST_02926,0.702724837,1,switched to competitor,college student,standard,high,458.97,sports enthusiast
CUST_02927,0.882232474,1,too expensive,working professional,standard,medium,424.11,casual viewer
CUST_02928,0.741237293,1,too expensive,college student,standard,high,412.95,casual viewer
CUST_02929,0.768831944,1,switched to competitor,retired individual,standard,high,384.51,binge watcher
CUST_02930,0.5950402,1,too expensive,college student,premium,high,784.27,family viewer
CUST_02931,0.91135464,1,none,school student,standard,medium,379.06,family viewer
CUST_02932,0.737680326,1,too expensive,college student,premium,low,820.72,binge watcher
CUST_02933,0.844276578,1,too expensive,college student,basic,high,211.74,family viewer
CUST_02934,0.82731544,1,technical issues,school student,standard,medium,471.85,casual viewer
CUST_02935,0.957019572,1,too expensive,retired individual,basic,low,178.27,binge watcher
CUST_02936,0.791126824,1,too expensive,retired individual,basic,high,190.44,family viewer
CUST_02937,0.882568607,1,too expensive,working professional,basic,high,213.08,news junkie
CUST_02938,0.799706986,1,too expensive,retired individual,standard,high,419.31,casual viewer
CUST_02939,0.843797643,1,too expensive,retired individual,basic,medium,209.52,binge watcher
CUST_02940,0.724413793,1,too expensive,retired individual,standard,high,437.49,family viewer
CUST_02941,0.906456493,1,none,working professional,premium,medium,626,binge watcher
CUST_02942,0.835046955,1,too expensive,retired individual,basic,low,214.25,binge watcher
CUST_02943,0.892492216,1,none,retired individual,basic,low,209.85,news junkie
CUST_02944,0.709393765,1,switched to competitor,school student,standard,high,368.47,casual viewer
CUST_02945,0.798530964,1,none,retired individual,basic,medium,191.94,casual viewer
CUST_02946,0.802193765,1,no time to watch,working professional,basic,low,226.4,news junkie
CUST_02947,0.830977094,1,no time to watch,college student,standard,high,362.45,casual viewer
CUST_02948,0.728582142,1,switched to competitor,retired individual,basic,high,201.39,family viewer
CUST_02949,0.860160592,1,too expensive,school student,standard,low,387.65,casual viewer
CUST_02950,0.756121267,1,too expensive,college student,standard,high,439.06,sports enthusiast
CUST_02951,0.646009171,1,switched to competitor,working professional,standard,high,443.47,family viewer
CUST_02952,0.941162427,1,too expensive,college student,premium,low,645.3,sports enthusiast
CUST_02953,0.888606399,1,technical issues,working professional,standard,low,357.11,sports enthusiast
CUST_02954,0.822429723,1,too expensive,working professional,standard,medium,378.45,casual viewer
CUST_02955,0.81935753,1,switched to competitor,working professional,standard,high,359.89,family viewer
CUST_02956,0.815189558,1,too expensive,college student,premium,high,697.59,sports enthusiast
CUST_02957,0.745494357,1,too expensive,retired individual,premium,medium,734.72,news junkie
CUST_02958,0.597569255,1,switched to competitor,college student,basic,high,207.9,family viewer
CUST_02959,0.761089458,1,none,working professional,basic,low,161.3,binge watcher
CUST_02960,0.875184597,1,none,working professional,basic,low,174.56,casual viewer
CUST_02961,0.803095736,1,content not interesting,retired individual,standard,high,445.04,news junkie
CUST_02962,0.855728616,1,too expensive,working professional,basic,low,238.83,binge watcher
CUST_02963,0.757856213,1,too expensive,school student,standard,high,376.31,casual viewer
CUST_02964,0.593269324,1,none,college student,standard,high,405.12,family viewer
CUST_02965,0.646395299,1,no time to watch,retired individual,standard,high,449.14,family viewer
CUST_02966,0.464607211,0,none,retired individual,premium,high,644.97,news junkie
CUST_02967,0.710734248,1,switched to competitor,retired individual,basic,high,201.45,casual viewer
CUST_02968,0.824058167,1,too expensive,college student,premium,low,764.52,sports enthusiast
CUST_02969,0.625083109,1,technical issues,college student,basic,medium,205.68,family viewer
CUST_02970,0.875313163,1,too expensive,college student,basic,medium,176.16,sports enthusiast
CUST_02971,0.719452494,1,none,school student,premium,medium,599.52,news junkie
CUST_02972,0.792808724,1,none,working professional,standard,high,345.66,casual viewer
CUST_02973,0.770157081,1,none,school student,premium,medium,597.34,binge watcher
CUST_02974,0.854781974,1,technical issues,college student,standard,medium,364.57,sports enthusiast
CUST_02975,0.857366607,1,too expensive,college student,premium,high,639.4,binge watcher
CUST_02976,0.737631673,1,none,college student,premium,low,759.14,news junkie
CUST_02977,0.795562569,1,technical issues,college student,basic,medium,202.44,sports enthusiast
CUST_02978,0.886826104,1,too expensive,college student,standard,low,455.89,binge watcher
CUST_02979,0.522436433,1,none,working professional,premium,high,683.6,casual viewer
CUST_02980,0.866825303,1,none,retired individual,basic,medium,200.3,casual viewer
CUST_02981,0.879454184,1,too expensive,retired individual,standard,high,377.18,sports enthusiast
CUST_02982,0.933206568,1,none,retired individual,premium,low,651.61,sports enthusiast
CUST_02983,0.685805764,1,none,college student,premium,high,688.01,binge watcher
CUST_02984,0.856269645,1,too expensive,college student,standard,low,360.33,casual viewer
CUST_02985,0.873665038,1,too expensive,retired individual,premium,low,750.89,news junkie
CUST_02986,0.767118298,1,none,working professional,basic,high,178.64,news junkie
CUST_02987,0.827412923,1,technical issues,college student,basic,medium,256.56,sports enthusiast
CUST_02988,0.751045156,1,switched to competitor,school student,standard,high,437.22,sports enthusiast
CUST_02989,0.820150635,1,too expensive,working professional,premium,medium,707.78,sports enthusiast
CUST_02990,0.880092329,1,too expensive,working professional,premium,low,723.25,news junkie
CUST_02991,0.820454284,1,none,college student,standard,medium,364.38,sports enthusiast
CUST_02992,0.924768756,1,too expensive,school student,standard,low,384.07,family viewer
CUST_02993,0.860066709,1,no time to watch,working professional,standard,medium,384.86,sports enthusiast
CUST_02994,0.833924121,1,no time to watch,working professional,standard,medium,446.49,binge watcher
CUST_02995,0.706676039,1,none,retired individual,standard,low,386.19,news junkie
CUST_02996,0.688862156,1,technical issues,retired individual,standard,medium,465.88,news junkie
CUST_02997,0.834500176,1,too expensive,working professional,standard,high,386.79,news junkie
CUST_02998,0.926001956,1,technical issues,retired individual,standard,low,450.62,news junkie
CUST_02999,0.747221823,1,technical issues,school student,standard,medium,374.18,news junkie
CUST_03000,0.7669284,1,switched to competitor,school student,standard,high,485.86,family viewer
CUST_03001,0.802966848,1,too expensive,retired individual,basic,medium,234.43,binge watcher
CUST_03002,0.729458192,1,none,college student,premium,medium,617.08,news junkie
CUST_03003,0.80422262,1,no time to watch,working professional,standard,high,382.15,news junkie
CUST_03004,0.881543798,1,too expensive,working professional,standard,medium,337.31,binge watcher
CUST_03005,0.60134826,1,none,retired individual,basic,high,144.76,sports enthusiast
CUST_03006,0.760264007,1,too expensive,retired individual,premium,high,755.54,sports enthusiast
CUST_03007,0.572675185,1,none,college student,standard,high,412.22,binge watcher
CUST_03008,0.807109358,1,no time to watch,college student,standard,medium,411.16,family viewer
CUST_03009,0.605520815,1,switched to competitor,college student,basic,high,236.64,binge watcher
CUST_03010,0.675215038,1,technical issues,retired individual,standard,medium,430.74,news junkie
CUST_03011,0.691291003,1,too expensive,school student,standard,medium,455.3,binge watcher
CUST_03012,0.81697495,1,too expensive,college student,basic,high,162.7,news junkie
CUST_03013,0.755350806,1,none,college student,basic,high,235.34,family viewer
CUST_03014,0.649190868,1,switched to competitor,college student,standard,high,416.44,family viewer
CUST_03015,0.764659454,1,none,retired individual,basic,high,213.72,family viewer
CUST_03016,0.864857233,1,too expensive,college student,basic,high,211.76,binge watcher
CUST_03017,0.781629439,1,none,retired individual,premium,medium,648.91,family viewer
CUST_03018,0.910963617,1,none,working professional,premium,high,731.31,binge watcher
CUST_03019,0.783308725,1,none,school student,basic,high,216.54,family viewer
CUST_03020,0.590651864,1,none,retired individual,standard,high,395.72,sports enthusiast
CUST_03021,0.645869979,1,content not interesting,retired individual,standard,high,404.96,news junkie
CUST_03022,0.750144519,1,no time to watch,retired individual,basic,low,219.57,sports enthusiast
CUST_03023,0.861476254,1,too expensive,college student,basic,high,186.61,casual viewer
CUST_03024,0.766673423,1,no time to watch,college student,standard,medium,464.6,family viewer
CUST_03025,0.621070969,1,technical issues,college student,standard,medium,448.17,news junkie
CUST_03026,0.714399456,1,too expensive,retired individual,premium,high,735.99,sports enthusiast
CUST_03027,0.780678193,1,technical issues,college student,basic,low,205.31,news junkie
CUST_03028,0.79684644,1,none,retired individual,premium,low,752.54,news junkie
CUST_03029,0.669792519,1,too expensive,school student,premium,high,650.99,binge watcher
CUST_03030,0.818414038,1,content not interesting,college student,standard,high,434.04,binge watcher
CUST_03031,0.753668743,1,technical issues,school student,basic,medium,216.77,family viewer
CUST_03032,0.777687959,1,technical issues,retired individual,basic,medium,172.05,sports enthusiast
CUST_03033,0.88738738,1,no time to watch,working professional,basic,high,188.43,casual viewer
CUST_03034,0.880325995,1,too expensive,college student,premium,medium,751.83,casual viewer
CUST_03035,0.835633362,1,too expensive,college student,premium,low,705.38,casual viewer
CUST_03036,0.866453091,1,too expensive,school student,premium,low,642.35,binge watcher
CUST_03037,0.883886896,1,too expensive,college student,premium,low,707.11,family viewer
CUST_03038,0.891342221,1,too expensive,college student,standard,medium,416.52,binge watcher
CUST_03039,0.815624258,1,too expensive,college student,premium,low,651.07,news junkie
CUST_03040,0.690026134,1,none,college student,premium,medium,632.65,sports enthusiast
CUST_03041,0.856539197,1,no time to watch,working professional,basic,high,191.8,casual viewer
CUST_03042,0.840661175,1,too expensive,college student,standard,high,449.57,casual viewer
CUST_03043,0.570391692,1,none,college student,basic,high,226.84,casual viewer
CUST_03044,0.78964019,1,technical issues,college student,basic,low,201.85,binge watcher
CUST_03045,0.75580876,1,none,working professional,basic,high,191.79,binge watcher
CUST_03046,0.55738667,1,switched to competitor,working professional,standard,high,367.99,news junkie
CUST_03047,0.745146108,1,too expensive,working professional,premium,high,700.72,sports enthusiast
CUST_03048,0.890008328,1,too expensive,college student,basic,high,141.04,sports enthusiast
CUST_03049,0.725308199,1,none,school student,standard,high,410.2,news junkie
CUST_03050,0.894846085,1,none,college student,standard,medium,377.35,casual viewer
CUST_03051,0.903157578,1,no time to watch,working professional,premium,low,585.21,news junkie
CUST_03052,0.681394365,1,too expensive,school student,premium,high,691.51,casual viewer
CUST_03053,0.747925337,1,switched to competitor,working professional,basic,high,167.68,sports enthusiast
CUST_03054,0.887854448,1,too expensive,school student,standard,high,370.33,casual viewer
CUST_03055,0.753055487,1,none,retired individual,basic,high,137.75,news junkie
CUST_03056,0.798882151,1,too expensive,working professional,premium,high,811.23,news junkie
CUST_03057,0.81917969,1,content not interesting,college student,standard,high,383.38,news junkie
CUST_03058,0.841163901,1,too expensive,working professional,premium,high,621.27,sports enthusiast
CUST_03059,0.915627971,1,too expensive,school student,premium,low,760.9,family viewer
CUST_03060,0.661704295,1,switched to competitor,college student,standard,high,419.12,family viewer
CUST_03061,0.890877275,1,none,working professional,standard,low,440.05,sports enthusiast
CUST_03062,0.696875876,1,content not interesting,college student,standard,high,368.78,binge watcher
CUST_03063,0.806359462,1,none,working professional,standard,high,398.92,binge watcher
CUST_03064,0.910426255,1,none,retired individual,standard,low,427.73,news junkie
CUST_03065,0.562710834,1,technical issues,school student,basic,medium,191.08,news junkie
CUST_03066,0.51096222,1,none,school student,premium,high,622.5,news junkie
CUST_03067,0.751479051,1,too expensive,school student,standard,medium,431.24,news junkie
CUST_03068,0.76658151,1,technical issues,retired individual,standard,medium,420.22,news junkie
CUST_03069,0.788080709,1,technical issues,college student,standard,low,465.81,family viewer
CUST_03070,0.841328234,1,too expensive,college student,basic,high,207.25,family viewer
CUST_03071,0.522230887,1,none,retired individual,basic,high,190.81,sports enthusiast
CUST_03072,0.569251149,1,content not interesting,retired individual,standard,high,346.27,news junkie
CUST_03073,0.688182281,1,too expensive,retired individual,premium,medium,650.74,binge watcher
CUST_03074,0.888816113,1,too expensive,working professional,premium,medium,733.39,casual viewer
CUST_03075,0.754896032,1,none,college student,premium,low,805.65,binge watcher
CUST_03076,0.901348349,1,no time to watch,working professional,standard,low,393.28,news junkie
CUST_03077,0.791215933,1,too expensive,retired individual,standard,medium,442.42,binge watcher
CUST_03078,0.825317042,1,none,college student,basic,medium,191.95,casual viewer
CUST_03079,0.793575933,1,technical issues,college student,standard,medium,369.51,sports enthusiast
CUST_03080,0.754847915,1,too expensive,college student,premium,high,612.27,casual viewer
CUST_03081,0.83907871,1,too expensive,working professional,premium,medium,708.81,sports enthusiast
CUST_03082,0.871036751,1,too expensive,working professional,premium,medium,695.64,news junkie
CUST_03083,0.775497285,1,too expensive,college student,basic,high,256.45,news junkie
CUST_03084,0.816442013,1,too expensive,college student,basic,high,194.47,family viewer
CUST_03085,0.880103666,1,too expensive,school student,standard,high,375.46,casual viewer
CUST_03086,0.716958322,1,too expensive,working professional,premium,high,785.09,casual viewer
CUST_03087,0.732482507,1,technical issues,school student,basic,medium,207.04,family viewer
CUST_03088,0.782311922,1,none,college student,premium,high,641.25,family viewer
CUST_03089,0.698855251,1,too expensive,college student,premium,high,754.21,binge watcher
CUST_03090,0.803082443,1,technical issues,retired individual,standard,medium,336.12,sports enthusiast
CUST_03091,0.788756017,1,none,working professional,standard,high,395.74,sports enthusiast
CUST_03092,0.89902525,1,technical issues,working professional,basic,medium,178.56,family viewer
CUST_03093,0.743088438,1,none,college student,premium,high,751.11,binge watcher
CUST_03094,0.765038141,1,too expensive,retired individual,premium,high,748.82,binge watcher
CUST_03095,0.703773809,1,switched to competitor,college student,standard,high,446.23,sports enthusiast
CUST_03096,0.797181568,1,no time to watch,working professional,basic,high,194.16,news junkie
CUST_03097,0.794778301,1,technical issues,school student,standard,low,318.14,sports enthusiast
CUST_03098,0.871471016,1,too expensive,retired individual,standard,high,361.54,binge watcher
CUST_03099,0.778129255,1,no time to watch,retired individual,basic,medium,219.04,family viewer
CUST_03100,0.897727348,1,too expensive,working professional,basic,high,248.35,binge watcher
CUST_03101,0.790450432,1,technical issues,college student,basic,low,189.89,binge watcher
CUST_03102,0.947779949,1,too expensive,working professional,standard,low,364.53,sports enthusiast
CUST_03103,0.779857079,1,technical issues,school student,standard,medium,437.23,sports enthusiast
CUST_03104,0.495757344,0,none,school student,standard,high,353.94,binge watcher
CUST_03105,0.696279773,1,no time to watch,retired individual,basic,medium,186.95,sports enthusiast
CUST_03106,0.886563366,1,technical issues,retired individual,basic,low,217.67,news junkie
CUST_03107,0.789840284,1,too expensive,working professional,premium,medium,758.1,casual viewer
CUST_03108,0.803725756,1,technical issues,school student,standard,low,409.85,sports enthusiast
CUST_03109,0.58330121,1,none,college student,standard,medium,456.18,sports enthusiast
CUST_03110,0.682011414,1,too expensive,college student,premium,high,716.53,news junkie
CUST_03111,0.853485493,1,no time to watch,college student,standard,low,419.87,binge watcher
CUST_03112,0.748710071,1,technical issues,college student,basic,low,219.45,binge watcher
CUST_03113,0.901430421,1,technical issues,working professional,basic,low,195.43,binge watcher
CUST_03114,0.747090793,1,too expensive,college student,premium,high,637.41,binge watcher
CUST_03115,0.578944061,1,none,retired individual,premium,medium,735.86,family viewer
CUST_03116,0.720015745,1,content not interesting,retired individual,basic,high,191.28,binge watcher
CUST_03117,0.698152156,1,none,retired individual,standard,medium,388.62,binge watcher
CUST_03118,0.847870165,1,too expensive,college student,premium,medium,622.31,sports enthusiast
CUST_03119,0.836100043,1,too expensive,college student,premium,low,787.57,sports enthusiast
CUST_03120,0.781515378,1,none,retired individual,basic,low,166.06,casual viewer
CUST_03121,0.797585014,1,no time to watch,working professional,standard,low,401.69,family viewer
CUST_03122,0.816986949,1,none,working professional,standard,high,356.35,news junkie
CUST_03123,0.883894819,1,too expensive,working professional,standard,high,424.35,casual viewer
CUST_03124,0.835791852,1,technical issues,school student,premium,medium,594.21,sports enthusiast
CUST_03125,0.826899583,1,no time to watch,retired individual,standard,high,375.78,news junkie
CUST_03126,0.883503032,1,none,college student,premium,medium,658.36,family viewer
CUST_03127,0.789834924,1,too expensive,retired individual,basic,high,196.09,binge watcher
CUST_03128,0.824561129,1,too expensive,college student,premium,medium,630.59,sports enthusiast
CUST_03129,0.908384266,1,no time to watch,working professional,standard,medium,387.01,binge watcher
CUST_03130,0.673844123,1,too expensive,working professional,premium,medium,771.21,family viewer
CUST_03131,0.880296834,1,too expensive,school student,standard,low,499.63,casual viewer
CUST_03132,0.7387041,1,no time to watch,working professional,standard,high,429.79,casual viewer
CUST_03133,0.82026368,1,none,working professional,basic,low,141.8,family viewer
CUST_03134,0.82429969,1,switched to competitor,retired individual,premium,high,599.17,binge watcher
CUST_03135,0.8272827,1,technical issues,college student,standard,medium,427.16,casual viewer
CUST_03136,0.587361693,1,none,working professional,basic,high,204.02,casual viewer
CUST_03137,0.874396702,1,too expensive,school student,standard,high,337.18,binge watcher
CUST_03138,0.917492679,1,too expensive,working professional,standard,medium,423.92,casual viewer
CUST_03139,0.80890057,1,none,college student,basic,high,179.34,casual viewer
CUST_03140,0.935069111,1,too expensive,retired individual,basic,low,185.33,casual viewer
CUST_03141,0.836416474,1,too expensive,college student,standard,high,344,news junkie
CUST_03142,0.656109442,1,too expensive,school student,premium,high,769.76,sports enthusiast
CUST_03143,0.822187679,1,too expensive,working professional,premium,high,768.25,family viewer
CUST_03144,0.842065409,1,too expensive,working professional,standard,high,405.14,family viewer
CUST_03145,0.760062779,1,too expensive,college student,standard,high,439.67,sports enthusiast
CUST_03146,0.853161435,1,none,college student,basic,medium,207.76,casual viewer
CUST_03147,0.664081379,1,switched to competitor,college student,basic,high,144.59,family viewer
CUST_03148,0.909071616,1,none,retired individual,premium,medium,771.03,news junkie
CUST_03149,0.734752724,1,no time to watch,college student,basic,high,216.77,sports enthusiast
CUST_03150,0.848361308,1,too expensive,retired individual,premium,high,613.9,sports enthusiast
CUST_03151,0.785572333,1,too expensive,school student,premium,low,695.13,casual viewer
CUST_03152,0.747924226,1,too expensive,retired individual,standard,high,453.18,family viewer
CUST_03153,0.849406434,1,no time to watch,working professional,basic,low,221.74,sports enthusiast
CUST_03154,0.892366865,1,too expensive,working professional,basic,high,222.86,binge watcher
CUST_03155,0.723680756,1,content not interesting,college student,standard,high,378.05,sports enthusiast
CUST_03156,0.757256876,1,none,working professional,standard,high,390.23,binge watcher
CUST_03157,0.768013605,1,too expensive,college student,standard,high,426.95,family viewer
CUST_03158,0.79897913,1,too expensive,retired individual,premium,high,630.04,casual viewer
CUST_03159,0.841563049,1,technical issues,college student,standard,low,403.65,casual viewer
CUST_03160,0.922086911,1,none,college student,premium,medium,775.03,news junkie
CUST_03161,0.843045923,1,too expensive,college student,premium,high,786.63,sports enthusiast
CUST_03162,0.765762818,1,none,school student,basic,high,190.36,family viewer
CUST_03163,0.764275319,1,too expensive,college student,basic,high,148.35,family viewer
CUST_03164,0.754453079,1,none,college student,premium,high,623.87,family viewer
CUST_03165,0.731526849,1,too expensive,retired individual,premium,high,793.37,family viewer
CUST_03166,0.774366524,1,none,retired individual,standard,high,423.91,family viewer
CUST_03167,0.788781461,1,too expensive,working professional,premium,high,762.95,casual viewer
CUST_03168,0.819353747,1,too expensive,college student,premium,high,648.51,binge watcher
CUST_03169,0.904801272,1,too expensive,working professional,basic,high,217.3,news junkie
CUST_03170,0.907645294,1,none,college student,basic,high,228.28,sports enthusiast
CUST_03171,0.809742067,1,too expensive,college student,standard,high,399.61,casual viewer
CUST_03172,0.793122992,1,switched to competitor,college student,basic,high,214.96,binge watcher
CUST_03173,0.59516071,1,none,retired individual,standard,medium,381.17,news junkie
CUST_03174,0.737811492,1,none,retired individual,standard,medium,369.93,family viewer
CUST_03175,0.773529488,1,content not interesting,school student,basic,high,183.57,binge watcher
CUST_03176,0.837893565,1,too expensive,retired individual,premium,low,706.69,news junkie
CUST_03177,0.430095009,0,none,college student,basic,high,239.76,family viewer
CUST_03178,0.880637675,1,technical issues,college student,standard,medium,350.24,family viewer
CUST_03179,0.847747939,1,none,college student,standard,low,396.49,casual viewer
CUST_03180,0.784196093,1,no time to watch,working professional,basic,high,168.58,family viewer
CUST_03181,0.711700257,1,technical issues,working professional,standard,medium,373.09,sports enthusiast
CUST_03182,0.745599296,1,content not interesting,college student,standard,high,388.11,news junkie
CUST_03183,0.852490362,1,technical issues,retired individual,basic,low,164.05,sports enthusiast
CUST_03184,0.732856021,1,technical issues,working professional,basic,medium,182.07,news junkie
CUST_03185,0.858332565,1,too expensive,working professional,premium,medium,758.61,family viewer
CUST_03186,0.846660444,1,content not interesting,college student,basic,high,237.45,casual viewer
CUST_03187,0.757717451,1,too expensive,retired individual,premium,medium,625.84,binge watcher
CUST_03188,0.835206829,1,technical issues,school student,basic,medium,148.96,binge watcher
CUST_03189,0.787358337,1,none,college student,premium,high,655.1,binge watcher
CUST_03190,0.753813998,1,too expensive,working professional,premium,high,694.22,family viewer
CUST_03191,0.820591835,1,no time to watch,retired individual,standard,high,354.86,binge watcher
CUST_03192,0.810033972,1,too expensive,college student,premium,low,703.07,sports enthusiast
CUST_03193,0.837995021,1,technical issues,retired individual,standard,medium,381.39,family viewer
CUST_03194,0.804120772,1,none,college student,basic,low,224.82,sports enthusiast
CUST_03195,0.786692297,1,no time to watch,college student,basic,high,198.23,binge watcher
CUST_03196,0.818783344,1,too expensive,college student,premium,medium,634.43,sports enthusiast
CUST_03197,0.860280147,1,technical issues,working professional,standard,medium,408.6,family viewer
CUST_03198,0.814442766,1,none,retired individual,basic,high,191.98,news junkie
CUST_03199,0.754178374,1,no time to watch,college student,basic,high,175.48,news junkie
CUST_03200,0.837286714,1,too expensive,college student,standard,medium,385.12,sports enthusiast
CUST_03201,0.903889108,1,too expensive,college student,premium,low,779.53,casual viewer
CUST_03202,0.727644185,1,none,college student,premium,medium,658.42,family viewer
CUST_03203,0.797720483,1,too expensive,college student,basic,high,204.05,binge watcher
CUST_03204,0.789796688,1,content not interesting,retired individual,standard,high,435.26,binge watcher
CUST_03205,0.81422911,1,too expensive,college student,standard,medium,402.96,binge watcher
CUST_03206,0.744635385,1,none,college student,standard,high,396.86,family viewer
CUST_03207,0.808149746,1,no time to watch,working professional,standard,high,440.81,casual viewer
CUST_03208,0.91652505,1,too expensive,working professional,premium,high,757.26,news junkie
CUST_03209,0.878244481,1,too expensive,college student,premium,high,641.41,family viewer
CUST_03210,0.659670225,1,none,college student,basic,high,234.71,sports enthusiast
CUST_03211,0.854756322,1,too expensive,college student,premium,high,756.01,binge watcher
CUST_03212,0.670428066,1,too expensive,working professional,premium,high,708.39,news junkie
CUST_03213,0.662043065,1,none,college student,premium,high,740.05,casual viewer
CUST_03214,0.826024429,1,too expensive,working professional,standard,low,353.93,family viewer
CUST_03215,0.763171112,1,switched to competitor,working professional,standard,high,434.13,casual viewer
CUST_03216,0.850707466,1,too expensive,retired individual,basic,high,196.31,sports enthusiast
CUST_03217,0.901590199,1,no time to watch,working professional,basic,low,232.09,casual viewer
CUST_03218,0.670292756,1,no time to watch,college student,basic,high,181.19,family viewer
CUST_03219,0.805350861,1,no time to watch,working professional,standard,high,448.92,sports enthusiast
CUST_03220,0.831749747,1,too expensive,college student,premium,medium,631.73,family viewer
CUST_03221,0.868204591,1,too expensive,college student,premium,medium,712.66,binge watcher
CUST_03222,0.895312801,1,too expensive,retired individual,premium,low,639.35,family viewer
CUST_03223,0.87537645,1,too expensive,working professional,basic,high,183.95,binge watcher
CUST_03224,0.874622766,1,too expensive,working professional,premium,high,631.79,news junkie
CUST_03225,0.795802355,1,no time to watch,retired individual,standard,high,371.49,news junkie
CUST_03226,0.834785104,1,no time to watch,working professional,standard,high,376.11,casual viewer
CUST_03227,0.834257788,1,too expensive,working professional,premium,low,631.07,family viewer
CUST_03228,0.78379872,1,too expensive,college student,basic,low,176.81,news junkie
CUST_03229,0.817843285,1,too expensive,school student,standard,high,388.23,casual viewer
CUST_03230,0.854288751,1,no time to watch,working professional,standard,medium,427.18,binge watcher
CUST_03231,0.835322976,1,no time to watch,college student,standard,high,388.36,family viewer
CUST_03232,0.847118951,1,none,retired individual,basic,high,168.03,casual viewer
CUST_03233,0.85460257,1,too expensive,working professional,standard,high,461.2,sports enthusiast
CUST_03234,0.749790308,1,too expensive,school student,standard,medium,451.44,family viewer
CUST_03235,0.645663651,1,switched to competitor,college student,basic,high,214.82,binge watcher
CUST_03236,0.792787347,1,technical issues,retired individual,standard,medium,447.76,casual viewer
CUST_03237,0.85048608,1,too expensive,college student,standard,high,428.69,news junkie
CUST_03238,0.899300106,1,too expensive,retired individual,standard,medium,380.4,casual viewer
CUST_03239,0.628302535,1,none,college student,premium,high,641.54,binge watcher
CUST_03240,0.748451443,1,too expensive,college student,premium,low,785.71,family viewer
CUST_03241,0.586527178,1,technical issues,retired individual,basic,medium,228.62,news junkie
CUST_03242,0.565145161,1,switched to competitor,school student,standard,high,413.78,news junkie
CUST_03243,0.683815221,1,no time to watch,college student,standard,high,401.32,binge watcher
CUST_03244,0.551641943,1,none,college student,basic,medium,206.31,news junkie
CUST_03245,0.607835174,1,none,school student,basic,high,201.81,news junkie
CUST_03246,0.572453812,1,too expensive,school student,premium,high,793.09,news junkie
CUST_03247,0.771502026,1,too expensive,working professional,premium,low,690.86,family viewer
CUST_03248,0.769475084,1,too expensive,college student,premium,medium,624.95,casual viewer
CUST_03249,0.86098236,1,none,college student,standard,medium,393.41,sports enthusiast
CUST_03250,0.712984614,1,switched to competitor,retired individual,standard,high,444.24,binge watcher
CUST_03251,0.77796313,1,too expensive,college student,standard,high,393.83,family viewer
CUST_03252,0.69563061,1,switched to competitor,college student,standard,high,374.29,family viewer
CUST_03253,0.576418122,1,technical issues,retired individual,standard,medium,479.78,news junkie
CUST_03254,0.639484624,1,too expensive,working professional,premium,high,711.79,sports enthusiast
CUST_03255,0.908606163,1,too expensive,school student,standard,medium,429.49,binge watcher
CUST_03256,0.736224649,1,switched to competitor,college student,standard,high,430.18,news junkie
CUST_03257,0.855916484,1,too expensive,working professional,premium,low,711.82,family viewer
CUST_03258,0.830490359,1,technical issues,college student,standard,medium,436.15,casual viewer
CUST_03259,0.85278675,1,technical issues,retired individual,standard,low,426.56,binge watcher
CUST_03260,0.80942779,1,too expensive,retired individual,basic,high,214.31,news junkie
CUST_03261,0.879567781,1,too expensive,college student,basic,medium,200.47,casual viewer
CUST_03262,0.776162612,1,content not interesting,college student,standard,high,387.61,casual viewer
CUST_03263,0.82441335,1,too expensive,retired individual,premium,low,722.04,sports enthusiast
CUST_03264,0.882676961,1,too expensive,college student,basic,medium,189.56,family viewer
CUST_03265,0.763860285,1,too expensive,college student,standard,medium,388.28,news junkie
CUST_03266,0.877440114,1,none,retired individual,standard,medium,332,news junkie
CUST_03267,0.642166919,1,none,working professional,basic,high,199.03,family viewer
CUST_03268,0.693873892,1,too expensive,retired individual,premium,high,622.44,sports enthusiast
CUST_03269,0.838485832,1,too expensive,retired individual,standard,high,430.96,binge watcher
CUST_03270,0.702871629,1,too expensive,retired individual,premium,high,703.85,binge watcher
CUST_03271,0.825406518,1,no time to watch,college student,basic,high,218.9,news junkie
CUST_03272,0.788762732,1,technical issues,retired individual,standard,low,396.11,casual viewer
CUST_03273,0.799818051,1,too expensive,retired individual,standard,high,340.77,sports enthusiast
CUST_03274,0.807652368,1,too expensive,college student,basic,medium,214.9,binge watcher
CUST_03275,0.820835045,1,too expensive,college student,standard,high,359.4,casual viewer
CUST_03276,0.884626814,1,too expensive,retired individual,premium,low,681.35,sports enthusiast
CUST_03277,0.783141549,1,none,college student,basic,low,209.28,news junkie
CUST_03278,0.849213126,1,none,retired individual,standard,medium,385.34,casual viewer
CUST_03279,0.880755353,1,technical issues,school student,basic,low,161.7,news junkie
CUST_03280,0.738795417,1,technical issues,college student,basic,medium,203.42,casual viewer
CUST_03281,0.642377587,1,none,retired individual,basic,medium,188.91,news junkie
CUST_03282,0.743022113,1,too expensive,working professional,premium,high,793.84,sports enthusiast
CUST_03283,0.746150865,1,none,retired individual,standard,high,383.61,news junkie
CUST_03284,0.775001202,1,none,college student,standard,medium,337.83,news junkie
CUST_03285,0.661308212,1,switched to competitor,retired individual,basic,high,217.41,binge watcher
CUST_03286,0.801823331,1,too expensive,school student,premium,medium,688.75,sports enthusiast
CUST_03287,0.932466047,1,too expensive,working professional,basic,low,165.31,casual viewer
CUST_03288,0.636739288,1,too expensive,college student,premium,high,777.23,binge watcher
CUST_03289,0.721737543,1,too expensive,school student,premium,high,619.51,binge watcher
CUST_03290,0.746676304,1,none,school student,standard,high,413.64,binge watcher
CUST_03291,0.784848812,1,none,working professional,basic,high,231.23,family viewer
CUST_03292,0.776247187,1,no time to watch,college student,standard,high,435.38,news junkie
CUST_03293,0.818438319,1,too expensive,college student,basic,high,172.67,news junkie
CUST_03294,0.796361596,1,switched to competitor,college student,basic,high,233.76,family viewer
CUST_03295,0.681803875,1,too expensive,college student,premium,high,624.72,family viewer
CUST_03296,0.873762746,1,too expensive,working professional,basic,high,213.83,sports enthusiast
CUST_03297,0.616374072,1,none,working professional,standard,high,414.93,family viewer
CUST_03298,0.890993769,1,technical issues,working professional,basic,medium,235.48,news junkie
CUST_03299,0.910476,1,too expensive,working professional,standard,low,433.96,family viewer
CUST_03300,0.854065699,1,technical issues,college student,standard,low,350.6,news junkie
CUST_03301,0.878214095,1,none,college student,basic,high,190.4,family viewer
CUST_03302,0.679064175,1,none,school student,basic,medium,217.68,family viewer
CUST_03303,0.660882694,1,none,school student,premium,high,765.8,casual viewer
CUST_03304,0.757285917,1,no time to watch,college student,basic,high,194.34,news junkie
CUST_03305,0.898168438,1,technical issues,college student,basic,medium,215.9,family viewer
CUST_03306,0.950778914,1,too expensive,college student,premium,low,719.66,casual viewer
CUST_03307,0.757506753,1,too expensive,working professional,premium,high,762.67,family viewer
CUST_03308,0.620636416,1,too expensive,college student,premium,high,614.93,news junkie
CUST_03309,0.782858725,1,technical issues,working professional,standard,low,403.35,binge watcher
CUST_03310,0.80289072,1,none,college student,basic,high,215,family viewer
CUST_03311,0.904829875,1,no time to watch,college student,standard,low,437.06,family viewer
CUST_03312,0.646042451,1,no time to watch,working professional,basic,high,176.63,family viewer
CUST_03313,0.665649722,1,switched to competitor,retired individual,basic,high,170.77,family viewer
CUST_03314,0.778071466,1,too expensive,school student,basic,high,221.86,sports enthusiast
CUST_03315,0.797671335,1,switched to competitor,retired individual,basic,high,211.03,binge watcher
CUST_03316,0.741745565,1,too expensive,college student,premium,high,696.09,news junkie
CUST_03317,0.687577571,1,switched to competitor,school student,standard,high,389.41,casual viewer
CUST_03318,0.728875881,1,too expensive,college student,premium,high,664.66,news junkie
CUST_03319,0.861369174,1,too expensive,college student,premium,medium,670.17,family viewer
CUST_03320,0.765101052,1,content not interesting,college student,basic,high,195.18,family viewer
CUST_03321,0.808926451,1,technical issues,retired individual,basic,medium,225.93,sports enthusiast
CUST_03322,0.773948675,1,none,working professional,premium,medium,707.04,family viewer
CUST_03323,0.645559107,1,none,college student,premium,high,718.5,binge watcher
CUST_03324,0.873812027,1,none,working professional,basic,medium,168.43,sports enthusiast
CUST_03325,0.798759107,1,none,college student,premium,high,710.59,sports enthusiast
CUST_03326,0.803188104,1,technical issues,retired individual,standard,medium,370.88,family viewer
CUST_03327,0.846162207,1,none,college student,standard,low,358.48,family viewer
CUST_03328,0.901362623,1,no time to watch,retired individual,standard,high,375.83,casual viewer
CUST_03329,0.731134221,1,technical issues,college student,basic,medium,211.28,casual viewer
CUST_03330,0.913952387,1,too expensive,working professional,premium,high,755.15,news junkie
CUST_03331,0.809938151,1,technical issues,school student,standard,low,355.02,family viewer
CUST_03332,0.704763362,1,too expensive,retired individual,premium,high,776.17,sports enthusiast
CUST_03333,0.736638741,1,none,college student,basic,high,213.57,family viewer
CUST_03334,0.767396984,1,no time to watch,working professional,basic,medium,169.33,news junkie
CUST_03335,0.901136085,1,too expensive,college student,premium,high,761.45,family viewer
CUST_03336,0.909511498,1,too expensive,college student,premium,low,639.26,sports enthusiast
CUST_03337,0.827771684,1,none,college student,premium,medium,640.82,casual viewer
CUST_03338,0.800788593,1,none,college student,standard,high,428.97,family viewer
CUST_03339,0.7191858,1,too expensive,school student,premium,high,818.69,news junkie
CUST_03340,0.803259039,1,no time to watch,school student,basic,medium,137.78,sports enthusiast
CUST_03341,0.848750421,1,too expensive,college student,premium,high,766.53,sports enthusiast
CUST_03342,0.805634654,1,too expensive,college student,premium,medium,699.46,casual viewer
CUST_03343,0.788581381,1,none,retired individual,standard,high,351.11,news junkie
CUST_03344,0.904737354,1,too expensive,working professional,standard,high,401.84,family viewer
CUST_03345,0.744308854,1,too expensive,college student,premium,high,792.27,family viewer
CUST_03346,0.882086684,1,no time to watch,retired individual,basic,medium,217.63,binge watcher
CUST_03347,0.845051793,1,too expensive,college student,premium,medium,644.96,family viewer
CUST_03348,0.698102597,1,technical issues,college student,standard,low,451.74,news junkie
CUST_03349,0.87467173,1,too expensive,working professional,standard,high,403.81,binge watcher
CUST_03350,0.564254981,1,none,school student,standard,high,372.88,news junkie
CUST_03351,0.714589403,1,none,college student,standard,medium,352.74,news junkie
CUST_03352,0.73325507,1,too expensive,retired individual,standard,high,394.88,binge watcher
CUST_03353,0.785199244,1,none,working professional,premium,high,754.05,casual viewer
CUST_03354,0.882862831,1,too expensive,retired individual,basic,medium,214.16,sports enthusiast
CUST_03355,0.776184287,1,none,school student,premium,high,689.04,binge watcher
CUST_03356,0.856947448,1,content not interesting,working professional,basic,high,166.35,casual viewer
CUST_03357,0.865022304,1,no time to watch,working professional,standard,high,476.55,binge watcher
CUST_03358,0.940152212,1,no time to watch,working professional,standard,low,450.17,binge watcher
CUST_03359,0.582174828,1,none,retired individual,premium,high,604.48,binge watcher
CUST_03360,0.805188163,1,none,working professional,premium,low,777.24,sports enthusiast
CUST_03361,0.802718183,1,technical issues,college student,standard,medium,402.45,casual viewer
CUST_03362,0.831171896,1,too expensive,working professional,premium,medium,712.48,news junkie
CUST_03363,0.713058773,1,technical issues,working professional,basic,medium,214.03,casual viewer
CUST_03364,0.76403994,1,switched to competitor,working professional,basic,high,245.29,casual viewer
CUST_03365,0.819526932,1,too expensive,college student,premium,high,762.04,family viewer
CUST_03366,0.802003085,1,technical issues,working professional,basic,low,234.94,family viewer
CUST_03367,0.835876842,1,too expensive,college student,standard,medium,346.56,binge watcher
CUST_03368,0.810120893,1,content not interesting,college student,standard,high,363.08,binge watcher
CUST_03369,0.779672251,1,content not interesting,school student,standard,high,394.98,binge watcher
CUST_03370,0.862211607,1,too expensive,school student,premium,medium,787.06,sports enthusiast
CUST_03371,0.866756935,1,too expensive,college student,standard,medium,440.36,casual viewer
CUST_03372,0.63389696,1,none,college student,basic,high,242.18,casual viewer
CUST_03373,0.810536086,1,none,college student,basic,high,183.75,news junkie
CUST_03374,0.755004347,1,too expensive,college student,basic,high,213.18,family viewer
CUST_03375,0.898417019,1,too expensive,school student,standard,medium,348.73,binge watcher
CUST_03376,0.668990438,1,none,college student,basic,high,190.3,binge watcher
CUST_03377,0.759713216,1,no time to watch,college student,standard,low,379.26,sports enthusiast
CUST_03378,0.851204197,1,no time to watch,retired individual,basic,medium,211.54,casual viewer
CUST_03379,0.734069633,1,too expensive,retired individual,premium,high,716.51,sports enthusiast
CUST_03380,0.767963326,1,none,college student,basic,high,226.84,binge watcher
CUST_03381,0.655844095,1,too expensive,school student,premium,medium,641.7,family viewer
CUST_03382,0.806641265,1,none,school student,premium,high,767.95,news junkie
CUST_03383,0.74279234,1,none,school student,standard,high,431.63,sports enthusiast
CUST_03384,0.895496818,1,too expensive,retired individual,standard,medium,432.24,sports enthusiast
CUST_03385,0.656602798,1,content not interesting,retired individual,basic,high,213.43,sports enthusiast
CUST_03386,0.644057564,1,switched to competitor,retired individual,basic,high,224.6,sports enthusiast
CUST_03387,0.899325008,1,too expensive,retired individual,basic,high,177.18,casual viewer
CUST_03388,0.862439064,1,none,college student,standard,high,404.18,casual viewer
CUST_03389,0.888286202,1,too expensive,working professional,premium,low,624.13,news junkie
CUST_03390,0.70803144,1,none,college student,premium,high,668.29,binge watcher
CUST_03391,0.733395905,1,none,retired individual,standard,high,411.76,family viewer
CUST_03392,0.784891391,1,too expensive,retired individual,premium,medium,767.79,sports enthusiast
CUST_03393,0.889820868,1,too expensive,college student,premium,low,618.77,casual viewer
CUST_03394,0.745684425,1,too expensive,retired individual,premium,high,778.48,binge watcher
CUST_03395,0.860559772,1,no time to watch,working professional,standard,high,457.77,binge watcher
CUST_03396,0.676886884,1,none,college student,basic,high,155,binge watcher
CUST_03397,0.630727948,1,technical issues,college student,standard,medium,385.81,casual viewer
CUST_03398,0.747208949,1,too expensive,college student,premium,medium,671.87,news junkie
CUST_03399,0.729787165,1,too expensive,retired individual,standard,high,408.26,family viewer
CUST_03400,0.838824527,1,too expensive,working professional,basic,medium,212.47,sports enthusiast
CUST_03401,0.855087817,1,none,working professional,standard,medium,435.75,family viewer
CUST_03402,0.853196196,1,switched to competitor,college student,standard,high,406.28,casual viewer
CUST_03403,0.745600752,1,none,college student,premium,high,783.01,binge watcher
CUST_03404,0.75857864,1,too expensive,retired individual,premium,low,795.52,sports enthusiast
CUST_03405,0.890815426,1,too expensive,college student,premium,high,697.32,casual viewer
CUST_03406,0.714848302,1,too expensive,college student,premium,medium,738.21,family viewer
CUST_03407,0.76286263,1,too expensive,college student,basic,high,174.06,news junkie
CUST_03408,0.900493608,1,technical issues,college student,standard,low,396.03,binge watcher
CUST_03409,0.788912105,1,technical issues,working professional,basic,medium,157.19,sports enthusiast
CUST_03410,0.892126343,1,too expensive,working professional,premium,high,771.23,sports enthusiast
CUST_03411,0.800107246,1,too expensive,college student,premium,high,698.77,news junkie
CUST_03412,0.849925055,1,too expensive,retired individual,standard,high,412.34,binge watcher
CUST_03413,0.905682286,1,too expensive,working professional,basic,low,190.01,family viewer
CUST_03414,0.846227331,1,too expensive,working professional,premium,high,777.65,family viewer
CUST_03415,0.797190136,1,too expensive,college student,basic,medium,238.55,binge watcher
CUST_03416,0.72291688,1,switched to competitor,college student,standard,high,452.11,sports enthusiast
CUST_03417,0.821730913,1,too expensive,working professional,premium,medium,785.11,sports enthusiast
CUST_03418,0.798221723,1,too expensive,school student,standard,high,355.51,binge watcher
CUST_03419,0.878293308,1,too expensive,working professional,premium,low,720.51,news junkie
CUST_03420,0.762006222,1,too expensive,college student,premium,high,781.52,casual viewer
CUST_03421,0.811820233,1,technical issues,school student,basic,medium,226.1,sports enthusiast
CUST_03422,0.928520617,1,none,working professional,premium,low,732.21,news junkie
CUST_03423,0.736771292,1,content not interesting,college student,basic,high,177.97,family viewer
CUST_03424,0.841053802,1,too expensive,retired individual,standard,high,379.7,family viewer
CUST_03425,0.660499,1,technical issues,retired individual,standard,medium,398.04,news junkie
CUST_03426,0.846882911,1,technical issues,school student,basic,medium,225.18,casual viewer
CUST_03427,0.825339665,1,too expensive,retired individual,standard,medium,419.74,news junkie
CUST_03428,0.653972595,1,none,college student,standard,high,359.57,news junkie
CUST_03429,0.672307494,1,too expensive,college student,premium,high,697.26,casual viewer
CUST_03430,0.725481102,1,switched to competitor,retired individual,basic,high,252.61,sports enthusiast
CUST_03431,0.871780223,1,too expensive,college student,premium,high,639.89,casual viewer
CUST_03432,0.576526126,1,none,college student,standard,high,335.24,news junkie
CUST_03433,0.884741018,1,too expensive,college student,basic,medium,228.24,binge watcher
CUST_03434,0.936065124,1,too expensive,school student,basic,low,241.5,sports enthusiast
CUST_03435,0.688721418,1,none,college student,basic,medium,180.85,sports enthusiast
CUST_03436,0.846381982,1,too expensive,college student,standard,low,386.38,family viewer
CUST_03437,0.869816616,1,too expensive,working professional,premium,medium,608.16,news junkie
CUST_03438,0.831459006,1,no time to watch,retired individual,basic,high,206.76,family viewer
CUST_03439,0.943843111,1,too expensive,working professional,premium,medium,597.81,binge watcher
CUST_03440,0.953697226,1,too expensive,college student,standard,low,424.14,casual viewer
CUST_03441,0.942406254,1,too expensive,college student,standard,low,384.27,news junkie
CUST_03442,0.699307441,1,too expensive,college student,premium,high,791.45,binge watcher
CUST_03443,0.862675492,1,too expensive,retired individual,premium,low,789.02,binge watcher
CUST_03444,0.836537956,1,too expensive,college student,standard,low,460.64,casual viewer
CUST_03445,0.861776888,1,too expensive,college student,premium,medium,650.84,news junkie
CUST_03446,0.687117332,1,switched to competitor,school student,basic,high,173.72,news junkie
CUST_03447,0.702958477,1,too expensive,working professional,premium,medium,704.68,binge watcher
CUST_03448,0.734036968,1,none,college student,premium,high,619.81,news junkie
CUST_03449,0.817077133,1,too expensive,college student,premium,medium,674.27,family viewer
CUST_03450,0.73311239,1,none,retired individual,basic,high,224.62,sports enthusiast
CUST_03451,0.942757457,1,too expensive,school student,premium,low,752.35,sports enthusiast
CUST_03452,0.832863267,1,too expensive,school student,standard,high,352.46,news junkie
CUST_03453,0.922837949,1,too expensive,working professional,premium,medium,590.05,binge watcher
CUST_03454,0.541508056,1,switched to competitor,retired individual,standard,high,411.94,casual viewer
CUST_03455,0.851137,1,too expensive,college student,standard,high,368.4,binge watcher
CUST_03456,0.890793134,1,too expensive,working professional,basic,high,217.24,casual viewer
CUST_03457,0.691438087,1,too expensive,retired individual,premium,medium,732.59,casual viewer
CUST_03458,0.740999908,1,too expensive,college student,premium,high,696.81,casual viewer
CUST_03459,0.83588925,1,too expensive,college student,premium,low,632.08,family viewer
CUST_03460,0.877066813,1,too expensive,retired individual,premium,medium,761.37,casual viewer
CUST_03461,0.876271829,1,too expensive,working professional,basic,medium,216.33,family viewer
CUST_03462,0.749628816,1,too expensive,college student,standard,high,353.31,family viewer
CUST_03463,0.75850066,1,too expensive,working professional,premium,high,726,news junkie
CUST_03464,0.703723399,1,too expensive,school student,premium,low,694.26,binge watcher
CUST_03465,0.861540775,1,too expensive,college student,premium,medium,682.93,news junkie
CUST_03466,0.865060484,1,too expensive,college student,premium,high,684.6,news junkie
CUST_03467,0.714409158,1,content not interesting,retired individual,basic,high,193.73,sports enthusiast
CUST_03468,0.700131209,1,no time to watch,retired individual,basic,high,200.04,sports enthusiast
CUST_03469,0.626682099,1,none,college student,standard,high,402.06,binge watcher
CUST_03470,0.803631576,1,too expensive,retired individual,premium,medium,641.45,news junkie
CUST_03471,0.845045661,1,too expensive,retired individual,premium,low,731.36,sports enthusiast
CUST_03472,0.793160405,1,technical issues,working professional,standard,medium,412.97,casual viewer
CUST_03473,0.799994153,1,none,college student,standard,medium,393.33,sports enthusiast
CUST_03474,0.484998633,0,technical issues,school student,basic,medium,211.99,family viewer
CUST_03475,0.751776829,1,technical issues,retired individual,basic,medium,204.17,family viewer
CUST_03476,0.616252132,1,no time to watch,working professional,standard,medium,348.41,sports enthusiast
CUST_03477,0.644075195,1,too expensive,working professional,premium,high,640.3,casual viewer
CUST_03478,0.84429629,1,technical issues,college student,standard,low,401.18,casual viewer
CUST_03479,0.847105749,1,too expensive,working professional,premium,medium,737.3,family viewer
CUST_03480,0.793807297,1,none,working professional,basic,high,228.77,binge watcher
CUST_03481,0.87019794,1,technical issues,retired individual,basic,medium,186.81,casual viewer
CUST_03482,0.795312001,1,too expensive,college student,premium,high,615.51,news junkie
CUST_03483,0.833558559,1,too expensive,college student,premium,medium,769.06,family viewer
CUST_03484,0.915649142,1,too expensive,retired individual,premium,medium,698.49,casual viewer
CUST_03485,0.882887381,1,too expensive,college student,basic,low,187.55,binge watcher
CUST_03486,0.792184113,1,too expensive,school student,premium,low,625.78,family viewer
CUST_03487,0.776543507,1,technical issues,college student,standard,medium,402.08,casual viewer
CUST_03488,0.69735823,1,too expensive,school student,premium,high,712.24,sports enthusiast
CUST_03489,0.808229681,1,too expensive,college student,premium,medium,701.74,family viewer
CUST_03490,0.795600268,1,switched to competitor,college student,basic,high,156.06,casual viewer
CUST_03491,0.844338762,1,too expensive,retired individual,premium,medium,662.37,news junkie
CUST_03492,0.835759606,1,too expensive,college student,premium,medium,634.85,family viewer
CUST_03493,0.839446026,1,too expensive,college student,standard,medium,451.68,news junkie
CUST_03494,0.789207559,1,none,retired individual,standard,medium,395.3,family viewer
CUST_03495,0.91523618,1,too expensive,college student,standard,high,395.23,casual viewer
CUST_03496,0.857407097,1,no time to watch,school student,standard,medium,414.55,binge watcher
CUST_03497,0.703186897,1,technical issues,college student,standard,medium,380.99,binge watcher
CUST_03498,0.846635668,1,too expensive,retired individual,premium,high,767.21,casual viewer
CUST_03499,0.759907049,1,switched to competitor,school student,basic,high,237.32,binge watcher
CUST_03500,0.781309867,1,none,retired individual,premium,low,613.73,casual viewer
CUST_03501,0.60057403,1,too expensive,college student,premium,high,788.81,binge watcher
CUST_03502,0.886997584,1,technical issues,college student,standard,low,452.55,casual viewer
CUST_03503,0.766979871,1,too expensive,retired individual,premium,high,780.66,casual viewer
CUST_03504,0.775271373,1,too expensive,school student,standard,medium,416.12,news junkie
CUST_03505,0.904853957,1,no time to watch,college student,basic,medium,210.67,binge watcher
CUST_03506,0.800294739,1,too expensive,college student,standard,high,327.81,family viewer
CUST_03507,0.7173265,1,none,school student,standard,high,359.76,family viewer
CUST_03508,0.800875518,1,technical issues,school student,standard,low,391.85,casual viewer
CUST_03509,0.88338384,1,too expensive,working professional,premium,high,619.64,sports enthusiast
CUST_03510,0.951986742,1,too expensive,college student,premium,low,770.83,casual viewer
CUST_03511,0.801533594,1,too expensive,working professional,premium,medium,762.2,news junkie
CUST_03512,0.656593868,1,none,school student,basic,high,195.34,family viewer
CUST_03513,0.713833469,1,none,retired individual,premium,high,691.23,sports enthusiast
CUST_03514,0.516239144,1,switched to competitor,school student,standard,high,378,binge watcher
CUST_03515,0.93693299,1,too expensive,college student,basic,medium,211.67,binge watcher
CUST_03516,0.928491615,1,too expensive,working professional,basic,medium,180.36,family viewer
CUST_03517,0.744643155,1,none,college student,standard,high,462.48,casual viewer
CUST_03518,0.875635601,1,technical issues,working professional,standard,low,403.96,casual viewer
CUST_03519,0.889571728,1,too expensive,school student,standard,medium,346.24,casual viewer
CUST_03520,0.764210811,1,no time to watch,college student,standard,medium,456.84,family viewer
CUST_03521,0.819712256,1,too expensive,retired individual,premium,low,695.9,sports enthusiast
CUST_03522,0.677783258,1,none,college student,standard,medium,382.56,family viewer
CUST_03523,0.888584281,1,too expensive,college student,standard,low,385.7,casual viewer
CUST_03524,0.729804025,1,too expensive,college student,premium,high,650.84,family viewer
CUST_03525,0.836509951,1,too expensive,school student,standard,medium,389.79,casual viewer
CUST_03526,0.821567615,1,too expensive,college student,premium,low,616.8,news junkie
CUST_03527,0.87103622,1,technical issues,college student,basic,low,194.99,sports enthusiast
CUST_03528,0.784408897,1,too expensive,college student,premium,medium,726.4,binge watcher
CUST_03529,0.928180118,1,no time to watch,working professional,standard,low,446.77,sports enthusiast
CUST_03530,0.585970654,1,switched to competitor,college student,standard,high,424.04,sports enthusiast
CUST_03531,0.88703223,1,no time to watch,working professional,standard,low,448.09,news junkie
CUST_03532,0.875803875,1,too expensive,working professional,standard,high,324.69,binge watcher
CUST_03533,0.775932987,1,none,college student,basic,high,242.93,sports enthusiast
CUST_03534,0.684439472,1,switched to competitor,retired individual,standard,high,404.64,sports enthusiast
CUST_03535,0.683542948,1,too expensive,college student,basic,high,188.4,sports enthusiast
CUST_03536,0.818740411,1,technical issues,retired individual,standard,medium,437.36,family viewer
CUST_03537,0.865048931,1,none,college student,standard,medium,321.47,binge watcher
CUST_03538,0.889337352,1,too expensive,working professional,standard,high,479.62,binge watcher
CUST_03539,0.813096523,1,too expensive,working professional,premium,high,606.64,sports enthusiast
CUST_03540,0.890574165,1,technical issues,retired individual,standard,low,375.37,binge watcher
CUST_03541,0.812055349,1,no time to watch,working professional,standard,low,411.69,family viewer
CUST_03542,0.753584998,1,too expensive,retired individual,basic,medium,230.08,sports enthusiast
CUST_03543,0.69516396,1,no time to watch,college student,standard,high,421.52,casual viewer
CUST_03544,0.820358177,1,too expensive,working professional,standard,high,433.68,casual viewer
CUST_03545,0.733359933,1,technical issues,retired individual,standard,low,333.31,casual viewer
CUST_03546,0.778233331,1,no time to watch,retired individual,basic,high,183.56,casual viewer
CUST_03547,0.729596259,1,none,retired individual,premium,high,650.14,binge watcher
CUST_03548,0.645017967,1,none,working professional,basic,high,216.54,family viewer
CUST_03549,0.72868106,1,technical issues,college student,basic,medium,187.58,binge watcher
CUST_03550,0.725797122,1,none,working professional,standard,low,368.91,news junkie
CUST_03551,0.676481117,1,technical issues,school student,basic,medium,218.87,binge watcher
CUST_03552,0.890814436,1,too expensive,working professional,basic,high,176.04,binge watcher
CUST_03553,0.930825338,1,too expensive,retired individual,standard,low,446.35,family viewer
CUST_03554,0.756746124,1,too expensive,retired individual,premium,medium,684.05,binge watcher
CUST_03555,0.721750247,1,none,working professional,standard,high,464.38,binge watcher
CUST_03556,0.656861425,1,switched to competitor,working professional,standard,high,411.53,news junkie
CUST_03557,0.822642044,1,too expensive,college student,premium,low,616.05,family viewer
CUST_03558,0.702657928,1,switched to competitor,school student,standard,high,420.55,casual viewer
CUST_03559,0.758102697,1,technical issues,college student,basic,medium,175.04,news junkie
CUST_03560,0.858794134,1,technical issues,college student,standard,medium,315.56,binge watcher
CUST_03561,0.583337674,1,none,college student,basic,high,210.61,news junkie
CUST_03562,0.862031069,1,too expensive,working professional,premium,high,610.76,news junkie
CUST_03563,0.856863122,1,no time to watch,working professional,standard,high,441.56,news junkie
CUST_03564,0.778752161,1,too expensive,retired individual,premium,high,641.25,sports enthusiast
CUST_03565,0.770359124,1,no time to watch,school student,basic,medium,205.07,casual viewer
CUST_03566,0.906480576,1,too expensive,retired individual,standard,high,356.55,family viewer
CUST_03567,0.880228036,1,technical issues,college student,standard,low,442.65,binge watcher
CUST_03568,0.868505415,1,too expensive,working professional,standard,medium,472.35,family viewer
CUST_03569,0.725920287,1,technical issues,college student,basic,medium,190.08,sports enthusiast
CUST_03570,0.748269557,1,none,college student,premium,medium,763.71,family viewer
CUST_03571,0.691403856,1,content not interesting,college student,standard,high,329.39,binge watcher
CUST_03572,0.903280969,1,too expensive,college student,premium,low,725.97,binge watcher
CUST_03573,0.821988353,1,too expensive,college student,premium,high,604.94,casual viewer
CUST_03574,0.698451754,1,none,retired individual,premium,high,688.46,sports enthusiast
CUST_03575,0.90238209,1,too expensive,college student,standard,medium,343.2,family viewer
CUST_03576,0.898833047,1,too expensive,retired individual,premium,low,679.11,binge watcher
CUST_03577,0.849904967,1,none,working professional,standard,low,378.43,casual viewer
CUST_03578,0.659542569,1,too expensive,working professional,premium,medium,636.67,casual viewer
CUST_03579,0.923290383,1,too expensive,working professional,standard,medium,398.09,casual viewer
CUST_03580,0.668766706,1,too expensive,school student,premium,high,611.97,sports enthusiast
CUST_03581,0.847346036,1,too expensive,working professional,basic,medium,193.99,sports enthusiast
CUST_03582,0.760600617,1,none,college student,premium,low,592.34,binge watcher
CUST_03583,0.838346393,1,too expensive,school student,premium,medium,707.39,sports enthusiast
CUST_03584,0.732898035,1,too expensive,retired individual,premium,medium,703.52,news junkie
CUST_03585,0.708701768,1,no time to watch,working professional,standard,high,414.85,casual viewer
CUST_03586,0.678354672,1,none,school student,premium,high,620.97,casual viewer
CUST_03587,0.719694499,1,switched to competitor,college student,standard,high,362.26,sports enthusiast
CUST_03588,0.784765737,1,too expensive,college student,basic,high,211.12,binge watcher
CUST_03589,0.843887744,1,too expensive,college student,premium,high,628.39,casual viewer
CUST_03590,0.722070773,1,content not interesting,retired individual,standard,high,374.16,family viewer
CUST_03591,0.724568085,1,none,retired individual,standard,high,397.62,news junkie
CUST_03592,0.786842159,1,none,college student,standard,medium,422.94,casual viewer
CUST_03593,0.839473348,1,technical issues,school student,standard,low,426.02,binge watcher
CUST_03594,0.891917992,1,too expensive,working professional,premium,low,785.16,family viewer
CUST_03595,0.827318905,1,content not interesting,school student,standard,high,361.2,news junkie
CUST_03596,0.89256373,1,too expensive,working professional,standard,medium,347.81,family viewer
CUST_03597,0.801273174,1,too expensive,college student,standard,high,344.2,binge watcher
CUST_03598,0.87955443,1,content not interesting,working professional,standard,high,335.13,binge watcher
CUST_03599,0.796891336,1,too expensive,college student,premium,medium,693.85,news junkie
CUST_03600,0.808623678,1,no time to watch,working professional,basic,low,245.93,sports enthusiast
CUST_03601,0.811768142,1,too expensive,working professional,premium,medium,630.91,casual viewer
CUST_03602,0.874980394,1,too expensive,working professional,premium,high,770.61,casual viewer
CUST_03603,0.772315402,1,too expensive,school student,standard,high,446.35,casual viewer
CUST_03604,0.696984341,1,none,retired individual,premium,high,762.73,casual viewer
CUST_03605,0.817010468,1,too expensive,college student,premium,high,800.37,sports enthusiast
CUST_03606,0.740996952,1,technical issues,college student,standard,medium,427.85,news junkie
CUST_03607,0.798111996,1,too expensive,college student,premium,high,706.97,family viewer
CUST_03608,0.774535798,1,too expensive,working professional,premium,low,679.78,family viewer
CUST_03609,0.903202375,1,too expensive,college student,standard,high,440.84,casual viewer
CUST_03610,0.636067038,1,too expensive,college student,premium,high,787.21,binge watcher
CUST_03611,0.755662467,1,technical issues,college student,standard,medium,374.65,family viewer
CUST_03612,0.614458214,1,too expensive,college student,premium,high,707.7,sports enthusiast
CUST_03613,0.918388607,1,too expensive,college student,standard,low,437.97,casual viewer
CUST_03614,0.873542729,1,too expensive,retired individual,standard,medium,442.67,news junkie
CUST_03615,0.898637074,1,none,college student,standard,low,459.84,news junkie
CUST_03616,0.772767618,1,no time to watch,school student,standard,high,410.59,binge watcher
CUST_03617,0.661145094,1,none,college student,standard,low,376.7,binge watcher
CUST_03618,0.838802278,1,too expensive,retired individual,premium,high,685.01,casual viewer
CUST_03619,0.812141017,1,technical issues,college student,standard,low,408.43,binge watcher
CUST_03620,0.87400543,1,none,working professional,standard,medium,402.79,news junkie
CUST_03621,0.932288156,1,none,working professional,premium,low,683.93,family viewer
CUST_03622,0.741881209,1,content not interesting,retired individual,standard,high,334.53,news junkie
CUST_03623,0.791046917,1,none,college student,premium,high,752.04,news junkie
CUST_03624,0.728510104,1,no time to watch,working professional,standard,medium,359.26,news junkie
CUST_03625,0.862962291,1,too expensive,retired individual,premium,low,689.21,binge watcher
CUST_03626,0.65662519,1,none,working professional,standard,high,418.11,casual viewer
CUST_03627,0.859177262,1,none,college student,basic,medium,233.6,binge watcher
CUST_03628,0.725040367,1,technical issues,college student,standard,low,418.24,binge watcher
CUST_03629,0.838703332,1,too expensive,college student,premium,low,702.02,sports enthusiast
CUST_03630,0.636762838,1,content not interesting,retired individual,standard,high,419.88,news junkie
CUST_03631,0.833800916,1,too expensive,working professional,premium,high,647,casual viewer
CUST_03632,0.690698968,1,none,college student,basic,high,233.34,family viewer
CUST_03633,0.669357626,1,none,college student,basic,high,183.66,sports enthusiast
CUST_03634,0.856973316,1,too expensive,retired individual,standard,medium,396.42,news junkie
CUST_03635,0.791310054,1,too expensive,college student,premium,medium,663.93,casual viewer
CUST_03636,0.72418947,1,switched to competitor,retired individual,standard,high,408.73,casual viewer
CUST_03637,0.825393765,1,too expensive,retired individual,premium,high,769.72,news junkie
CUST_03638,0.871968345,1,too expensive,college student,premium,low,609.7,sports enthusiast
CUST_03639,0.646955283,1,too expensive,retired individual,premium,high,752.46,news junkie
CUST_03640,0.87641613,1,technical issues,college student,basic,low,230.32,casual viewer
CUST_03641,0.817378804,1,no time to watch,college student,standard,high,356.2,family viewer
CUST_03642,0.85883065,1,too expensive,working professional,premium,medium,710.84,sports enthusiast
CUST_03643,0.778006919,1,technical issues,working professional,standard,medium,421.86,news junkie
CUST_03644,0.9277813,1,too expensive,school student,premium,medium,767.96,family viewer
CUST_03645,0.842832565,1,none,retired individual,standard,low,345.48,casual viewer
CUST_03646,0.951522228,1,too expensive,school student,standard,low,447.74,family viewer
CUST_03647,0.885164206,1,no time to watch,working professional,basic,medium,229.84,casual viewer
CUST_03648,0.882349423,1,too expensive,college student,premium,low,704.28,news junkie
CUST_03649,0.885770337,1,too expensive,retired individual,premium,high,702.51,casual viewer
CUST_03650,0.684404578,1,technical issues,retired individual,standard,medium,395.17,casual viewer
CUST_03651,0.87463148,1,too expensive,retired individual,basic,medium,187.4,sports enthusiast
CUST_03652,0.756253141,1,no time to watch,working professional,standard,high,398.25,family viewer
CUST_03653,0.814457216,1,technical issues,retired individual,standard,medium,318.69,casual viewer
CUST_03654,0.782634227,1,content not interesting,college student,standard,high,449.01,news junkie
CUST_03655,0.598479903,1,none,retired individual,basic,high,179.18,sports enthusiast
CUST_03656,0.813588468,1,none,college student,standard,low,386.19,sports enthusiast
CUST_03657,0.774154728,1,too expensive,working professional,premium,high,759.56,casual viewer
CUST_03658,0.885231935,1,too expensive,college student,standard,medium,449.61,family viewer
CUST_03659,0.872757601,1,technical issues,college student,basic,low,190.1,sports enthusiast
CUST_03660,0.863629013,1,technical issues,working professional,standard,medium,325.96,sports enthusiast
CUST_03661,0.685041032,1,none,college student,basic,high,175.34,news junkie
CUST_03662,0.91066408,1,too expensive,college student,premium,low,729.75,binge watcher
CUST_03663,0.743198644,1,none,college student,basic,high,260.81,binge watcher
CUST_03664,0.768489373,1,none,college student,premium,medium,611.32,sports enthusiast
CUST_03665,0.63836578,1,none,college student,basic,high,198.8,family viewer
CUST_03666,0.712764237,1,too expensive,retired individual,premium,high,803.16,sports enthusiast
CUST_03667,0.869986561,1,too expensive,college student,basic,high,169.24,sports enthusiast
CUST_03668,0.700777195,1,switched to competitor,college student,standard,high,403.3,news junkie
CUST_03669,0.848432585,1,no time to watch,retired individual,basic,medium,116.97,news junkie
CUST_03670,0.798142662,1,too expensive,retired individual,basic,low,179.3,sports enthusiast
CUST_03671,0.910131523,1,none,working professional,basic,high,179.42,casual viewer
CUST_03672,0.574739702,1,technical issues,school student,standard,medium,336.96,news junkie
CUST_03673,0.600813243,1,too expensive,college student,premium,high,607.89,news junkie
CUST_03674,0.770859107,1,switched to competitor,school student,basic,high,158.18,casual viewer
CUST_03675,0.803509773,1,too expensive,working professional,premium,high,707.66,sports enthusiast
CUST_03676,0.668476832,1,technical issues,school student,basic,low,210.12,family viewer
CUST_03677,0.801108327,1,none,working professional,premium,high,641.27,news junkie
CUST_03678,0.670298285,1,none,college student,basic,high,218.21,casual viewer
CUST_03679,0.87099399,1,too expensive,working professional,basic,medium,191.08,casual viewer
CUST_03680,0.799116765,1,too expensive,college student,premium,medium,604.66,sports enthusiast
CUST_03681,0.742651029,1,too expensive,working professional,premium,high,783.92,family viewer
CUST_03682,0.693914411,1,none,college student,premium,high,783.68,casual viewer
CUST_03683,0.886622183,1,none,working professional,standard,low,398.06,sports enthusiast
CUST_03684,0.786150541,1,content not interesting,school student,standard,high,432.14,news junkie
CUST_03685,0.822522583,1,none,school student,basic,medium,164.66,casual viewer
CUST_03686,0.644353651,1,switched to competitor,school student,basic,high,173.21,sports enthusiast
CUST_03687,0.731224188,1,too expensive,college student,premium,high,725.71,news junkie
CUST_03688,0.865391486,1,too expensive,school student,premium,medium,795.94,binge watcher
CUST_03689,0.675155424,1,switched to competitor,working professional,premium,high,592.17,sports enthusiast
CUST_03690,0.802468254,1,too expensive,college student,premium,medium,650.26,casual viewer
CUST_03691,0.82470435,1,too expensive,college student,basic,medium,222.57,sports enthusiast
CUST_03692,0.782412924,1,technical issues,school student,basic,medium,217.81,news junkie
CUST_03693,0.679559094,1,too expensive,school student,standard,medium,379.71,news junkie
CUST_03694,0.707617926,1,none,working professional,premium,high,628.65,casual viewer
CUST_03695,0.792434483,1,too expensive,working professional,premium,high,627.61,news junkie
CUST_03696,0.884243658,1,none,retired individual,premium,high,716.04,family viewer
CUST_03697,0.762648136,1,none,school student,standard,medium,446.65,news junkie
CUST_03698,0.794183092,1,too expensive,college student,premium,high,731.96,binge watcher
CUST_03699,0.712767599,1,no time to watch,college student,standard,high,404.65,casual viewer
CUST_03700,0.783918193,1,none,retired individual,standard,high,360.74,family viewer
CUST_03701,0.533022354,1,none,college student,standard,high,340.08,casual viewer
CUST_03702,0.87452298,1,too expensive,college student,premium,low,635.49,sports enthusiast
CUST_03703,0.598578397,1,too expensive,retired individual,premium,high,641.71,binge watcher
CUST_03704,0.792248481,1,too expensive,college student,basic,medium,195.14,news junkie
CUST_03705,0.736684415,1,no time to watch,retired individual,standard,high,397.9,sports enthusiast
CUST_03706,0.816814183,1,too expensive,college student,premium,high,781.97,family viewer
CUST_03707,0.849333626,1,technical issues,retired individual,standard,medium,475.25,news junkie
CUST_03708,0.861698541,1,too expensive,working professional,premium,medium,749.45,news junkie
CUST_03709,0.85065955,1,too expensive,working professional,premium,low,687.34,news junkie
CUST_03710,0.875092453,1,none,school student,standard,high,453.41,family viewer
CUST_03711,0.760565239,1,too expensive,retired individual,basic,high,216.09,family viewer
CUST_03712,0.883236727,1,too expensive,working professional,premium,medium,774.76,casual viewer
CUST_03713,0.740461434,1,none,college student,basic,high,248.86,news junkie
CUST_03714,0.853891247,1,no time to watch,working professional,basic,low,217.6,binge watcher
CUST_03715,0.896012524,1,too expensive,college student,standard,low,370.59,binge watcher
CUST_03716,0.756591133,1,too expensive,retired individual,premium,medium,657.79,binge watcher
CUST_03717,0.755297135,1,none,college student,standard,high,356.38,family viewer
CUST_03718,0.716381618,1,none,school student,basic,high,204.73,binge watcher
CUST_03719,0.763544429,1,content not interesting,retired individual,basic,high,200.07,casual viewer
CUST_03720,0.904204155,1,too expensive,working professional,premium,high,703.8,family viewer
CUST_03721,0.519080491,1,switched to competitor,school student,standard,high,370.98,news junkie
CUST_03722,0.826838346,1,too expensive,college student,basic,medium,173.94,binge watcher
CUST_03723,0.77453381,1,no time to watch,working professional,basic,medium,206.39,sports enthusiast
CUST_03724,0.731967018,1,too expensive,college student,premium,medium,706.78,news junkie
CUST_03725,0.760987783,1,none,college student,basic,high,167.79,casual viewer
CUST_03726,0.638146452,1,no time to watch,college student,standard,high,442.18,sports enthusiast
CUST_03727,0.810968939,1,content not interesting,retired individual,standard,high,395.05,family viewer
CUST_03728,0.694863806,1,none,college student,basic,high,196.38,casual viewer
CUST_03729,0.777525867,1,too expensive,school student,premium,medium,717,news junkie
CUST_03730,0.699154678,1,no time to watch,working professional,basic,high,212.15,sports enthusiast
CUST_03731,0.782128593,1,too expensive,working professional,premium,high,779.52,sports enthusiast
CUST_03732,0.880544802,1,too expensive,college student,premium,medium,625.18,casual viewer
CUST_03733,0.874874208,1,too expensive,college student,premium,medium,750.37,binge watcher
CUST_03734,0.711067599,1,too expensive,college student,premium,high,759.53,binge watcher
CUST_03735,0.834742447,1,no time to watch,working professional,basic,high,199.67,family viewer
CUST_03736,0.831048679,1,none,college student,standard,low,362.02,news junkie
CUST_03737,0.832519952,1,too expensive,college student,basic,high,219.64,sports enthusiast
CUST_03738,0.827577486,1,switched to competitor,working professional,basic,high,188.07,news junkie
CUST_03739,0.740808628,1,none,working professional,basic,medium,150.9,sports enthusiast
CUST_03740,0.881463912,1,too expensive,school student,premium,high,628.11,family viewer
CUST_03741,0.700257628,1,content not interesting,working professional,basic,high,223.92,sports enthusiast
CUST_03742,0.736516611,1,switched to competitor,working professional,standard,high,368.29,news junkie
CUST_03743,0.796843238,1,switched to competitor,college student,basic,high,192.74,news junkie
CUST_03744,0.880002658,1,too expensive,retired individual,premium,high,789.74,sports enthusiast
CUST_03745,0.864835934,1,technical issues,working professional,standard,medium,357.55,casual viewer
CUST_03746,0.764053487,1,no time to watch,working professional,basic,low,175.05,sports enthusiast
CUST_03747,0.654033983,1,too expensive,retired individual,premium,high,654.23,binge watcher
CUST_03748,0.773830989,1,too expensive,college student,standard,high,426.03,casual viewer
CUST_03749,0.788580213,1,none,retired individual,standard,medium,396.1,sports enthusiast
CUST_03750,0.602051321,1,switched to competitor,college student,basic,high,165.41,casual viewer
CUST_03751,0.734629302,1,switched to competitor,college student,standard,high,380.32,family viewer
CUST_03752,0.938037541,1,too expensive,college student,premium,low,637.71,family viewer
CUST_03753,0.787541123,1,switched to competitor,working professional,standard,high,332.8,news junkie
CUST_03754,0.826531579,1,no time to watch,college student,basic,high,206.48,casual viewer
CUST_03755,0.762987538,1,none,college student,premium,high,606.22,binge watcher
CUST_03756,0.734960338,1,switched to competitor,college student,basic,high,201.58,sports enthusiast
CUST_03757,0.90197606,1,none,college student,basic,low,212.67,sports enthusiast
CUST_03758,0.888226403,1,too expensive,retired individual,basic,high,207.71,casual viewer
CUST_03759,0.700039352,1,content not interesting,school student,standard,high,457.62,news junkie
CUST_03760,0.857974382,1,too expensive,college student,basic,high,182.31,news junkie
CUST_03761,0.862315526,1,too expensive,college student,basic,high,187.21,family viewer
CUST_03762,0.831889684,1,too expensive,retired individual,standard,high,414.05,binge watcher
CUST_03763,0.824224879,1,too expensive,working professional,basic,low,219.25,binge watcher
CUST_03764,0.841344429,1,none,college student,standard,high,342.83,casual viewer
CUST_03765,0.856916682,1,too expensive,retired individual,standard,high,381.98,casual viewer
CUST_03766,0.905067433,1,too expensive,retired individual,premium,low,677.87,sports enthusiast
CUST_03767,0.580043183,1,switched to competitor,school student,standard,high,447.25,casual viewer
CUST_03768,0.74916845,1,too expensive,school student,premium,medium,689.5,sports enthusiast
CUST_03769,0.808568141,1,none,college student,standard,low,438.49,binge watcher
CUST_03770,0.823631364,1,too expensive,retired individual,premium,high,622.9,news junkie
CUST_03771,0.748368485,1,switched to competitor,working professional,basic,high,235.95,news junkie
CUST_03772,0.806570007,1,too expensive,college student,premium,high,634.69,casual viewer
CUST_03773,0.820669572,1,too expensive,college student,premium,high,689.13,casual viewer
CUST_03774,0.862373911,1,technical issues,retired individual,standard,medium,328.62,family viewer
CUST_03775,0.8208816,1,too expensive,working professional,premium,high,747.72,binge watcher
CUST_03776,0.776555671,1,no time to watch,retired individual,standard,low,356,binge watcher
CUST_03777,0.87460257,1,too expensive,college student,standard,low,351.29,sports enthusiast
CUST_03778,0.753397893,1,none,college student,basic,low,159.76,news junkie
CUST_03779,0.881712839,1,too expensive,college student,premium,high,657.98,sports enthusiast
CUST_03780,0.786487077,1,technical issues,college student,basic,medium,172.94,binge watcher
CUST_03781,0.776351216,1,switched to competitor,college student,basic,high,210.55,binge watcher
CUST_03782,0.894512499,1,too expensive,retired individual,basic,low,229.27,family viewer
CUST_03783,0.783582732,1,none,college student,basic,medium,222.24,binge watcher
CUST_03784,0.852285371,1,too expensive,college student,basic,low,226.37,family viewer
CUST_03785,0.77803487,1,switched to competitor,school student,basic,high,218.99,sports enthusiast
CUST_03786,0.897577714,1,no time to watch,working professional,standard,high,441.62,family viewer
CUST_03787,0.921667646,1,none,college student,basic,high,228.37,binge watcher
CUST_03788,0.856055274,1,too expensive,college student,premium,low,778.09,family viewer
CUST_03789,0.880712966,1,too expensive,school student,premium,medium,725.47,family viewer
CUST_03790,0.846374729,1,technical issues,college student,standard,low,344.37,news junkie
CUST_03791,0.892210278,1,too expensive,working professional,basic,low,232.49,family viewer
CUST_03792,0.808386231,1,too expensive,college student,basic,medium,180.44,binge watcher
CUST_03793,0.667664128,1,none,college student,standard,medium,356,sports enthusiast
CUST_03794,0.845120978,1,too expensive,college student,basic,high,169.96,sports enthusiast
CUST_03795,0.801587554,1,none,retired individual,standard,low,411.98,family viewer
CUST_03796,0.748820129,1,content not interesting,school student,standard,high,330.37,news junkie
CUST_03797,0.868257922,1,too expensive,school student,premium,low,750.74,family viewer
CUST_03798,0.913912245,1,too expensive,working professional,standard,low,381.56,sports enthusiast
CUST_03799,0.847789205,1,too expensive,college student,basic,low,216.28,casual viewer
CUST_03800,0.768451557,1,switched to competitor,school student,standard,high,401.51,sports enthusiast
CUST_03801,0.766999248,1,too expensive,college student,premium,high,703.9,sports enthusiast
CUST_03802,0.881609965,1,no time to watch,college student,standard,medium,366.17,sports enthusiast
CUST_03803,0.798849947,1,switched to competitor,working professional,basic,high,215.25,binge watcher
CUST_03804,0.861412298,1,too expensive,school student,standard,high,346.11,news junkie
CUST_03805,0.832295808,1,too expensive,retired individual,basic,high,167.61,casual viewer
CUST_03806,0.790583785,1,no time to watch,retired individual,basic,medium,228.55,binge watcher
CUST_03807,0.783208855,1,too expensive,school student,basic,high,153.32,family viewer
CUST_03808,0.87574786,1,too expensive,college student,premium,high,774.7,family viewer
CUST_03809,0.760449057,1,switched to competitor,college student,standard,high,410.74,news junkie
CUST_03810,0.630888656,1,none,school student,standard,medium,341.61,sports enthusiast
CUST_03811,0.852303024,1,none,school student,standard,medium,448.29,news junkie
CUST_03812,0.613450768,1,switched to competitor,college student,standard,high,386.86,news junkie
CUST_03813,0.868751646,1,technical issues,college student,standard,low,467.33,news junkie
CUST_03814,0.759900655,1,technical issues,school student,basic,medium,213.53,family viewer
CUST_03815,0.759793915,1,technical issues,college student,standard,medium,387.57,family viewer
CUST_03816,0.941412388,1,too expensive,college student,premium,low,706.57,binge watcher
CUST_03817,0.64643177,1,none,school student,basic,high,197.23,news junkie
CUST_03818,0.87285504,1,too expensive,retired individual,premium,high,715.4,binge watcher
CUST_03819,0.853375581,1,too expensive,retired individual,premium,low,642.17,family viewer
CUST_03820,0.698994143,1,content not interesting,retired individual,standard,high,425.43,casual viewer
CUST_03821,0.822508011,1,too expensive,retired individual,premium,high,653.55,family viewer
CUST_03822,0.666801216,1,no time to watch,working professional,standard,medium,379.07,family viewer
CUST_03823,0.743184194,1,no time to watch,retired individual,basic,medium,206.75,family viewer
CUST_03824,0.723948253,1,switched to competitor,college student,basic,high,196.14,binge watcher
CUST_03825,0.846437112,1,too expensive,working professional,premium,high,781.66,casual viewer
CUST_03826,0.75798771,1,technical issues,retired individual,basic,medium,222.1,family viewer
CUST_03827,0.689708129,1,too expensive,working professional,premium,low,735.82,casual viewer
CUST_03828,0.843729217,1,too expensive,school student,premium,medium,783.61,binge watcher
CUST_03829,0.793949995,1,none,college student,standard,medium,391.85,sports enthusiast
CUST_03830,0.705013583,1,technical issues,college student,basic,medium,234.26,sports enthusiast
CUST_03831,0.851018265,1,too expensive,college student,standard,low,412.61,casual viewer
CUST_03832,0.797172181,1,no time to watch,college student,basic,medium,208.21,sports enthusiast
CUST_03833,0.869136519,1,technical issues,working professional,basic,low,187.35,sports enthusiast
CUST_03834,0.772702459,1,switched to competitor,college student,standard,high,451.1,casual viewer
CUST_03835,0.752095652,1,too expensive,college student,premium,high,705.19,family viewer
CUST_03836,0.90149756,1,too expensive,college student,basic,high,197.39,family viewer
CUST_03837,0.771632347,1,content not interesting,retired individual,standard,high,337.96,news junkie
CUST_03838,0.876455139,1,too expensive,college student,premium,medium,614.91,sports enthusiast
CUST_03839,0.918723531,1,too expensive,college student,premium,high,748.07,binge watcher
CUST_03840,0.833807767,1,no time to watch,working professional,standard,medium,410.21,news junkie
CUST_03841,0.777082419,1,too expensive,college student,premium,high,632.43,binge watcher
CUST_03842,0.823419177,1,too expensive,working professional,basic,high,194.67,sports enthusiast
CUST_03843,0.78101903,1,none,college student,standard,medium,339.44,sports enthusiast
CUST_03844,0.88266281,1,too expensive,school student,standard,medium,433.45,news junkie
CUST_03845,0.898008715,1,technical issues,college student,premium,low,584.29,casual viewer
CUST_03846,0.734063978,1,none,college student,basic,high,198.89,family viewer
CUST_03847,0.655699807,1,none,retired individual,standard,high,373.45,family viewer
CUST_03848,0.952726749,1,too expensive,college student,standard,low,348.13,sports enthusiast
CUST_03849,0.885453434,1,too expensive,working professional,premium,high,636.03,family viewer
CUST_03850,0.851087581,1,technical issues,working professional,standard,low,392.06,sports enthusiast
CUST_03851,0.844496929,1,too expensive,college student,standard,medium,441.03,binge watcher
CUST_03852,0.807050937,1,too expensive,college student,standard,high,414.67,binge watcher
CUST_03853,0.61820854,1,too expensive,retired individual,premium,high,699.67,family viewer
CUST_03854,0.882386886,1,too expensive,school student,premium,low,771.3,news junkie
CUST_03855,0.85069595,1,no time to watch,college student,standard,medium,381.62,news junkie
CUST_03856,0.768684626,1,switched to competitor,working professional,standard,high,355.6,family viewer
CUST_03857,0.800720687,1,content not interesting,school student,standard,high,339.1,family viewer
CUST_03858,0.854492414,1,no time to watch,school student,standard,medium,479.8,family viewer
CUST_03859,0.86348594,1,too expensive,working professional,basic,high,214.41,family viewer
CUST_03860,0.650530708,1,none,school student,premium,high,653.92,sports enthusiast
CUST_03861,0.733809815,1,none,college student,standard,high,367.82,sports enthusiast
CUST_03862,0.765126124,1,switched to competitor,college student,standard,high,445.11,binge watcher
CUST_03863,0.801707985,1,too expensive,school student,premium,high,792.38,binge watcher
CUST_03864,0.873586568,1,too expensive,working professional,basic,medium,177.71,binge watcher
CUST_03865,0.731125571,1,switched to competitor,college student,basic,high,205.53,binge watcher
CUST_03866,0.902426992,1,technical issues,retired individual,basic,low,188.59,news junkie
CUST_03867,0.792852292,1,no time to watch,working professional,standard,high,395.9,family viewer
CUST_03868,0.780381776,1,none,school student,standard,high,396.27,news junkie
CUST_03869,0.743437041,1,too expensive,college student,standard,high,444.62,binge watcher
CUST_03870,0.628004015,1,content not interesting,college student,standard,high,350.31,news junkie
CUST_03871,0.947625427,1,too expensive,retired individual,standard,low,347.9,sports enthusiast
CUST_03872,0.808796426,1,too expensive,working professional,premium,high,749.44,binge watcher
CUST_03873,0.728312942,1,content not interesting,retired individual,basic,high,196.28,casual viewer
CUST_03874,0.940169396,1,too expensive,college student,standard,medium,340.76,sports enthusiast
CUST_03875,0.907101445,1,too expensive,college student,basic,medium,207.88,casual viewer
CUST_03876,0.871401844,1,too expensive,school student,basic,high,200.12,family viewer
CUST_03877,0.635469904,1,switched to competitor,college student,basic,high,227.75,casual viewer
CUST_03878,0.815233386,1,too expensive,college student,premium,medium,667.53,news junkie
CUST_03879,0.778300058,1,none,college student,standard,high,404.86,casual viewer
CUST_03880,0.920877821,1,too expensive,working professional,premium,low,668.2,casual viewer
CUST_03881,0.75520669,1,too expensive,college student,premium,medium,763.46,sports enthusiast
CUST_03882,0.724028812,1,no time to watch,working professional,standard,high,428.5,casual viewer
CUST_03883,0.835817849,1,too expensive,college student,premium,medium,702.89,binge watcher
CUST_03884,0.917652443,1,too expensive,working professional,standard,medium,410.21,binge watcher
CUST_03885,0.867879513,1,too expensive,retired individual,basic,low,185.01,casual viewer
CUST_03886,0.879846211,1,too expensive,working professional,standard,high,332.62,casual viewer
CUST_03887,0.552573041,1,none,college student,standard,high,401.71,sports enthusiast
CUST_03888,0.784846942,1,too expensive,school student,basic,high,171.13,family viewer
CUST_03889,0.877820566,1,none,college student,premium,high,605.57,family viewer
CUST_03890,0.531088224,1,too expensive,school student,premium,high,613.23,family viewer
CUST_03891,0.867199901,1,too expensive,school student,premium,high,634.05,news junkie
CUST_03892,0.88422761,1,too expensive,college student,premium,low,693.95,news junkie
CUST_03893,0.824658102,1,content not interesting,college student,standard,high,410.27,sports enthusiast
CUST_03894,0.834853573,1,too expensive,working professional,standard,high,346.41,family viewer
CUST_03895,0.748052057,1,none,college student,basic,medium,197.97,family viewer
CUST_03896,0.88233029,1,technical issues,school student,standard,low,397.47,binge watcher
CUST_03897,0.845014393,1,technical issues,college student,standard,low,314.12,family viewer
CUST_03898,0.918491019,1,too expensive,working professional,standard,medium,392.33,casual viewer
CUST_03899,0.781841315,1,content not interesting,college student,basic,high,168.25,sports enthusiast
CUST_03900,0.891506115,1,no time to watch,working professional,standard,low,393.52,family viewer
CUST_03901,0.666320929,1,too expensive,college student,premium,high,640.72,family viewer
CUST_03902,0.882938296,1,too expensive,school student,standard,high,406.21,family viewer
CUST_03903,0.668530078,1,too expensive,retired individual,premium,medium,751.98,family viewer
CUST_03904,0.770023528,1,none,retired individual,premium,high,693.57,family viewer
CUST_03905,0.834041418,1,too expensive,retired individual,basic,medium,199.1,news junkie
CUST_03906,0.84765328,1,too expensive,retired individual,premium,high,729.56,sports enthusiast
CUST_03907,0.843189447,1,too expensive,college student,premium,high,769.12,news junkie
CUST_03908,0.763161053,1,no time to watch,college student,basic,high,192.22,casual viewer
CUST_03909,0.735818521,1,too expensive,working professional,premium,medium,708.85,binge watcher
CUST_03910,0.830821548,1,no time to watch,retired individual,basic,medium,226.14,family viewer
CUST_03911,0.8872977,1,too expensive,retired individual,basic,low,210.62,sports enthusiast
CUST_03912,0.906546261,1,no time to watch,working professional,standard,medium,367.7,news junkie
CUST_03913,0.638196451,1,too expensive,college student,premium,high,663.45,family viewer
CUST_03914,0.838241257,1,too expensive,working professional,premium,high,777.76,news junkie
CUST_03915,0.61008303,1,too expensive,retired individual,premium,medium,745.49,family viewer
CUST_03916,0.688269262,1,none,school student,standard,high,462.31,family viewer
CUST_03917,0.749987948,1,too expensive,college student,premium,high,775.78,news junkie
CUST_03918,0.832564078,1,switched to competitor,college student,standard,high,470.94,binge watcher
CUST_03919,0.642746063,1,switched to competitor,college student,standard,high,344.04,sports enthusiast
CUST_03920,0.777468356,1,no time to watch,retired individual,standard,high,452.3,family viewer
CUST_03921,0.813507943,1,too expensive,retired individual,premium,high,690.91,family viewer
CUST_03922,0.746339481,1,technical issues,school student,basic,low,248.38,casual viewer
CUST_03923,0.866392721,1,too expensive,working professional,premium,medium,724.94,sports enthusiast
CUST_03924,0.894634526,1,too expensive,working professional,basic,medium,233.45,binge watcher
CUST_03925,0.806505347,1,none,school student,standard,medium,363.46,casual viewer
CUST_03926,0.705960004,1,content not interesting,college student,standard,high,454.09,family viewer
CUST_03927,0.818123551,1,none,college student,basic,medium,192.58,news junkie
CUST_03928,0.913914222,1,too expensive,college student,premium,high,813.13,casual viewer
CUST_03929,0.835071118,1,too expensive,working professional,basic,high,199.11,casual viewer
CUST_03930,0.803373035,1,too expensive,college student,basic,high,186.41,family viewer
CUST_03931,0.934858569,1,too expensive,working professional,basic,high,193.27,casual viewer
CUST_03932,0.580203938,1,switched to competitor,retired individual,basic,high,173.73,family viewer
CUST_03933,0.777839129,1,no time to watch,working professional,basic,high,206.89,casual viewer
CUST_03934,0.849226016,1,technical issues,college student,basic,medium,193.12,sports enthusiast
CUST_03935,0.849373553,1,too expensive,school student,standard,low,475.94,casual viewer
CUST_03936,0.705972764,1,none,working professional,standard,high,381.95,family viewer
CUST_03937,0.67885068,1,technical issues,college student,standard,medium,424.52,news junkie
CUST_03938,0.800401785,1,too expensive,school student,premium,high,727.66,casual viewer
CUST_03939,0.608613303,1,none,college student,premium,high,786.89,casual viewer
CUST_03940,0.852583046,1,none,working professional,basic,medium,190.25,family viewer
CUST_03941,0.730054216,1,none,college student,basic,high,184.18,family viewer
CUST_03942,0.836031838,1,too expensive,working professional,standard,high,453.6,family viewer
CUST_03943,0.784493306,1,too expensive,school student,premium,medium,640.9,sports enthusiast
CUST_03944,0.899043634,1,too expensive,college student,standard,high,365.76,binge watcher
CUST_03945,0.860224773,1,no time to watch,working professional,standard,medium,400.63,family viewer
CUST_03946,0.842012471,1,too expensive,working professional,standard,medium,395.36,binge watcher
CUST_03947,0.725499645,1,none,retired individual,standard,high,338.9,casual viewer
CUST_03948,0.642974624,1,switched to competitor,retired individual,basic,high,201.11,casual viewer
CUST_03949,0.91702053,1,too expensive,working professional,premium,medium,613.2,binge watcher
CUST_03950,0.83841861,1,too expensive,school student,premium,high,627.14,sports enthusiast
CUST_03951,0.902521858,1,too expensive,college student,standard,low,404.11,binge watcher
CUST_03952,0.832321252,1,too expensive,college student,standard,high,370.85,family viewer
CUST_03953,0.856131116,1,too expensive,working professional,premium,high,641.61,casual viewer
CUST_03954,0.845744003,1,too expensive,school student,basic,low,240.57,news junkie
CUST_03955,0.75477707,1,switched to competitor,school student,standard,high,405.37,casual viewer
CUST_03956,0.875643247,1,too expensive,retired individual,standard,medium,355.13,family viewer
CUST_03957,0.743835982,1,too expensive,school student,premium,medium,754.82,family viewer
CUST_03958,0.581049613,1,switched to competitor,working professional,standard,high,385.11,binge watcher
CUST_03959,0.738490058,1,none,retired individual,premium,high,770.81,sports enthusiast
CUST_03960,0.675993825,1,none,working professional,premium,high,730.96,family viewer
CUST_03961,0.824697449,1,no time to watch,retired individual,basic,high,240.73,news junkie
CUST_03962,0.834536952,1,technical issues,retired individual,basic,medium,194.27,news junkie
CUST_03963,0.843005487,1,too expensive,working professional,standard,high,362.65,sports enthusiast
CUST_03964,0.785717734,1,no time to watch,working professional,basic,low,237.71,casual viewer
CUST_03965,0.758772047,1,no time to watch,working professional,basic,high,203.23,casual viewer
CUST_03966,0.790924196,1,too expensive,college student,standard,high,434.82,binge watcher
CUST_03967,0.81341242,1,too expensive,retired individual,premium,high,756.8,casual viewer
CUST_03968,0.907844344,1,too expensive,college student,basic,high,236.83,sports enthusiast
CUST_03969,0.834069247,1,content not interesting,college student,standard,high,492.93,binge watcher
CUST_03970,0.880841642,1,too expensive,working professional,premium,high,716.86,casual viewer
CUST_03971,0.855564298,1,too expensive,working professional,standard,high,469.6,news junkie
CUST_03972,0.816627766,1,too expensive,working professional,premium,high,693.94,casual viewer
CUST_03973,0.888995671,1,too expensive,working professional,premium,high,735.85,news junkie
CUST_03974,0.706965415,1,content not interesting,retired individual,basic,high,193.38,binge watcher
CUST_03975,0.848219545,1,technical issues,college student,basic,low,164.2,news junkie
CUST_03976,0.889072705,1,too expensive,retired individual,basic,low,257.27,casual viewer
CUST_03977,0.801965979,1,too expensive,college student,premium,medium,683.04,binge watcher
CUST_03978,0.832231242,1,none,retired individual,premium,medium,798.06,casual viewer
CUST_03979,0.653619194,1,content not interesting,college student,standard,high,414.11,casual viewer
CUST_03980,0.883948368,1,too expensive,college student,standard,medium,420.29,news junkie
CUST_03981,0.766393704,1,technical issues,college student,standard,medium,396.02,sports enthusiast
CUST_03982,0.734525995,1,none,working professional,basic,high,211.87,sports enthusiast
CUST_03983,0.681506664,1,none,retired individual,basic,high,233.92,family viewer
CUST_03984,0.80440699,1,none,college student,premium,high,746.77,sports enthusiast
CUST_03985,0.781885446,1,technical issues,retired individual,standard,low,412.86,sports enthusiast
CUST_03986,0.735463054,1,no time to watch,working professional,basic,low,193.51,family viewer
CUST_03987,0.751452708,1,too expensive,school student,premium,medium,775.36,sports enthusiast
CUST_03988,0.720788552,1,too expensive,college student,premium,medium,742.47,casual viewer
CUST_03989,0.647813978,1,none,working professional,basic,medium,176.74,sports enthusiast
CUST_03990,0.781282061,1,too expensive,school student,premium,high,724.94,family viewer
CUST_03991,0.882209243,1,too expensive,retired individual,premium,medium,625.4,casual viewer
CUST_03992,0.627913749,1,no time to watch,retired individual,standard,high,362.98,news junkie
CUST_03993,0.754151874,1,too expensive,college student,premium,high,628.9,family viewer
CUST_03994,0.859794726,1,technical issues,retired individual,standard,medium,378.91,binge watcher
CUST_03995,0.808394627,1,too expensive,school student,premium,medium,755.18,binge watcher
CUST_03996,0.714512562,1,technical issues,college student,basic,low,207.37,casual viewer
CUST_03997,0.669656559,1,switched to competitor,retired individual,standard,high,443.45,sports enthusiast
CUST_03998,0.840819149,1,too expensive,college student,standard,high,366.93,casual viewer
CUST_03999,0.844362602,1,too expensive,college student,basic,high,174.83,news junkie
CUST_04000,0.819190923,1,no time to watch,retired individual,standard,high,398.88,news junkie
CUST_04001,0.947332622,1,too expensive,working professional,basic,low,180.11,family viewer
CUST_04002,0.799729681,1,switched to competitor,working professional,basic,high,232.65,binge watcher
CUST_04003,0.912554558,1,no time to watch,working professional,standard,low,444.48,casual viewer
CUST_04004,0.768842671,1,no time to watch,retired individual,basic,high,152.57,casual viewer
CUST_04005,0.890715337,1,too expensive,working professional,premium,medium,764.05,casual viewer
CUST_04006,0.717304378,1,no time to watch,retired individual,standard,high,398.03,news junkie
CUST_04007,0.876510298,1,too expensive,retired individual,standard,high,385.32,news junkie
CUST_04008,0.864519449,1,content not interesting,school student,basic,high,182.23,binge watcher
CUST_04009,0.901697076,1,too expensive,retired individual,premium,low,735.55,sports enthusiast
CUST_04010,0.85919328,1,too expensive,working professional,standard,high,425.59,binge watcher
CUST_04011,0.705141775,1,none,working professional,standard,high,403.75,news junkie
CUST_04012,0.91228752,1,too expensive,retired individual,basic,medium,182.63,casual viewer
CUST_04013,0.742175644,1,too expensive,college student,premium,medium,753.92,casual viewer
CUST_04014,0.817753914,1,no time to watch,college student,standard,high,366.35,casual viewer
CUST_04015,0.604858335,1,too expensive,college student,premium,high,679.36,casual viewer
CUST_04016,0.722975022,1,no time to watch,working professional,standard,high,321.05,binge watcher
CUST_04017,0.770829119,1,none,retired individual,basic,high,196.9,news junkie
CUST_04018,0.822091629,1,too expensive,college student,standard,medium,374.92,family viewer
CUST_04019,0.74779892,1,no time to watch,working professional,standard,high,355.64,sports enthusiast
CUST_04020,0.816075098,1,too expensive,college student,premium,medium,688.6,casual viewer
CUST_04021,0.779620285,1,technical issues,college student,basic,medium,232.38,casual viewer
CUST_04022,0.794627757,1,none,retired individual,standard,medium,358.58,binge watcher
CUST_04023,0.876622151,1,too expensive,working professional,standard,medium,445,casual viewer
CUST_04024,0.598612125,1,switched to competitor,school student,standard,high,344.4,news junkie
CUST_04025,0.873582997,1,content not interesting,college student,basic,high,166.15,family viewer
CUST_04026,0.811140487,1,too expensive,working professional,premium,high,789.44,news junkie
CUST_04027,0.756161832,1,too expensive,college student,basic,high,186.93,sports enthusiast
CUST_04028,0.801136167,1,too expensive,working professional,premium,high,776.88,family viewer
CUST_04029,0.771081669,1,switched to competitor,college student,basic,high,200.85,casual viewer
CUST_04030,0.793590573,1,too expensive,working professional,premium,high,707.02,casual viewer
CUST_04031,0.746986917,1,no time to watch,working professional,basic,high,210.7,sports enthusiast
CUST_04032,0.789412916,1,content not interesting,retired individual,basic,high,188.1,family viewer
CUST_04033,0.842855253,1,too expensive,school student,premium,high,770.89,sports enthusiast
CUST_04034,0.929608602,1,too expensive,working professional,basic,low,226.99,binge watcher
CUST_04035,0.824579014,1,too expensive,college student,standard,low,363.84,news junkie
CUST_04036,0.561908019,1,switched to competitor,college student,basic,high,202.43,family viewer
CUST_04037,0.661031027,1,technical issues,college student,basic,medium,217.71,family viewer
CUST_04038,0.57620607,1,technical issues,college student,standard,low,408.55,news junkie
CUST_04039,0.830372202,1,technical issues,college student,premium,low,584.68,casual viewer
CUST_04040,0.928962501,1,too expensive,working professional,premium,low,763.95,family viewer
CUST_04041,0.90231327,1,too expensive,working professional,standard,high,468.62,casual viewer
CUST_04042,0.712911257,1,too expensive,college student,premium,medium,771.58,binge watcher
CUST_04043,0.787271371,1,technical issues,college student,basic,low,164.4,family viewer
CUST_04044,0.738049553,1,switched to competitor,college student,premium,high,576.5,sports enthusiast
CUST_04045,0.653082503,1,too expensive,retired individual,premium,high,755.41,binge watcher
CUST_04046,0.641626652,1,none,school student,basic,high,196.78,news junkie
CUST_04047,0.690226507,1,switched to competitor,college student,standard,high,407.86,family viewer
CUST_04048,0.826769055,1,technical issues,college student,standard,low,364.66,news junkie
CUST_04049,0.842733393,1,too expensive,working professional,premium,high,655.36,casual viewer
CUST_04050,0.907392682,1,too expensive,working professional,basic,low,203.53,news junkie
CUST_04051,0.810315472,1,none,retired individual,standard,medium,350.38,news junkie
CUST_04052,0.766032094,1,too expensive,college student,standard,high,395.22,binge watcher
CUST_04053,0.863546061,1,too expensive,college student,basic,high,251.32,news junkie
CUST_04054,0.801461114,1,none,working professional,standard,low,418.77,binge watcher
CUST_04055,0.771942368,1,no time to watch,retired individual,basic,medium,213.07,binge watcher
CUST_04056,0.626428502,1,none,school student,basic,medium,229.4,news junkie
CUST_04057,0.905110452,1,too expensive,college student,basic,low,182.9,family viewer
CUST_04058,0.823535766,1,no time to watch,working professional,basic,high,171.35,sports enthusiast
CUST_04059,0.711837595,1,none,college student,premium,medium,761.11,binge watcher
CUST_04060,0.876525365,1,too expensive,working professional,standard,high,366.17,family viewer
CUST_04061,0.875993432,1,too expensive,college student,standard,low,361.49,news junkie
CUST_04062,0.850089535,1,none,college student,standard,high,423,casual viewer
CUST_04063,0.724348366,1,none,school student,standard,high,440.23,news junkie
CUST_04064,0.883601859,1,too expensive,college student,basic,high,179.82,casual viewer
CUST_04065,0.911333562,1,none,retired individual,standard,medium,419.15,casual viewer
CUST_04066,0.851124028,1,too expensive,working professional,premium,high,696.16,family viewer
CUST_04067,0.937911578,1,too expensive,working professional,basic,low,169.3,sports enthusiast
CUST_04068,0.82853823,1,too expensive,college student,premium,high,634.37,news junkie
CUST_04069,0.761433523,1,switched to competitor,school student,standard,high,408.36,casual viewer
CUST_04070,0.78361523,1,none,college student,premium,high,708.94,family viewer
CUST_04071,0.760258839,1,none,college student,standard,high,418.83,news junkie
CUST_04072,0.90648024,1,no time to watch,working professional,standard,low,380.92,sports enthusiast
CUST_04073,0.861802535,1,no time to watch,working professional,basic,medium,185.29,sports enthusiast
CUST_04074,0.8368157,1,too expensive,college student,standard,high,352.21,sports enthusiast
CUST_04075,0.723240334,1,switched to competitor,retired individual,basic,high,216.48,family viewer
CUST_04076,0.729883765,1,content not interesting,college student,basic,high,211.83,binge watcher
CUST_04077,0.878680548,1,too expensive,college student,premium,medium,645.95,sports enthusiast
CUST_04078,0.576717608,1,technical issues,school student,standard,low,388.55,news junkie
CUST_04079,0.858314625,1,too expensive,school student,premium,medium,758.21,sports enthusiast
CUST_04080,0.932445554,1,no time to watch,working professional,standard,low,407.8,sports enthusiast
CUST_04081,0.722392638,1,too expensive,retired individual,standard,high,416.51,family viewer
CUST_04082,0.838671986,1,none,working professional,standard,high,420.65,sports enthusiast
CUST_04083,0.637296853,1,none,college student,premium,high,658.77,sports enthusiast
CUST_04084,0.720579564,1,none,college student,standard,high,372.89,sports enthusiast
CUST_04085,0.819469371,1,too expensive,school student,premium,low,731.28,news junkie
CUST_04086,0.800004493,1,content not interesting,college student,basic,high,209.91,binge watcher
CUST_04087,0.773407889,1,none,college student,premium,high,776.6,casual viewer
CUST_04088,0.703047625,1,none,retired individual,premium,high,661.59,casual viewer
CUST_04089,0.910440207,1,too expensive,college student,premium,low,649.55,sports enthusiast
CUST_04090,0.696474635,1,too expensive,college student,premium,high,637.24,casual viewer
CUST_04091,0.864857062,1,no time to watch,retired individual,basic,medium,167.15,family viewer
CUST_04092,0.662916003,1,switched to competitor,college student,basic,high,164.94,family viewer
CUST_04093,0.805443667,1,too expensive,working professional,standard,medium,403.24,family viewer
CUST_04094,0.919932282,1,too expensive,college student,premium,high,770.14,family viewer
CUST_04095,0.861151562,1,no time to watch,working professional,basic,medium,158.44,sports enthusiast
CUST_04096,0.807509705,1,too expensive,retired individual,premium,high,616.38,casual viewer
CUST_04097,0.717661879,1,too expensive,college student,premium,high,780.28,casual viewer
CUST_04098,0.881657686,1,too expensive,working professional,standard,medium,447.88,family viewer
CUST_04099,0.626129702,1,too expensive,college student,premium,high,649.85,news junkie
CUST_04100,0.81354716,1,too expensive,college student,basic,medium,176.32,casual viewer
CUST_04101,0.738520761,1,too expensive,working professional,premium,high,695.58,sports enthusiast
CUST_04102,0.736965573,1,content not interesting,working professional,basic,high,191.41,sports enthusiast
CUST_04103,0.730216127,1,switched to competitor,college student,standard,high,366.15,family viewer
CUST_04104,0.794452997,1,switched to competitor,retired individual,standard,high,354.16,binge watcher
CUST_04105,0.79412756,1,technical issues,working professional,basic,medium,158.73,casual viewer
CUST_04106,0.88270016,1,too expensive,working professional,premium,high,776.59,sports enthusiast
CUST_04107,0.934510259,1,none,college student,standard,low,436.57,casual viewer
CUST_04108,0.819578762,1,too expensive,school student,premium,medium,707.63,sports enthusiast
CUST_04109,0.858191968,1,no time to watch,working professional,standard,medium,367,sports enthusiast
CUST_04110,0.904113346,1,too expensive,college student,standard,high,390.04,binge watcher
CUST_04111,0.897359672,1,too expensive,retired individual,premium,low,677.92,casual viewer
CUST_04112,0.818824613,1,too expensive,school student,premium,high,764.12,casual viewer
CUST_04113,0.731514,1,none,retired individual,standard,medium,353.33,family viewer
CUST_04114,0.732359962,1,technical issues,college student,basic,low,198.44,binge watcher
CUST_04115,0.753357807,1,technical issues,school student,standard,medium,420.82,news junkie
CUST_04116,0.817557994,1,none,college student,standard,medium,406.02,family viewer
CUST_04117,0.759828906,1,too expensive,school student,premium,medium,612.69,casual viewer
CUST_04118,0.811441062,1,too expensive,college student,basic,medium,194.78,casual viewer
CUST_04119,0.700584492,1,none,retired individual,basic,medium,208.79,binge watcher
CUST_04120,0.783683196,1,content not interesting,working professional,basic,high,188.25,sports enthusiast
CUST_04121,0.816333951,1,switched to competitor,school student,basic,high,204.7,binge watcher
CUST_04122,0.745966878,1,no time to watch,working professional,standard,medium,350.71,news junkie
CUST_04123,0.819947551,1,switched to competitor,college student,basic,high,163.08,casual viewer
CUST_04124,0.697654676,1,none,retired individual,basic,high,195.1,binge watcher
CUST_04125,0.78402307,1,too expensive,college student,standard,medium,323.36,news junkie
CUST_04126,0.837585149,1,too expensive,working professional,premium,high,662.73,binge watcher
CUST_04127,0.852295608,1,too expensive,college student,premium,high,588.34,binge watcher
CUST_04128,0.628454459,1,switched to competitor,college student,standard,high,355.06,family viewer
CUST_04129,0.897389293,1,no time to watch,retired individual,premium,low,589.14,news junkie
CUST_04130,0.820677009,1,too expensive,retired individual,standard,high,393.72,sports enthusiast
CUST_04131,0.825315919,1,too expensive,college student,premium,high,767.26,family viewer
CUST_04132,0.875475121,1,no time to watch,working professional,standard,high,386.99,casual viewer
CUST_04133,0.749942858,1,none,retired individual,standard,medium,429.12,news junkie
CUST_04134,0.907299413,1,too expensive,working professional,standard,medium,396.54,sports enthusiast
CUST_04135,0.788722585,1,no time to watch,college student,standard,high,398.15,binge watcher
CUST_04136,0.614141616,1,none,working professional,basic,high,173.34,binge watcher
CUST_04137,0.874255443,1,no time to watch,working professional,basic,high,175.95,sports enthusiast
CUST_04138,0.901780604,1,too expensive,college student,premium,low,612.75,family viewer
CUST_04139,0.819428452,1,too expensive,retired individual,premium,medium,660.97,casual viewer
CUST_04140,0.778852476,1,too expensive,retired individual,premium,medium,763.33,sports enthusiast
CUST_04141,0.738768219,1,too expensive,college student,premium,high,639.46,family viewer
CUST_04142,0.770474672,1,none,school student,premium,high,727.13,sports enthusiast
CUST_04143,0.959116355,1,too expensive,college student,premium,low,769.4,casual viewer
CUST_04144,0.637416515,1,technical issues,school student,basic,medium,207.89,news junkie
CUST_04145,0.753633975,1,too expensive,retired individual,premium,medium,703.45,sports enthusiast
CUST_04146,0.811395262,1,too expensive,retired individual,premium,medium,693.33,news junkie
CUST_04147,0.739023151,1,technical issues,college student,standard,medium,393.96,news junkie
CUST_04148,0.885483086,1,too expensive,college student,premium,medium,755.56,news junkie
CUST_04149,0.70421482,1,switched to competitor,retired individual,standard,high,385.4,sports enthusiast
CUST_04150,0.702161753,1,none,retired individual,basic,low,177,casual viewer
CUST_04151,0.835682643,1,none,working professional,standard,medium,395.07,binge watcher
CUST_04152,0.88805951,1,no time to watch,working professional,standard,medium,443.9,sports enthusiast
CUST_04153,0.763268486,1,none,working professional,premium,high,640.08,sports enthusiast
CUST_04154,0.932741729,1,no time to watch,working professional,standard,low,406.53,news junkie
CUST_04155,0.845804436,1,no time to watch,working professional,standard,low,450.58,casual viewer
CUST_04156,0.87881392,1,too expensive,working professional,premium,high,738.04,casual viewer
CUST_04157,0.896681938,1,no time to watch,college student,basic,high,204.88,sports enthusiast
CUST_04158,0.56674856,1,none,college student,standard,high,391.69,binge watcher
CUST_04159,0.620266111,1,technical issues,working professional,standard,medium,406.92,sports enthusiast
CUST_04160,0.752484564,1,none,working professional,standard,low,421.33,sports enthusiast
CUST_04161,0.879027823,1,none,college student,basic,high,183.74,news junkie
CUST_04162,0.764964339,1,too expensive,college student,premium,high,722.82,binge watcher
CUST_04163,0.889469353,1,no time to watch,working professional,standard,low,445.56,family viewer
CUST_04164,0.890776128,1,too expensive,school student,standard,medium,416.64,casual viewer
CUST_04165,0.890768605,1,no time to watch,working professional,standard,medium,420.17,sports enthusiast
CUST_04166,0.800700639,1,too expensive,school student,premium,medium,705.55,sports enthusiast
CUST_04167,0.857331969,1,content not interesting,retired individual,standard,high,383.89,family viewer
CUST_04168,0.884429327,1,too expensive,college student,standard,high,437.75,binge watcher
CUST_04169,0.724065889,1,none,retired individual,premium,medium,690.84,sports enthusiast
CUST_04170,0.849791662,1,none,retired individual,basic,high,195.27,sports enthusiast
CUST_04171,0.808302345,1,too expensive,college student,premium,high,700.97,casual viewer
CUST_04172,0.798071063,1,technical issues,school student,basic,medium,158.51,family viewer
CUST_04173,0.901744341,1,too expensive,working professional,premium,low,645.61,casual viewer
CUST_04174,0.61071891,1,content not interesting,college student,standard,high,348.38,casual viewer
CUST_04175,0.858660378,1,too expensive,school student,premium,medium,758.53,binge watcher
CUST_04176,0.861728415,1,too expensive,college student,standard,medium,448.93,sports enthusiast
CUST_04177,0.85509406,1,too expensive,working professional,standard,medium,395.15,family viewer
CUST_04178,0.868539492,1,too expensive,college student,standard,low,349.52,binge watcher
CUST_04179,0.779172945,1,too expensive,college student,premium,high,687.84,sports enthusiast
CUST_04180,0.797062521,1,switched to competitor,retired individual,basic,high,133.25,casual viewer
CUST_04181,0.795536467,1,none,college student,basic,medium,196.65,family viewer
CUST_04182,0.642127948,1,none,retired individual,premium,medium,755.28,sports enthusiast
CUST_04183,0.866698187,1,too expensive,college student,standard,high,399.97,casual viewer
CUST_04184,0.861110005,1,content not interesting,college student,standard,high,455.41,casual viewer
CUST_04185,0.766038075,1,switched to competitor,retired individual,standard,high,355,casual viewer
CUST_04186,0.855071015,1,none,retired individual,premium,low,761.66,sports enthusiast
CUST_04187,0.868885333,1,none,working professional,standard,low,387.28,sports enthusiast
CUST_04188,0.792846567,1,technical issues,working professional,standard,low,447.58,binge watcher
CUST_04189,0.911441715,1,too expensive,college student,basic,low,186.42,family viewer
CUST_04190,0.886903643,1,too expensive,retired individual,premium,medium,762.59,binge watcher
CUST_04191,0.805815072,1,no time to watch,working professional,standard,medium,345.73,family viewer
CUST_04192,0.786673572,1,no time to watch,working professional,standard,high,367.3,family viewer
CUST_04193,0.936300701,1,too expensive,college student,standard,low,425.2,family viewer
CUST_04194,0.821437965,1,none,college student,premium,high,767.29,casual viewer
CUST_04195,0.888883226,1,no time to watch,working professional,standard,medium,435.25,family viewer
CUST_04196,0.724396332,1,none,retired individual,basic,medium,179.61,family viewer
CUST_04197,0.76254771,1,technical issues,college student,basic,low,174.3,sports enthusiast
CUST_04198,0.789874277,1,too expensive,college student,standard,high,388.09,news junkie
CUST_04199,0.817974152,1,technical issues,school student,standard,medium,419.16,binge watcher
CUST_04200,0.825254607,1,no time to watch,college student,standard,low,437.48,sports enthusiast
CUST_04201,0.777117911,1,technical issues,college student,standard,low,382.84,casual viewer
CUST_04202,0.763713774,1,content not interesting,college student,basic,high,219.85,family viewer
CUST_04203,0.83455718,1,none,retired individual,standard,low,425.63,sports enthusiast
CUST_04204,0.640900626,1,too expensive,college student,premium,high,712.07,family viewer
CUST_04205,0.771733028,1,none,college student,basic,high,227.08,family viewer
CUST_04206,0.764298288,1,switched to competitor,retired individual,basic,high,208.86,binge watcher
CUST_04207,0.786697675,1,technical issues,working professional,standard,medium,372.78,family viewer
CUST_04208,0.768148709,1,too expensive,working professional,premium,high,696.19,news junkie
CUST_04209,0.909155922,1,too expensive,working professional,premium,low,700.46,casual viewer
CUST_04210,0.787847824,1,none,college student,standard,high,418.54,news junkie
CUST_04211,0.922328885,1,too expensive,college student,standard,low,351.59,binge watcher
CUST_04212,0.891477511,1,too expensive,retired individual,premium,low,604.34,casual viewer
CUST_04213,0.850585912,1,technical issues,college student,basic,medium,196.03,family viewer
CUST_04214,0.883879406,1,technical issues,retired individual,standard,low,361.28,casual viewer
CUST_04215,0.892035251,1,technical issues,college student,standard,medium,456.16,news junkie
CUST_04216,0.785792337,1,too expensive,retired individual,basic,high,176.67,family viewer
CUST_04217,0.897596833,1,too expensive,retired individual,standard,medium,424.35,sports enthusiast
CUST_04218,0.921798679,1,too expensive,working professional,premium,high,634.54,sports enthusiast
CUST_04219,0.634098199,1,no time to watch,retired individual,standard,high,394.78,casual viewer
CUST_04220,0.842709797,1,technical issues,working professional,basic,low,196.9,binge watcher
CUST_04221,0.841285263,1,too expensive,college student,standard,high,353.24,family viewer
CUST_04222,0.808740237,1,too expensive,working professional,basic,high,212.57,family viewer
CUST_04223,0.850800516,1,too expensive,college student,standard,high,447.76,casual viewer
CUST_04224,0.853611706,1,too expensive,college student,standard,medium,434.55,family viewer
CUST_04225,0.658482882,1,none,college student,premium,high,702.47,family viewer
CUST_04226,0.730752866,1,none,school student,basic,medium,181.69,news junkie
CUST_04227,0.765432496,1,too expensive,college student,standard,medium,404.68,family viewer
CUST_04228,0.703544949,1,too expensive,school student,premium,high,605.4,family viewer
CUST_04229,0.875518872,1,no time to watch,college student,standard,medium,386.29,news junkie
CUST_04230,0.776835458,1,none,school student,premium,medium,765.38,binge watcher
CUST_04231,0.905912873,1,too expensive,college student,basic,medium,216.08,sports enthusiast
CUST_04232,0.698055948,1,none,retired individual,standard,medium,406.21,binge watcher
CUST_04233,0.849650616,1,too expensive,school student,basic,high,200.8,sports enthusiast
CUST_04234,0.762829435,1,switched to competitor,college student,standard,high,403.2,binge watcher
CUST_04235,0.806917544,1,too expensive,retired individual,premium,low,754.76,news junkie
CUST_04236,0.689713061,1,none,college student,premium,high,705.93,news junkie
CUST_04237,0.768387692,1,no time to watch,working professional,basic,high,199.22,news junkie
CUST_04238,0.817832455,1,too expensive,college student,premium,low,646.4,family viewer
CUST_04239,0.853722042,1,too expensive,working professional,premium,high,711.32,binge watcher
CUST_04240,0.604987262,1,none,working professional,standard,high,326.96,family viewer
CUST_04241,0.836468615,1,too expensive,college student,standard,high,461.88,news junkie
CUST_04242,0.907580405,1,too expensive,college student,standard,high,364.01,family viewer
CUST_04243,0.731396766,1,no time to watch,college student,standard,medium,348.87,sports enthusiast
CUST_04244,0.787700186,1,too expensive,college student,premium,high,706.11,news junkie
CUST_04245,0.890034966,1,no time to watch,working professional,basic,high,234.06,casual viewer
CUST_04246,0.798162436,1,none,school student,basic,high,145.69,casual viewer
CUST_04247,0.707337367,1,technical issues,college student,basic,medium,169.05,family viewer
CUST_04248,0.787727025,1,none,retired individual,basic,high,195.37,casual viewer
CUST_04249,0.713247917,1,none,college student,premium,high,669.6,casual viewer
CUST_04250,0.899076251,1,too expensive,college student,premium,high,741.7,casual viewer
CUST_04251,0.792784484,1,technical issues,retired individual,standard,medium,436.46,news junkie
CUST_04252,0.642837223,1,none,school student,premium,high,610.17,casual viewer
CUST_04253,0.9466058,1,too expensive,working professional,standard,medium,362.84,family viewer
CUST_04254,0.736034472,1,switched to competitor,college student,standard,high,343.81,casual viewer
CUST_04255,0.683712852,1,no time to watch,working professional,basic,high,175.37,sports enthusiast
CUST_04256,0.801148794,1,too expensive,retired individual,basic,high,204.8,family viewer
CUST_04257,0.866033409,1,no time to watch,college student,standard,low,354.38,family viewer
CUST_04258,0.68318427,1,technical issues,retired individual,standard,low,473.84,news junkie
CUST_04259,0.639615413,1,none,college student,premium,medium,653.5,family viewer
CUST_04260,0.790342236,1,none,college student,standard,medium,428.3,sports enthusiast
CUST_04261,0.85371837,1,none,college student,premium,high,786.26,family viewer
CUST_04262,0.821857941,1,none,retired individual,standard,high,415.22,family viewer
CUST_04263,0.838706511,1,too expensive,college student,premium,high,767.81,sports enthusiast
CUST_04264,0.61047966,1,content not interesting,college student,standard,high,415.45,casual viewer
CUST_04265,0.83962901,1,too expensive,school student,premium,medium,635.3,casual viewer
CUST_04266,0.797564475,1,none,retired individual,premium,medium,700,casual viewer
CUST_04267,0.781483087,1,none,college student,standard,low,345.42,binge watcher
CUST_04268,0.926522771,1,too expensive,working professional,premium,high,726.99,sports enthusiast
CUST_04269,0.904535408,1,no time to watch,working professional,basic,medium,153.07,sports enthusiast
CUST_04270,0.920084522,1,too expensive,working professional,standard,high,438.15,casual viewer
CUST_04271,0.855364154,1,too expensive,working professional,premium,medium,748.35,family viewer
CUST_04272,0.90090296,1,no time to watch,working professional,basic,medium,220.65,sports enthusiast
CUST_04273,0.866975825,1,none,retired individual,basic,high,236.51,family viewer
CUST_04274,0.770481291,1,too expensive,school student,premium,low,638.41,family viewer
CUST_04275,0.848065896,1,content not interesting,working professional,standard,high,365.58,casual viewer
CUST_04276,0.853633383,1,too expensive,college student,standard,high,387.59,news junkie
CUST_04277,0.810249738,1,switched to competitor,working professional,basic,high,170.1,sports enthusiast
CUST_04278,0.674178182,1,too expensive,college student,premium,high,623.45,sports enthusiast
CUST_04279,0.849870982,1,no time to watch,working professional,basic,medium,191.31,news junkie
CUST_04280,0.868212522,1,technical issues,college student,standard,low,461.45,news junkie
CUST_04281,0.84397129,1,too expensive,retired individual,basic,medium,224.55,binge watcher
CUST_04282,0.787088323,1,none,retired individual,standard,medium,312.53,casual viewer
CUST_04283,0.714784479,1,too expensive,college student,premium,high,690.55,news junkie
CUST_04284,0.82771616,1,too expensive,college student,standard,high,444.38,binge watcher
CUST_04285,0.798818823,1,no time to watch,retired individual,standard,high,408.04,family viewer
CUST_04286,0.812509715,1,too expensive,college student,premium,high,628.13,news junkie
CUST_04287,0.875224137,1,technical issues,retired individual,standard,low,408.08,casual viewer
CUST_04288,0.781980499,1,no time to watch,college student,basic,high,280.23,sports enthusiast
CUST_04289,0.838851716,1,too expensive,college student,standard,high,445.56,family viewer
CUST_04290,0.820593964,1,no time to watch,retired individual,standard,medium,338.8,sports enthusiast
CUST_04291,0.747820386,1,none,college student,standard,high,478.72,binge watcher
CUST_04292,0.792940253,1,switched to competitor,school student,basic,high,157.6,family viewer
CUST_04293,0.922133037,1,too expensive,retired individual,basic,medium,255.87,sports enthusiast
CUST_04294,0.822767053,1,too expensive,college student,standard,medium,358.21,binge watcher
CUST_04295,0.821107065,1,no time to watch,school student,basic,high,234.3,sports enthusiast
CUST_04296,0.740953905,1,too expensive,retired individual,basic,medium,184.94,casual viewer
CUST_04297,0.906893836,1,too expensive,retired individual,premium,high,709.58,casual viewer
CUST_04298,0.82882478,1,too expensive,working professional,premium,high,731.42,family viewer
CUST_04299,0.602268054,1,none,college student,premium,high,613,sports enthusiast
CUST_04300,0.770261934,1,too expensive,college student,premium,medium,725.37,casual viewer
CUST_04301,0.766700789,1,technical issues,retired individual,standard,medium,418.43,sports enthusiast
CUST_04302,0.78886906,1,no time to watch,working professional,basic,high,200.79,sports enthusiast
CUST_04303,0.765089281,1,none,working professional,standard,medium,372.02,family viewer
CUST_04304,0.794379935,1,none,school student,basic,high,198.01,news junkie
CUST_04305,0.650511528,1,technical issues,working professional,standard,medium,342.46,sports enthusiast
CUST_04306,0.668855772,1,switched to competitor,college student,basic,high,229.99,family viewer
CUST_04307,0.655285236,1,switched to competitor,college student,basic,high,214.9,family viewer
CUST_04308,0.877583886,1,too expensive,working professional,premium,medium,714.74,news junkie
CUST_04309,0.782755723,1,none,working professional,basic,high,211.59,sports enthusiast
CUST_04310,0.722433641,1,no time to watch,college student,basic,high,210.39,binge watcher
CUST_04311,0.860824362,1,technical issues,college student,basic,low,181.04,casual viewer
CUST_04312,0.762422155,1,none,college student,premium,high,760.22,family viewer
CUST_04313,0.909880305,1,no time to watch,school student,standard,low,349.29,sports enthusiast
CUST_04314,0.757636613,1,too expensive,school student,premium,low,635.27,family viewer
CUST_04315,0.889654924,1,too expensive,college student,premium,low,761.23,casual viewer
CUST_04316,0.650622516,1,none,school student,standard,medium,444.33,binge watcher
CUST_04317,0.84705266,1,technical issues,retired individual,standard,low,368.16,sports enthusiast
CUST_04318,0.811981206,1,too expensive,retired individual,standard,medium,388.49,sports enthusiast
CUST_04319,0.811460986,1,technical issues,college student,basic,low,208.35,casual viewer
CUST_04320,0.805898718,1,technical issues,retired individual,basic,medium,213.19,news junkie
CUST_04321,0.946132389,1,no time to watch,college student,basic,low,246.75,sports enthusiast
CUST_04322,0.718999263,1,switched to competitor,college student,standard,high,486.19,casual viewer
CUST_04323,0.735806255,1,none,college student,standard,medium,461.27,news junkie
CUST_04324,0.91959452,1,too expensive,retired individual,premium,low,704.63,sports enthusiast
CUST_04325,0.787711065,1,too expensive,working professional,premium,high,592,news junkie
CUST_04326,0.648111628,1,too expensive,college student,premium,high,642,sports enthusiast
CUST_04327,0.825169186,1,too expensive,retired individual,standard,medium,412.37,binge watcher
CUST_04328,0.898406068,1,too expensive,working professional,standard,high,369.07,sports enthusiast
CUST_04329,0.74751406,1,technical issues,school student,standard,medium,390.5,news junkie
CUST_04330,0.860059756,1,too expensive,school student,premium,low,774.02,news junkie
CUST_04331,0.842143588,1,no time to watch,college student,basic,high,191.93,casual viewer
CUST_04332,0.636970783,1,technical issues,college student,basic,medium,231.65,news junkie
CUST_04333,0.763871677,1,too expensive,college student,premium,high,683.88,family viewer
CUST_04334,0.770874949,1,too expensive,working professional,premium,medium,640.81,casual viewer
CUST_04335,0.922828869,1,too expensive,school student,premium,low,690.03,binge watcher
CUST_04336,0.80343549,1,too expensive,college student,standard,high,391.3,binge watcher
CUST_04337,0.65122849,1,switched to competitor,school student,basic,high,208.28,family viewer
CUST_04338,0.857468064,1,none,college student,basic,high,220.43,casual viewer
CUST_04339,0.917199358,1,technical issues,working professional,standard,low,381.43,news junkie
CUST_04340,0.598125939,1,switched to competitor,college student,basic,high,231.87,sports enthusiast
CUST_04341,0.926860709,1,too expensive,college student,premium,low,706.08,sports enthusiast
CUST_04342,0.847382603,1,none,school student,premium,high,737.7,sports enthusiast
CUST_04343,0.883962594,1,none,retired individual,basic,high,221.8,binge watcher
CUST_04344,0.857727691,1,none,school student,standard,high,394.19,sports enthusiast
CUST_04345,0.710865895,1,too expensive,retired individual,premium,low,628.38,news junkie
CUST_04346,0.627587084,1,none,retired individual,premium,high,720.92,sports enthusiast
CUST_04347,0.796109758,1,switched to competitor,retired individual,standard,high,439.73,family viewer
CUST_04348,0.882687228,1,none,working professional,basic,low,207.74,news junkie
CUST_04349,0.822190495,1,too expensive,college student,premium,low,624.52,sports enthusiast
CUST_04350,0.858389797,1,too expensive,school student,standard,high,365.18,binge watcher
CUST_04351,0.748961389,1,technical issues,college student,basic,low,198.84,news junkie
CUST_04352,0.866891445,1,technical issues,college student,standard,low,432.35,binge watcher
CUST_04353,0.902664775,1,none,retired individual,premium,low,751.26,news junkie
CUST_04354,0.873426479,1,too expensive,retired individual,basic,medium,174.61,sports enthusiast
CUST_04355,0.878547166,1,too expensive,college student,basic,medium,139.49,news junkie
CUST_04356,0.741956199,1,too expensive,retired individual,premium,high,603.92,news junkie
CUST_04357,0.915139846,1,too expensive,college student,standard,low,374.8,casual viewer
CUST_04358,0.857118667,1,too expensive,college student,basic,high,219.52,family viewer
CUST_04359,0.840735612,1,technical issues,school student,standard,medium,375.89,binge watcher
CUST_04360,0.839500001,1,too expensive,working professional,premium,medium,728.27,family viewer
CUST_04361,0.880846397,1,too expensive,school student,premium,high,789.51,sports enthusiast
CUST_04362,0.825881246,1,none,college student,standard,high,360.89,casual viewer
CUST_04363,0.898781334,1,too expensive,college student,basic,medium,189.24,family viewer
CUST_04364,0.841107724,1,technical issues,college student,basic,low,201.73,binge watcher
CUST_04365,0.50402567,1,switched to competitor,college student,standard,high,410.31,binge watcher
CUST_04366,0.872877778,1,none,working professional,standard,medium,388.15,sports enthusiast
CUST_04367,0.894463849,1,too expensive,college student,premium,high,749.91,binge watcher
CUST_04368,0.853127838,1,technical issues,college student,standard,medium,439.97,news junkie
CUST_04369,0.82634042,1,too expensive,working professional,basic,high,205.68,casual viewer
CUST_04370,0.872958486,1,none,school student,basic,medium,221.7,casual viewer
CUST_04371,0.92229506,1,too expensive,college student,premium,medium,616.84,family viewer
CUST_04372,0.733003468,1,switched to competitor,school student,standard,high,398.95,casual viewer
CUST_04373,0.796134876,1,none,working professional,premium,low,732.08,family viewer
CUST_04374,0.716003251,1,switched to competitor,working professional,basic,high,192.82,binge watcher
CUST_04375,0.86748835,1,too expensive,college student,standard,low,385.5,binge watcher
CUST_04376,0.815327716,1,content not interesting,college student,standard,high,321.73,casual viewer
CUST_04377,0.823481455,1,none,working professional,standard,high,397,news junkie
CUST_04378,0.68754442,1,switched to competitor,school student,standard,high,369.53,binge watcher
CUST_04379,0.752509903,1,technical issues,school student,standard,medium,466,binge watcher
CUST_04380,0.807185162,1,too expensive,retired individual,premium,medium,608.02,news junkie
CUST_04381,0.785553718,1,too expensive,college student,premium,medium,600.29,family viewer
CUST_04382,0.870585515,1,too expensive,retired individual,standard,high,400.41,sports enthusiast
CUST_04383,0.900337832,1,too expensive,college student,standard,high,423.45,sports enthusiast
CUST_04384,0.847114834,1,no time to watch,college student,standard,medium,420.48,family viewer
CUST_04385,0.864645031,1,too expensive,working professional,premium,low,773.9,binge watcher
CUST_04386,0.837258645,1,no time to watch,retired individual,basic,low,181.52,binge watcher
CUST_04387,0.742202919,1,switched to competitor,working professional,standard,high,404.55,sports enthusiast
CUST_04388,0.700388194,1,no time to watch,retired individual,standard,high,361.93,news junkie
CUST_04389,0.877172152,1,too expensive,college student,premium,high,712.93,casual viewer
CUST_04390,0.71165459,1,too expensive,college student,premium,medium,762.64,binge watcher
CUST_04391,0.758767667,1,too expensive,college student,basic,medium,228.47,family viewer
CUST_04392,0.770859506,1,none,working professional,premium,high,659.39,sports enthusiast
CUST_04393,0.750593257,1,too expensive,school student,premium,high,636.28,news junkie
CUST_04394,0.662511019,1,switched to competitor,school student,basic,high,175.77,family viewer
CUST_04395,0.870703022,1,no time to watch,working professional,basic,medium,192.45,family viewer
CUST_04396,0.875535114,1,too expensive,working professional,basic,high,171.37,sports enthusiast
CUST_04397,0.903185367,1,none,retired individual,premium,medium,632.27,casual viewer
CUST_04398,0.902269968,1,technical issues,retired individual,standard,medium,421.24,casual viewer
CUST_04399,0.722734962,1,content not interesting,retired individual,basic,high,207.18,binge watcher
CUST_04400,0.64995074,1,too expensive,college student,premium,high,621.75,news junkie
CUST_04401,0.696000569,1,switched to competitor,school student,basic,high,185.38,news junkie
CUST_04402,0.639265833,1,switched to competitor,retired individual,standard,high,387.47,casual viewer
CUST_04403,0.516085846,1,none,retired individual,premium,high,608.82,binge watcher
CUST_04404,0.910784086,1,too expensive,working professional,premium,medium,769.52,sports enthusiast
CUST_04405,0.772186855,1,too expensive,school student,premium,medium,642.46,sports enthusiast
CUST_04406,0.645594265,1,none,school student,standard,medium,429.99,binge watcher
CUST_04407,0.882766175,1,too expensive,working professional,premium,medium,770.98,casual viewer
CUST_04408,0.895955039,1,too expensive,college student,basic,low,158.89,binge watcher
CUST_04409,0.924461617,1,none,working professional,premium,high,750.22,sports enthusiast
CUST_04410,0.654787077,1,none,school student,standard,high,373.2,binge watcher
CUST_04411,0.75862475,1,none,college student,basic,high,194.36,binge watcher
CUST_04412,0.905349459,1,too expensive,working professional,premium,medium,692.27,sports enthusiast
CUST_04413,0.785634856,1,none,retired individual,basic,high,206.35,sports enthusiast
CUST_04414,0.793265879,1,too expensive,school student,premium,medium,705.21,sports enthusiast
CUST_04415,0.778581116,1,none,retired individual,basic,high,198.93,binge watcher
CUST_04416,0.769051252,1,none,retired individual,standard,medium,397.76,news junkie
CUST_04417,0.821210238,1,none,college student,basic,high,238.04,binge watcher
CUST_04418,0.666320035,1,none,retired individual,standard,high,428.7,news junkie
CUST_04419,0.832475245,1,too expensive,retired individual,standard,high,395.28,family viewer
CUST_04420,0.871348401,1,technical issues,college student,basic,low,167,news junkie
CUST_04421,0.702714048,1,too expensive,college student,premium,medium,633.13,family viewer
CUST_04422,0.718933981,1,technical issues,college student,standard,medium,387.01,binge watcher
CUST_04423,0.913823279,1,too expensive,college student,standard,low,389.49,family viewer
CUST_04424,0.900682102,1,too expensive,retired individual,premium,low,610.14,sports enthusiast
CUST_04425,0.701943046,1,none,college student,premium,high,772.35,family viewer
CUST_04426,0.934854732,1,too expensive,college student,standard,low,459.06,casual viewer
CUST_04427,0.71037984,1,none,school student,premium,high,684.56,family viewer
CUST_04428,0.789193458,1,too expensive,retired individual,premium,high,715.36,sports enthusiast
CUST_04429,0.899315873,1,too expensive,college student,basic,low,211.61,news junkie
CUST_04430,0.881858732,1,too expensive,retired individual,standard,low,375.53,sports enthusiast
CUST_04431,0.958831903,1,too expensive,college student,premium,low,756.84,sports enthusiast
CUST_04432,0.814820121,1,too expensive,working professional,standard,high,350.18,sports enthusiast
CUST_04433,0.691908976,1,none,college student,standard,high,363.1,family viewer
CUST_04434,0.88431029,1,too expensive,retired individual,standard,low,379.35,news junkie
CUST_04435,0.672377899,1,too expensive,working professional,premium,high,772.46,news junkie
CUST_04436,0.844307204,1,too expensive,college student,standard,low,359.47,sports enthusiast
CUST_04437,0.812093249,1,none,college student,standard,high,427.93,news junkie
CUST_04438,0.904744962,1,too expensive,working professional,basic,low,223.85,sports enthusiast
CUST_04439,0.813434753,1,no time to watch,working professional,basic,medium,224.32,binge watcher
CUST_04440,0.802415334,1,too expensive,retired individual,standard,high,441.93,sports enthusiast
CUST_04441,0.727724536,1,technical issues,school student,standard,medium,368.93,casual viewer
CUST_04442,0.773893704,1,too expensive,working professional,standard,high,442.05,family viewer
CUST_04443,0.852842104,1,too expensive,college student,standard,medium,323.49,binge watcher
CUST_04444,0.719122569,1,none,school student,basic,medium,193.54,binge watcher
CUST_04445,0.849546071,1,too expensive,college student,standard,high,336.94,binge watcher
CUST_04446,0.799786116,1,none,working professional,standard,medium,391.21,sports enthusiast
CUST_04447,0.710220811,1,switched to competitor,working professional,standard,high,424.64,casual viewer
CUST_04448,0.891522873,1,too expensive,college student,premium,high,736.22,binge watcher
CUST_04449,0.732402462,1,too expensive,working professional,premium,high,689.4,news junkie
CUST_04450,0.808202356,1,none,college student,standard,medium,426.49,binge watcher
CUST_04451,0.761466434,1,too expensive,working professional,basic,high,171.85,family viewer
CUST_04452,0.886931656,1,technical issues,school student,standard,low,447.38,binge watcher
CUST_04453,0.902393508,1,none,college student,standard,low,363.98,casual viewer
CUST_04454,0.726696865,1,none,school student,premium,high,728.87,news junkie
CUST_04455,0.793588114,1,content not interesting,college student,basic,high,193.71,news junkie
CUST_04456,0.92394831,1,too expensive,school student,premium,low,768.22,sports enthusiast
CUST_04457,0.821909014,1,content not interesting,working professional,basic,high,221.38,news junkie
CUST_04458,0.746736715,1,too expensive,college student,standard,medium,443.42,news junkie
CUST_04459,0.818852075,1,technical issues,college student,standard,low,323.91,casual viewer
CUST_04460,0.884299338,1,none,working professional,standard,high,409.51,news junkie
CUST_04461,0.662638658,1,technical issues,college student,basic,medium,164.47,family viewer
CUST_04462,0.808867771,1,too expensive,college student,basic,high,186.95,family viewer
CUST_04463,0.629216145,1,too expensive,school student,standard,high,389.19,family viewer
CUST_04464,0.854234122,1,too expensive,college student,standard,high,468.23,binge watcher
CUST_04465,0.872882178,1,too expensive,working professional,basic,high,174.89,news junkie
CUST_04466,0.816125447,1,too expensive,college student,premium,high,664.13,news junkie
CUST_04467,0.673699227,1,switched to competitor,working professional,standard,high,401.33,news junkie
CUST_04468,0.743959394,1,no time to watch,retired individual,standard,low,363.46,binge watcher
CUST_04469,0.719269626,1,too expensive,school student,premium,medium,759.93,sports enthusiast
CUST_04470,0.790994441,1,none,college student,basic,low,221.65,family viewer
CUST_04471,0.545152397,1,none,college student,premium,high,614.32,family viewer
CUST_04472,0.902440432,1,too expensive,retired individual,standard,medium,362.52,news junkie
CUST_04473,0.842621776,1,no time to watch,working professional,standard,high,404.68,casual viewer
CUST_04474,0.844027524,1,no time to watch,college student,basic,medium,181.72,casual viewer
CUST_04475,0.789716752,1,technical issues,working professional,basic,medium,206.43,news junkie
CUST_04476,0.757873895,1,no time to watch,college student,basic,medium,195.05,binge watcher
CUST_04477,0.719295714,1,no time to watch,retired individual,standard,high,432.64,sports enthusiast
CUST_04478,0.699174103,1,none,retired individual,basic,high,221.75,sports enthusiast
CUST_04479,0.7590044,1,none,working professional,basic,high,236.1,binge watcher
CUST_04480,0.740036612,1,none,college student,standard,high,434.01,sports enthusiast
CUST_04481,0.699191031,1,none,working professional,premium,medium,611.8,binge watcher
CUST_04482,0.867511438,1,too expensive,working professional,premium,medium,623.74,family viewer
CUST_04483,0.854357891,1,too expensive,retired individual,premium,high,733.69,family viewer
CUST_04484,0.676742702,1,none,college student,standard,high,385.21,news junkie
CUST_04485,0.824637534,1,no time to watch,retired individual,standard,high,413.94,sports enthusiast
CUST_04486,0.836174643,1,too expensive,college student,standard,low,362.81,binge watcher
CUST_04487,0.781616774,1,switched to competitor,working professional,standard,high,446.9,casual viewer
CUST_04488,0.730448771,1,none,working professional,premium,high,741.76,sports enthusiast
CUST_04489,0.91320064,1,no time to watch,college student,standard,low,460.79,casual viewer
CUST_04490,0.900010592,1,too expensive,working professional,standard,low,335.99,sports enthusiast
CUST_04491,0.890967851,1,none,working professional,basic,low,219.34,binge watcher
CUST_04492,0.877984392,1,none,working professional,standard,medium,387.26,casual viewer
CUST_04493,0.757831962,1,content not interesting,college student,standard,high,406.11,family viewer
CUST_04494,0.870300812,1,too expensive,college student,basic,medium,209.26,casual viewer
CUST_04495,0.827729367,1,too expensive,retired individual,premium,high,707.57,casual viewer
CUST_04496,0.870995364,1,too expensive,working professional,premium,high,687.06,casual viewer
CUST_04497,0.80371208,1,content not interesting,working professional,basic,high,194.28,binge watcher
CUST_04498,0.871056066,1,too expensive,working professional,premium,high,612.88,casual viewer
CUST_04499,0.839326119,1,too expensive,college student,standard,high,383.83,binge watcher
CUST_04500,0.82718296,1,none,working professional,basic,high,199.06,casual viewer
CUST_04501,0.880729109,1,too expensive,working professional,premium,high,701.72,family viewer
CUST_04502,0.89743573,1,too expensive,retired individual,basic,medium,193.69,binge watcher
CUST_04503,0.811299497,1,none,college student,basic,low,210.08,binge watcher
CUST_04504,0.749654003,1,no time to watch,retired individual,basic,high,182.66,sports enthusiast
CUST_04505,0.763087754,1,technical issues,working professional,basic,medium,198.88,casual viewer
CUST_04506,0.86712237,1,too expensive,retired individual,premium,high,738.43,family viewer
CUST_04507,0.817012201,1,content not interesting,retired individual,basic,high,224.73,sports enthusiast
CUST_04508,0.812908821,1,no time to watch,college student,standard,high,432.37,sports enthusiast
CUST_04509,0.829924439,1,technical issues,college student,basic,low,212.75,sports enthusiast
CUST_04510,0.802418538,1,too expensive,school student,premium,low,763.1,sports enthusiast
CUST_04511,0.752482833,1,content not interesting,college student,standard,high,424.14,casual viewer
CUST_04512,0.937875525,1,too expensive,retired individual,standard,low,408.63,family viewer
CUST_04513,0.841457604,1,none,retired individual,premium,high,567.7,family viewer
CUST_04514,0.884445528,1,too expensive,retired individual,basic,low,141.2,news junkie
CUST_04515,0.782886091,1,too expensive,retired individual,premium,low,755.15,sports enthusiast
CUST_04516,0.823919732,1,technical issues,college student,standard,medium,379.75,casual viewer
CUST_04517,0.688311431,1,no time to watch,college student,standard,high,398.57,binge watcher
CUST_04518,0.732679743,1,too expensive,retired individual,premium,high,681.45,news junkie
CUST_04519,0.802645607,1,too expensive,school student,premium,low,662.86,binge watcher
CUST_04520,0.852927351,1,too expensive,college student,premium,medium,686.91,binge watcher
CUST_04521,0.947352872,1,too expensive,school student,standard,low,345.74,news junkie
CUST_04522,0.842905996,1,too expensive,college student,standard,high,390.1,news junkie
CUST_04523,0.847084157,1,too expensive,working professional,premium,medium,695.73,news junkie
CUST_04524,0.815914672,1,technical issues,college student,basic,medium,234.58,sports enthusiast
CUST_04525,0.905086584,1,too expensive,college student,premium,medium,772.79,news junkie
CUST_04526,0.691087599,1,switched to competitor,college student,basic,high,241.02,news junkie
CUST_04527,0.665776107,1,technical issues,college student,basic,medium,204.43,family viewer
CUST_04528,0.852985981,1,too expensive,retired individual,standard,high,330.61,family viewer
CUST_04529,0.907668337,1,too expensive,college student,premium,medium,697.23,binge watcher
CUST_04530,0.844808015,1,no time to watch,working professional,standard,high,342.06,news junkie
CUST_04531,0.815175235,1,content not interesting,college student,standard,high,474.71,sports enthusiast
CUST_04532,0.831639456,1,none,working professional,premium,low,689.19,sports enthusiast
CUST_04533,0.561206337,1,none,school student,basic,high,252.15,binge watcher
CUST_04534,0.840808811,1,too expensive,school student,standard,medium,417.08,news junkie
CUST_04535,0.731327537,1,switched to competitor,retired individual,basic,high,173.22,family viewer
CUST_04536,0.778545414,1,technical issues,retired individual,standard,low,447.87,casual viewer
CUST_04537,0.876225741,1,too expensive,college student,premium,high,651.4,casual viewer
CUST_04538,0.819410412,1,too expensive,school student,premium,high,623.14,news junkie
CUST_04539,0.755879016,1,content not interesting,college student,basic,high,162.86,family viewer
CUST_04540,0.819913213,1,technical issues,college student,basic,low,183.58,news junkie
CUST_04541,0.911955793,1,too expensive,retired individual,premium,medium,618.5,sports enthusiast
CUST_04542,0.731096533,1,none,retired individual,basic,high,206.21,family viewer
CUST_04543,0.844912845,1,no time to watch,retired individual,basic,medium,221.88,binge watcher
CUST_04544,0.706345843,1,none,retired individual,standard,medium,460.86,casual viewer
CUST_04545,0.891589427,1,too expensive,college student,premium,low,610.88,family viewer
CUST_04546,0.847269513,1,too expensive,working professional,premium,high,646.04,news junkie
CUST_04547,0.866504917,1,none,retired individual,standard,low,466.51,news junkie
CUST_04548,0.822915328,1,too expensive,college student,basic,high,206.5,sports enthusiast
CUST_04549,0.807314195,1,none,school student,premium,medium,779.7,casual viewer
CUST_04550,0.750251324,1,too expensive,college student,premium,medium,704.52,casual viewer
CUST_04551,0.733326566,1,switched to competitor,school student,basic,high,230.16,binge watcher
CUST_04552,0.799033763,1,switched to competitor,college student,basic,high,227.95,family viewer
CUST_04553,0.833826019,1,too expensive,school student,premium,high,617.42,family viewer
CUST_04554,0.916978208,1,too expensive,college student,standard,low,389.18,family viewer
CUST_04555,0.824632268,1,switched to competitor,college student,basic,high,205.27,binge watcher
CUST_04556,0.786957363,1,none,college student,premium,high,763.2,news junkie
CUST_04557,0.83162521,1,too expensive,college student,premium,high,697.64,family viewer
CUST_04558,0.755101588,1,switched to competitor,retired individual,standard,high,390.99,binge watcher
CUST_04559,0.901299593,1,no time to watch,school student,standard,low,464.09,binge watcher
CUST_04560,0.763491716,1,too expensive,retired individual,standard,high,384.31,casual viewer
CUST_04561,0.867704378,1,too expensive,retired individual,standard,medium,417.25,news junkie
CUST_04562,0.85584495,1,too expensive,retired individual,premium,low,758.82,binge watcher
CUST_04563,0.811996962,1,too expensive,school student,premium,medium,733.48,news junkie
CUST_04564,0.825116383,1,technical issues,retired individual,basic,low,193.22,news junkie
CUST_04565,0.842765163,1,none,working professional,premium,medium,769.6,binge watcher
CUST_04566,0.891982246,1,too expensive,college student,premium,low,629.22,sports enthusiast
CUST_04567,0.726793154,1,content not interesting,retired individual,basic,high,199.35,binge watcher
CUST_04568,0.81941001,1,too expensive,college student,premium,high,629.94,sports enthusiast
CUST_04569,0.796878689,1,too expensive,college student,standard,high,383.26,sports enthusiast
CUST_04570,0.915904614,1,too expensive,college student,standard,low,325.04,binge watcher
CUST_04571,0.835606875,1,technical issues,college student,standard,low,397.46,binge watcher
CUST_04572,0.826753813,1,too expensive,retired individual,standard,low,410.82,casual viewer
CUST_04573,0.862548757,1,too expensive,working professional,basic,medium,210.83,casual viewer
CUST_04574,0.72908411,1,too expensive,college student,premium,medium,724.19,casual viewer
CUST_04575,0.664860804,1,too expensive,working professional,premium,high,645.56,sports enthusiast
CUST_04576,0.950832165,1,too expensive,college student,standard,low,471.75,family viewer
CUST_04577,0.911036385,1,too expensive,college student,basic,medium,197.18,family viewer
CUST_04578,0.813668191,1,no time to watch,working professional,basic,low,227.64,sports enthusiast
CUST_04579,0.816031389,1,too expensive,retired individual,standard,medium,363.89,family viewer
CUST_04580,0.847971982,1,too expensive,college student,standard,high,428.37,sports enthusiast
CUST_04581,0.848720951,1,too expensive,college student,premium,high,768.87,sports enthusiast
CUST_04582,0.753312998,1,too expensive,retired individual,basic,high,222.15,sports enthusiast
CUST_04583,0.7936686,1,switched to competitor,working professional,standard,high,462.61,sports enthusiast
CUST_04584,0.766942155,1,none,retired individual,basic,high,238.97,family viewer
CUST_04585,0.89749007,1,too expensive,school student,premium,low,612.28,sports enthusiast
CUST_04586,0.827350924,1,no time to watch,college student,basic,high,170.72,sports enthusiast
CUST_04587,0.462588233,0,too expensive,college student,premium,high,603.54,binge watcher
CUST_04588,0.801005078,1,content not interesting,college student,basic,high,166.61,sports enthusiast
CUST_04589,0.825470876,1,too expensive,college student,standard,high,363.86,family viewer
CUST_04590,0.880761708,1,too expensive,working professional,basic,high,226.32,binge watcher
CUST_04591,0.758018115,1,switched to competitor,school student,standard,high,403.46,family viewer
CUST_04592,0.798629096,1,switched to competitor,working professional,standard,high,362.32,news junkie
CUST_04593,0.647513919,1,switched to competitor,retired individual,standard,high,351.29,casual viewer
CUST_04594,0.758730573,1,too expensive,college student,premium,high,701.24,sports enthusiast
CUST_04595,0.807095999,1,too expensive,school student,basic,medium,181.09,casual viewer
CUST_04596,0.83585421,1,none,college student,basic,medium,217.11,casual viewer
CUST_04597,0.721135075,1,too expensive,college student,premium,high,607.48,news junkie
CUST_04598,0.826662868,1,none,retired individual,basic,high,197.54,news junkie
CUST_04599,0.582762262,1,none,college student,premium,high,612.06,sports enthusiast
CUST_04600,0.73206458,1,no time to watch,college student,standard,medium,378.15,sports enthusiast
CUST_04601,0.687805288,1,too expensive,working professional,premium,high,751.56,family viewer
CUST_04602,0.466128209,0,none,retired individual,premium,high,624.42,news junkie
CUST_04603,0.817599308,1,too expensive,college student,standard,high,436.06,binge watcher
CUST_04604,0.838031434,1,too expensive,retired individual,premium,low,783.93,sports enthusiast
CUST_04605,0.793584431,1,technical issues,college student,standard,medium,386.89,family viewer
CUST_04606,0.722241742,1,technical issues,college student,standard,medium,464.05,binge watcher
CUST_04607,0.770855388,1,switched to competitor,college student,standard,high,471.5,casual viewer
CUST_04608,0.71747051,1,too expensive,working professional,premium,high,701.05,binge watcher
CUST_04609,0.883189132,1,too expensive,retired individual,premium,high,720.25,sports enthusiast
CUST_04610,0.787966074,1,too expensive,college student,premium,high,756.41,news junkie
CUST_04611,0.755078084,1,switched to competitor,college student,standard,high,363.49,news junkie
CUST_04612,0.740841473,1,too expensive,retired individual,premium,high,606.15,news junkie
CUST_04613,0.911482965,1,too expensive,working professional,premium,low,755.53,family viewer
CUST_04614,0.712558773,1,switched to competitor,school student,basic,high,251.38,binge watcher
CUST_04615,0.793002857,1,too expensive,college student,premium,high,652.48,family viewer
CUST_04616,0.745798935,1,too expensive,college student,premium,high,771.74,sports enthusiast
CUST_04617,0.694324498,1,none,college student,premium,low,678.38,binge watcher
CUST_04618,0.732213048,1,none,working professional,standard,medium,410.01,binge watcher
CUST_04619,0.809566884,1,too expensive,college student,premium,high,616,casual viewer
CUST_04620,0.867706707,1,none,working professional,standard,medium,411.63,family viewer
CUST_04621,0.812089573,1,no time to watch,school student,basic,medium,207.54,news junkie
CUST_04622,0.932260793,1,too expensive,working professional,premium,medium,684.41,news junkie
CUST_04623,0.804682337,1,none,college student,standard,medium,390.23,news junkie
CUST_04624,0.754351668,1,too expensive,working professional,standard,high,413.52,news junkie
CUST_04625,0.819361053,1,too expensive,working professional,premium,medium,656,family viewer
CUST_04626,0.878845565,1,too expensive,retired individual,premium,medium,792.82,family viewer
CUST_04627,0.754831376,1,switched to competitor,college student,standard,high,436.27,sports enthusiast
CUST_04628,0.754364295,1,none,college student,basic,high,167.27,news junkie
CUST_04629,0.689141069,1,too expensive,college student,premium,high,739.43,binge watcher
CUST_04630,0.898941399,1,none,retired individual,basic,high,148.37,sports enthusiast
CUST_04631,0.673547067,1,none,retired individual,standard,medium,384.61,casual viewer
CUST_04632,0.819237567,1,no time to watch,college student,basic,high,205.9,binge watcher
CUST_04633,0.709067951,1,technical issues,retired individual,basic,medium,184.66,casual viewer
CUST_04634,0.901043738,1,too expensive,working professional,basic,high,186.82,casual viewer
CUST_04635,0.700146925,1,switched to competitor,school student,basic,high,181.33,sports enthusiast
CUST_04636,0.926760745,1,too expensive,retired individual,standard,low,352.58,sports enthusiast
CUST_04637,0.794746341,1,no time to watch,working professional,standard,low,332.33,family viewer
CUST_04638,0.675259946,1,none,retired individual,standard,high,385.08,sports enthusiast
CUST_04639,0.951110432,1,too expensive,working professional,basic,low,204.26,news junkie
CUST_04640,0.833844843,1,none,college student,basic,high,201.07,casual viewer
CUST_04641,0.707593436,1,switched to competitor,working professional,standard,high,485.36,binge watcher
CUST_04642,0.614857215,1,content not interesting,college student,basic,high,221.25,binge watcher
CUST_04643,0.697109555,1,no time to watch,working professional,standard,high,465.26,family viewer
CUST_04644,0.764888508,1,too expensive,working professional,basic,medium,219.8,family viewer
CUST_04645,0.781671958,1,no time to watch,school student,standard,low,414.14,news junkie
CUST_04646,0.802083786,1,content not interesting,retired individual,standard,high,443.02,family viewer
CUST_04647,0.895305305,1,too expensive,school student,basic,high,211.92,family viewer
CUST_04648,0.631288347,1,technical issues,college student,standard,medium,360.01,news junkie
CUST_04649,0.723863222,1,no time to watch,working professional,standard,high,364.36,binge watcher
CUST_04650,0.731122646,1,content not interesting,college student,premium,high,596.74,binge watcher
CUST_04651,0.572804424,1,too expensive,retired individual,premium,high,760.18,news junkie
CUST_04652,0.815749566,1,no time to watch,college student,basic,high,234.52,binge watcher
CUST_04653,0.637574341,1,none,college student,standard,high,347.55,news junkie
CUST_04654,0.844908807,1,technical issues,college student,standard,medium,414.8,family viewer
CUST_04655,0.740795426,1,none,working professional,basic,high,220.08,news junkie
CUST_04656,0.865522168,1,too expensive,college student,standard,high,333.83,casual viewer
CUST_04657,0.935412888,1,too expensive,retired individual,standard,low,417.91,casual viewer
CUST_04658,0.787415499,1,none,college student,premium,low,749.78,sports enthusiast
CUST_04659,0.894030587,1,too expensive,retired individual,premium,low,660.55,binge watcher
CUST_04660,0.853761558,1,no time to watch,college student,standard,low,350.31,news junkie
CUST_04661,0.87350923,1,none,college student,premium,low,750.07,news junkie
CUST_04662,0.878183755,1,too expensive,college student,basic,low,222.22,sports enthusiast
CUST_04663,0.914765663,1,no time to watch,college student,standard,low,415.77,sports enthusiast
CUST_04664,0.811412796,1,too expensive,working professional,premium,medium,662.18,casual viewer
CUST_04665,0.851996729,1,too expensive,college student,premium,medium,715.43,binge watcher
CUST_04666,0.813719482,1,too expensive,retired individual,standard,high,334.75,sports enthusiast
CUST_04667,0.854342559,1,technical issues,college student,standard,medium,468.01,family viewer
CUST_04668,0.802547114,1,technical issues,college student,standard,medium,389.18,news junkie
CUST_04669,0.900921385,1,too expensive,working professional,premium,medium,717.18,sports enthusiast
CUST_04670,0.8757523,1,none,retired individual,basic,medium,177.21,binge watcher
CUST_04671,0.777191613,1,none,college student,basic,medium,192.33,casual viewer
CUST_04672,0.772504311,1,too expensive,college student,premium,high,672.31,news junkie
CUST_04673,0.716972434,1,content not interesting,college student,standard,high,490.8,news junkie
CUST_04674,0.718708157,1,none,working professional,premium,medium,745.87,news junkie
CUST_04675,0.786287412,1,none,school student,premium,medium,648.08,family viewer
CUST_04676,0.72176729,1,none,school student,standard,low,392.4,sports enthusiast
CUST_04677,0.902149258,1,no time to watch,working professional,standard,low,384.46,news junkie
CUST_04678,0.887631592,1,too expensive,college student,premium,low,664.11,news junkie
CUST_04679,0.891237901,1,too expensive,working professional,standard,medium,424.16,family viewer
CUST_04680,0.7634469,1,switched to competitor,college student,basic,high,172.13,casual viewer
CUST_04681,0.88821625,1,too expensive,college student,premium,high,605.12,family viewer
CUST_04682,0.853300855,1,too expensive,retired individual,premium,high,701.42,casual viewer
CUST_04683,0.852285296,1,technical issues,school student,standard,low,417.49,casual viewer
CUST_04684,0.722537321,1,none,college student,premium,high,749.68,binge watcher
CUST_04685,0.876779085,1,technical issues,retired individual,standard,medium,408.58,binge watcher
CUST_04686,0.932487491,1,too expensive,college student,standard,low,403.61,news junkie
CUST_04687,0.65956679,1,technical issues,college student,basic,medium,189.63,binge watcher
CUST_04688,0.942272128,1,too expensive,working professional,premium,low,664.99,casual viewer
CUST_04689,0.762853482,1,too expensive,working professional,basic,high,168.11,binge watcher
CUST_04690,0.690994974,1,switched to competitor,college student,standard,high,339.37,family viewer
CUST_04691,0.880364844,1,too expensive,working professional,basic,high,190.48,news junkie
CUST_04692,0.854358114,1,too expensive,college student,premium,medium,663.58,family viewer
CUST_04693,0.550825227,1,no time to watch,retired individual,standard,medium,350.69,family viewer
CUST_04694,0.79929346,1,switched to competitor,college student,standard,high,389.08,binge watcher
CUST_04695,0.810968471,1,none,college student,basic,medium,194.53,news junkie
CUST_04696,0.817660114,1,content not interesting,college student,standard,high,410.81,casual viewer
CUST_04697,0.706166537,1,switched to competitor,retired individual,basic,high,188.57,casual viewer
CUST_04698,0.670148928,1,switched to competitor,working professional,standard,high,447.81,family viewer
CUST_04699,0.799253946,1,switched to competitor,college student,standard,high,394.71,sports enthusiast
CUST_04700,0.849492605,1,no time to watch,working professional,standard,low,392.79,binge watcher
CUST_04701,0.905827999,1,too expensive,school student,premium,low,673.52,binge watcher
CUST_04702,0.862741518,1,no time to watch,working professional,basic,high,205.05,binge watcher
CUST_04703,0.844015641,1,too expensive,retired individual,standard,medium,356.27,casual viewer
CUST_04704,0.877377318,1,too expensive,college student,standard,high,423.39,binge watcher
CUST_04705,0.775173817,1,none,retired individual,basic,high,174.5,binge watcher
CUST_04706,0.910870445,1,technical issues,college student,basic,low,191.62,casual viewer
CUST_04707,0.790103054,1,none,school student,premium,medium,646.96,binge watcher
CUST_04708,0.910263079,1,too expensive,college student,standard,low,395.21,family viewer
CUST_04709,0.812186365,1,too expensive,retired individual,premium,medium,643.97,casual viewer
CUST_04710,0.751131887,1,switched to competitor,working professional,standard,high,355.05,family viewer
CUST_04711,0.748281062,1,technical issues,college student,basic,medium,194.64,casual viewer
CUST_04712,0.637252194,1,none,college student,standard,high,408.62,binge watcher
CUST_04713,0.885603584,1,technical issues,retired individual,basic,low,170.02,sports enthusiast
CUST_04714,0.626472863,1,switched to competitor,retired individual,standard,high,394.01,casual viewer
CUST_04715,0.82983625,1,technical issues,working professional,basic,medium,229.42,family viewer
CUST_04716,0.924601058,1,technical issues,working professional,standard,low,343.22,family viewer
CUST_04717,0.909973661,1,too expensive,college student,premium,medium,624.49,news junkie
CUST_04718,0.803995157,1,too expensive,college student,premium,high,703.1,news junkie
CUST_04719,0.918264693,1,too expensive,college student,standard,low,367.21,sports enthusiast
CUST_04720,0.870888172,1,too expensive,college student,basic,high,137.41,binge watcher
CUST_04721,0.786695647,1,technical issues,college student,basic,medium,222.26,casual viewer
CUST_04722,0.830568234,1,no time to watch,retired individual,standard,low,425.99,family viewer
CUST_04723,0.592840128,1,content not interesting,college student,standard,high,444.38,casual viewer
CUST_04724,0.779824818,1,no time to watch,working professional,basic,medium,185.73,sports enthusiast
CUST_04725,0.786499906,1,too expensive,college student,premium,high,622.14,sports enthusiast
CUST_04726,0.878452395,1,too expensive,school student,standard,medium,378.35,binge watcher
CUST_04727,0.624030088,1,switched to competitor,college student,standard,high,397.25,sports enthusiast
CUST_04728,0.894192711,1,too expensive,working professional,standard,medium,427.92,casual viewer
CUST_04729,0.908366436,1,too expensive,working professional,standard,low,369.16,sports enthusiast
CUST_04730,0.924676392,1,too expensive,college student,premium,medium,751.98,casual viewer
CUST_04731,0.94692657,1,technical issues,college student,basic,low,247.66,casual viewer
CUST_04732,0.899554527,1,too expensive,working professional,basic,high,212.31,family viewer
CUST_04733,0.843865982,1,too expensive,working professional,premium,low,639.58,casual viewer
CUST_04734,0.888189223,1,none,retired individual,basic,high,198.14,news junkie
CUST_04735,0.796890402,1,too expensive,college student,premium,medium,699.86,binge watcher
CUST_04736,0.858959396,1,too expensive,working professional,premium,medium,749.47,sports enthusiast
CUST_04737,0.755840052,1,too expensive,working professional,premium,high,773.5,binge watcher
CUST_04738,0.79695237,1,none,college student,premium,high,752.2,news junkie
CUST_04739,0.839686051,1,too expensive,school student,premium,low,671.52,binge watcher
CUST_04740,0.867241654,1,too expensive,working professional,premium,medium,750.77,sports enthusiast
CUST_04741,0.757378341,1,technical issues,college student,standard,low,383.41,family viewer
CUST_04742,0.831325891,1,too expensive,college student,premium,medium,783.23,sports enthusiast
CUST_04743,0.752382733,1,technical issues,working professional,standard,medium,432.79,casual viewer
CUST_04744,0.897380704,1,too expensive,retired individual,premium,high,707.59,sports enthusiast
CUST_04745,0.896561553,1,none,working professional,basic,high,154.4,binge watcher
CUST_04746,0.851442633,1,technical issues,college student,standard,medium,375.25,casual viewer
CUST_04747,0.849237214,1,too expensive,retired individual,premium,low,761.99,news junkie
CUST_04748,0.737059473,1,technical issues,college student,basic,medium,219.79,news junkie
CUST_04749,0.890365954,1,too expensive,college student,premium,medium,609.68,binge watcher
CUST_04750,0.826106509,1,none,school student,basic,high,186.96,family viewer
CUST_04751,0.741033048,1,too expensive,college student,premium,medium,758.33,sports enthusiast
CUST_04752,0.851079761,1,too expensive,working professional,premium,medium,767.58,sports enthusiast
CUST_04753,0.831511706,1,content not interesting,retired individual,basic,high,225.15,binge watcher
CUST_04754,0.680718057,1,none,college student,premium,medium,757.65,news junkie
CUST_04755,0.667162464,1,none,retired individual,premium,medium,768.67,sports enthusiast
CUST_04756,0.824343948,1,technical issues,school student,premium,low,599.48,sports enthusiast
CUST_04757,0.856767221,1,too expensive,college student,standard,high,379.48,casual viewer
CUST_04758,0.682291647,1,too expensive,college student,premium,high,759.28,family viewer
CUST_04759,0.770722937,1,no time to watch,working professional,standard,medium,418.78,family viewer
CUST_04760,0.612614015,1,switched to competitor,college student,standard,high,386.01,family viewer
CUST_04761,0.712554868,1,none,college student,basic,high,247.15,family viewer
CUST_04762,0.691825945,1,no time to watch,college student,standard,high,411.35,binge watcher
CUST_04763,0.805126932,1,too expensive,working professional,premium,high,718.83,sports enthusiast
CUST_04764,0.873617323,1,too expensive,school student,premium,low,621.11,casual viewer
CUST_04765,0.904154692,1,too expensive,college student,standard,high,362.35,casual viewer
CUST_04766,0.674669681,1,no time to watch,college student,standard,medium,444.13,sports enthusiast
CUST_04767,0.649260573,1,too expensive,retired individual,premium,high,620.49,sports enthusiast
CUST_04768,0.800237009,1,too expensive,working professional,premium,medium,652.59,casual viewer
CUST_04769,0.646475472,1,no time to watch,retired individual,basic,high,192.66,family viewer
CUST_04770,0.89804813,1,too expensive,retired individual,standard,high,379.09,casual viewer
CUST_04771,0.885227785,1,technical issues,retired individual,basic,low,184.98,news junkie
CUST_04772,0.792009686,1,content not interesting,college student,basic,high,174.01,family viewer
CUST_04773,0.864900047,1,too expensive,retired individual,premium,high,704.62,news junkie
CUST_04774,0.84901185,1,too expensive,college student,basic,low,207.51,sports enthusiast
CUST_04775,0.738901638,1,no time to watch,college student,basic,high,191.13,family viewer
CUST_04776,0.806876568,1,too expensive,college student,standard,high,355.25,news junkie
CUST_04777,0.782653964,1,technical issues,retired individual,basic,low,143.59,casual viewer
CUST_04778,0.791640735,1,content not interesting,retired individual,standard,high,393.68,casual viewer
CUST_04779,0.867540217,1,none,working professional,basic,high,147.74,family viewer
CUST_04780,0.822883192,1,no time to watch,working professional,standard,low,451.89,family viewer
CUST_04781,0.573461863,1,none,college student,standard,medium,399.21,family viewer
CUST_04782,0.843504601,1,too expensive,retired individual,standard,high,334.32,news junkie
CUST_04783,0.725394127,1,too expensive,college student,basic,high,217.26,family viewer
CUST_04784,0.645559354,1,none,college student,premium,high,786.37,family viewer
CUST_04785,0.775006189,1,none,retired individual,basic,high,179.01,sports enthusiast
CUST_04786,0.807705468,1,technical issues,working professional,standard,low,432.01,binge watcher
CUST_04787,0.69540725,1,content not interesting,school student,basic,high,212.83,binge watcher
CUST_04788,0.825775552,1,too expensive,school student,premium,medium,621.16,casual viewer
CUST_04789,0.856975496,1,too expensive,retired individual,premium,high,805.54,binge watcher
CUST_04790,0.772045379,1,too expensive,working professional,standard,high,418.84,binge watcher
CUST_04791,0.771586687,1,no time to watch,college student,standard,high,424.99,sports enthusiast
CUST_04792,0.738867624,1,switched to competitor,working professional,basic,high,176.94,sports enthusiast
CUST_04793,0.636072765,1,none,school student,basic,high,200.89,family viewer
CUST_04794,0.710056696,1,content not interesting,school student,basic,high,179.35,family viewer
CUST_04795,0.749543797,1,none,college student,basic,medium,244.89,binge watcher
CUST_04796,0.854193736,1,too expensive,college student,premium,high,600.65,sports enthusiast
CUST_04797,0.569178198,1,switched to competitor,retired individual,basic,high,149.15,sports enthusiast
CUST_04798,0.568717466,1,none,college student,basic,high,214.95,news junkie
CUST_04799,0.819699725,1,content not interesting,college student,basic,high,197.85,news junkie
CUST_04800,0.807846274,1,no time to watch,retired individual,standard,high,393.32,news junkie
CUST_04801,0.67256644,1,no time to watch,retired individual,standard,high,332.19,casual viewer
CUST_04802,0.946104314,1,too expensive,working professional,basic,low,231.61,casual viewer
CUST_04803,0.860016581,1,too expensive,college student,premium,medium,680.69,casual viewer
CUST_04804,0.659220528,1,too expensive,retired individual,premium,high,755.59,binge watcher
CUST_04805,0.651846401,1,none,working professional,basic,high,190.5,news junkie
CUST_04806,0.833701046,1,too expensive,working professional,premium,high,658.39,sports enthusiast
CUST_04807,0.785574967,1,technical issues,school student,basic,low,203.94,family viewer
CUST_04808,0.657397479,1,none,college student,basic,high,199.31,binge watcher
CUST_04809,0.686111036,1,none,school student,standard,medium,459.07,binge watcher
CUST_04810,0.838790493,1,none,working professional,standard,medium,375.11,news junkie
CUST_04811,0.854110242,1,none,working professional,basic,high,189.69,sports enthusiast
CUST_04812,0.885879818,1,none,college student,premium,high,624.28,sports enthusiast
CUST_04813,0.926619069,1,too expensive,retired individual,premium,low,613.24,family viewer
CUST_04814,0.712975817,1,none,retired individual,standard,high,360.04,sports enthusiast
CUST_04815,0.798171278,1,content not interesting,retired individual,basic,high,167.9,casual viewer
CUST_04816,0.75469989,1,too expensive,working professional,premium,high,687.87,binge watcher
CUST_04817,0.824257489,1,technical issues,college student,basic,medium,233.2,binge watcher
CUST_04818,0.93059077,1,too expensive,school student,standard,low,342.75,news junkie
CUST_04819,0.769839559,1,switched to competitor,college student,standard,high,367.24,family viewer
CUST_04820,0.881331266,1,technical issues,retired individual,basic,medium,211.33,binge watcher
CUST_04821,0.590066227,1,switched to competitor,retired individual,standard,high,439.23,binge watcher
CUST_04822,0.602220145,1,too expensive,retired individual,premium,high,652.72,family viewer
CUST_04823,0.845556328,1,too expensive,college student,basic,low,211.41,binge watcher
CUST_04824,0.684038449,1,too expensive,working professional,premium,high,634.06,casual viewer
CUST_04825,0.84990378,1,technical issues,retired individual,basic,low,200.25,sports enthusiast
CUST_04826,0.896797641,1,too expensive,college student,standard,high,373.19,binge watcher
CUST_04827,0.903333551,1,too expensive,college student,premium,medium,706.5,casual viewer
CUST_04828,0.873037383,1,none,working professional,standard,high,425.85,news junkie
CUST_04829,0.845154243,1,technical issues,college student,standard,low,472.11,sports enthusiast
CUST_04830,0.727097618,1,none,college student,premium,high,658.34,binge watcher
CUST_04831,0.804144648,1,none,retired individual,standard,high,444.35,sports enthusiast
CUST_04832,0.881500312,1,too expensive,working professional,premium,low,679.43,casual viewer
CUST_04833,0.719181506,1,too expensive,college student,premium,high,760.92,news junkie
CUST_04834,0.756397714,1,too expensive,college student,premium,high,757.02,sports enthusiast
CUST_04835,0.822237353,1,none,college student,basic,low,193.57,sports enthusiast
CUST_04836,0.761170919,1,no time to watch,working professional,basic,high,189.74,casual viewer
CUST_04837,0.801310202,1,none,college student,premium,medium,632.82,sports enthusiast
CUST_04838,0.627605298,1,switched to competitor,retired individual,standard,high,353.23,binge watcher
CUST_04839,0.847808931,1,no time to watch,working professional,standard,medium,464.93,binge watcher
CUST_04840,0.712737291,1,switched to competitor,college student,standard,high,390.13,sports enthusiast
CUST_04841,0.786321415,1,switched to competitor,retired individual,standard,high,435.31,family viewer
CUST_04842,0.861999961,1,technical issues,college student,basic,medium,191.05,sports enthusiast
CUST_04843,0.740599873,1,too expensive,retired individual,premium,medium,758.83,casual viewer
CUST_04844,0.815808302,1,too expensive,working professional,premium,medium,777.21,casual viewer
CUST_04845,0.843642398,1,no time to watch,college student,standard,high,356.35,casual viewer
CUST_04846,0.919643866,1,too expensive,school student,basic,high,210.63,family viewer
CUST_04847,0.804281554,1,too expensive,college student,premium,high,703.8,casual viewer
CUST_04848,0.810564998,1,technical issues,school student,standard,medium,382.22,casual viewer
CUST_04849,0.493727054,0,too expensive,college student,premium,high,757.81,news junkie
CUST_04850,0.936022625,1,too expensive,college student,basic,low,172.89,news junkie
CUST_04851,0.786634178,1,technical issues,college student,basic,low,159.67,casual viewer
CUST_04852,0.907556811,1,too expensive,college student,premium,high,756.66,news junkie
CUST_04853,0.872626403,1,too expensive,college student,premium,high,747.45,casual viewer
CUST_04854,0.867565706,1,too expensive,college student,premium,medium,664.62,casual viewer
CUST_04855,0.837666556,1,too expensive,college student,premium,medium,701.82,casual viewer
CUST_04856,0.775156324,1,too expensive,college student,standard,high,390.2,sports enthusiast
CUST_04857,0.77505456,1,too expensive,college student,premium,medium,634.7,sports enthusiast
CUST_04858,0.725647569,1,technical issues,retired individual,basic,medium,200.53,sports enthusiast
CUST_04859,0.7217889,1,technical issues,college student,standard,medium,448.56,news junkie
CUST_04860,0.704874415,1,none,college student,premium,high,691.41,family viewer
CUST_04861,0.859059982,1,too expensive,school student,basic,low,166.25,news junkie
CUST_04862,0.691901054,1,no time to watch,college student,basic,high,176.64,binge watcher
CUST_04863,0.886060694,1,technical issues,college student,standard,low,441.12,casual viewer
CUST_04864,0.748736479,1,switched to competitor,school student,standard,high,413.09,news junkie
CUST_04865,0.887134707,1,none,school student,basic,high,222.12,sports enthusiast
CUST_04866,0.905713927,1,no time to watch,working professional,standard,low,413.21,sports enthusiast
CUST_04867,0.853149177,1,too expensive,working professional,standard,high,347.55,news junkie
CUST_04868,0.763430524,1,too expensive,college student,basic,high,135.44,news junkie
CUST_04869,0.887347477,1,too expensive,college student,premium,medium,768.55,sports enthusiast
CUST_04870,0.850365368,1,too expensive,retired individual,premium,low,724.92,sports enthusiast
CUST_04871,0.70183152,1,technical issues,school student,standard,medium,376.43,binge watcher
CUST_04872,0.825180067,1,too expensive,retired individual,standard,low,443.55,news junkie
CUST_04873,0.774477006,1,technical issues,school student,standard,medium,379.93,news junkie
CUST_04874,0.814034528,1,too expensive,college student,premium,medium,651.09,family viewer
CUST_04875,0.667633829,1,none,school student,basic,high,178.09,sports enthusiast
CUST_04876,0.895138113,1,too expensive,working professional,basic,medium,211.41,sports enthusiast
CUST_04877,0.936063397,1,too expensive,working professional,basic,medium,172.27,family viewer
CUST_04878,0.897616055,1,none,retired individual,premium,low,657.44,casual viewer
CUST_04879,0.82904576,1,technical issues,working professional,basic,medium,201.07,news junkie
CUST_04880,0.638541838,1,no time to watch,working professional,standard,high,380.31,family viewer
CUST_04881,0.829487474,1,too expensive,working professional,standard,medium,353.39,binge watcher
CUST_04882,0.875939336,1,too expensive,school student,premium,medium,816.02,sports enthusiast
CUST_04883,0.747054794,1,none,school student,standard,high,377.34,sports enthusiast
CUST_04884,0.753440525,1,too expensive,retired individual,standard,medium,380.63,binge watcher
CUST_04885,0.71867838,1,too expensive,college student,premium,high,735.35,family viewer
CUST_04886,0.709401123,1,content not interesting,working professional,standard,high,378.97,news junkie
CUST_04887,0.85814309,1,no time to watch,working professional,standard,low,472.97,news junkie
CUST_04888,0.837991062,1,too expensive,college student,standard,medium,463.95,family viewer
CUST_04889,0.804798261,1,too expensive,college student,premium,medium,672.46,news junkie
CUST_04890,0.581205225,1,none,college student,basic,high,188.32,news junkie
CUST_04891,0.936903174,1,too expensive,working professional,standard,medium,472.27,casual viewer
CUST_04892,0.663091606,1,none,college student,premium,high,763.92,casual viewer
CUST_04893,0.841827214,1,too expensive,working professional,basic,medium,154.14,casual viewer
CUST_04894,0.80714912,1,none,retired individual,premium,high,711.69,sports enthusiast
CUST_04895,0.817694015,1,none,college student,basic,medium,201.3,casual viewer
CUST_04896,0.863987623,1,too expensive,college student,basic,medium,255.75,casual viewer
CUST_04897,0.91947499,1,none,working professional,basic,medium,200.02,sports enthusiast
CUST_04898,0.718133737,1,switched to competitor,school student,standard,high,388.06,sports enthusiast
CUST_04899,0.763520203,1,switched to competitor,retired individual,standard,high,417.02,casual viewer
CUST_04900,0.722047919,1,too expensive,college student,premium,medium,606.72,binge watcher
CUST_04901,0.868228653,1,no time to watch,retired individual,standard,high,352.78,sports enthusiast
CUST_04902,0.850983665,1,too expensive,college student,standard,high,410.05,family viewer
CUST_04903,0.645587858,1,none,college student,basic,high,175.86,news junkie
CUST_04904,0.815044561,1,technical issues,college student,standard,medium,421.82,casual viewer
CUST_04905,0.782375295,1,content not interesting,working professional,standard,high,327.36,binge watcher
CUST_04906,0.850855912,1,too expensive,college student,premium,medium,615.38,binge watcher
CUST_04907,0.789833329,1,none,college student,standard,medium,409.28,casual viewer
CUST_04908,0.741897946,1,technical issues,retired individual,standard,low,430.16,casual viewer
CUST_04909,0.671329619,1,too expensive,college student,premium,high,746.36,family viewer
CUST_04910,0.689651581,1,none,school student,basic,high,172.82,news junkie
CUST_04911,0.809295739,1,no time to watch,working professional,standard,high,368.18,binge watcher
CUST_04912,0.654753199,1,none,college student,standard,medium,410.58,binge watcher
CUST_04913,0.837810115,1,too expensive,working professional,premium,low,684.96,sports enthusiast
CUST_04914,0.706740203,1,too expensive,college student,premium,high,695.7,casual viewer
CUST_04915,0.645426197,1,none,college student,premium,high,703.25,news junkie
CUST_04916,0.908066317,1,too expensive,college student,premium,low,620.79,family viewer
CUST_04917,0.579013431,1,switched to competitor,school student,standard,high,335.77,news junkie
CUST_04918,0.834946916,1,too expensive,college student,premium,low,694.91,family viewer
CUST_04919,0.78246963,1,technical issues,college student,basic,medium,169.69,news junkie
CUST_04920,0.842385433,1,technical issues,college student,basic,medium,155.09,sports enthusiast
CUST_04921,0.892319777,1,too expensive,retired individual,premium,low,768.84,news junkie
CUST_04922,0.852226378,1,too expensive,college student,premium,high,624.05,casual viewer
CUST_04923,0.890853795,1,technical issues,college student,standard,low,399.93,casual viewer
CUST_04924,0.751678292,1,no time to watch,working professional,basic,high,227.84,family viewer
CUST_04925,0.874712963,1,too expensive,retired individual,premium,medium,700.25,casual viewer
CUST_04926,0.836656621,1,technical issues,college student,standard,low,404.77,news junkie
CUST_04927,0.835757627,1,too expensive,college student,premium,medium,775.46,casual viewer
CUST_04928,0.693285051,1,switched to competitor,retired individual,standard,high,409.84,binge watcher
CUST_04929,0.684626068,1,content not interesting,retired individual,basic,high,186.74,family viewer
CUST_04930,0.936880002,1,too expensive,retired individual,premium,low,644.77,casual viewer
CUST_04931,0.769990222,1,switched to competitor,school student,standard,high,380.17,family viewer
CUST_04932,0.801736369,1,technical issues,working professional,standard,medium,343.28,family viewer
CUST_04933,0.639505433,1,too expensive,college student,premium,medium,796.39,casual viewer
CUST_04934,0.872397761,1,too expensive,retired individual,standard,medium,321.5,binge watcher
CUST_04935,0.600020024,1,none,college student,basic,high,212.13,casual viewer
CUST_04936,0.833055774,1,too expensive,college student,premium,low,792.34,news junkie
CUST_04937,0.883624349,1,too expensive,school student,premium,medium,715.38,casual viewer
CUST_04938,0.587092117,1,too expensive,college student,premium,high,700.62,casual viewer
CUST_04939,0.843736858,1,too expensive,college student,premium,low,773.2,casual viewer
CUST_04940,0.694419313,1,switched to competitor,college student,standard,high,464.35,binge watcher
CUST_04941,0.940916024,1,too expensive,college student,premium,medium,706.21,sports enthusiast
CUST_04942,0.729900674,1,none,school student,standard,high,448.49,sports enthusiast
CUST_04943,0.636194464,1,none,college student,basic,high,233.61,casual viewer
CUST_04944,0.719053,1,technical issues,college student,basic,medium,177.94,family viewer
CUST_04945,0.806704944,1,too expensive,working professional,premium,high,601.36,family viewer
CUST_04946,0.766752128,1,none,working professional,premium,high,625.95,casual viewer
CUST_04947,0.832283761,1,technical issues,working professional,basic,medium,229.86,news junkie
CUST_04948,0.729628793,1,too expensive,college student,premium,high,805.79,sports enthusiast
CUST_04949,0.875564428,1,too expensive,working professional,basic,high,217.92,binge watcher
CUST_04950,0.832637154,1,too expensive,college student,standard,medium,416.8,news junkie
CUST_04951,0.465039896,0,switched to competitor,college student,basic,high,159.95,binge watcher
CUST_04952,0.756395355,1,too expensive,college student,premium,low,738.98,binge watcher
CUST_04953,0.88775638,1,switched to competitor,working professional,standard,high,439.46,casual viewer
CUST_04954,0.791174927,1,technical issues,working professional,standard,medium,438.83,casual viewer
CUST_04955,0.865991243,1,no time to watch,working professional,standard,medium,367.38,casual viewer
CUST_04956,0.696460934,1,none,college student,standard,high,453.65,sports enthusiast
CUST_04957,0.822006232,1,none,college student,standard,high,410.7,binge watcher
CUST_04958,0.797204279,1,too expensive,retired individual,premium,high,751.85,news junkie
CUST_04959,0.812051118,1,technical issues,college student,standard,low,342.48,news junkie
CUST_04960,0.868266642,1,none,working professional,premium,high,793.86,family viewer
CUST_04961,0.656194241,1,content not interesting,retired individual,basic,high,166.27,casual viewer
CUST_04962,0.767972394,1,switched to competitor,college student,standard,high,441.25,sports enthusiast
CUST_04963,0.760566943,1,too expensive,retired individual,standard,high,406.31,binge watcher
CUST_04964,0.810345855,1,none,retired individual,standard,high,444.15,binge watcher
CUST_04965,0.851143556,1,none,working professional,standard,high,445.96,casual viewer
CUST_04966,0.819986022,1,technical issues,retired individual,basic,low,197.71,sports enthusiast
CUST_04967,0.721348246,1,switched to competitor,college student,standard,high,334.43,news junkie
CUST_04968,0.921347202,1,none,working professional,basic,medium,189.47,sports enthusiast
CUST_04969,0.798261374,1,switched to competitor,working professional,basic,high,206.15,casual viewer
CUST_04970,0.775779277,1,switched to competitor,working professional,basic,high,183.05,binge watcher
CUST_04971,0.648847777,1,none,college student,premium,medium,651.01,sports enthusiast
CUST_04972,0.796841072,1,technical issues,college student,standard,medium,456,casual viewer
CUST_04973,0.882187879,1,too expensive,working professional,premium,high,711.6,binge watcher
CUST_04974,0.868738843,1,none,retired individual,standard,high,400.56,casual viewer
CUST_04975,0.885092983,1,too expensive,college student,premium,medium,649.18,binge watcher
CUST_04976,0.644762719,1,none,retired individual,premium,medium,600.69,sports enthusiast
CUST_04977,0.754140653,1,too expensive,working professional,premium,high,747.67,sports enthusiast
CUST_04978,0.682753884,1,too expensive,retired individual,premium,high,687.58,casual viewer
CUST_04979,0.70205755,1,no time to watch,college student,standard,high,400.75,casual viewer
CUST_04980,0.819640996,1,too expensive,working professional,premium,high,633.5,family viewer
CUST_04981,0.842406861,1,technical issues,college student,basic,medium,189.36,news junkie
CUST_04982,0.732851774,1,none,retired individual,basic,medium,211.74,binge watcher
CUST_04983,0.890222133,1,too expensive,retired individual,basic,low,231.38,casual viewer
CUST_04984,0.671389814,1,too expensive,working professional,premium,medium,690.12,binge watcher
CUST_04985,0.858373237,1,too expensive,retired individual,premium,high,644,family viewer
CUST_04986,0.842987013,1,too expensive,college student,basic,high,226.24,news junkie
CUST_04987,0.885985274,1,too expensive,retired individual,standard,low,457.31,sports enthusiast
CUST_04988,0.877920964,1,too expensive,college student,standard,high,374.55,sports enthusiast
CUST_04989,0.748065305,1,none,school student,basic,high,192.67,sports enthusiast
CUST_04990,0.90768386,1,too expensive,working professional,premium,medium,757.47,sports enthusiast
CUST_04991,0.922708706,1,too expensive,college student,standard,high,428.56,news junkie
CUST_04992,0.913813668,1,too expensive,working professional,basic,low,219.73,sports enthusiast
CUST_04993,0.852350288,1,no time to watch,working professional,standard,low,376.26,casual viewer
CUST_04994,0.803071325,1,too expensive,retired individual,standard,high,475.74,casual viewer
CUST_04995,0.781207538,1,switched to competitor,college student,basic,high,194.14,casual viewer
CUST_04996,0.72776484,1,none,college student,basic,medium,248.81,news junkie
CUST_04997,0.751329007,1,no time to watch,retired individual,basic,high,164.17,casual viewer
CUST_04998,0.832840698,1,switched to competitor,working professional,basic,high,202.41,binge watcher
CUST_04999,0.948003571,1,too expensive,retired individual,basic,low,236.94,binge watcher
CUST_05000,0.820281492,1,technical issues,college student,standard,low,352.41,sports enthusiast
CUST_05001,0.877977722,1,too expensive,working professional,premium,medium,778.87,binge watcher
CUST_05002,0.677538265,1,none,working professional,premium,high,640.6,casual viewer
CUST_05003,0.841928967,1,none,working professional,premium,low,658.61,family viewer
CUST_05004,0.893457956,1,too expensive,working professional,premium,high,791.37,casual viewer
CUST_05005,0.650370642,1,too expensive,working professional,premium,medium,715.58,casual viewer
CUST_05006,0.757141684,1,none,college student,premium,low,606.55,binge watcher
CUST_05007,0.710802468,1,too expensive,college student,premium,high,751.74,casual viewer
CUST_05008,0.912472072,1,none,working professional,standard,medium,366.79,binge watcher
CUST_05009,0.561266791,1,none,school student,standard,high,316.04,binge watcher
CUST_05010,0.778284384,1,switched to competitor,retired individual,standard,high,470.16,news junkie
CUST_05011,0.72996606,1,content not interesting,college student,standard,high,379.47,family viewer
CUST_05012,0.816296913,1,none,school student,basic,medium,214.45,casual viewer
CUST_05013,0.711747515,1,none,retired individual,premium,low,687.55,news junkie
CUST_05014,0.863721698,1,too expensive,retired individual,standard,low,345.64,casual viewer
CUST_05015,0.856747996,1,too expensive,retired individual,basic,high,197.98,casual viewer
CUST_05016,0.813393674,1,content not interesting,college student,standard,high,391.79,sports enthusiast
CUST_05017,0.732126521,1,too expensive,school student,premium,high,776.2,news junkie
CUST_05018,0.609828392,1,none,college student,basic,high,211.39,binge watcher
CUST_05019,0.606761542,1,switched to competitor,college student,premium,high,582.88,casual viewer
CUST_05020,0.808045747,1,too expensive,working professional,basic,high,195.19,sports enthusiast
CUST_05021,0.800499726,1,switched to competitor,school student,standard,high,399.78,family viewer
CUST_05022,0.87306388,1,technical issues,college student,standard,low,441.96,sports enthusiast
CUST_05023,0.772840026,1,too expensive,college student,basic,high,187.46,family viewer
CUST_05024,0.836913872,1,too expensive,retired individual,premium,high,778.03,casual viewer
CUST_05025,0.824922536,1,none,college student,premium,high,720.69,binge watcher
CUST_05026,0.669293271,1,too expensive,college student,premium,high,642.62,binge watcher
CUST_05027,0.789422373,1,technical issues,retired individual,standard,low,395.34,news junkie
CUST_05028,0.855494092,1,too expensive,working professional,basic,medium,221.06,sports enthusiast
CUST_05029,0.850166501,1,too expensive,school student,standard,low,413.5,family viewer
CUST_05030,0.897685335,1,too expensive,working professional,standard,low,463.17,family viewer
CUST_05031,0.781010444,1,none,working professional,premium,high,785.14,casual viewer
CUST_05032,0.699741612,1,technical issues,school student,standard,medium,386.65,family viewer
CUST_05033,0.689623553,1,too expensive,retired individual,premium,low,671.64,family viewer
CUST_05034,0.766102148,1,technical issues,college student,standard,medium,436.96,family viewer
CUST_05035,0.830984102,1,none,working professional,basic,low,161.38,sports enthusiast
CUST_05036,0.747635025,1,too expensive,retired individual,premium,high,614.6,sports enthusiast
CUST_05037,0.802404929,1,too expensive,retired individual,premium,medium,631.49,casual viewer
CUST_05038,0.786156147,1,none,college student,basic,high,197.96,casual viewer
CUST_05039,0.842448582,1,too expensive,college student,premium,medium,613.77,family viewer
CUST_05040,0.807893353,1,too expensive,college student,basic,high,212.47,news junkie
CUST_05041,0.679384726,1,too expensive,college student,premium,high,626.39,news junkie
CUST_05042,0.772302373,1,technical issues,college student,basic,medium,238.68,family viewer
CUST_05043,0.755523252,1,no time to watch,working professional,standard,high,383.38,casual viewer
CUST_05044,0.880844362,1,too expensive,retired individual,premium,low,642.6,news junkie
CUST_05045,0.582523327,1,switched to competitor,school student,basic,high,191.51,sports enthusiast
CUST_05046,0.824053983,1,too expensive,retired individual,basic,high,214.69,sports enthusiast
CUST_05047,0.720429205,1,content not interesting,college student,standard,high,410.27,binge watcher
CUST_05048,0.896804278,1,too expensive,working professional,premium,medium,782.73,binge watcher
CUST_05049,0.611548872,1,switched to competitor,college student,basic,high,229.35,news junkie
CUST_05050,0.833506335,1,technical issues,college student,basic,medium,212.95,binge watcher
CUST_05051,0.882460522,1,too expensive,college student,premium,low,715.25,binge watcher
CUST_05052,0.84679501,1,too expensive,working professional,premium,medium,604.82,sports enthusiast
CUST_05053,0.785393582,1,too expensive,college student,premium,high,699.13,binge watcher
CUST_05054,0.6779609,1,none,college student,standard,medium,419.12,sports enthusiast
CUST_05055,0.813422837,1,too expensive,working professional,premium,low,635.22,family viewer
CUST_05056,0.837798241,1,none,school student,standard,high,414.03,family viewer
CUST_05057,0.903418328,1,too expensive,retired individual,premium,low,641.64,family viewer
CUST_05058,0.820069034,1,technical issues,college student,basic,medium,169.33,casual viewer
CUST_05059,0.556011648,1,none,school student,premium,high,763.34,news junkie
CUST_05060,0.750615859,1,none,college student,premium,high,691.44,casual viewer
CUST_05061,0.885028759,1,none,school student,standard,low,335.04,binge watcher
CUST_05062,0.760499985,1,too expensive,college student,premium,medium,750.81,sports enthusiast
CUST_05063,0.882325384,1,too expensive,college student,premium,medium,803.02,casual viewer
CUST_05064,0.76734929,1,content not interesting,college student,standard,high,385,casual viewer
CUST_05065,0.800964319,1,none,college student,premium,high,766.09,family viewer
CUST_05066,0.807602065,1,switched to competitor,college student,standard,high,419.58,news junkie
CUST_05067,0.90577378,1,too expensive,school student,standard,medium,340,news junkie
CUST_05068,0.873608524,1,too expensive,retired individual,premium,medium,756.82,sports enthusiast
CUST_05069,0.787149936,1,no time to watch,school student,standard,medium,418.16,family viewer
CUST_05070,0.71755849,1,none,working professional,basic,high,196.44,news junkie
CUST_05071,0.917622958,1,too expensive,college student,basic,low,215.62,sports enthusiast
CUST_05072,0.647427156,1,too expensive,college student,premium,high,614.64,sports enthusiast
CUST_05073,0.881006971,1,too expensive,retired individual,standard,low,449.03,news junkie
CUST_05074,0.842323689,1,no time to watch,college student,standard,low,442.24,family viewer
CUST_05075,0.874729827,1,technical issues,school student,basic,low,217.8,binge watcher
CUST_05076,0.784977513,1,technical issues,school student,standard,low,400.19,news junkie
CUST_05077,0.841464783,1,too expensive,college student,basic,high,170.79,news junkie
CUST_05078,0.729605704,1,switched to competitor,college student,standard,high,365.8,news junkie
CUST_05079,0.752272546,1,none,retired individual,basic,high,228.04,sports enthusiast
CUST_05080,0.882713152,1,too expensive,working professional,standard,low,353,binge watcher
CUST_05081,0.842387349,1,none,college student,standard,medium,341.3,binge watcher
CUST_05082,0.577549769,1,none,retired individual,standard,high,444.39,binge watcher
CUST_05083,0.808785072,1,too expensive,college student,premium,medium,693.37,sports enthusiast
CUST_05084,0.843999387,1,none,working professional,premium,medium,791.01,news junkie
CUST_05085,0.713990652,1,none,college student,premium,medium,613.02,family viewer
CUST_05086,0.696401926,1,content not interesting,college student,standard,high,408.75,family viewer
CUST_05087,0.820872433,1,too expensive,college student,basic,high,237.37,news junkie
CUST_05088,0.646828336,1,none,college student,standard,high,377.31,family viewer
CUST_05089,0.799004654,1,technical issues,working professional,basic,medium,211.25,family viewer
CUST_05090,0.842871537,1,too expensive,school student,premium,high,771.84,casual viewer
CUST_05091,0.720792625,1,content not interesting,college student,standard,high,360.99,family viewer
CUST_05092,0.718357241,1,too expensive,college student,premium,medium,725.27,sports enthusiast
CUST_05093,0.751995757,1,too expensive,college student,premium,high,625.48,binge watcher
CUST_05094,0.730620886,1,switched to competitor,college student,standard,high,438.97,news junkie
CUST_05095,0.732940976,1,switched to competitor,retired individual,basic,high,222.46,binge watcher
CUST_05096,0.680489468,1,too expensive,college student,premium,high,702.14,sports enthusiast
CUST_05097,0.81436348,1,switched to competitor,working professional,standard,high,407.58,family viewer
CUST_05098,0.793339456,1,too expensive,college student,basic,high,201.46,sports enthusiast
CUST_05099,0.905798544,1,too expensive,college student,premium,low,749.51,sports enthusiast
CUST_05100,0.887028208,1,none,college student,standard,medium,356.75,binge watcher
CUST_05101,0.663467236,1,switched to competitor,retired individual,standard,high,409.4,news junkie
CUST_05102,0.855091009,1,technical issues,college student,standard,medium,432.09,binge watcher
CUST_05103,0.735291401,1,too expensive,working professional,premium,low,781.95,news junkie
CUST_05104,0.733672466,1,none,college student,basic,high,215.01,sports enthusiast
CUST_05105,0.717022335,1,too expensive,retired individual,premium,high,631.92,family viewer
CUST_05106,0.771396801,1,too expensive,working professional,basic,high,226.82,sports enthusiast
CUST_05107,0.631325942,1,none,school student,standard,high,417.92,sports enthusiast
CUST_05108,0.800162667,1,technical issues,school student,standard,low,342.12,binge watcher
CUST_05109,0.634486205,1,too expensive,college student,premium,high,701.29,news junkie
CUST_05110,0.868209477,1,technical issues,working professional,standard,medium,399.23,news junkie
CUST_05111,0.884661019,1,no time to watch,working professional,basic,low,213.05,casual viewer
CUST_05112,0.783375132,1,technical issues,college student,standard,low,338.06,sports enthusiast
CUST_05113,0.835258432,1,technical issues,college student,standard,low,360.45,sports enthusiast
CUST_05114,0.824051753,1,switched to competitor,school student,standard,high,438.37,casual viewer
CUST_05115,0.801022811,1,no time to watch,college student,basic,high,169.4,family viewer
CUST_05116,0.660927135,1,too expensive,retired individual,premium,medium,685.35,family viewer
CUST_05117,0.784197577,1,none,college student,basic,high,152.14,binge watcher
CUST_05118,0.871270573,1,none,working professional,standard,high,405.13,family viewer
CUST_05119,0.719706706,1,content not interesting,working professional,basic,high,214.22,family viewer
CUST_05120,0.840105082,1,too expensive,retired individual,basic,low,234.81,family viewer
CUST_05121,0.838393387,1,too expensive,working professional,basic,high,181.84,sports enthusiast
CUST_05122,0.744724573,1,too expensive,college student,premium,high,778.77,binge watcher
CUST_05123,0.804647027,1,switched to competitor,school student,standard,high,385.93,casual viewer
CUST_05124,0.714755418,1,switched to competitor,school student,standard,high,353.2,family viewer
CUST_05125,0.687758909,1,no time to watch,college student,standard,high,406.22,casual viewer
CUST_05126,0.854032254,1,too expensive,retired individual,standard,medium,351.79,binge watcher
CUST_05127,0.889515446,1,too expensive,working professional,standard,high,374.99,sports enthusiast
CUST_05128,0.825876749,1,too expensive,retired individual,standard,medium,390.48,family viewer
CUST_05129,0.784776174,1,none,college student,standard,high,372.41,casual viewer
CUST_05130,0.746108341,1,no time to watch,retired individual,standard,high,373,sports enthusiast
CUST_05131,0.688504098,1,none,college student,standard,high,420.71,family viewer
CUST_05132,0.795500656,1,too expensive,college student,standard,high,342.66,news junkie
CUST_05133,0.79832364,1,too expensive,college student,premium,medium,715.71,casual viewer
CUST_05134,0.802403337,1,too expensive,retired individual,premium,high,706.33,binge watcher
CUST_05135,0.820930411,1,technical issues,college student,standard,medium,389.74,family viewer
CUST_05136,0.884690127,1,no time to watch,working professional,standard,high,396.37,casual viewer
CUST_05137,0.856844361,1,too expensive,retired individual,premium,low,787.1,family viewer
CUST_05138,0.764253781,1,no time to watch,school student,standard,medium,420.03,casual viewer
CUST_05139,0.728464468,1,switched to competitor,working professional,basic,high,187.42,binge watcher
CUST_05140,0.72291045,1,none,working professional,standard,high,345.65,binge watcher
CUST_05141,0.575098636,1,too expensive,school student,premium,high,707.34,family viewer
CUST_05142,0.777901819,1,no time to watch,working professional,basic,high,145.36,news junkie
CUST_05143,0.915577592,1,too expensive,school student,premium,medium,742.45,casual viewer
CUST_05144,0.651566266,1,none,school student,premium,high,741.55,news junkie
CUST_05145,0.785577036,1,too expensive,college student,standard,high,466.96,sports enthusiast
CUST_05146,0.786285688,1,none,college student,standard,medium,442.75,family viewer
CUST_05147,0.862874309,1,no time to watch,working professional,standard,low,436.35,family viewer
CUST_05148,0.805988016,1,none,college student,basic,high,231.01,news junkie
CUST_05149,0.818118766,1,none,retired individual,standard,high,387.32,casual viewer
CUST_05150,0.695594966,1,none,school student,basic,medium,133.33,family viewer
CUST_05151,0.797464225,1,too expensive,college student,standard,high,346.52,binge watcher
CUST_05152,0.636122052,1,technical issues,college student,standard,medium,410.12,news junkie
CUST_05153,0.780809758,1,technical issues,college student,basic,medium,252.01,sports enthusiast
CUST_05154,0.855090769,1,too expensive,college student,premium,high,658.41,family viewer
CUST_05155,0.8842066,1,too expensive,college student,basic,high,216.77,sports enthusiast
CUST_05156,0.879585641,1,too expensive,college student,basic,medium,189.76,sports enthusiast
CUST_05157,0.795764429,1,none,retired individual,premium,medium,632.83,sports enthusiast
CUST_05158,0.647876673,1,too expensive,college student,premium,high,686.11,news junkie
CUST_05159,0.754220733,1,switched to competitor,retired individual,standard,high,357.59,binge watcher
CUST_05160,0.659105037,1,switched to competitor,school student,standard,high,375.85,sports enthusiast
CUST_05161,0.587903621,1,no time to watch,school student,basic,medium,250,binge watcher
CUST_05162,0.880385294,1,too expensive,working professional,premium,medium,720.27,news junkie
CUST_05163,0.783529344,1,technical issues,college student,basic,medium,195.7,family viewer
CUST_05164,0.766123322,1,none,college student,premium,medium,779.56,binge watcher
CUST_05165,0.703204253,1,none,college student,premium,high,798.41,binge watcher
CUST_05166,0.717704384,1,too expensive,retired individual,premium,medium,677.92,family viewer
CUST_05167,0.742409594,1,none,college student,basic,high,213,casual viewer
CUST_05168,0.816640804,1,technical issues,retired individual,standard,medium,378.6,casual viewer
CUST_05169,0.699613238,1,none,college student,premium,medium,617.99,family viewer
CUST_05170,0.755606609,1,no time to watch,working professional,standard,high,378.08,news junkie
CUST_05171,0.720285555,1,no time to watch,school student,standard,high,363.7,casual viewer
CUST_05172,0.800774841,1,technical issues,college student,standard,medium,345.89,binge watcher
CUST_05173,0.921451585,1,too expensive,retired individual,premium,medium,619.57,binge watcher
CUST_05174,0.89772616,1,no time to watch,college student,basic,low,188.32,casual viewer
CUST_05175,0.858729358,1,too expensive,school student,premium,high,709.83,news junkie
CUST_05176,0.892078436,1,too expensive,college student,basic,medium,186.19,casual viewer
CUST_05177,0.919133473,1,too expensive,retired individual,premium,medium,774.66,binge watcher
CUST_05178,0.891332557,1,too expensive,college student,premium,high,644.92,news junkie
CUST_05179,0.870354587,1,no time to watch,retired individual,standard,medium,431.83,sports enthusiast
CUST_05180,0.838762062,1,technical issues,college student,basic,low,221.37,sports enthusiast
CUST_05181,0.794922266,1,too expensive,retired individual,premium,medium,638.74,news junkie
CUST_05182,0.855897777,1,technical issues,college student,basic,medium,168.66,news junkie
CUST_05183,0.734352396,1,none,college student,standard,high,416.69,news junkie
CUST_05184,0.901006218,1,too expensive,college student,standard,high,448.89,news junkie
CUST_05185,0.849941138,1,none,college student,basic,high,208.06,binge watcher
CUST_05186,0.837125892,1,switched to competitor,retired individual,standard,high,440.98,news junkie
CUST_05187,0.889722936,1,no time to watch,working professional,basic,low,202.84,casual viewer
CUST_05188,0.762188457,1,none,retired individual,standard,low,443.24,binge watcher
CUST_05189,0.861240695,1,technical issues,school student,standard,medium,420.12,family viewer
CUST_05190,0.56069881,1,switched to competitor,college student,standard,high,376.67,family viewer
CUST_05191,0.788496597,1,content not interesting,school student,standard,high,343.79,sports enthusiast
CUST_05192,0.878372011,1,too expensive,retired individual,premium,medium,685.2,sports enthusiast
CUST_05193,0.833807477,1,none,working professional,basic,low,176.19,family viewer
CUST_05194,0.904092878,1,too expensive,working professional,premium,high,633.29,news junkie
CUST_05195,0.780554036,1,too expensive,college student,standard,medium,419.9,news junkie
CUST_05196,0.584764125,1,too expensive,college student,premium,high,773.5,binge watcher
CUST_05197,0.672630867,1,none,working professional,basic,high,210.06,news junkie
CUST_05198,0.840918363,1,too expensive,retired individual,standard,medium,353.36,sports enthusiast
CUST_05199,0.702368583,1,switched to competitor,college student,standard,high,404.56,binge watcher
CUST_05200,0.755741474,1,too expensive,college student,standard,high,342.4,family viewer
CUST_05201,0.810680883,1,too expensive,college student,premium,high,677.51,casual viewer
CUST_05202,0.877285212,1,technical issues,school student,standard,medium,369.35,news junkie
CUST_05203,0.817075572,1,too expensive,retired individual,premium,high,626.33,sports enthusiast
CUST_05204,0.735847,1,technical issues,school student,basic,medium,222.44,news junkie
CUST_05205,0.847279344,1,no time to watch,college student,standard,low,416.21,sports enthusiast
CUST_05206,0.78957349,1,switched to competitor,retired individual,basic,high,231.43,news junkie
CUST_05207,0.914250981,1,too expensive,college student,standard,high,432.09,family viewer
CUST_05208,0.820323407,1,technical issues,retired individual,basic,low,235.31,casual viewer
CUST_05209,0.814130594,1,too expensive,retired individual,premium,high,667.92,binge watcher
CUST_05210,0.660601963,1,switched to competitor,college student,standard,high,387.01,family viewer
CUST_05211,0.858319375,1,no time to watch,working professional,basic,high,224.68,casual viewer
CUST_05212,0.894504266,1,too expensive,retired individual,premium,high,743.77,sports enthusiast
CUST_05213,0.523634797,1,none,school student,premium,high,713.44,binge watcher
CUST_05214,0.802626878,1,technical issues,working professional,basic,medium,209.45,binge watcher
CUST_05215,0.824381708,1,none,retired individual,premium,high,690.47,sports enthusiast
CUST_05216,0.838365097,1,too expensive,college student,basic,high,206.6,news junkie
CUST_05217,0.937107629,1,too expensive,college student,basic,low,195.41,casual viewer
CUST_05218,0.870230177,1,too expensive,retired individual,standard,medium,416.32,casual viewer
CUST_05219,0.878475039,1,none,school student,premium,medium,804.12,casual viewer
CUST_05220,0.91151462,1,too expensive,retired individual,standard,medium,361.5,binge watcher
CUST_05221,0.758795716,1,none,college student,basic,medium,207.81,family viewer
CUST_05222,0.840777284,1,too expensive,college student,premium,medium,714.69,family viewer
CUST_05223,0.891862597,1,no time to watch,working professional,basic,low,212.96,casual viewer
CUST_05224,0.87272502,1,too expensive,retired individual,standard,medium,384.52,family viewer
CUST_05225,0.755685898,1,none,school student,standard,high,375.49,family viewer
CUST_05226,0.798229426,1,too expensive,college student,premium,low,685.38,binge watcher
CUST_05227,0.803472494,1,too expensive,college student,premium,high,784.47,casual viewer
CUST_05228,0.800264786,1,too expensive,working professional,premium,medium,628.79,binge watcher
CUST_05229,0.84224777,1,none,retired individual,standard,high,446.2,sports enthusiast
CUST_05230,0.885455711,1,too expensive,college student,premium,low,677.97,family viewer
CUST_05231,0.840082174,1,technical issues,retired individual,basic,low,167.87,family viewer
CUST_05232,0.7683365,1,none,retired individual,standard,high,443.01,news junkie
CUST_05233,0.847929411,1,too expensive,college student,standard,high,394.03,sports enthusiast
CUST_05234,0.629665533,1,switched to competitor,school student,basic,high,251.64,family viewer
CUST_05235,0.852579034,1,no time to watch,college student,basic,medium,200.52,family viewer
CUST_05236,0.731546185,1,too expensive,retired individual,premium,high,613.17,sports enthusiast
CUST_05237,0.754684728,1,too expensive,retired individual,standard,high,406.13,binge watcher
CUST_05238,0.771127038,1,switched to competitor,college student,basic,high,219.59,binge watcher
CUST_05239,0.821442068,1,no time to watch,college student,basic,high,157.83,casual viewer
CUST_05240,0.832662549,1,none,retired individual,standard,low,357.53,sports enthusiast
CUST_05241,0.90826372,1,too expensive,college student,basic,low,166.93,family viewer
CUST_05242,0.77945015,1,too expensive,school student,premium,medium,693.53,casual viewer
CUST_05243,0.677977334,1,none,college student,premium,medium,695.48,family viewer
CUST_05244,0.754991011,1,none,college student,premium,medium,696.36,sports enthusiast
CUST_05245,0.782338713,1,switched to competitor,college student,basic,high,199.21,binge watcher
CUST_05246,0.810324894,1,none,retired individual,standard,medium,415.51,family viewer
CUST_05247,0.741281597,1,switched to competitor,college student,standard,high,388.11,sports enthusiast
CUST_05248,0.926740472,1,none,school student,standard,low,413.34,casual viewer
CUST_05249,0.882291078,1,too expensive,college student,basic,high,209.05,casual viewer
CUST_05250,0.877698596,1,too expensive,college student,premium,high,638.19,news junkie
CUST_05251,0.619996903,1,none,college student,standard,high,397.45,binge watcher
CUST_05252,0.792444903,1,none,school student,premium,high,669.43,casual viewer
CUST_05253,0.701534043,1,switched to competitor,college student,standard,high,412.71,binge watcher
CUST_05254,0.755935814,1,technical issues,college student,standard,medium,358.66,family viewer
CUST_05255,0.660073848,1,too expensive,college student,premium,high,642.71,casual viewer
CUST_05256,0.811093961,1,no time to watch,working professional,basic,medium,185.51,sports enthusiast
CUST_05257,0.792087113,1,too expensive,working professional,premium,medium,661.67,casual viewer
CUST_05258,0.906478707,1,too expensive,working professional,standard,high,345.61,news junkie
CUST_05259,0.875474793,1,too expensive,retired individual,premium,low,702.22,news junkie
CUST_05260,0.759205265,1,no time to watch,college student,standard,high,361.52,binge watcher
CUST_05261,0.872621709,1,too expensive,college student,standard,medium,381.41,sports enthusiast
CUST_05262,0.882966282,1,none,retired individual,premium,medium,762.43,casual viewer
CUST_05263,0.839828274,1,none,retired individual,standard,low,376.29,news junkie
CUST_05264,0.679283513,1,switched to competitor,working professional,premium,high,591.48,family viewer
CUST_05265,0.797425544,1,too expensive,retired individual,premium,high,630.48,family viewer
CUST_05266,0.857859597,1,technical issues,college student,basic,low,212.61,family viewer
CUST_05267,0.803724159,1,switched to competitor,retired individual,basic,high,223.18,news junkie
CUST_05268,0.711969092,1,switched to competitor,retired individual,basic,high,238.43,sports enthusiast
CUST_05269,0.786526272,1,none,retired individual,standard,high,488.87,family viewer
CUST_05270,0.692563336,1,too expensive,working professional,premium,high,664.25,news junkie
CUST_05271,0.836574838,1,too expensive,school student,premium,medium,702.47,news junkie
CUST_05272,0.828013305,1,too expensive,retired individual,premium,high,729.73,casual viewer
CUST_05273,0.67728952,1,none,school student,standard,medium,442.42,family viewer
CUST_05274,0.896050038,1,too expensive,working professional,standard,low,361.74,family viewer
CUST_05275,0.892600034,1,too expensive,school student,premium,medium,704.15,casual viewer
CUST_05276,0.850023889,1,too expensive,working professional,premium,medium,779.41,family viewer
CUST_05277,0.564369517,1,none,retired individual,basic,high,239.58,casual viewer
CUST_05278,0.829661065,1,too expensive,retired individual,standard,high,362.06,sports enthusiast
CUST_05279,0.912704004,1,no time to watch,working professional,standard,low,417.53,casual viewer
CUST_05280,0.746316477,1,switched to competitor,retired individual,standard,high,403.42,casual viewer
CUST_05281,0.722180257,1,technical issues,school student,standard,low,422.88,family viewer
CUST_05282,0.67392956,1,none,college student,basic,high,214.45,family viewer
CUST_05283,0.882889254,1,too expensive,school student,standard,medium,351.05,binge watcher
CUST_05284,0.924458488,1,too expensive,working professional,premium,medium,753.78,family viewer
CUST_05285,0.674536698,1,technical issues,working professional,standard,medium,413.49,news junkie
CUST_05286,0.725641464,1,too expensive,college student,premium,high,710.26,family viewer
CUST_05287,0.872156346,1,technical issues,school student,basic,medium,178.4,family viewer
CUST_05288,0.844948464,1,none,retired individual,basic,low,201.76,casual viewer
CUST_05289,0.805198228,1,content not interesting,retired individual,basic,high,205.72,casual viewer
CUST_05290,0.874418532,1,too expensive,college student,basic,high,184.17,binge watcher
CUST_05291,0.823726217,1,too expensive,college student,premium,low,631.37,family viewer
CUST_05292,0.821180483,1,too expensive,retired individual,premium,low,747.28,sports enthusiast
CUST_05293,0.822487737,1,content not interesting,working professional,basic,high,260.41,sports enthusiast
CUST_05294,0.815571964,1,none,college student,premium,medium,725.27,news junkie
CUST_05295,0.83712663,1,too expensive,retired individual,basic,high,212.47,binge watcher
CUST_05296,0.793147508,1,too expensive,working professional,premium,low,617.28,news junkie
CUST_05297,0.648897824,1,too expensive,school student,premium,medium,626.1,binge watcher
CUST_05298,0.694319742,1,too expensive,college student,basic,high,206.18,sports enthusiast
CUST_05299,0.719209435,1,too expensive,retired individual,basic,high,227.44,sports enthusiast
CUST_05300,0.816535666,1,too expensive,college student,standard,high,330.45,sports enthusiast
CUST_05301,0.706553474,1,technical issues,college student,standard,medium,378.34,casual viewer
CUST_05302,0.767507241,1,technical issues,college student,basic,medium,215.01,sports enthusiast
CUST_05303,0.882708126,1,too expensive,retired individual,premium,low,617.32,casual viewer
CUST_05304,0.844996545,1,too expensive,working professional,standard,high,352.74,family viewer
CUST_05305,0.872727282,1,too expensive,college student,premium,high,772.3,news junkie
CUST_05306,0.76025956,1,switched to competitor,college student,standard,high,479.18,sports enthusiast
CUST_05307,0.850766292,1,content not interesting,working professional,basic,high,200.76,news junkie
CUST_05308,0.820340268,1,too expensive,retired individual,premium,medium,615.19,news junkie
CUST_05309,0.910838009,1,too expensive,working professional,premium,low,622.56,casual viewer
CUST_05310,0.782518969,1,none,working professional,standard,high,311.49,casual viewer
CUST_05311,0.942117686,1,too expensive,working professional,basic,medium,192.04,sports enthusiast
CUST_05312,0.576772089,1,switched to competitor,college student,standard,high,406.91,binge watcher
CUST_05313,0.698705609,1,none,college student,standard,low,367.86,news junkie
CUST_05314,0.783478897,1,none,retired individual,standard,high,369.26,sports enthusiast
CUST_05315,0.870516263,1,content not interesting,college student,basic,high,233.21,casual viewer
CUST_05316,0.777357004,1,no time to watch,college student,basic,high,183.06,family viewer
CUST_05317,0.630913392,1,none,working professional,standard,high,374.98,casual viewer
CUST_05318,0.797082535,1,none,college student,premium,high,751.62,binge watcher
CUST_05319,0.595613421,1,content not interesting,retired individual,standard,high,402.07,binge watcher
CUST_05320,0.7976479,1,none,retired individual,basic,medium,229.88,sports enthusiast
CUST_05321,0.838184874,1,technical issues,college student,basic,medium,217.7,casual viewer
CUST_05322,0.741789408,1,none,retired individual,premium,high,706.78,sports enthusiast
CUST_05323,0.867684547,1,too expensive,retired individual,premium,low,646.76,casual viewer
CUST_05324,0.632328615,1,none,working professional,standard,high,436.79,casual viewer
CUST_05325,0.866925945,1,technical issues,working professional,standard,medium,348,binge watcher
CUST_05326,0.780087834,1,too expensive,retired individual,premium,medium,784.4,news junkie
CUST_05327,0.802332445,1,no time to watch,retired individual,basic,low,173.93,news junkie
CUST_05328,0.750372539,1,too expensive,working professional,premium,high,632.44,sports enthusiast
CUST_05329,0.784664686,1,no time to watch,retired individual,basic,low,229.84,sports enthusiast
CUST_05330,0.849593339,1,technical issues,working professional,standard,medium,445.68,news junkie
CUST_05331,0.783992923,1,switched to competitor,school student,standard,high,427.41,family viewer
CUST_05332,0.806265955,1,technical issues,working professional,basic,medium,161.51,casual viewer
CUST_05333,0.895010055,1,none,college student,premium,medium,629.17,family viewer
CUST_05334,0.647126301,1,switched to competitor,school student,standard,high,403.15,binge watcher
CUST_05335,0.939295821,1,too expensive,retired individual,standard,medium,366.55,binge watcher
CUST_05336,0.808469327,1,technical issues,retired individual,basic,medium,215.29,binge watcher
CUST_05337,0.816611394,1,too expensive,college student,basic,high,175.06,casual viewer
CUST_05338,0.823735,1,technical issues,working professional,standard,medium,422.17,binge watcher
CUST_05339,0.888995903,1,too expensive,working professional,standard,medium,414.81,family viewer
CUST_05340,0.800924118,1,too expensive,college student,premium,low,660.49,binge watcher
CUST_05341,0.91644851,1,too expensive,working professional,standard,high,423.79,family viewer
CUST_05342,0.875674075,1,none,working professional,premium,low,641.94,casual viewer
CUST_05343,0.889521341,1,too expensive,college student,premium,low,620.95,family viewer
CUST_05344,0.677443358,1,no time to watch,college student,basic,high,156.15,family viewer
CUST_05345,0.797119941,1,technical issues,college student,basic,medium,183.06,binge watcher
CUST_05346,0.891911465,1,too expensive,working professional,premium,high,778.24,family viewer
CUST_05347,0.729439606,1,switched to competitor,college student,basic,high,161.05,family viewer
CUST_05348,0.916922864,1,too expensive,college student,standard,low,407.45,sports enthusiast
CUST_05349,0.827338708,1,too expensive,college student,premium,high,748.74,news junkie
CUST_05350,0.754102039,1,technical issues,college student,standard,low,358.97,news junkie
CUST_05351,0.828957247,1,too expensive,retired individual,premium,high,630.14,news junkie
CUST_05352,0.803253099,1,technical issues,college student,basic,medium,224.04,casual viewer
CUST_05353,0.802704677,1,too expensive,working professional,premium,high,616.78,binge watcher
CUST_05354,0.790009281,1,none,college student,standard,medium,369.31,news junkie
CUST_05355,0.876942768,1,too expensive,college student,standard,high,383.85,family viewer
CUST_05356,0.859846615,1,too expensive,college student,standard,high,446.75,news junkie
CUST_05357,0.518965961,1,switched to competitor,college student,premium,high,578.57,family viewer
CUST_05358,0.920749633,1,none,college student,premium,low,662.02,binge watcher
CUST_05359,0.753025564,1,no time to watch,retired individual,basic,medium,196.91,sports enthusiast
CUST_05360,0.752521133,1,too expensive,retired individual,premium,medium,775.94,casual viewer
CUST_05361,0.886950792,1,no time to watch,retired individual,basic,low,188.72,family viewer
CUST_05362,0.89739915,1,too expensive,working professional,basic,high,188.1,family viewer
CUST_05363,0.836080879,1,too expensive,school student,standard,medium,375.79,binge watcher
CUST_05364,0.735772674,1,too expensive,college student,standard,high,410.65,news junkie
CUST_05365,0.606799307,1,no time to watch,retired individual,basic,high,217.94,sports enthusiast
CUST_05366,0.821270847,1,technical issues,college student,basic,low,209.57,news junkie
CUST_05367,0.697952814,1,none,working professional,premium,high,635.1,news junkie
CUST_05368,0.792901935,1,no time to watch,working professional,standard,low,377.33,news junkie
CUST_05369,0.859922005,1,technical issues,working professional,premium,medium,594.94,sports enthusiast
CUST_05370,0.886680043,1,too expensive,working professional,standard,medium,419.12,family viewer
CUST_05371,0.877578682,1,too expensive,college student,premium,high,688.82,casual viewer
CUST_05372,0.727445016,1,too expensive,college student,premium,high,781.47,sports enthusiast
CUST_05373,0.78142472,1,switched to competitor,retired individual,basic,high,152.55,family viewer
CUST_05374,0.75451807,1,switched to competitor,retired individual,basic,high,239.65,family viewer
CUST_05375,0.620451065,1,none,college student,standard,high,397.43,casual viewer
CUST_05376,0.881495532,1,too expensive,retired individual,basic,high,217.58,family viewer
CUST_05377,0.701177943,1,content not interesting,college student,standard,high,405.29,family viewer
CUST_05378,0.833262214,1,no time to watch,college student,standard,high,446.93,sports enthusiast
CUST_05379,0.859036975,1,too expensive,college student,premium,low,651.78,family viewer
CUST_05380,0.635742438,1,none,retired individual,standard,high,354.62,casual viewer
CUST_05381,0.768695554,1,too expensive,working professional,basic,medium,191.9,binge watcher
CUST_05382,0.754959212,1,no time to watch,college student,standard,medium,367.42,sports enthusiast
CUST_05383,0.737771055,1,technical issues,college student,basic,medium,192.1,binge watcher
CUST_05384,0.880371514,1,too expensive,college student,basic,high,188.25,casual viewer
CUST_05385,0.85409348,1,too expensive,retired individual,standard,low,391.34,family viewer
CUST_05386,0.711762266,1,too expensive,retired individual,premium,high,702,news junkie
CUST_05387,0.820427176,1,too expensive,working professional,basic,high,161.76,casual viewer
CUST_05388,0.843796948,1,too expensive,college student,standard,high,456.88,news junkie
CUST_05389,0.789448924,1,switched to competitor,college student,basic,high,181.88,sports enthusiast
CUST_05390,0.925872126,1,too expensive,working professional,basic,medium,162.9,binge watcher
CUST_05391,0.832709407,1,no time to watch,college student,standard,medium,363.41,binge watcher
CUST_05392,0.861778012,1,no time to watch,working professional,basic,high,237.15,family viewer
CUST_05393,0.849888918,1,too expensive,working professional,standard,medium,406.99,family viewer
CUST_05394,0.88692908,1,technical issues,college student,standard,low,414.64,family viewer
CUST_05395,0.796792146,1,no time to watch,college student,standard,low,386.58,news junkie
CUST_05396,0.821776874,1,too expensive,college student,premium,medium,725.37,news junkie
CUST_05397,0.650011749,1,switched to competitor,retired individual,standard,high,416.82,family viewer
CUST_05398,0.932844327,1,too expensive,college student,premium,low,742.69,casual viewer
CUST_05399,0.796035226,1,too expensive,college student,premium,high,624.14,news junkie
CUST_05400,0.892539186,1,too expensive,college student,standard,high,351.91,casual viewer
CUST_05401,0.873020446,1,none,retired individual,premium,low,611.89,sports enthusiast
CUST_05402,0.828712994,1,technical issues,college student,standard,medium,362.15,family viewer
CUST_05403,0.879201096,1,too expensive,college student,standard,low,328.62,casual viewer
CUST_05404,0.837245482,1,too expensive,working professional,standard,high,409.69,news junkie
CUST_05405,0.807818236,1,too expensive,college student,premium,medium,612.64,casual viewer
CUST_05406,0.728821071,1,content not interesting,retired individual,basic,high,211.75,casual viewer
CUST_05407,0.869442964,1,too expensive,college student,basic,high,193.26,binge watcher
CUST_05408,0.863565387,1,too expensive,working professional,basic,high,184.53,news junkie
CUST_05409,0.801577076,1,too expensive,working professional,premium,high,693.22,sports enthusiast
CUST_05410,0.659763744,1,switched to competitor,retired individual,basic,high,204.23,family viewer
CUST_05411,0.749513195,1,no time to watch,working professional,standard,high,369.87,family viewer
CUST_05412,0.872721099,1,too expensive,working professional,premium,medium,624.14,casual viewer
CUST_05413,0.585708224,1,too expensive,working professional,premium,high,816.76,news junkie
CUST_05414,0.758135022,1,too expensive,retired individual,premium,medium,712.36,news junkie
CUST_05415,0.822746639,1,no time to watch,working professional,basic,medium,165.9,sports enthusiast
CUST_05416,0.828288179,1,too expensive,retired individual,standard,low,363.97,binge watcher
CUST_05417,0.884720157,1,technical issues,college student,premium,medium,595.42,sports enthusiast
CUST_05418,0.901303801,1,too expensive,working professional,basic,low,248.4,news junkie
CUST_05419,0.698920759,1,none,working professional,premium,high,696.9,binge watcher
CUST_05420,0.715537188,1,none,school student,standard,medium,421.92,family viewer
CUST_05421,0.765034577,1,content not interesting,college student,basic,high,180.46,news junkie
CUST_05422,0.821744077,1,no time to watch,retired individual,standard,low,391.81,family viewer
CUST_05423,0.686220607,1,none,college student,premium,high,627.15,news junkie
CUST_05424,0.853557581,1,none,college student,basic,high,139.19,family viewer
CUST_05425,0.827240168,1,too expensive,working professional,premium,medium,759.46,news junkie
CUST_05426,0.619493637,1,switched to competitor,college student,standard,high,375.49,binge watcher
CUST_05427,0.864294217,1,none,working professional,standard,medium,398.6,family viewer
CUST_05428,0.560262679,1,no time to watch,college student,standard,high,419.5,binge watcher
CUST_05429,0.670505717,1,too expensive,working professional,premium,high,753.37,family viewer
CUST_05430,0.595573601,1,no time to watch,college student,standard,high,377.64,casual viewer
CUST_05431,0.810291848,1,none,college student,standard,high,414.24,sports enthusiast
CUST_05432,0.880487359,1,too expensive,working professional,premium,high,625.07,binge watcher
CUST_05433,0.785207602,1,technical issues,retired individual,basic,low,199.08,sports enthusiast
CUST_05434,0.823186426,1,too expensive,college student,standard,high,385.23,casual viewer
CUST_05435,0.698327517,1,none,retired individual,basic,medium,176.38,news junkie
CUST_05436,0.8819404,1,too expensive,college student,standard,high,382.62,binge watcher
CUST_05437,0.816335693,1,content not interesting,working professional,standard,high,369.74,binge watcher
CUST_05438,0.797992985,1,too expensive,college student,premium,medium,625.19,news junkie
CUST_05439,0.763488756,1,no time to watch,college student,premium,medium,599.91,casual viewer
CUST_05440,0.78642564,1,switched to competitor,retired individual,standard,high,371.41,news junkie
CUST_05441,0.808883651,1,switched to competitor,school student,standard,high,435.82,binge watcher
CUST_05442,0.830008949,1,technical issues,working professional,basic,low,193.74,family viewer
CUST_05443,0.804095728,1,none,working professional,basic,medium,231.28,family viewer
CUST_05444,0.864398304,1,too expensive,retired individual,premium,high,705.39,casual viewer
CUST_05445,0.634358013,1,too expensive,college student,premium,medium,602.33,news junkie
CUST_05446,0.938689556,1,too expensive,working professional,premium,low,755.23,casual viewer
CUST_05447,0.745570631,1,no time to watch,college student,standard,high,347.25,news junkie
CUST_05448,0.865531155,1,too expensive,college student,basic,high,205.37,casual viewer
CUST_05449,0.810959052,1,technical issues,college student,standard,low,429.74,casual viewer
CUST_05450,0.68302172,1,none,college student,premium,medium,610.69,news junkie
CUST_05451,0.901295541,1,too expensive,working professional,basic,medium,215.18,binge watcher
CUST_05452,0.811922184,1,content not interesting,college student,standard,high,436.8,binge watcher
CUST_05453,0.705125696,1,none,college student,basic,high,198.32,sports enthusiast
CUST_05454,0.589854445,1,none,retired individual,basic,high,239.55,sports enthusiast
CUST_05455,0.942076955,1,too expensive,college student,standard,low,413.36,family viewer
CUST_05456,0.727540701,1,too expensive,working professional,premium,medium,695.19,family viewer
CUST_05457,0.869008718,1,technical issues,school student,standard,low,427.3,sports enthusiast
CUST_05458,0.678082837,1,content not interesting,college student,standard,high,374.52,casual viewer
CUST_05459,0.777667197,1,too expensive,college student,standard,high,359.63,binge watcher
CUST_05460,0.681030115,1,switched to competitor,college student,standard,high,393.42,sports enthusiast
CUST_05461,0.887983578,1,no time to watch,retired individual,basic,low,208.74,family viewer
CUST_05462,0.789987648,1,too expensive,working professional,standard,high,412.8,binge watcher
CUST_05463,0.935145301,1,too expensive,retired individual,basic,low,203.71,casual viewer
CUST_05464,0.809512665,1,technical issues,college student,basic,medium,177.16,family viewer
CUST_05465,0.662027081,1,technical issues,retired individual,standard,medium,394.54,family viewer
CUST_05466,0.752669189,1,too expensive,school student,premium,low,766.38,binge watcher
CUST_05467,0.821545562,1,too expensive,college student,standard,high,473.52,binge watcher
CUST_05468,0.868521676,1,too expensive,college student,basic,medium,199.75,casual viewer
CUST_05469,0.92796674,1,no time to watch,working professional,basic,low,209.66,casual viewer
CUST_05470,0.749780108,1,technical issues,retired individual,standard,low,404.88,casual viewer
CUST_05471,0.905765973,1,too expensive,college student,standard,low,436.06,family viewer
CUST_05472,0.821883486,1,too expensive,working professional,premium,high,792.31,sports enthusiast
CUST_05473,0.612115937,1,switched to competitor,college student,standard,high,402.49,family viewer
CUST_05474,0.844006967,1,too expensive,working professional,premium,medium,755,binge watcher
CUST_05475,0.876482298,1,none,working professional,premium,high,636.22,sports enthusiast
CUST_05476,0.773560494,1,too expensive,college student,basic,high,178.21,binge watcher
CUST_05477,0.831644897,1,technical issues,school student,basic,medium,190.63,news junkie
CUST_05478,0.803181718,1,technical issues,working professional,standard,medium,406.89,binge watcher
CUST_05479,0.566645031,1,switched to competitor,working professional,standard,high,382.92,news junkie
CUST_05480,0.841268121,1,none,college student,premium,low,678.17,news junkie
CUST_05481,0.834488395,1,switched to competitor,retired individual,basic,high,201.48,binge watcher
CUST_05482,0.641332167,1,switched to competitor,school student,standard,high,474.64,binge watcher
CUST_05483,0.670798841,1,too expensive,college student,premium,low,776.04,family viewer
CUST_05484,0.851109737,1,too expensive,retired individual,basic,medium,217.59,news junkie
CUST_05485,0.852002416,1,too expensive,school student,premium,low,624.62,binge watcher
CUST_05486,0.821353935,1,too expensive,school student,standard,medium,440.64,binge watcher
CUST_05487,0.814249749,1,none,working professional,basic,medium,236.91,sports enthusiast
CUST_05488,0.8522869,1,switched to competitor,retired individual,standard,high,418.73,family viewer
CUST_05489,0.873850393,1,too expensive,working professional,standard,high,379.4,family viewer
CUST_05490,0.725590253,1,too expensive,retired individual,premium,high,714.48,news junkie
CUST_05491,0.84675734,1,too expensive,college student,standard,high,367.15,news junkie
CUST_05492,0.809228603,1,too expensive,retired individual,premium,high,743.3,news junkie
CUST_05493,0.720291562,1,content not interesting,retired individual,standard,high,385.46,news junkie
CUST_05494,0.557625017,1,none,college student,basic,high,205.67,sports enthusiast
CUST_05495,0.73194593,1,none,working professional,basic,high,187.33,sports enthusiast
CUST_05496,0.865726567,1,no time to watch,working professional,basic,medium,243.49,news junkie
CUST_05497,0.772621063,1,technical issues,college student,standard,medium,358.02,sports enthusiast
CUST_05498,0.92358004,1,no time to watch,working professional,standard,low,378.46,family viewer
CUST_05499,0.64890357,1,none,college student,basic,medium,183.23,news junkie
CUST_05500,0.829539356,1,too expensive,college student,standard,high,377.45,news junkie
CUST_05501,0.768397518,1,switched to competitor,school student,standard,high,345.38,family viewer
CUST_05502,0.684879436,1,too expensive,college student,standard,high,361.27,news junkie
CUST_05503,0.900149794,1,too expensive,retired individual,basic,medium,166.74,casual viewer
CUST_05504,0.559080143,1,too expensive,retired individual,premium,high,711.16,binge watcher
CUST_05505,0.859372644,1,no time to watch,retired individual,standard,low,361.29,sports enthusiast
CUST_05506,0.815487332,1,none,working professional,premium,high,703.61,binge watcher
CUST_05507,0.771516764,1,too expensive,college student,standard,medium,340.93,family viewer
CUST_05508,0.764976654,1,none,working professional,standard,high,411.45,binge watcher
CUST_05509,0.859822212,1,none,retired individual,premium,high,701.28,sports enthusiast
CUST_05510,0.778634446,1,no time to watch,working professional,standard,high,467.27,news junkie
CUST_05511,0.826345037,1,too expensive,working professional,basic,high,215.61,family viewer
CUST_05512,0.847533961,1,technical issues,college student,basic,low,211.77,casual viewer
CUST_05513,0.873910969,1,too expensive,working professional,premium,medium,718.29,casual viewer
CUST_05514,0.766857211,1,none,college student,standard,low,371.07,casual viewer
CUST_05515,0.886309949,1,technical issues,working professional,standard,medium,370.82,casual viewer
CUST_05516,0.812991857,1,too expensive,working professional,premium,medium,707.36,binge watcher
CUST_05517,0.802936933,1,too expensive,college student,basic,high,200.97,family viewer
CUST_05518,0.938310116,1,too expensive,working professional,basic,medium,149.25,casual viewer
CUST_05519,0.814198159,1,content not interesting,college student,basic,high,162.88,family viewer
CUST_05520,0.804272707,1,too expensive,retired individual,standard,high,439.91,casual viewer
CUST_05521,0.813610716,1,too expensive,working professional,premium,high,642.06,casual viewer
CUST_05522,0.709267634,1,none,college student,basic,medium,205.09,family viewer
CUST_05523,0.855458595,1,no time to watch,working professional,standard,low,440.16,sports enthusiast
CUST_05524,0.869208749,1,too expensive,college student,basic,high,207.72,news junkie
CUST_05525,0.579432912,1,no time to watch,working professional,basic,high,180.23,family viewer
CUST_05526,0.832136126,1,too expensive,school student,standard,high,387.32,sports enthusiast
CUST_05527,0.796249618,1,too expensive,school student,standard,high,394.22,news junkie
CUST_05528,0.693290353,1,no time to watch,college student,basic,high,181.08,sports enthusiast
CUST_05529,0.810202535,1,content not interesting,retired individual,basic,high,242.46,binge watcher
CUST_05530,0.90149393,1,no time to watch,working professional,basic,low,169.26,family viewer
CUST_05531,0.8050739,1,no time to watch,working professional,basic,medium,212.34,casual viewer
CUST_05532,0.747564237,1,no time to watch,college student,standard,high,339.81,casual viewer
CUST_05533,0.77864426,1,too expensive,college student,standard,high,439.76,sports enthusiast
CUST_05534,0.865898165,1,too expensive,college student,premium,high,799.01,family viewer
CUST_05535,0.779793406,1,too expensive,college student,standard,high,428.18,family viewer
CUST_05536,0.918912805,1,too expensive,working professional,premium,low,622.68,family viewer
CUST_05537,0.795543361,1,too expensive,college student,basic,high,199.42,binge watcher
CUST_05538,0.82426159,1,too expensive,school student,standard,high,365.18,news junkie
CUST_05539,0.84324857,1,switched to competitor,retired individual,basic,high,259.64,casual viewer
CUST_05540,0.865455911,1,switched to competitor,working professional,basic,high,202.69,news junkie
CUST_05541,0.914232079,1,too expensive,college student,standard,low,344.4,family viewer
CUST_05542,0.9118675,1,too expensive,retired individual,premium,low,763.52,binge watcher
CUST_05543,0.772095469,1,technical issues,college student,basic,low,189.19,casual viewer
CUST_05544,0.800072045,1,none,working professional,basic,high,202.78,sports enthusiast
CUST_05545,0.892768555,1,no time to watch,working professional,basic,high,204.64,sports enthusiast
CUST_05546,0.786766631,1,too expensive,retired individual,premium,medium,678.84,family viewer
CUST_05547,0.797343037,1,too expensive,working professional,premium,low,637.22,casual viewer
CUST_05548,0.768025337,1,technical issues,school student,standard,low,407.71,binge watcher
CUST_05549,0.817648171,1,too expensive,college student,basic,high,236.72,binge watcher
CUST_05550,0.729837882,1,switched to competitor,school student,basic,high,182.22,family viewer
CUST_05551,0.834533115,1,none,college student,standard,high,378.17,sports enthusiast
CUST_05552,0.767502429,1,too expensive,college student,premium,high,635.71,binge watcher
CUST_05553,0.716242641,1,none,school student,premium,high,787.39,news junkie
CUST_05554,0.60581138,1,none,retired individual,standard,high,456.24,family viewer
CUST_05555,0.854354014,1,none,working professional,basic,high,207.29,family viewer
CUST_05556,0.888243121,1,too expensive,school student,basic,medium,204.47,casual viewer
CUST_05557,0.781920068,1,too expensive,retired individual,premium,high,767.84,sports enthusiast
CUST_05558,0.788710191,1,no time to watch,working professional,standard,medium,390.21,news junkie
CUST_05559,0.694216875,1,no time to watch,college student,standard,high,420.87,sports enthusiast
CUST_05560,0.902865463,1,too expensive,working professional,standard,low,351.7,family viewer
CUST_05561,0.578202831,1,none,working professional,premium,medium,757.15,news junkie
CUST_05562,0.756539277,1,too expensive,college student,standard,medium,412.48,news junkie
CUST_05563,0.866900524,1,no time to watch,working professional,standard,high,345.5,sports enthusiast
CUST_05564,0.619053841,1,none,working professional,standard,high,432.57,family viewer
CUST_05565,0.851376343,1,too expensive,retired individual,basic,high,177.12,binge watcher
CUST_05566,0.828510852,1,no time to watch,college student,standard,medium,446.04,sports enthusiast
CUST_05567,0.779013476,1,switched to competitor,college student,basic,high,192.53,sports enthusiast
CUST_05568,0.708423871,1,switched to competitor,retired individual,standard,high,393.19,news junkie
CUST_05569,0.833290619,1,too expensive,college student,premium,high,811.49,family viewer
CUST_05570,0.881873368,1,too expensive,retired individual,standard,high,358.51,binge watcher
CUST_05571,0.787345489,1,too expensive,retired individual,premium,medium,789.19,family viewer
CUST_05572,0.889736445,1,technical issues,college student,standard,low,425.69,family viewer
CUST_05573,0.780820244,1,none,working professional,basic,high,219.96,family viewer
CUST_05574,0.872137352,1,none,college student,standard,medium,399.21,news junkie
CUST_05575,0.895435638,1,technical issues,retired individual,standard,low,380.41,family viewer
CUST_05576,0.856441517,1,none,college student,standard,medium,387.02,news junkie
CUST_05577,0.689228863,1,none,college student,standard,medium,398.51,family viewer
CUST_05578,0.794785974,1,no time to watch,retired individual,standard,medium,396.19,casual viewer
CUST_05579,0.86632832,1,too expensive,working professional,premium,medium,746.47,sports enthusiast
CUST_05580,0.734524448,1,switched to competitor,college student,standard,high,406.07,casual viewer
CUST_05581,0.814162821,1,too expensive,school student,standard,medium,377.16,family viewer
CUST_05582,0.704532832,1,switched to competitor,school student,standard,high,434.65,binge watcher
CUST_05583,0.601049299,1,switched to competitor,school student,standard,high,430.54,family viewer
CUST_05584,0.78289287,1,technical issues,retired individual,basic,medium,251.54,news junkie
CUST_05585,0.683862485,1,switched to competitor,college student,standard,high,347.32,sports enthusiast
CUST_05586,0.61620659,1,technical issues,college student,basic,medium,216.8,news junkie
CUST_05587,0.860788049,1,none,college student,basic,medium,260.12,casual viewer
CUST_05588,0.785317314,1,none,college student,standard,low,355.32,casual viewer
CUST_05589,0.740205507,1,too expensive,college student,standard,high,433.66,casual viewer
CUST_05590,0.940412358,1,too expensive,working professional,basic,medium,239.1,family viewer
CUST_05591,0.856044109,1,too expensive,working professional,standard,high,367.04,binge watcher
CUST_05592,0.889806612,1,too expensive,school student,standard,medium,353.74,casual viewer
CUST_05593,0.803241698,1,none,school student,standard,high,358.4,binge watcher
CUST_05594,0.798461204,1,none,college student,basic,medium,222.69,binge watcher
CUST_05595,0.826574295,1,too expensive,school student,basic,high,216.63,news junkie
CUST_05596,0.810972039,1,technical issues,working professional,standard,low,440.9,news junkie
CUST_05597,0.7128024,1,too expensive,college student,standard,high,447.85,sports enthusiast
CUST_05598,0.865501163,1,too expensive,working professional,premium,medium,747.66,sports enthusiast
CUST_05599,0.759055243,1,none,retired individual,standard,low,393.99,binge watcher
CUST_05600,0.692491262,1,switched to competitor,working professional,standard,high,448.43,binge watcher
CUST_05601,0.876005701,1,none,retired individual,basic,low,235.93,binge watcher
CUST_05602,0.691210764,1,content not interesting,working professional,standard,high,385.06,news junkie
CUST_05603,0.623059346,1,too expensive,retired individual,premium,medium,604.48,family viewer
CUST_05604,0.919880787,1,too expensive,college student,standard,high,369.47,news junkie
CUST_05605,0.849502116,1,too expensive,working professional,standard,high,415.61,casual viewer
CUST_05606,0.788622408,1,too expensive,college student,premium,high,718.08,news junkie
CUST_05607,0.861456755,1,too expensive,college student,standard,high,418.82,family viewer
CUST_05608,0.841812367,1,none,retired individual,basic,high,136.62,casual viewer
CUST_05609,0.786196363,1,switched to competitor,retired individual,standard,high,447.38,news junkie
CUST_05610,0.851896543,1,too expensive,retired individual,premium,low,641.9,family viewer
CUST_05611,0.944497208,1,too expensive,working professional,standard,low,354.83,binge watcher
CUST_05612,0.817673426,1,technical issues,college student,standard,medium,402.7,family viewer
CUST_05613,0.723916189,1,content not interesting,college student,standard,high,377.51,family viewer
CUST_05614,0.936422105,1,too expensive,school student,basic,low,212.42,binge watcher
CUST_05615,0.6568884,1,none,college student,standard,medium,433.58,news junkie
CUST_05616,0.694380175,1,too expensive,retired individual,standard,high,401.7,family viewer
CUST_05617,0.770063718,1,technical issues,college student,standard,medium,407.96,sports enthusiast
CUST_05618,0.599860146,1,content not interesting,school student,basic,high,202.8,news junkie
CUST_05619,0.757657431,1,none,school student,standard,medium,437.68,family viewer
CUST_05620,0.714869005,1,technical issues,college student,basic,medium,190.44,casual viewer
CUST_05621,0.849016158,1,too expensive,retired individual,standard,high,347.43,binge watcher
CUST_05622,0.846054366,1,too expensive,retired individual,premium,low,719.78,sports enthusiast
CUST_05623,0.919415172,1,too expensive,working professional,standard,low,351.19,binge watcher
CUST_05624,0.797900985,1,switched to competitor,college student,standard,high,416.3,news junkie
CUST_05625,0.749151122,1,too expensive,school student,premium,high,713.93,news junkie
CUST_05626,0.71447771,1,none,school student,standard,high,395.38,binge watcher
CUST_05627,0.815274677,1,technical issues,college student,standard,low,408.76,family viewer
CUST_05628,0.638871247,1,too expensive,working professional,premium,medium,666.73,news junkie
CUST_05629,0.814994705,1,too expensive,working professional,premium,medium,781.4,binge watcher
CUST_05630,0.858948493,1,too expensive,retired individual,basic,high,196.56,family viewer
CUST_05631,0.821814986,1,no time to watch,retired individual,basic,medium,228.94,news junkie
CUST_05632,0.782402638,1,content not interesting,working professional,standard,high,418.23,casual viewer
CUST_05633,0.60847552,1,switched to competitor,school student,standard,high,367.68,family viewer
CUST_05634,0.731812142,1,technical issues,college student,basic,medium,203.54,sports enthusiast
CUST_05635,0.874184718,1,none,college student,basic,high,201.37,casual viewer
CUST_05636,0.897424398,1,too expensive,college student,premium,high,771.92,casual viewer
CUST_05637,0.842569946,1,none,college student,standard,high,449.98,family viewer
CUST_05638,0.847581639,1,technical issues,school student,basic,medium,238.74,sports enthusiast
CUST_05639,0.715716149,1,too expensive,college student,premium,high,761.98,sports enthusiast
CUST_05640,0.701310333,1,no time to watch,college student,standard,high,337.3,casual viewer
CUST_05641,0.753978538,1,too expensive,college student,premium,high,633.47,sports enthusiast
CUST_05642,0.712874433,1,none,retired individual,standard,medium,395.76,casual viewer
CUST_05643,0.885786649,1,no time to watch,college student,standard,high,359.28,casual viewer
CUST_05644,0.889397474,1,too expensive,retired individual,basic,high,189.67,family viewer
CUST_05645,0.847861706,1,switched to competitor,school student,standard,high,448.77,family viewer
CUST_05646,0.81925435,1,none,college student,basic,high,233.07,family viewer
CUST_05647,0.652715565,1,content not interesting,school student,basic,high,213.91,news junkie
CUST_05648,0.865459102,1,too expensive,college student,basic,medium,198.9,sports enthusiast
CUST_05649,0.850335142,1,too expensive,school student,premium,medium,699.07,family viewer
CUST_05650,0.766432112,1,technical issues,college student,standard,medium,432.51,family viewer
CUST_05651,0.817680668,1,too expensive,retired individual,premium,medium,750.37,news junkie
CUST_05652,0.735334625,1,content not interesting,college student,standard,high,376.14,casual viewer
CUST_05653,0.871438913,1,no time to watch,working professional,standard,low,436.19,binge watcher
CUST_05654,0.899351354,1,too expensive,retired individual,basic,low,222.32,sports enthusiast
CUST_05655,0.717156271,1,switched to competitor,retired individual,standard,high,359.47,family viewer
CUST_05656,0.84908199,1,too expensive,college student,premium,high,692.2,news junkie
CUST_05657,0.845099993,1,too expensive,retired individual,basic,medium,147.77,sports enthusiast
CUST_05658,0.763579748,1,no time to watch,retired individual,standard,medium,445.43,sports enthusiast
CUST_05659,0.883877519,1,content not interesting,working professional,standard,high,355.34,casual viewer
CUST_05660,0.788945988,1,too expensive,school student,premium,high,624.34,news junkie
CUST_05661,0.905556546,1,too expensive,retired individual,basic,high,189.91,sports enthusiast
CUST_05662,0.793929753,1,none,retired individual,basic,low,190.7,family viewer
CUST_05663,0.847731886,1,no time to watch,college student,standard,low,441.65,news junkie
CUST_05664,0.757817401,1,too expensive,working professional,premium,medium,693.92,sports enthusiast
CUST_05665,0.631047795,1,none,retired individual,basic,high,220.92,binge watcher
CUST_05666,0.702144119,1,too expensive,retired individual,premium,medium,631.3,news junkie
CUST_05667,0.858816612,1,too expensive,school student,basic,high,214.62,sports enthusiast
CUST_05668,0.861738212,1,too expensive,school student,basic,high,195.45,news junkie
CUST_05669,0.746459573,1,too expensive,college student,premium,high,722.75,casual viewer
CUST_05670,0.881657962,1,too expensive,college student,premium,medium,655.36,news junkie
CUST_05671,0.888251622,1,too expensive,working professional,premium,low,776.47,casual viewer
CUST_05672,0.884654603,1,too expensive,retired individual,premium,low,786.81,sports enthusiast
CUST_05673,0.869771871,1,too expensive,retired individual,basic,low,145.91,casual viewer
CUST_05674,0.641924948,1,none,college student,standard,high,379.08,news junkie
CUST_05675,0.637582503,1,switched to competitor,retired individual,standard,high,367.59,binge watcher
CUST_05676,0.818906994,1,too expensive,college student,standard,high,379.88,news junkie
CUST_05677,0.833093969,1,none,school student,standard,high,471.13,news junkie
CUST_05678,0.741298273,1,switched to competitor,college student,basic,high,238.01,binge watcher
CUST_05679,0.933867793,1,too expensive,college student,basic,low,218.9,sports enthusiast
CUST_05680,0.887386674,1,too expensive,college student,basic,high,221.76,binge watcher
CUST_05681,0.956624708,1,too expensive,college student,basic,low,257.72,binge watcher
CUST_05682,0.707855645,1,switched to competitor,retired individual,basic,high,241.6,family viewer
CUST_05683,0.684686726,1,switched to competitor,school student,standard,high,450.13,family viewer
CUST_05684,0.883679204,1,too expensive,college student,basic,low,177.3,binge watcher
CUST_05685,0.743705543,1,technical issues,college student,standard,medium,407.38,casual viewer
CUST_05686,0.83334033,1,none,college student,standard,medium,412.47,casual viewer
CUST_05687,0.839494512,1,none,school student,premium,low,663.86,news junkie
CUST_05688,0.846747463,1,too expensive,college student,basic,high,218.59,casual viewer
CUST_05689,0.808262377,1,too expensive,college student,premium,high,756.06,casual viewer
CUST_05690,0.924208267,1,too expensive,college student,premium,low,770.11,news junkie
CUST_05691,0.744564405,1,switched to competitor,retired individual,standard,high,365.77,binge watcher
CUST_05692,0.859653236,1,too expensive,retired individual,premium,low,720.23,binge watcher
CUST_05693,0.804494532,1,none,retired individual,standard,medium,413.2,news junkie
CUST_05694,0.850831864,1,too expensive,retired individual,basic,medium,219.58,casual viewer
CUST_05695,0.822269833,1,too expensive,college student,basic,high,217.85,news junkie
CUST_05696,0.820323149,1,none,school student,standard,medium,382.79,binge watcher
CUST_05697,0.6883545,1,switched to competitor,college student,standard,high,434.52,binge watcher
CUST_05698,0.820252455,1,content not interesting,college student,basic,high,161.49,binge watcher
CUST_05699,0.722791456,1,content not interesting,retired individual,standard,high,397.56,sports enthusiast
CUST_05700,0.776380443,1,too expensive,school student,premium,high,712.26,news junkie
CUST_05701,0.75616783,1,none,retired individual,premium,high,599.1,sports enthusiast
CUST_05702,0.857491987,1,technical issues,college student,standard,medium,458.88,casual viewer
CUST_05703,0.824874634,1,no time to watch,college student,basic,low,165.84,casual viewer
CUST_05704,0.898580217,1,too expensive,working professional,standard,high,360.76,binge watcher
CUST_05705,0.807327404,1,none,working professional,premium,high,718.48,binge watcher
CUST_05706,0.711161419,1,switched to competitor,retired individual,standard,high,404.21,binge watcher
CUST_05707,0.859732551,1,no time to watch,retired individual,standard,medium,380.54,binge watcher
CUST_05708,0.734202169,1,none,college student,basic,high,215.87,binge watcher
CUST_05709,0.797270285,1,switched to competitor,retired individual,standard,high,346.88,family viewer
CUST_05710,0.77627545,1,no time to watch,working professional,standard,high,368.79,sports enthusiast
CUST_05711,0.937178175,1,too expensive,working professional,standard,low,340.07,casual viewer
CUST_05712,0.794492008,1,technical issues,retired individual,premium,low,585.9,binge watcher
CUST_05713,0.770990283,1,none,college student,standard,medium,368.22,casual viewer
CUST_05714,0.920659559,1,no time to watch,working professional,standard,low,385.54,sports enthusiast
CUST_05715,0.917123956,1,no time to watch,college student,basic,medium,184.56,casual viewer
CUST_05716,0.742537308,1,too expensive,school student,premium,medium,713.69,casual viewer
CUST_05717,0.784159115,1,technical issues,retired individual,standard,medium,334.3,sports enthusiast
CUST_05718,0.787552034,1,too expensive,working professional,standard,high,386.76,binge watcher
CUST_05719,0.747404783,1,too expensive,college student,premium,high,742.86,sports enthusiast
CUST_05720,0.685436123,1,switched to competitor,retired individual,standard,high,404.27,family viewer
CUST_05721,0.656109483,1,none,school student,premium,medium,696.7,binge watcher
CUST_05722,0.857205751,1,too expensive,college student,standard,medium,427.42,binge watcher
CUST_05723,0.852822283,1,technical issues,college student,premium,low,587.29,sports enthusiast
CUST_05724,0.919861539,1,too expensive,college student,basic,low,178.96,sports enthusiast
CUST_05725,0.879045355,1,too expensive,college student,premium,high,631.53,sports enthusiast
CUST_05726,0.948829624,1,too expensive,working professional,premium,low,771.47,casual viewer
CUST_05727,0.916445898,1,too expensive,working professional,standard,medium,429.23,sports enthusiast
CUST_05728,0.663027013,1,none,college student,basic,medium,169.29,news junkie
CUST_05729,0.855006285,1,none,retired individual,premium,low,628.28,casual viewer
CUST_05730,0.885523629,1,too expensive,college student,premium,low,601.06,casual viewer
CUST_05731,0.634035974,1,too expensive,college student,premium,high,700.14,news junkie
CUST_05732,0.717175099,1,too expensive,retired individual,premium,low,633.01,family viewer
CUST_05733,0.765683094,1,no time to watch,working professional,basic,medium,206.37,sports enthusiast
CUST_05734,0.83442441,1,too expensive,working professional,premium,high,788.39,sports enthusiast
CUST_05735,0.902123871,1,too expensive,school student,standard,medium,350.86,sports enthusiast
CUST_05736,0.71737297,1,no time to watch,college student,standard,medium,415.82,sports enthusiast
CUST_05737,0.794100069,1,too expensive,college student,premium,low,696.89,binge watcher
CUST_05738,0.793016468,1,content not interesting,retired individual,basic,high,211.78,news junkie
CUST_05739,0.830448098,1,none,retired individual,basic,medium,242.29,news junkie
CUST_05740,0.880396663,1,too expensive,college student,standard,medium,372.42,sports enthusiast
CUST_05741,0.866903406,1,too expensive,college student,standard,medium,384.63,casual viewer
CUST_05742,0.917229279,1,too expensive,college student,basic,low,190.81,casual viewer
CUST_05743,0.827267018,1,too expensive,retired individual,premium,high,676.71,binge watcher
CUST_05744,0.720292608,1,too expensive,retired individual,basic,high,193.05,sports enthusiast
CUST_05745,0.735519713,1,technical issues,working professional,standard,medium,420.87,casual viewer
CUST_05746,0.76930906,1,too expensive,college student,premium,high,680.25,casual viewer
CUST_05747,0.854225372,1,technical issues,working professional,basic,medium,205.37,family viewer
CUST_05748,0.781799708,1,switched to competitor,working professional,standard,high,378.97,sports enthusiast
CUST_05749,0.737687936,1,technical issues,retired individual,premium,low,589.63,news junkie
CUST_05750,0.814616847,1,no time to watch,working professional,basic,low,221.65,family viewer
CUST_05751,0.909531445,1,too expensive,college student,basic,medium,209.57,casual viewer
CUST_05752,0.786986894,1,too expensive,college student,basic,high,264.38,news junkie
CUST_05753,0.674895054,1,switched to competitor,working professional,standard,high,352.27,news junkie
CUST_05754,0.781823731,1,no time to watch,retired individual,standard,medium,435.51,casual viewer
CUST_05755,0.892480484,1,no time to watch,retired individual,standard,high,380.73,binge watcher
CUST_05756,0.767436648,1,too expensive,college student,premium,high,602.81,family viewer
CUST_05757,0.567008137,1,too expensive,school student,premium,medium,707.01,family viewer
CUST_05758,0.809347272,1,too expensive,retired individual,standard,high,329.56,casual viewer
CUST_05759,0.896973106,1,none,working professional,standard,high,388.49,news junkie
CUST_05760,0.852501854,1,no time to watch,working professional,basic,medium,190.67,family viewer
CUST_05761,0.875189246,1,too expensive,retired individual,premium,low,770.9,news junkie
CUST_05762,0.516834647,1,too expensive,college student,premium,high,680.35,sports enthusiast
CUST_05763,0.832938708,1,no time to watch,working professional,standard,high,398.88,casual viewer
CUST_05764,0.884957056,1,too expensive,college student,standard,low,419.98,sports enthusiast
CUST_05765,0.809257831,1,no time to watch,working professional,basic,high,242.04,news junkie
CUST_05766,0.867537947,1,too expensive,retired individual,basic,medium,174.44,family viewer
CUST_05767,0.756568726,1,no time to watch,working professional,basic,high,180.83,family viewer
CUST_05768,0.801655683,1,none,working professional,premium,high,714.25,sports enthusiast
CUST_05769,0.668487865,1,none,college student,premium,high,632.02,family viewer
CUST_05770,0.753048833,1,none,college student,standard,medium,416.37,binge watcher
CUST_05771,0.929190643,1,too expensive,college student,standard,low,440.51,casual viewer
CUST_05772,0.870246202,1,too expensive,college student,standard,high,450.13,family viewer
CUST_05773,0.843916796,1,too expensive,working professional,premium,high,765.51,news junkie
CUST_05774,0.661467935,1,technical issues,retired individual,basic,medium,155.75,sports enthusiast
CUST_05775,0.823467878,1,too expensive,college student,standard,high,348.37,family viewer
CUST_05776,0.814790658,1,no time to watch,retired individual,standard,low,415.71,family viewer
CUST_05777,0.903982584,1,too expensive,working professional,standard,low,385.2,family viewer
CUST_05778,0.890192431,1,technical issues,retired individual,standard,medium,412.91,binge watcher
CUST_05779,0.616882308,1,none,retired individual,standard,high,456.64,news junkie
CUST_05780,0.812472468,1,switched to competitor,school student,standard,high,376.1,casual viewer
CUST_05781,0.771486385,1,technical issues,retired individual,basic,medium,196.96,news junkie
CUST_05782,0.749577616,1,switched to competitor,retired individual,standard,high,423.81,family viewer
CUST_05783,0.600939211,1,too expensive,retired individual,premium,high,620,binge watcher
CUST_05784,0.770972595,1,none,working professional,standard,high,405.21,binge watcher
CUST_05785,0.745978768,1,too expensive,working professional,premium,high,707.61,binge watcher
CUST_05786,0.78281732,1,no time to watch,retired individual,standard,medium,450.42,family viewer
CUST_05787,0.944516078,1,no time to watch,working professional,standard,low,432.7,casual viewer
CUST_05788,0.735543261,1,too expensive,working professional,premium,high,657.82,family viewer
CUST_05789,0.827500661,1,technical issues,college student,standard,medium,418.14,binge watcher
CUST_05790,0.914413691,1,too expensive,working professional,standard,low,405.05,news junkie
CUST_05791,0.949207622,1,too expensive,school student,standard,low,413.3,casual viewer
CUST_05792,0.758778567,1,none,college student,standard,high,408.72,sports enthusiast
CUST_05793,0.798569732,1,none,retired individual,basic,high,208.14,family viewer
CUST_05794,0.71320862,1,switched to competitor,college student,basic,high,196.63,casual viewer
CUST_05795,0.871427971,1,too expensive,college student,standard,high,405.76,casual viewer
CUST_05796,0.832330698,1,too expensive,college student,premium,high,771.36,binge watcher
CUST_05797,0.724045811,1,too expensive,retired individual,premium,high,685.63,sports enthusiast
CUST_05798,0.637061466,1,no time to watch,school student,basic,medium,251.61,news junkie
CUST_05799,0.867494787,1,too expensive,working professional,standard,low,474.7,sports enthusiast
CUST_05800,0.815756987,1,none,college student,premium,high,779.78,binge watcher
CUST_05801,0.813759661,1,technical issues,college student,standard,low,366.24,binge watcher
CUST_05802,0.778055388,1,switched to competitor,college student,standard,high,429.69,news junkie
CUST_05803,0.911210604,1,too expensive,college student,standard,low,432.16,casual viewer
CUST_05804,0.816059442,1,technical issues,retired individual,basic,low,127.66,casual viewer
CUST_05805,0.512242254,1,none,retired individual,standard,high,409.06,family viewer
CUST_05806,0.845964343,1,too expensive,retired individual,basic,medium,184,binge watcher
CUST_05807,0.754242569,1,none,college student,basic,high,243.09,family viewer
CUST_05808,0.84024056,1,too expensive,college student,premium,high,718.59,sports enthusiast
CUST_05809,0.867925957,1,too expensive,college student,premium,high,720.55,sports enthusiast
CUST_05810,0.70214722,1,none,college student,standard,high,364.89,casual viewer
CUST_05811,0.795756866,1,none,working professional,basic,high,236.28,news junkie
CUST_05812,0.85448461,1,technical issues,school student,basic,low,214.3,sports enthusiast
CUST_05813,0.943930784,1,too expensive,college student,standard,low,425.51,binge watcher
CUST_05814,0.562295242,1,too expensive,working professional,premium,high,634.06,news junkie
CUST_05815,0.745597295,1,none,retired individual,standard,medium,442.99,sports enthusiast
CUST_05816,0.699434509,1,switched to competitor,college student,basic,high,225.45,casual viewer
CUST_05817,0.684110487,1,too expensive,school student,premium,high,748.28,binge watcher
CUST_05818,0.665744867,1,switched to competitor,retired individual,standard,high,433.81,binge watcher
CUST_05819,0.686772761,1,technical issues,college student,standard,low,433.03,binge watcher
CUST_05820,0.794743413,1,technical issues,retired individual,basic,medium,276.75,sports enthusiast
CUST_05821,0.81374249,1,no time to watch,working professional,standard,high,335.95,sports enthusiast
CUST_05822,0.909203295,1,no time to watch,working professional,standard,low,368.43,casual viewer
CUST_05823,0.766795449,1,technical issues,working professional,standard,medium,382.41,sports enthusiast
CUST_05824,0.793330769,1,content not interesting,college student,standard,high,429.27,binge watcher
CUST_05825,0.676360021,1,no time to watch,working professional,standard,high,378.17,casual viewer
CUST_05826,0.783742555,1,too expensive,school student,standard,high,408.23,binge watcher
CUST_05827,0.521920055,1,none,retired individual,standard,high,369.15,sports enthusiast
CUST_05828,0.664923637,1,technical issues,college student,basic,medium,245.41,news junkie
CUST_05829,0.744231902,1,too expensive,college student,premium,high,623.1,binge watcher
CUST_05830,0.864853818,1,technical issues,retired individual,standard,low,380,casual viewer
CUST_05831,0.818399292,1,technical issues,college student,basic,medium,167.58,sports enthusiast
CUST_05832,0.789438674,1,technical issues,school student,basic,medium,176.02,casual viewer
CUST_05833,0.833987915,1,none,working professional,basic,high,210.64,casual viewer
CUST_05834,0.873807881,1,too expensive,working professional,basic,high,193.54,casual viewer
CUST_05835,0.834694745,1,none,retired individual,standard,high,350.31,news junkie
CUST_05836,0.877870053,1,too expensive,school student,premium,low,701.15,casual viewer
CUST_05837,0.620928587,1,no time to watch,retired individual,standard,high,376.77,sports enthusiast
CUST_05838,0.656442957,1,too expensive,college student,standard,high,459.74,casual viewer
CUST_05839,0.864450766,1,too expensive,college student,standard,low,390.22,sports enthusiast
CUST_05840,0.808260768,1,technical issues,college student,basic,medium,243.5,sports enthusiast
CUST_05841,0.877900319,1,too expensive,retired individual,basic,low,216.12,casual viewer
CUST_05842,0.742153674,1,too expensive,retired individual,premium,medium,686.11,news junkie
CUST_05843,0.610022933,1,too expensive,retired individual,premium,medium,770.73,news junkie
CUST_05844,0.700957241,1,switched to competitor,college student,standard,high,359.43,sports enthusiast
CUST_05845,0.864984307,1,too expensive,retired individual,basic,high,217.53,family viewer
CUST_05846,0.767423468,1,too expensive,working professional,premium,high,759.49,family viewer
CUST_05847,0.551576715,1,too expensive,school student,premium,high,654.43,casual viewer
CUST_05848,0.662326946,1,none,college student,premium,high,778.6,casual viewer
CUST_05849,0.701472906,1,too expensive,retired individual,premium,high,685.21,news junkie
CUST_05850,0.739457468,1,none,college student,standard,high,400.65,casual viewer
CUST_05851,0.790062402,1,none,college student,standard,high,386.31,binge watcher
CUST_05852,0.867271371,1,too expensive,working professional,basic,high,173.57,binge watcher
CUST_05853,0.850306638,1,no time to watch,working professional,standard,high,438.5,sports enthusiast
CUST_05854,0.550431206,1,none,college student,standard,high,455.96,binge watcher
CUST_05855,0.83940573,1,none,working professional,standard,high,451.18,binge watcher
CUST_05856,0.850407792,1,none,working professional,standard,medium,450.47,casual viewer
CUST_05857,0.9045813,1,no time to watch,college student,standard,low,385.55,casual viewer
CUST_05858,0.737341375,1,technical issues,college student,standard,medium,395.22,news junkie
CUST_05859,0.701883058,1,no time to watch,working professional,standard,high,351.06,family viewer
CUST_05860,0.686508439,1,technical issues,working professional,standard,medium,462.22,news junkie
CUST_05861,0.851315083,1,switched to competitor,retired individual,basic,high,209.2,news junkie
CUST_05862,0.69166526,1,too expensive,college student,standard,high,437.74,family viewer
CUST_05863,0.719742868,1,technical issues,school student,basic,medium,273.42,family viewer
CUST_05864,0.802177197,1,technical issues,college student,basic,low,170.78,sports enthusiast
CUST_05865,0.786114898,1,too expensive,college student,premium,low,630.02,binge watcher
CUST_05866,0.639025158,1,none,retired individual,premium,high,686.2,family viewer
CUST_05867,0.884618387,1,too expensive,college student,premium,medium,770.11,binge watcher
CUST_05868,0.708218241,1,none,retired individual,standard,high,326.88,casual viewer
CUST_05869,0.838071214,1,too expensive,college student,premium,high,690.58,binge watcher
CUST_05870,0.857655257,1,too expensive,working professional,premium,medium,610.66,news junkie
CUST_05871,0.784621808,1,switched to competitor,school student,standard,high,330.91,casual viewer
CUST_05872,0.811118563,1,technical issues,retired individual,standard,medium,399.58,casual viewer
CUST_05873,0.870420414,1,too expensive,retired individual,basic,low,218.89,news junkie
CUST_05874,0.805813086,1,too expensive,college student,premium,medium,736.33,sports enthusiast
CUST_05875,0.80128528,1,technical issues,retired individual,standard,medium,491.28,sports enthusiast
CUST_05876,0.819485995,1,none,college student,standard,high,334.89,family viewer
CUST_05877,0.805120557,1,none,retired individual,premium,high,651.5,binge watcher
CUST_05878,0.837977199,1,too expensive,school student,premium,high,612.2,binge watcher
CUST_05879,0.740226159,1,too expensive,college student,premium,high,681.8,family viewer
CUST_05880,0.859803709,1,technical issues,college student,basic,low,157.47,binge watcher
CUST_05881,0.693134633,1,none,college student,standard,high,401.13,binge watcher
CUST_05882,0.549241658,1,none,college student,standard,high,423.81,family viewer
CUST_05883,0.788755887,1,technical issues,retired individual,basic,medium,194.05,binge watcher
CUST_05884,0.828669714,1,technical issues,school student,standard,medium,395.67,family viewer
CUST_05885,0.808076061,1,technical issues,school student,basic,low,215.88,binge watcher
CUST_05886,0.804197968,1,none,working professional,standard,high,352.17,casual viewer
CUST_05887,0.754744581,1,too expensive,college student,standard,high,384.92,sports enthusiast
CUST_05888,0.852026775,1,none,working professional,basic,high,195.04,casual viewer
CUST_05889,0.916126254,1,technical issues,school student,standard,low,456.48,family viewer
CUST_05890,0.721374095,1,technical issues,college student,standard,medium,405.31,sports enthusiast
CUST_05891,0.878999729,1,content not interesting,college student,basic,high,193.3,sports enthusiast
CUST_05892,0.902467439,1,too expensive,college student,premium,high,649.66,family viewer
CUST_05893,0.764352949,1,too expensive,school student,premium,high,621.06,casual viewer
CUST_05894,0.913907162,1,no time to watch,working professional,standard,low,360.06,casual viewer
CUST_05895,0.872248057,1,technical issues,retired individual,standard,low,341.44,sports enthusiast
CUST_05896,0.804803692,1,too expensive,retired individual,standard,medium,404.08,news junkie
CUST_05897,0.840373822,1,no time to watch,retired individual,standard,low,376.26,casual viewer
CUST_05898,0.891127639,1,none,college student,basic,low,168.95,binge watcher
CUST_05899,0.773928047,1,no time to watch,college student,basic,low,235.69,news junkie
CUST_05900,0.809969524,1,none,retired individual,premium,medium,780.77,family viewer
CUST_05901,0.862149348,1,too expensive,retired individual,standard,low,422.23,binge watcher
CUST_05902,0.75309911,1,too expensive,retired individual,premium,medium,686.19,family viewer
CUST_05903,0.68082512,1,no time to watch,retired individual,basic,medium,238.1,sports enthusiast
CUST_05904,0.735576852,1,none,retired individual,basic,medium,194.08,news junkie
CUST_05905,0.582346311,1,content not interesting,school student,standard,high,406.92,binge watcher
CUST_05906,0.777572032,1,technical issues,college student,standard,medium,412.33,casual viewer
CUST_05907,0.686221477,1,too expensive,retired individual,premium,high,685.24,news junkie
CUST_05908,0.784004013,1,technical issues,working professional,standard,medium,387.89,casual viewer
CUST_05909,0.887368209,1,too expensive,working professional,standard,high,378.62,binge watcher
CUST_05910,0.842561155,1,too expensive,college student,premium,high,781.96,family viewer
CUST_05911,0.830171158,1,none,college student,premium,high,708.96,family viewer
CUST_05912,0.824234048,1,too expensive,retired individual,premium,high,737.62,sports enthusiast
CUST_05913,0.874998152,1,too expensive,retired individual,standard,medium,386.73,sports enthusiast
CUST_05914,0.67105342,1,too expensive,college student,premium,high,630.41,family viewer
CUST_05915,0.862978081,1,technical issues,college student,basic,low,189.36,casual viewer
CUST_05916,0.876275142,1,no time to watch,retired individual,basic,low,244.4,news junkie
CUST_05917,0.892618988,1,no time to watch,working professional,basic,low,193.11,sports enthusiast
CUST_05918,0.654227895,1,no time to watch,retired individual,basic,medium,193.38,sports enthusiast
CUST_05919,0.73459638,1,too expensive,college student,basic,high,217.82,casual viewer
CUST_05920,0.889246294,1,too expensive,retired individual,basic,medium,178.16,family viewer
CUST_05921,0.832963259,1,technical issues,college student,standard,medium,381.62,sports enthusiast
CUST_05922,0.777047411,1,none,college student,standard,high,379.91,binge watcher
CUST_05923,0.917832425,1,too expensive,school student,standard,low,362,binge watcher
CUST_05924,0.808660555,1,too expensive,retired individual,standard,high,407.06,family viewer
CUST_05925,0.731676656,1,none,college student,standard,medium,427.9,news junkie
CUST_05926,0.783292455,1,none,working professional,standard,high,400.14,binge watcher
CUST_05927,0.906210825,1,too expensive,working professional,basic,high,195.12,casual viewer
CUST_05928,0.673063727,1,none,school student,standard,low,414.35,family viewer
CUST_05929,0.871373744,1,too expensive,college student,premium,high,719.71,binge watcher
CUST_05930,0.748150477,1,technical issues,working professional,basic,medium,201.8,casual viewer
CUST_05931,0.841106811,1,technical issues,college student,standard,medium,349.32,casual viewer
CUST_05932,0.820086031,1,too expensive,college student,premium,low,643.08,news junkie
CUST_05933,0.857564041,1,too expensive,retired individual,premium,medium,622.44,family viewer
CUST_05934,0.631072028,1,none,college student,standard,high,359.21,news junkie
CUST_05935,0.6523698,1,technical issues,college student,basic,medium,202.6,news junkie
CUST_05936,0.875131583,1,content not interesting,working professional,standard,high,366.94,binge watcher
CUST_05937,0.900866771,1,too expensive,retired individual,premium,low,613.86,binge watcher
CUST_05938,0.543151508,1,technical issues,school student,basic,medium,196,news junkie
CUST_05939,0.872680241,1,none,retired individual,standard,high,403.14,binge watcher
CUST_05940,0.820643199,1,no time to watch,college student,standard,low,405.31,binge watcher
CUST_05941,0.772719171,1,technical issues,school student,basic,low,212.26,family viewer
CUST_05942,0.689722276,1,none,college student,standard,medium,419.36,family viewer
CUST_05943,0.752526775,1,none,college student,standard,high,389.52,news junkie
CUST_05944,0.618398569,1,too expensive,college student,premium,medium,623.67,news junkie
CUST_05945,0.930164092,1,too expensive,school student,standard,medium,407.23,family viewer
CUST_05946,0.807299169,1,none,working professional,standard,high,418.58,binge watcher
CUST_05947,0.759119655,1,no time to watch,college student,standard,low,367.7,binge watcher
CUST_05948,0.896992767,1,too expensive,school student,standard,low,361.5,news junkie
CUST_05949,0.834499198,1,too expensive,college student,premium,medium,723.63,binge watcher
CUST_05950,0.724943365,1,too expensive,college student,basic,high,207.13,binge watcher
CUST_05951,0.717010975,1,switched to competitor,school student,basic,high,195.65,binge watcher
CUST_05952,0.691280328,1,none,college student,standard,high,369.73,news junkie
CUST_05953,0.808282269,1,none,college student,standard,high,343.01,news junkie
CUST_05954,0.541042977,1,none,working professional,basic,high,189.24,binge watcher
CUST_05955,0.81124175,1,technical issues,school student,standard,medium,389.84,family viewer
CUST_05956,0.827060223,1,too expensive,working professional,premium,medium,638.9,binge watcher
CUST_05957,0.813944086,1,too expensive,working professional,basic,high,198.66,news junkie
CUST_05958,0.830030451,1,too expensive,college student,basic,high,217.46,news junkie
CUST_05959,0.633677072,1,no time to watch,retired individual,standard,high,417.92,sports enthusiast
CUST_05960,0.853987474,1,too expensive,retired individual,premium,high,709.98,sports enthusiast
CUST_05961,0.753353741,1,too expensive,school student,standard,high,389.79,family viewer
CUST_05962,0.658590674,1,none,retired individual,premium,high,654.82,sports enthusiast
CUST_05963,0.898952289,1,too expensive,working professional,premium,high,793.58,binge watcher
CUST_05964,0.745441406,1,switched to competitor,college student,basic,high,226.05,binge watcher
CUST_05965,0.908290603,1,too expensive,college student,premium,low,606.17,binge watcher
CUST_05966,0.81273503,1,switched to competitor,retired individual,standard,high,366.64,binge watcher
CUST_05967,0.89019114,1,too expensive,college student,premium,medium,713.25,sports enthusiast
CUST_05968,0.883081103,1,too expensive,working professional,basic,medium,173.19,news junkie
CUST_05969,0.753012715,1,technical issues,retired individual,basic,medium,164.13,news junkie
CUST_05970,0.714757363,1,too expensive,college student,premium,medium,762.64,sports enthusiast
CUST_05971,0.690006615,1,none,college student,standard,high,446.81,binge watcher
CUST_05972,0.915768291,1,too expensive,college student,standard,low,422.49,binge watcher
CUST_05973,0.77278823,1,none,college student,premium,high,596.74,casual viewer
CUST_05974,0.874588481,1,none,working professional,premium,high,745.87,news junkie
CUST_05975,0.70452448,1,technical issues,retired individual,standard,medium,414.16,binge watcher
CUST_05976,0.802849246,1,technical issues,retired individual,standard,medium,374.91,casual viewer
CUST_05977,0.814362881,1,none,working professional,premium,high,610.8,sports enthusiast
CUST_05978,0.817729601,1,technical issues,retired individual,basic,medium,175.36,sports enthusiast
CUST_05979,0.614892474,1,switched to competitor,college student,standard,high,395.01,casual viewer
CUST_05980,0.893343285,1,too expensive,college student,premium,medium,753.83,binge watcher
CUST_05981,0.751016414,1,too expensive,college student,premium,high,745.83,casual viewer
CUST_05982,0.711465394,1,too expensive,college student,premium,high,781.52,family viewer
CUST_05983,0.926220232,1,too expensive,retired individual,premium,low,702.44,binge watcher
CUST_05984,0.844352343,1,technical issues,retired individual,standard,low,448.48,family viewer
CUST_05985,0.780758458,1,switched to competitor,working professional,basic,high,201.24,news junkie
CUST_05986,0.889361122,1,too expensive,working professional,premium,high,650.51,casual viewer
CUST_05987,0.858425628,1,no time to watch,college student,standard,high,364.05,casual viewer
CUST_05988,0.751266938,1,no time to watch,college student,basic,medium,156.44,casual viewer
CUST_05989,0.666199564,1,none,college student,standard,medium,398.19,news junkie
CUST_05990,0.793761179,1,too expensive,college student,basic,low,203.63,casual viewer
CUST_05991,0.708332217,1,none,working professional,standard,medium,313.05,news junkie
CUST_05992,0.802793235,1,too expensive,retired individual,standard,high,423.92,binge watcher
CUST_05993,0.780721914,1,none,college student,basic,high,186.14,binge watcher
CUST_05994,0.83752454,1,too expensive,college student,premium,high,755.22,news junkie
CUST_05995,0.777815654,1,none,working professional,premium,medium,618.13,family viewer
CUST_05996,0.709029234,1,switched to competitor,working professional,basic,high,209.32,news junkie
CUST_05997,0.842957794,1,no time to watch,working professional,standard,high,476.33,news junkie
CUST_05998,0.896977677,1,too expensive,working professional,basic,medium,163.78,family viewer
CUST_05999,0.868212782,1,too expensive,retired individual,premium,medium,622.5,casual viewer
CUST_06000,0.791588472,1,too expensive,college student,premium,high,640.08,binge watcher
CUST_06001,0.848311434,1,too expensive,college student,basic,high,206.52,casual viewer
CUST_06002,0.811638929,1,no time to watch,working professional,standard,high,348.68,sports enthusiast
CUST_06003,0.888721446,1,none,retired individual,premium,medium,634.96,sports enthusiast
CUST_06004,0.919510912,1,too expensive,college student,standard,medium,390.25,sports enthusiast
CUST_06005,0.8098351,1,too expensive,retired individual,basic,medium,220.26,sports enthusiast
CUST_06006,0.854151127,1,too expensive,retired individual,premium,low,757.42,family viewer
CUST_06007,0.915283837,1,too expensive,retired individual,basic,low,223.78,sports enthusiast
CUST_06008,0.829258126,1,none,working professional,standard,high,447.66,family viewer
CUST_06009,0.797708431,1,too expensive,college student,standard,medium,349.87,news junkie
CUST_06010,0.85970892,1,technical issues,college student,basic,medium,176.29,sports enthusiast
CUST_06011,0.671685339,1,switched to competitor,retired individual,basic,high,218.46,sports enthusiast
CUST_06012,0.904347293,1,no time to watch,college student,standard,medium,435.17,casual viewer
CUST_06013,0.855848204,1,none,school student,standard,medium,462.74,casual viewer
CUST_06014,0.718569118,1,no time to watch,college student,standard,high,386.18,news junkie
CUST_06015,0.905584108,1,no time to watch,retired individual,basic,low,206.47,binge watcher
CUST_06016,0.885721909,1,no time to watch,retired individual,basic,low,229.14,sports enthusiast
CUST_06017,0.751885555,1,switched to competitor,retired individual,basic,high,246.95,binge watcher
CUST_06018,0.750974054,1,too expensive,retired individual,premium,high,694.95,casual viewer
CUST_06019,0.907894515,1,too expensive,retired individual,standard,medium,446.17,family viewer
CUST_06020,0.815003661,1,too expensive,college student,basic,medium,173.78,binge watcher
CUST_06021,0.674178352,1,too expensive,college student,premium,high,692.44,news junkie
CUST_06022,0.649754937,1,technical issues,college student,basic,medium,196.11,casual viewer
CUST_06023,0.812472013,1,technical issues,college student,basic,low,233.07,binge watcher
CUST_06024,0.927570894,1,too expensive,retired individual,basic,low,198.51,binge watcher
CUST_06025,0.915357634,1,none,school student,premium,medium,769.31,sports enthusiast
CUST_06026,0.773853118,1,technical issues,retired individual,basic,low,211.18,casual viewer
CUST_06027,0.738521463,1,technical issues,college student,standard,medium,374.45,family viewer
CUST_06028,0.798704205,1,too expensive,college student,premium,medium,795.46,binge watcher
CUST_06029,0.802087576,1,none,retired individual,premium,high,766.41,binge watcher
CUST_06030,0.599200928,1,none,working professional,basic,high,178.19,casual viewer
CUST_06031,0.773160708,1,no time to watch,retired individual,standard,low,429,binge watcher
CUST_06032,0.769695507,1,none,college student,basic,high,200.9,casual viewer
CUST_06033,0.776421735,1,none,college student,standard,high,458.33,family viewer
CUST_06034,0.705606405,1,too expensive,school student,standard,medium,417.38,casual viewer
CUST_06035,0.927046976,1,too expensive,retired individual,standard,low,402.21,casual viewer
CUST_06036,0.9358626,1,too expensive,working professional,basic,low,240.47,binge watcher
CUST_06037,0.911986449,1,too expensive,retired individual,premium,low,667.15,sports enthusiast
CUST_06038,0.78273417,1,too expensive,college student,standard,high,360.57,sports enthusiast
CUST_06039,0.779016312,1,too expensive,school student,premium,medium,797.95,news junkie
CUST_06040,0.757461927,1,none,working professional,basic,medium,238.47,family viewer
CUST_06041,0.797003346,1,none,working professional,premium,high,683.98,news junkie
CUST_06042,0.811380809,1,technical issues,college student,basic,medium,204.61,casual viewer
CUST_06043,0.670524344,1,none,college student,standard,medium,383.92,binge watcher
CUST_06044,0.906969235,1,too expensive,college student,premium,high,694.05,sports enthusiast
CUST_06045,0.815059759,1,no time to watch,college student,basic,high,165.13,binge watcher
CUST_06046,0.889262347,1,too expensive,school student,premium,medium,694.95,family viewer
CUST_06047,0.836793704,1,too expensive,retired individual,basic,high,222.44,news junkie
CUST_06048,0.829595318,1,none,school student,standard,medium,443.13,binge watcher
CUST_06049,0.63874143,1,technical issues,college student,standard,medium,432.42,family viewer
CUST_06050,0.848357896,1,too expensive,school student,premium,low,768.51,casual viewer
CUST_06051,0.639511439,1,none,retired individual,standard,high,350.73,binge watcher
CUST_06052,0.90216475,1,too expensive,college student,premium,low,643.89,family viewer
CUST_06053,0.90436227,1,technical issues,retired individual,basic,low,215.11,news junkie
CUST_06054,0.782640656,1,technical issues,college student,basic,low,195.94,binge watcher
CUST_06055,0.764112129,1,too expensive,college student,premium,high,753.22,sports enthusiast
CUST_06056,0.63780915,1,no time to watch,working professional,basic,high,196.87,family viewer
CUST_06057,0.835038841,1,too expensive,school student,standard,high,428.94,news junkie
CUST_06058,0.936664478,1,too expensive,retired individual,premium,medium,654.2,family viewer
CUST_06059,0.888530755,1,too expensive,college student,basic,low,205.44,casual viewer
CUST_06060,0.941437142,1,too expensive,working professional,basic,low,232.43,sports enthusiast
CUST_06061,0.716746829,1,none,college student,basic,high,184.75,binge watcher
CUST_06062,0.919529167,1,no time to watch,working professional,standard,low,426.77,sports enthusiast
CUST_06063,0.921428111,1,too expensive,working professional,standard,low,437.58,family viewer
CUST_06064,0.687072478,1,too expensive,college student,premium,medium,769.86,casual viewer
CUST_06065,0.848653951,1,too expensive,college student,standard,high,452.87,news junkie
CUST_06066,0.776872319,1,too expensive,school student,premium,medium,720.89,family viewer
CUST_06067,0.732745296,1,content not interesting,school student,basic,high,194.87,news junkie
CUST_06068,0.76959503,1,too expensive,school student,basic,high,201.12,news junkie
CUST_06069,0.875703225,1,too expensive,working professional,standard,high,452.61,casual viewer
CUST_06070,0.910192457,1,too expensive,retired individual,basic,high,172.92,casual viewer
CUST_06071,0.747491902,1,none,college student,standard,high,397,binge watcher
CUST_06072,0.87618347,1,too expensive,college student,standard,medium,371.33,sports enthusiast
CUST_06073,0.928277164,1,no time to watch,working professional,basic,low,193.79,casual viewer
CUST_06074,0.724188484,1,too expensive,school student,premium,high,631.46,sports enthusiast
CUST_06075,0.869907911,1,too expensive,school student,standard,high,377.58,sports enthusiast
CUST_06076,0.833513076,1,too expensive,college student,premium,high,763.53,binge watcher
CUST_06077,0.873127421,1,technical issues,college student,standard,low,407.7,casual viewer
CUST_06078,0.758871386,1,too expensive,retired individual,premium,high,612.4,news junkie
CUST_06079,0.777512228,1,switched to competitor,college student,standard,high,374,family viewer
CUST_06080,0.798272329,1,too expensive,college student,premium,high,793.84,family viewer
CUST_06081,0.936741352,1,too expensive,college student,premium,low,784.86,binge watcher
CUST_06082,0.712589712,1,no time to watch,college student,standard,high,365.2,casual viewer
CUST_06083,0.949672172,1,too expensive,college student,basic,low,170.51,casual viewer
CUST_06084,0.927738308,1,too expensive,college student,basic,low,244.33,casual viewer
CUST_06085,0.633848339,1,none,retired individual,premium,low,688.68,binge watcher
CUST_06086,0.740981737,1,none,working professional,basic,medium,151.31,family viewer
CUST_06087,0.794447033,1,too expensive,college student,premium,high,658.39,sports enthusiast
CUST_06088,0.904043896,1,too expensive,working professional,premium,high,628.71,binge watcher
CUST_06089,0.82768842,1,too expensive,school student,premium,medium,716.88,binge watcher
CUST_06090,0.830505296,1,too expensive,working professional,premium,medium,604.88,binge watcher
CUST_06091,0.759755855,1,technical issues,college student,basic,low,186.45,sports enthusiast
CUST_06092,0.855936185,1,none,working professional,standard,high,395.24,family viewer
CUST_06093,0.691687792,1,none,college student,basic,high,180.52,news junkie
CUST_06094,0.837356063,1,too expensive,college student,premium,low,771.21,news junkie
CUST_06095,0.846711954,1,technical issues,college student,standard,low,399.5,binge watcher
CUST_06096,0.882171101,1,technical issues,school student,standard,low,416.03,binge watcher
CUST_06097,0.754073957,1,none,college student,basic,low,216.77,binge watcher
CUST_06098,0.631952801,1,too expensive,college student,premium,high,604.99,family viewer
CUST_06099,0.810324773,1,no time to watch,college student,standard,medium,429.7,news junkie
CUST_06100,0.91473398,1,too expensive,working professional,basic,low,199.51,news junkie
CUST_06101,0.57842752,1,switched to competitor,retired individual,basic,high,244.49,family viewer
CUST_06102,0.833676685,1,content not interesting,college student,basic,high,224.35,binge watcher
CUST_06103,0.825979888,1,too expensive,retired individual,premium,medium,697.72,casual viewer
CUST_06104,0.71444633,1,too expensive,retired individual,premium,high,687.56,family viewer
CUST_06105,0.887599048,1,too expensive,working professional,premium,high,607.36,news junkie
CUST_06106,0.674146859,1,technical issues,retired individual,standard,medium,360.8,news junkie
CUST_06107,0.786263128,1,technical issues,retired individual,standard,low,410.85,casual viewer
CUST_06108,0.844959505,1,none,college student,basic,medium,170.75,binge watcher
CUST_06109,0.796205671,1,switched to competitor,college student,basic,high,216.97,binge watcher
CUST_06110,0.777064088,1,technical issues,college student,standard,medium,420.54,sports enthusiast
CUST_06111,0.744944571,1,technical issues,working professional,basic,low,204.03,family viewer
CUST_06112,0.812383619,1,too expensive,college student,standard,high,418.65,news junkie
CUST_06113,0.799249696,1,too expensive,retired individual,premium,high,752.66,family viewer
CUST_06114,0.787573821,1,no time to watch,retired individual,standard,high,333.51,family viewer
CUST_06115,0.714170998,1,none,retired individual,standard,medium,387.17,family viewer
CUST_06116,0.759695691,1,none,working professional,standard,high,365.41,news junkie
CUST_06117,0.522290556,1,none,college student,basic,high,211.49,news junkie
CUST_06118,0.759095992,1,content not interesting,school student,standard,high,341.31,casual viewer
CUST_06119,0.645882497,1,none,working professional,standard,high,357.29,binge watcher
CUST_06120,0.722562734,1,none,working professional,standard,high,405.1,sports enthusiast
CUST_06121,0.794977062,1,none,retired individual,basic,low,189.16,family viewer
CUST_06122,0.746656131,1,content not interesting,working professional,standard,high,391.23,casual viewer
CUST_06123,0.908540095,1,no time to watch,retired individual,standard,low,408.54,casual viewer
CUST_06124,0.712008006,1,too expensive,retired individual,premium,high,699.42,news junkie
CUST_06125,0.796230593,1,technical issues,working professional,standard,low,376.51,binge watcher
CUST_06126,0.786517036,1,none,working professional,standard,high,436.3,sports enthusiast
CUST_06127,0.787315042,1,technical issues,college student,basic,medium,199.98,family viewer
CUST_06128,0.908253159,1,too expensive,working professional,standard,high,410.48,binge watcher
CUST_06129,0.899223627,1,no time to watch,working professional,premium,medium,589.84,binge watcher
CUST_06130,0.842302431,1,content not interesting,college student,basic,high,258.68,binge watcher
CUST_06131,0.951260161,1,too expensive,working professional,basic,low,204.28,sports enthusiast
CUST_06132,0.882684957,1,too expensive,retired individual,basic,medium,168.42,news junkie
CUST_06133,0.795007439,1,content not interesting,college student,basic,high,162.49,news junkie
CUST_06134,0.717182254,1,none,college student,premium,high,769.43,family viewer
CUST_06135,0.744289407,1,technical issues,retired individual,standard,medium,355.62,family viewer
CUST_06136,0.838221121,1,technical issues,retired individual,basic,medium,205.45,sports enthusiast
CUST_06137,0.724991654,1,technical issues,college student,standard,low,405.46,sports enthusiast
CUST_06138,0.878141058,1,too expensive,retired individual,standard,medium,450.58,casual viewer
CUST_06139,0.812403857,1,too expensive,school student,premium,high,679.7,news junkie
CUST_06140,0.727312933,1,too expensive,retired individual,premium,medium,656.99,family viewer
CUST_06141,0.888276133,1,no time to watch,working professional,standard,low,339.48,news junkie
CUST_06142,0.891505784,1,too expensive,working professional,basic,high,156.7,family viewer
CUST_06143,0.710783217,1,none,college student,premium,high,719.82,sports enthusiast
CUST_06144,0.768323824,1,technical issues,college student,basic,medium,182.77,sports enthusiast
CUST_06145,0.679084564,1,switched to competitor,college student,basic,high,226.15,family viewer
CUST_06146,0.699197748,1,switched to competitor,college student,standard,high,350.36,binge watcher
CUST_06147,0.926378707,1,none,college student,premium,low,680.63,news junkie
CUST_06148,0.712515668,1,switched to competitor,working professional,basic,high,203.56,binge watcher
CUST_06149,0.843846969,1,too expensive,retired individual,basic,high,190.93,casual viewer
CUST_06150,0.802187774,1,no time to watch,college student,standard,high,357.67,news junkie
CUST_06151,0.811366765,1,too expensive,retired individual,premium,high,776.54,news junkie
CUST_06152,0.902220954,1,no time to watch,working professional,basic,low,229.71,news junkie
CUST_06153,0.718402512,1,too expensive,college student,basic,high,193.57,family viewer
CUST_06154,0.870030386,1,too expensive,working professional,premium,low,641.45,sports enthusiast
CUST_06155,0.813364097,1,none,working professional,standard,medium,431.74,casual viewer
CUST_06156,0.801675991,1,too expensive,college student,premium,high,760.22,news junkie
CUST_06157,0.863570603,1,no time to watch,school student,basic,high,220.89,sports enthusiast
CUST_06158,0.875076295,1,too expensive,school student,standard,medium,441.52,family viewer
CUST_06159,0.85405807,1,too expensive,school student,standard,high,369.01,binge watcher
CUST_06160,0.861314945,1,no time to watch,college student,premium,medium,573.48,news junkie
CUST_06161,0.917011177,1,technical issues,retired individual,standard,low,423.37,casual viewer
CUST_06162,0.692014049,1,too expensive,college student,premium,high,712.32,family viewer
CUST_06163,0.839870166,1,too expensive,college student,basic,low,208.38,sports enthusiast
CUST_06164,0.870554676,1,too expensive,working professional,standard,high,451.72,binge watcher
CUST_06165,0.877349738,1,too expensive,college student,standard,medium,396.22,family viewer
CUST_06166,0.674953654,1,too expensive,college student,premium,high,773.62,sports enthusiast
CUST_06167,0.920134063,1,too expensive,working professional,standard,low,379.02,sports enthusiast
CUST_06168,0.82852685,1,technical issues,college student,standard,low,357.1,binge watcher
CUST_06169,0.9525737,1,too expensive,working professional,standard,low,449.87,sports enthusiast
CUST_06170,0.693862396,1,none,retired individual,premium,high,694.18,family viewer
CUST_06171,0.876942161,1,none,working professional,standard,medium,339.78,sports enthusiast
CUST_06172,0.861782188,1,too expensive,school student,standard,high,355.01,casual viewer
CUST_06173,0.814707929,1,technical issues,retired individual,standard,medium,431.27,family viewer
CUST_06174,0.865447033,1,no time to watch,school student,standard,low,404.05,casual viewer
CUST_06175,0.794395588,1,technical issues,retired individual,standard,low,367.52,family viewer
CUST_06176,0.820649504,1,too expensive,college student,premium,medium,702.52,casual viewer
CUST_06177,0.720917751,1,technical issues,college student,standard,low,355.82,casual viewer
CUST_06178,0.850818578,1,no time to watch,working professional,standard,low,342.24,casual viewer
CUST_06179,0.922944838,1,too expensive,school student,basic,low,221.42,sports enthusiast
CUST_06180,0.664937524,1,no time to watch,college student,standard,medium,413.79,family viewer
CUST_06181,0.689636467,1,technical issues,college student,basic,medium,213.35,sports enthusiast
CUST_06182,0.832820231,1,none,college student,standard,high,384.49,family viewer
CUST_06183,0.852448163,1,too expensive,college student,premium,high,777.5,news junkie
CUST_06184,0.870087034,1,too expensive,retired individual,basic,high,172.94,casual viewer
CUST_06185,0.705698649,1,no time to watch,working professional,standard,high,405.36,family viewer
CUST_06186,0.566477468,1,too expensive,college student,premium,high,657.64,news junkie
CUST_06187,0.781087579,1,too expensive,college student,standard,high,428.45,sports enthusiast
CUST_06188,0.818457386,1,technical issues,retired individual,basic,low,216.51,binge watcher
CUST_06189,0.918153873,1,too expensive,college student,standard,high,463.34,casual viewer
CUST_06190,0.739579402,1,technical issues,college student,basic,low,197.99,family viewer
CUST_06191,0.825868771,1,too expensive,college student,standard,high,366.1,sports enthusiast
CUST_06192,0.690341247,1,too expensive,school student,premium,high,712.05,sports enthusiast
CUST_06193,0.90178174,1,too expensive,working professional,basic,low,200.29,casual viewer
CUST_06194,0.84898691,1,too expensive,college student,standard,low,410.16,casual viewer
CUST_06195,0.790966585,1,too expensive,retired individual,standard,high,370.57,news junkie
CUST_06196,0.855234851,1,too expensive,college student,premium,medium,635.51,casual viewer
CUST_06197,0.752220876,1,none,retired individual,basic,high,222.66,news junkie
CUST_06198,0.821289764,1,too expensive,working professional,premium,medium,813.24,sports enthusiast
CUST_06199,0.845343751,1,technical issues,retired individual,standard,low,446.51,binge watcher
CUST_06200,0.813784538,1,none,college student,premium,medium,756.8,casual viewer
CUST_06201,0.7825368,1,none,school student,basic,high,211.1,binge watcher
CUST_06202,0.805767631,1,too expensive,college student,premium,high,711.69,family viewer
CUST_06203,0.851597606,1,none,college student,basic,low,177.11,binge watcher
CUST_06204,0.819297483,1,too expensive,working professional,premium,high,700.16,binge watcher
CUST_06205,0.849307826,1,too expensive,school student,premium,low,700.33,sports enthusiast
CUST_06206,0.921534354,1,none,working professional,premium,low,693.47,casual viewer
CUST_06207,0.736793021,1,technical issues,college student,standard,medium,335.3,news junkie
CUST_06208,0.794830106,1,too expensive,college student,standard,high,451.58,binge watcher
CUST_06209,0.808175693,1,content not interesting,retired individual,basic,high,152.78,sports enthusiast
CUST_06210,0.711413652,1,too expensive,retired individual,premium,high,610.42,binge watcher
CUST_06211,0.649656161,1,none,college student,basic,high,191.08,binge watcher
CUST_06212,0.802744513,1,too expensive,college student,premium,medium,789.87,sports enthusiast
CUST_06213,0.864910978,1,too expensive,working professional,premium,high,798.65,binge watcher
CUST_06214,0.827973075,1,technical issues,school student,basic,medium,183.89,family viewer
CUST_06215,0.908341885,1,too expensive,college student,standard,low,351.06,news junkie
CUST_06216,0.931241865,1,too expensive,working professional,premium,low,796.01,binge watcher
CUST_06217,0.612183903,1,too expensive,college student,premium,high,654.15,sports enthusiast
CUST_06218,0.70180912,1,none,retired individual,basic,high,169.25,casual viewer
CUST_06219,0.83467954,1,too expensive,working professional,basic,high,209.53,news junkie
CUST_06220,0.889637669,1,no time to watch,working professional,basic,low,206.05,sports enthusiast
CUST_06221,0.675829853,1,too expensive,working professional,premium,high,642.55,news junkie
CUST_06222,0.684723607,1,too expensive,retired individual,basic,high,205.43,family viewer
CUST_06223,0.833949374,1,too expensive,college student,premium,high,659.53,casual viewer
CUST_06224,0.856745032,1,too expensive,retired individual,standard,medium,373.79,sports enthusiast
CUST_06225,0.95214306,1,too expensive,retired individual,premium,low,754.23,sports enthusiast
CUST_06226,0.839512641,1,too expensive,college student,premium,low,777.02,casual viewer
CUST_06227,0.739015997,1,none,college student,standard,high,371.55,family viewer
CUST_06228,0.850750789,1,too expensive,working professional,standard,low,382.74,sports enthusiast
CUST_06229,0.778580611,1,none,retired individual,basic,medium,230.42,casual viewer
CUST_06230,0.777175998,1,no time to watch,college student,standard,high,419.48,sports enthusiast
CUST_06231,0.85033805,1,too expensive,retired individual,premium,low,744.26,casual viewer
CUST_06232,0.872115222,1,too expensive,working professional,premium,high,611.42,binge watcher
CUST_06233,0.701587273,1,switched to competitor,college student,standard,high,385.39,binge watcher
CUST_06234,0.839210622,1,none,college student,standard,high,338.83,binge watcher
CUST_06235,0.880235353,1,none,working professional,basic,high,206.75,sports enthusiast
CUST_06236,0.913668266,1,too expensive,working professional,standard,medium,460.1,sports enthusiast
CUST_06237,0.591901415,1,none,retired individual,standard,high,404.09,binge watcher
CUST_06238,0.914923109,1,too expensive,working professional,standard,high,463.95,binge watcher
CUST_06239,0.877638304,1,none,working professional,standard,low,388.97,sports enthusiast
CUST_06240,0.815179612,1,too expensive,school student,premium,medium,640.85,sports enthusiast
CUST_06241,0.759794309,1,none,working professional,standard,high,437.56,family viewer
CUST_06242,0.677793112,1,switched to competitor,retired individual,basic,high,204.54,sports enthusiast
CUST_06243,0.921480754,1,too expensive,college student,premium,high,781.54,casual viewer
CUST_06244,0.734170189,1,technical issues,retired individual,basic,medium,176.36,news junkie
CUST_06245,0.697935701,1,too expensive,retired individual,premium,medium,697.34,binge watcher
CUST_06246,0.691238156,1,technical issues,college student,standard,medium,402.28,sports enthusiast
CUST_06247,0.798444832,1,too expensive,college student,standard,high,408.94,news junkie
CUST_06248,0.805435817,1,too expensive,working professional,standard,high,334.05,news junkie
CUST_06249,0.869962189,1,too expensive,college student,premium,low,627.31,family viewer
CUST_06250,0.857687396,1,content not interesting,college student,basic,high,202.61,binge watcher
CUST_06251,0.89026606,1,none,college student,premium,high,785.71,family viewer
CUST_06252,0.753006313,1,content not interesting,retired individual,basic,high,207.75,binge watcher
CUST_06253,0.852258829,1,content not interesting,college student,basic,high,164.28,news junkie
CUST_06254,0.94440195,1,too expensive,college student,basic,low,195.65,news junkie
CUST_06255,0.647086238,1,switched to competitor,college student,standard,high,429.91,sports enthusiast
CUST_06256,0.956707451,1,too expensive,working professional,standard,low,449.38,sports enthusiast
CUST_06257,0.840837109,1,content not interesting,college student,standard,high,390.25,casual viewer
CUST_06258,0.558971026,1,technical issues,college student,basic,medium,146.62,sports enthusiast
CUST_06259,0.715530509,1,technical issues,college student,basic,low,243.42,casual viewer
CUST_06260,0.808774092,1,too expensive,school student,premium,low,770.59,binge watcher
CUST_06261,0.799200917,1,none,school student,basic,medium,207.23,binge watcher
CUST_06262,0.871241492,1,none,college student,standard,high,398.98,family viewer
CUST_06263,0.765712614,1,technical issues,college student,standard,low,386.14,family viewer
CUST_06264,0.710002407,1,no time to watch,working professional,standard,high,429.73,sports enthusiast
CUST_06265,0.800550244,1,none,college student,premium,high,765.79,casual viewer
CUST_06266,0.776039667,1,none,working professional,standard,high,423.74,sports enthusiast
CUST_06267,0.68406338,1,too expensive,retired individual,premium,high,664.02,family viewer
CUST_06268,0.870778441,1,too expensive,working professional,premium,medium,709.69,casual viewer
CUST_06269,0.853018669,1,technical issues,college student,basic,medium,229.07,binge watcher
CUST_06270,0.822129622,1,no time to watch,college student,basic,medium,168.44,family viewer
CUST_06271,0.914821898,1,too expensive,working professional,premium,high,704.26,binge watcher
CUST_06272,0.919213551,1,too expensive,college student,premium,medium,672.2,binge watcher
CUST_06273,0.94184781,1,too expensive,working professional,basic,medium,169.71,family viewer
CUST_06274,0.814422783,1,too expensive,college student,premium,high,625.15,sports enthusiast
CUST_06275,0.678572046,1,none,retired individual,standard,medium,351.16,casual viewer
CUST_06276,0.840445727,1,no time to watch,retired individual,basic,high,222.18,binge watcher
CUST_06277,0.710982489,1,too expensive,working professional,premium,medium,732.29,news junkie
CUST_06278,0.9172982,1,no time to watch,retired individual,standard,low,485.81,binge watcher
CUST_06279,0.724788336,1,too expensive,retired individual,premium,low,720.23,family viewer
CUST_06280,0.893307696,1,too expensive,college student,premium,medium,643.07,news junkie
CUST_06281,0.847234328,1,technical issues,college student,standard,low,451.55,family viewer
CUST_06282,0.87242398,1,too expensive,retired individual,premium,low,645.5,casual viewer
CUST_06283,0.76367278,1,technical issues,retired individual,standard,low,380.93,news junkie
CUST_06284,0.868262491,1,too expensive,working professional,standard,high,406.06,family viewer
CUST_06285,0.932424164,1,too expensive,school student,basic,low,195.15,casual viewer
CUST_06286,0.875753197,1,none,retired individual,standard,low,452.75,sports enthusiast
CUST_06287,0.839545007,1,technical issues,retired individual,basic,medium,166.69,sports enthusiast
CUST_06288,0.845513482,1,none,college student,premium,high,745.19,family viewer
CUST_06289,0.895569398,1,no time to watch,college student,standard,low,392.57,family viewer
CUST_06290,0.800893503,1,too expensive,retired individual,basic,medium,190.18,family viewer
CUST_06291,0.856209733,1,too expensive,college student,basic,high,211.18,casual viewer
CUST_06292,0.794883781,1,content not interesting,college student,standard,high,356.24,news junkie
CUST_06293,0.702081632,1,switched to competitor,college student,standard,high,351.35,casual viewer
CUST_06294,0.937841375,1,too expensive,retired individual,standard,low,421.52,binge watcher
CUST_06295,0.841957477,1,too expensive,college student,premium,high,726.81,news junkie
CUST_06296,0.749648143,1,too expensive,school student,premium,high,727.61,sports enthusiast
CUST_06297,0.765129011,1,technical issues,college student,basic,medium,242.81,sports enthusiast
CUST_06298,0.858034584,1,too expensive,retired individual,basic,high,173.97,sports enthusiast
CUST_06299,0.772352932,1,no time to watch,working professional,basic,low,184.94,binge watcher
CUST_06300,0.820249001,1,no time to watch,retired individual,standard,medium,405.19,news junkie
CUST_06301,0.883327824,1,no time to watch,school student,standard,low,407.08,sports enthusiast
CUST_06302,0.969887348,1,too expensive,working professional,standard,low,418.05,casual viewer
CUST_06303,0.864242067,1,too expensive,college student,premium,low,737.06,family viewer
CUST_06304,0.758822852,1,none,school student,premium,low,683.35,casual viewer
CUST_06305,0.86148906,1,too expensive,retired individual,premium,medium,768.52,sports enthusiast
CUST_06306,0.875882146,1,content not interesting,retired individual,standard,high,467.74,news junkie
CUST_06307,0.711141937,1,too expensive,retired individual,premium,high,615.17,binge watcher
CUST_06308,0.686639459,1,switched to competitor,working professional,standard,high,417.57,sports enthusiast
CUST_06309,0.943700641,1,too expensive,working professional,standard,low,467.74,binge watcher
CUST_06310,0.734979746,1,too expensive,college student,premium,medium,605.42,sports enthusiast
CUST_06311,0.703953656,1,content not interesting,college student,basic,high,176.07,casual viewer
CUST_06312,0.823539589,1,none,working professional,standard,medium,393.62,binge watcher
CUST_06313,0.89202442,1,too expensive,working professional,premium,high,767.45,binge watcher
CUST_06314,0.774800531,1,too expensive,retired individual,premium,medium,765.1,sports enthusiast
CUST_06315,0.742756428,1,none,working professional,standard,high,365.01,family viewer
CUST_06316,0.723122654,1,none,retired individual,basic,low,217.02,family viewer
CUST_06317,0.752640367,1,too expensive,retired individual,premium,high,603.33,news junkie
CUST_06318,0.935692576,1,too expensive,college student,standard,low,377.47,binge watcher
CUST_06319,0.675152229,1,switched to competitor,retired individual,standard,high,450.15,casual viewer
CUST_06320,0.689539597,1,content not interesting,school student,standard,high,409.24,binge watcher
CUST_06321,0.700159679,1,none,college student,basic,high,244.32,binge watcher
CUST_06322,0.658880423,1,none,college student,standard,medium,443.57,family viewer
CUST_06323,0.790605791,1,none,school student,premium,medium,682.34,binge watcher
CUST_06324,0.804023102,1,none,college student,standard,high,436.41,news junkie
CUST_06325,0.690949874,1,technical issues,college student,standard,medium,356.31,sports enthusiast
CUST_06326,0.714435847,1,too expensive,school student,premium,medium,666.2,binge watcher
CUST_06327,0.739402125,1,too expensive,college student,basic,high,211.72,casual viewer
CUST_06328,0.790146397,1,too expensive,college student,premium,high,637.68,binge watcher
CUST_06329,0.77971867,1,too expensive,working professional,premium,medium,745.4,family viewer
CUST_06330,0.816915902,1,technical issues,college student,standard,low,352.41,sports enthusiast
CUST_06331,0.748320934,1,too expensive,working professional,premium,medium,740.67,news junkie
CUST_06332,0.74326924,1,technical issues,retired individual,standard,medium,411.27,sports enthusiast
CUST_06333,0.713120835,1,too expensive,retired individual,premium,high,767.59,sports enthusiast
CUST_06334,0.760399614,1,none,college student,standard,high,469.07,sports enthusiast
CUST_06335,0.8158845,1,too expensive,working professional,premium,high,711.39,family viewer
CUST_06336,0.706934911,1,switched to competitor,working professional,standard,high,360.6,binge watcher
CUST_06337,0.830779365,1,too expensive,retired individual,premium,medium,712.42,casual viewer
CUST_06338,0.829276568,1,technical issues,college student,standard,medium,432.34,binge watcher
CUST_06339,0.867493212,1,technical issues,school student,basic,low,202.74,news junkie
CUST_06340,0.824561844,1,technical issues,college student,standard,low,409.24,casual viewer
CUST_06341,0.874331586,1,too expensive,college student,premium,high,600.82,family viewer
CUST_06342,0.676478085,1,too expensive,college student,premium,high,636.95,news junkie
CUST_06343,0.933933867,1,too expensive,retired individual,standard,low,349.2,casual viewer
CUST_06344,0.865560671,1,too expensive,college student,standard,high,363.01,casual viewer
CUST_06345,0.870366552,1,too expensive,college student,standard,low,352.53,sports enthusiast
CUST_06346,0.52971477,1,too expensive,college student,premium,high,710.21,family viewer
CUST_06347,0.857171805,1,too expensive,working professional,premium,high,677.41,casual viewer
CUST_06348,0.647674158,1,too expensive,college student,basic,medium,198.85,sports enthusiast
CUST_06349,0.608299487,1,switched to competitor,retired individual,standard,high,375.81,sports enthusiast
CUST_06350,0.709241877,1,too expensive,college student,premium,high,688.74,news junkie
CUST_06351,0.86109189,1,none,school student,premium,low,684.18,binge watcher
CUST_06352,0.815405263,1,too expensive,working professional,standard,high,438.06,family viewer
CUST_06353,0.742727882,1,no time to watch,retired individual,standard,high,396.42,binge watcher
CUST_06354,0.91347829,1,too expensive,college student,basic,high,228.49,family viewer
CUST_06355,0.867761203,1,too expensive,college student,premium,medium,685.85,family viewer
CUST_06356,0.810204361,1,too expensive,school student,premium,medium,619.41,binge watcher
CUST_06357,0.700553456,1,none,working professional,basic,high,183.38,casual viewer
CUST_06358,0.557357836,1,none,college student,basic,medium,257.9,sports enthusiast
CUST_06359,0.825934076,1,technical issues,college student,basic,low,216.69,binge watcher
CUST_06360,0.619088956,1,none,retired individual,premium,high,636.74,news junkie
CUST_06361,0.662001974,1,no time to watch,college student,standard,high,432.37,news junkie
CUST_06362,0.869292315,1,too expensive,retired individual,basic,high,197.24,news junkie
CUST_06363,0.780577646,1,too expensive,college student,premium,high,742.68,family viewer
CUST_06364,0.760475664,1,too expensive,retired individual,premium,high,751.66,sports enthusiast
CUST_06365,0.904564831,1,too expensive,working professional,standard,high,437.19,news junkie
CUST_06366,0.906685102,1,too expensive,working professional,premium,high,757.46,binge watcher
CUST_06367,0.883778179,1,too expensive,working professional,standard,high,367.26,news junkie
CUST_06368,0.728331476,1,too expensive,college student,premium,high,607.46,news junkie
CUST_06369,0.706539887,1,technical issues,retired individual,standard,low,421.62,binge watcher
CUST_06370,0.67484818,1,none,college student,premium,high,747.58,binge watcher
CUST_06371,0.744269063,1,switched to competitor,college student,standard,high,393.84,sports enthusiast
CUST_06372,0.838461497,1,no time to watch,working professional,standard,high,445.11,sports enthusiast
CUST_06373,0.801140666,1,too expensive,college student,standard,high,417.16,news junkie
CUST_06374,0.819264963,1,technical issues,college student,standard,low,368.09,news junkie
CUST_06375,0.851487232,1,switched to competitor,college student,standard,high,436.26,family viewer
CUST_06376,0.673062017,1,none,college student,standard,high,440.57,news junkie
CUST_06377,0.902917163,1,technical issues,school student,basic,low,249.76,casual viewer
CUST_06378,0.72875747,1,technical issues,school student,basic,medium,173.49,news junkie
CUST_06379,0.738975936,1,too expensive,retired individual,standard,medium,375.01,binge watcher
CUST_06380,0.829570487,1,none,college student,premium,high,603.83,binge watcher
CUST_06381,0.824456073,1,too expensive,retired individual,basic,high,164.06,casual viewer
CUST_06382,0.66135871,1,none,college student,premium,high,634.67,sports enthusiast
CUST_06383,0.94098099,1,too expensive,college student,basic,low,186.94,sports enthusiast
CUST_06384,0.802778446,1,no time to watch,retired individual,basic,high,200.08,sports enthusiast
CUST_06385,0.660834448,1,switched to competitor,college student,basic,high,181.46,binge watcher
CUST_06386,0.819977947,1,too expensive,college student,basic,high,155.28,sports enthusiast
CUST_06387,0.645357204,1,none,retired individual,standard,medium,434.37,casual viewer
CUST_06388,0.754852694,1,none,college student,premium,high,731.27,family viewer
CUST_06389,0.821539209,1,too expensive,retired individual,standard,high,415.73,casual viewer
CUST_06390,0.762250479,1,none,college student,premium,medium,696.99,casual viewer
CUST_06391,0.713188286,1,content not interesting,working professional,standard,high,423.61,family viewer
CUST_06392,0.712448507,1,technical issues,college student,basic,medium,164.92,casual viewer
CUST_06393,0.907080819,1,too expensive,retired individual,premium,medium,713.74,binge watcher
CUST_06394,0.900949457,1,too expensive,retired individual,basic,low,177.83,news junkie
CUST_06395,0.926861166,1,too expensive,working professional,basic,high,198.08,sports enthusiast
CUST_06396,0.847396522,1,no time to watch,working professional,standard,low,451.87,binge watcher
CUST_06397,0.845753789,1,none,retired individual,basic,high,231.01,family viewer
CUST_06398,0.572099307,1,too expensive,retired individual,premium,high,651.33,binge watcher
CUST_06399,0.896950717,1,too expensive,working professional,basic,high,147.62,news junkie
CUST_06400,0.859424515,1,too expensive,retired individual,standard,low,364.41,family viewer
CUST_06401,0.888647884,1,none,school student,premium,low,628.18,casual viewer
CUST_06402,0.774158766,1,none,college student,premium,high,622.33,family viewer
CUST_06403,0.864712836,1,none,retired individual,premium,high,630.2,family viewer
CUST_06404,0.843892467,1,too expensive,college student,premium,medium,745.73,sports enthusiast
CUST_06405,0.895453102,1,too expensive,working professional,basic,medium,186.05,news junkie
CUST_06406,0.675941865,1,too expensive,college student,premium,high,706.32,news junkie
CUST_06407,0.766287593,1,technical issues,working professional,basic,low,230.04,sports enthusiast
CUST_06408,0.870412473,1,too expensive,college student,standard,medium,326.96,casual viewer
CUST_06409,0.800713071,1,too expensive,working professional,basic,high,144.76,binge watcher
CUST_06410,0.87339884,1,technical issues,retired individual,basic,low,206.15,family viewer
CUST_06411,0.651609665,1,too expensive,school student,premium,high,663.51,family viewer
CUST_06412,0.738404017,1,none,college student,standard,high,427.79,sports enthusiast
CUST_06413,0.789213431,1,no time to watch,retired individual,standard,high,448.96,casual viewer
CUST_06414,0.821379187,1,too expensive,working professional,premium,high,798.11,sports enthusiast
CUST_06415,0.884042855,1,none,retired individual,basic,high,259.42,binge watcher
CUST_06416,0.748328875,1,none,working professional,basic,high,160.99,family viewer
CUST_06417,0.767254067,1,technical issues,college student,standard,low,436.83,news junkie
CUST_06418,0.819809421,1,none,retired individual,standard,low,460.15,family viewer
CUST_06419,0.850684499,1,no time to watch,school student,basic,low,186.91,family viewer
CUST_06420,0.915234639,1,too expensive,retired individual,standard,high,353.17,casual viewer
CUST_06421,0.899307636,1,no time to watch,working professional,basic,high,178.42,sports enthusiast
CUST_06422,0.731744392,1,too expensive,college student,premium,medium,608.6,family viewer
CUST_06423,0.908754953,1,too expensive,working professional,premium,medium,681.7,sports enthusiast
CUST_06424,0.563955283,1,none,college student,premium,high,594.51,news junkie
CUST_06425,0.81288175,1,too expensive,school student,basic,high,171.35,casual viewer
CUST_06426,0.837556821,1,too expensive,college student,standard,high,341.41,casual viewer
CUST_06427,0.885710461,1,too expensive,working professional,basic,high,224.17,news junkie
CUST_06428,0.661868241,1,none,school student,premium,high,608.65,casual viewer
CUST_06429,0.785216306,1,too expensive,retired individual,premium,medium,774.09,news junkie
CUST_06430,0.843135132,1,too expensive,college student,premium,medium,612.44,binge watcher
CUST_06431,0.86575409,1,too expensive,college student,standard,medium,352.35,casual viewer
CUST_06432,0.669359818,1,no time to watch,college student,basic,high,182.75,family viewer
CUST_06433,0.715579647,1,content not interesting,retired individual,standard,high,429.99,sports enthusiast
CUST_06434,0.899618664,1,too expensive,retired individual,premium,low,786.73,binge watcher
CUST_06435,0.751104372,1,content not interesting,college student,basic,high,191.36,casual viewer
CUST_06436,0.757466144,1,no time to watch,college student,standard,medium,365.04,sports enthusiast
CUST_06437,0.58083411,1,switched to competitor,college student,standard,high,406.77,news junkie
CUST_06438,0.859346838,1,content not interesting,retired individual,standard,high,415.11,news junkie
CUST_06439,0.706486688,1,too expensive,college student,premium,high,678.69,sports enthusiast
CUST_06440,0.908519219,1,too expensive,college student,basic,high,224.44,sports enthusiast
CUST_06441,0.753205609,1,too expensive,college student,basic,high,223.43,binge watcher
CUST_06442,0.826640579,1,none,school student,basic,high,202.53,sports enthusiast
CUST_06443,0.759395413,1,too expensive,retired individual,premium,high,642.04,sports enthusiast
CUST_06444,0.856954339,1,too expensive,college student,standard,high,387.58,family viewer
CUST_06445,0.829437297,1,too expensive,working professional,premium,high,645.37,binge watcher
CUST_06446,0.632803169,1,switched to competitor,school student,basic,high,207.06,news junkie
CUST_06447,0.860184108,1,none,retired individual,premium,medium,705.34,casual viewer
CUST_06448,0.896380271,1,too expensive,retired individual,standard,medium,373.34,casual viewer
CUST_06449,0.740574362,1,too expensive,college student,premium,medium,779.91,sports enthusiast
CUST_06450,0.806739565,1,too expensive,retired individual,standard,high,485.42,family viewer
CUST_06451,0.851934081,1,too expensive,college student,premium,high,797.05,sports enthusiast
CUST_06452,0.822555277,1,none,retired individual,standard,high,437.77,binge watcher
CUST_06453,0.845005038,1,too expensive,school student,standard,high,419.76,sports enthusiast
CUST_06454,0.906281947,1,too expensive,college student,standard,low,463.67,sports enthusiast
CUST_06455,0.733542866,1,content not interesting,retired individual,standard,high,412.43,casual viewer
CUST_06456,0.8121139,1,too expensive,retired individual,premium,medium,631.73,news junkie
CUST_06457,0.884408422,1,no time to watch,working professional,standard,low,403.64,binge watcher
CUST_06458,0.709626299,1,none,working professional,premium,medium,769.99,news junkie
CUST_06459,0.813035827,1,too expensive,retired individual,premium,medium,693.33,binge watcher
CUST_06460,0.726118618,1,too expensive,college student,premium,high,690.07,family viewer
CUST_06461,0.87649278,1,too expensive,working professional,basic,low,192.6,family viewer
CUST_06462,0.783591162,1,technical issues,college student,basic,low,157.26,family viewer
CUST_06463,0.919561529,1,too expensive,college student,basic,high,253.67,sports enthusiast
CUST_06464,0.837478903,1,switched to competitor,college student,basic,high,151.32,casual viewer
CUST_06465,0.851287182,1,switched to competitor,school student,standard,high,402.72,sports enthusiast
CUST_06466,0.62598542,1,switched to competitor,college student,standard,high,440.98,sports enthusiast
CUST_06467,0.75730018,1,too expensive,retired individual,standard,medium,348.72,sports enthusiast
CUST_06468,0.856195076,1,no time to watch,school student,standard,high,449.08,sports enthusiast
CUST_06469,0.807024721,1,technical issues,college student,standard,low,366.96,family viewer
CUST_06470,0.782585321,1,switched to competitor,working professional,basic,high,202.57,family viewer
CUST_06471,0.753281116,1,none,retired individual,premium,high,765.16,family viewer
CUST_06472,0.694369236,1,too expensive,working professional,premium,high,674.46,binge watcher
CUST_06473,0.795882287,1,switched to competitor,school student,standard,high,339.39,family viewer
CUST_06474,0.639703053,1,too expensive,working professional,premium,medium,706.85,casual viewer
CUST_06475,0.886074052,1,none,working professional,standard,low,401.35,news junkie
CUST_06476,0.886572684,1,too expensive,working professional,standard,medium,397.8,sports enthusiast
CUST_06477,0.557938409,1,none,retired individual,basic,high,149.56,news junkie
CUST_06478,0.785602358,1,too expensive,working professional,premium,medium,757.99,binge watcher
CUST_06479,0.900925728,1,no time to watch,college student,standard,low,396.16,casual viewer
CUST_06480,0.649510502,1,switched to competitor,college student,basic,high,171.72,sports enthusiast
CUST_06481,0.928737919,1,too expensive,college student,standard,medium,459.23,casual viewer
CUST_06482,0.84499313,1,too expensive,college student,premium,low,636.79,casual viewer
CUST_06483,0.906601233,1,too expensive,college student,premium,medium,802.7,binge watcher
CUST_06484,0.639263343,1,switched to competitor,working professional,basic,high,218.67,news junkie
CUST_06485,0.820194451,1,technical issues,college student,basic,low,164.86,casual viewer
CUST_06486,0.814815381,1,too expensive,retired individual,standard,high,414.27,sports enthusiast
CUST_06487,0.754774683,1,too expensive,working professional,premium,high,773.09,casual viewer
CUST_06488,0.843826973,1,no time to watch,working professional,basic,high,162.77,sports enthusiast
CUST_06489,0.810501442,1,technical issues,working professional,standard,low,471.72,sports enthusiast
CUST_06490,0.859903034,1,too expensive,college student,standard,medium,376.32,binge watcher
CUST_06491,0.924874073,1,too expensive,college student,basic,high,208.53,casual viewer
CUST_06492,0.957081544,1,too expensive,school student,basic,low,194.69,casual viewer
CUST_06493,0.83425666,1,too expensive,working professional,premium,high,607.41,sports enthusiast
CUST_06494,0.839694973,1,too expensive,working professional,standard,medium,409.52,casual viewer
CUST_06495,0.854079742,1,too expensive,working professional,standard,low,382.85,casual viewer
CUST_06496,0.718553622,1,no time to watch,working professional,standard,high,364.81,family viewer
CUST_06497,0.812760725,1,content not interesting,retired individual,basic,high,215.59,sports enthusiast
CUST_06498,0.887490159,1,none,working professional,basic,medium,155.72,binge watcher
CUST_06499,0.844611889,1,too expensive,college student,premium,low,664.2,sports enthusiast
CUST_06500,0.871483901,1,too expensive,college student,standard,medium,410.22,casual viewer
CUST_06501,0.826484028,1,too expensive,working professional,premium,medium,645.08,casual viewer
CUST_06502,0.672278785,1,technical issues,retired individual,basic,medium,218.99,sports enthusiast
CUST_06503,0.743663417,1,technical issues,college student,basic,medium,179.2,news junkie
CUST_06504,0.795679373,1,technical issues,working professional,standard,medium,376.72,family viewer
CUST_06505,0.87520803,1,too expensive,retired individual,standard,medium,442.69,binge watcher
CUST_06506,0.886052843,1,too expensive,working professional,premium,medium,796.84,family viewer
CUST_06507,0.630404151,1,none,college student,standard,high,435.78,news junkie
CUST_06508,0.674566819,1,too expensive,retired individual,premium,medium,627.09,sports enthusiast
CUST_06509,0.812036965,1,no time to watch,working professional,standard,high,381.97,family viewer
CUST_06510,0.646297673,1,no time to watch,school student,basic,high,214.35,casual viewer
CUST_06511,0.847909869,1,no time to watch,school student,standard,high,431.57,casual viewer
CUST_06512,0.784546461,1,switched to competitor,college student,basic,high,188.65,family viewer
CUST_06513,0.936121239,1,too expensive,working professional,premium,low,797.86,family viewer
CUST_06514,0.826747685,1,none,college student,standard,low,435.4,family viewer
CUST_06515,0.608170529,1,none,college student,standard,high,349.07,casual viewer
CUST_06516,0.85424351,1,no time to watch,college student,standard,medium,421.69,family viewer
CUST_06517,0.833916554,1,technical issues,working professional,standard,medium,367.94,news junkie
CUST_06518,0.75957521,1,no time to watch,working professional,standard,high,388.19,casual viewer
CUST_06519,0.621449271,1,switched to competitor,college student,basic,high,208.35,sports enthusiast
CUST_06520,0.763866922,1,no time to watch,working professional,standard,medium,362.13,casual viewer
CUST_06521,0.786952279,1,technical issues,working professional,basic,medium,251.32,news junkie
CUST_06522,0.75363466,1,no time to watch,college student,basic,medium,224.5,casual viewer
CUST_06523,0.654233953,1,none,college student,premium,high,712.78,binge watcher
CUST_06524,0.89750896,1,too expensive,college student,premium,low,798.31,sports enthusiast
CUST_06525,0.559390946,1,too expensive,school student,premium,high,673.89,binge watcher
CUST_06526,0.833052138,1,none,retired individual,premium,low,700.52,binge watcher
CUST_06527,0.758315322,1,none,college student,basic,medium,205.2,news junkie
CUST_06528,0.801433042,1,too expensive,retired individual,standard,high,407.06,family viewer
CUST_06529,0.657005195,1,content not interesting,college student,standard,high,388.66,sports enthusiast
CUST_06530,0.825433699,1,none,college student,basic,high,188.09,news junkie
CUST_06531,0.8530082,1,no time to watch,working professional,standard,medium,400.65,sports enthusiast
CUST_06532,0.824798722,1,too expensive,college student,premium,high,776.34,casual viewer
CUST_06533,0.876095689,1,too expensive,college student,basic,high,171.63,casual viewer
CUST_06534,0.805706485,1,too expensive,college student,premium,low,637.57,casual viewer
CUST_06535,0.882007672,1,technical issues,school student,standard,low,418.32,family viewer
CUST_06536,0.585792601,1,none,school student,premium,high,750.42,family viewer
CUST_06537,0.750539611,1,switched to competitor,college student,basic,high,178.33,sports enthusiast
CUST_06538,0.859048356,1,too expensive,school student,basic,high,194.28,sports enthusiast
CUST_06539,0.77363572,1,content not interesting,college student,standard,high,417.46,sports enthusiast
CUST_06540,0.874379954,1,none,working professional,standard,medium,366.49,sports enthusiast
CUST_06541,0.850228013,1,too expensive,college student,standard,medium,444.62,casual viewer
CUST_06542,0.78640801,1,none,retired individual,basic,medium,194.74,news junkie
CUST_06543,0.657457026,1,too expensive,school student,premium,high,625.67,news junkie
CUST_06544,0.844839845,1,no time to watch,working professional,basic,low,196.99,news junkie
CUST_06545,0.851480958,1,none,working professional,standard,medium,418.97,news junkie
CUST_06546,0.721797459,1,technical issues,retired individual,standard,low,345.25,news junkie
CUST_06547,0.664865186,1,too expensive,college student,premium,high,614.91,family viewer
CUST_06548,0.908337652,1,too expensive,retired individual,standard,medium,417.71,casual viewer
CUST_06549,0.731289799,1,none,working professional,premium,high,783.93,binge watcher
CUST_06550,0.545112931,1,switched to competitor,retired individual,standard,high,379.42,news junkie
CUST_06551,0.917015787,1,technical issues,working professional,standard,medium,414.31,casual viewer
CUST_06552,0.929381919,1,too expensive,working professional,premium,medium,730.36,casual viewer
CUST_06553,0.810182458,1,too expensive,working professional,basic,high,198.89,sports enthusiast
CUST_06554,0.803786181,1,none,working professional,standard,high,406.38,binge watcher
CUST_06555,0.816272827,1,switched to competitor,working professional,standard,high,398.16,binge watcher
CUST_06556,0.81590135,1,technical issues,school student,standard,low,378.85,family viewer
CUST_06557,0.913964398,1,too expensive,working professional,premium,medium,698.76,sports enthusiast
CUST_06558,0.805877046,1,none,school student,premium,medium,802.61,sports enthusiast
CUST_06559,0.729868926,1,none,working professional,standard,high,340.42,news junkie
CUST_06560,0.761079187,1,none,working professional,basic,high,163.88,casual viewer
CUST_06561,0.652228185,1,too expensive,retired individual,premium,high,776.06,binge watcher
CUST_06562,0.845338978,1,too expensive,college student,basic,low,212.35,sports enthusiast
CUST_06563,0.846747067,1,too expensive,retired individual,premium,medium,784.65,sports enthusiast
CUST_06564,0.795550234,1,too expensive,retired individual,premium,medium,620.18,binge watcher
CUST_06565,0.871729187,1,too expensive,working professional,standard,high,387.78,binge watcher
CUST_06566,0.715897856,1,none,school student,premium,low,624.46,news junkie
CUST_06567,0.734969812,1,technical issues,retired individual,standard,medium,370.63,family viewer
CUST_06568,0.82222883,1,too expensive,working professional,premium,high,676.27,news junkie
CUST_06569,0.865934664,1,too expensive,college student,premium,medium,690,sports enthusiast
CUST_06570,0.679246304,1,too expensive,retired individual,premium,high,758.82,news junkie
CUST_06571,0.886014409,1,technical issues,college student,standard,low,456.27,binge watcher
CUST_06572,0.830192732,1,too expensive,working professional,premium,high,759.33,binge watcher
CUST_06573,0.537635828,1,none,college student,standard,high,416.17,binge watcher
CUST_06574,0.884180253,1,too expensive,college student,basic,medium,217.38,family viewer
CUST_06575,0.749545295,1,none,college student,standard,high,411.71,sports enthusiast
CUST_06576,0.844126592,1,technical issues,college student,basic,medium,191.9,family viewer
CUST_06577,0.756855339,1,none,working professional,standard,medium,391.47,casual viewer
CUST_06578,0.712137022,1,no time to watch,college student,standard,medium,368.19,casual viewer
CUST_06579,0.793284481,1,too expensive,school student,premium,high,606.09,casual viewer
CUST_06580,0.890809617,1,too expensive,school student,basic,medium,200.16,family viewer
CUST_06581,0.71172903,1,none,retired individual,standard,high,363.47,binge watcher
CUST_06582,0.908418678,1,too expensive,school student,standard,medium,419.13,news junkie
CUST_06583,0.748635809,1,none,college student,standard,high,371.1,casual viewer
CUST_06584,0.843455001,1,none,college student,basic,medium,219.93,news junkie
CUST_06585,0.780058089,1,no time to watch,retired individual,basic,high,236.96,news junkie
CUST_06586,0.865324079,1,none,retired individual,premium,high,777.18,binge watcher
CUST_06587,0.873354453,1,content not interesting,college student,standard,high,426.47,family viewer
CUST_06588,0.70814829,1,none,school student,premium,medium,632.95,casual viewer
CUST_06589,0.782657475,1,too expensive,school student,premium,high,687.61,binge watcher
CUST_06590,0.811548555,1,no time to watch,college student,standard,low,388.85,news junkie
CUST_06591,0.779615767,1,too expensive,retired individual,premium,high,786.57,family viewer
CUST_06592,0.756292272,1,technical issues,college student,standard,medium,395.85,family viewer
CUST_06593,0.873602889,1,too expensive,retired individual,standard,low,418.91,binge watcher
CUST_06594,0.787518404,1,too expensive,college student,standard,high,440.76,casual viewer
CUST_06595,0.57372098,1,none,retired individual,standard,high,400.03,casual viewer
CUST_06596,0.858101497,1,content not interesting,school student,standard,high,435.6,binge watcher
CUST_06597,0.717164882,1,technical issues,college student,standard,medium,427.18,family viewer
CUST_06598,0.830371024,1,too expensive,working professional,premium,high,772.45,binge watcher
CUST_06599,0.746532605,1,none,working professional,standard,high,391.6,news junkie
CUST_06600,0.744003181,1,technical issues,school student,standard,medium,407.39,news junkie
CUST_06601,0.737372673,1,no time to watch,college student,basic,low,229.54,sports enthusiast
CUST_06602,0.838591897,1,too expensive,college student,basic,high,184.45,news junkie
CUST_06603,0.950958329,1,too expensive,retired individual,premium,medium,641.93,casual viewer
CUST_06604,0.756094221,1,no time to watch,working professional,standard,medium,412.71,news junkie
CUST_06605,0.803002177,1,content not interesting,college student,basic,high,231.58,casual viewer
CUST_06606,0.898167855,1,too expensive,college student,standard,high,325.94,binge watcher
CUST_06607,0.864080101,1,too expensive,retired individual,premium,medium,690.68,family viewer
CUST_06608,0.932903013,1,none,school student,basic,low,181.25,news junkie
CUST_06609,0.582601157,1,none,retired individual,premium,high,769.46,sports enthusiast
CUST_06610,0.792564865,1,no time to watch,retired individual,standard,high,361.67,casual viewer
CUST_06611,0.573007587,1,none,college student,premium,medium,607.4,family viewer
CUST_06612,0.817837172,1,too expensive,retired individual,standard,high,351.13,news junkie
CUST_06613,0.865904836,1,too expensive,working professional,basic,medium,231.24,news junkie
CUST_06614,0.777015276,1,none,school student,premium,high,622.82,casual viewer
CUST_06615,0.675516035,1,no time to watch,college student,standard,high,400.42,casual viewer
CUST_06616,0.850870749,1,too expensive,working professional,premium,medium,735.66,family viewer
CUST_06617,0.640190704,1,too expensive,college student,premium,medium,617.01,binge watcher
CUST_06618,0.736791715,1,technical issues,school student,standard,medium,442.28,family viewer
CUST_06619,0.899360428,1,too expensive,college student,standard,low,339.58,news junkie
CUST_06620,0.79850294,1,none,college student,standard,high,386.96,family viewer
CUST_06621,0.79893381,1,technical issues,college student,basic,medium,189.87,sports enthusiast
CUST_06622,0.802464797,1,technical issues,college student,premium,medium,591.54,news junkie
CUST_06623,0.730462858,1,too expensive,school student,standard,high,462.44,sports enthusiast
CUST_06624,0.645017747,1,content not interesting,college student,basic,high,203.94,binge watcher
CUST_06625,0.709636705,1,switched to competitor,school student,basic,high,199.67,sports enthusiast
CUST_06626,0.863233467,1,too expensive,college student,basic,high,211.15,binge watcher
CUST_06627,0.894704154,1,no time to watch,college student,basic,high,229.18,binge watcher
CUST_06628,0.804179741,1,no time to watch,working professional,basic,high,252.65,news junkie
CUST_06629,0.731449903,1,too expensive,school student,premium,medium,629.98,family viewer
CUST_06630,0.800224615,1,no time to watch,working professional,basic,medium,201.42,news junkie
CUST_06631,0.69196648,1,none,retired individual,basic,high,185.96,casual viewer
CUST_06632,0.756793033,1,none,college student,basic,medium,246.29,family viewer
CUST_06633,0.848462811,1,no time to watch,working professional,basic,medium,177.36,sports enthusiast
CUST_06634,0.891420791,1,too expensive,school student,basic,low,180.18,casual viewer
CUST_06635,0.873060448,1,too expensive,retired individual,premium,low,793.27,family viewer
CUST_06636,0.858117113,1,too expensive,college student,premium,medium,756.6,sports enthusiast
CUST_06637,0.716846587,1,no time to watch,retired individual,standard,high,359.64,news junkie
CUST_06638,0.869585384,1,technical issues,college student,standard,low,365.77,binge watcher
CUST_06639,0.89976745,1,too expensive,working professional,premium,high,635.8,casual viewer
CUST_06640,0.92377463,1,too expensive,college student,premium,low,633.66,family viewer
CUST_06641,0.775552871,1,none,college student,basic,high,199.4,family viewer
CUST_06642,0.804353807,1,too expensive,college student,basic,medium,200.08,family viewer
CUST_06643,0.695589824,1,too expensive,working professional,premium,high,690.87,news junkie
CUST_06644,0.646927661,1,too expensive,school student,premium,high,672.28,news junkie
CUST_06645,0.846167604,1,content not interesting,school student,basic,high,185.71,family viewer
CUST_06646,0.78253566,1,no time to watch,working professional,basic,high,247.71,sports enthusiast
CUST_06647,0.862985397,1,no time to watch,college student,basic,high,207.92,binge watcher
CUST_06648,0.918767935,1,too expensive,college student,standard,medium,446.59,sports enthusiast
CUST_06649,0.864759323,1,none,working professional,standard,high,350.9,binge watcher
CUST_06650,0.848868614,1,switched to competitor,college student,basic,high,214.04,binge watcher
CUST_06651,0.85057141,1,too expensive,school student,basic,high,190.25,family viewer
CUST_06652,0.774181986,1,none,retired individual,standard,high,343.8,casual viewer
CUST_06653,0.504757501,1,switched to competitor,college student,standard,high,346.65,family viewer
CUST_06654,0.865267589,1,too expensive,retired individual,standard,high,406.74,casual viewer
CUST_06655,0.82249794,1,no time to watch,retired individual,standard,high,367.42,casual viewer
CUST_06656,0.785725975,1,too expensive,school student,basic,high,167.94,binge watcher
CUST_06657,0.712837808,1,none,retired individual,premium,low,727.19,casual viewer
CUST_06658,0.873313509,1,too expensive,school student,standard,high,462.18,family viewer
CUST_06659,0.842795969,1,too expensive,retired individual,standard,low,465.42,binge watcher
CUST_06660,0.913237162,1,too expensive,retired individual,basic,low,203.64,family viewer
CUST_06661,0.675847872,1,switched to competitor,retired individual,basic,high,174.38,news junkie
CUST_06662,0.884571553,1,too expensive,college student,standard,medium,466.96,news junkie
CUST_06663,0.764426394,1,too expensive,school student,premium,high,644.58,casual viewer
CUST_06664,0.863499441,1,too expensive,working professional,basic,low,225.87,family viewer
CUST_06665,0.79936078,1,technical issues,school student,standard,low,429.04,family viewer
CUST_06666,0.800359792,1,none,college student,basic,low,187.97,family viewer
CUST_06667,0.741960364,1,switched to competitor,retired individual,standard,high,442.75,family viewer
CUST_06668,0.710679991,1,none,working professional,basic,high,212,news junkie
CUST_06669,0.728322832,1,too expensive,college student,premium,medium,627.16,sports enthusiast
CUST_06670,0.826277376,1,none,retired individual,premium,low,633.72,family viewer
CUST_06671,0.66656773,1,none,school student,standard,low,427.15,casual viewer
CUST_06672,0.805022006,1,none,school student,premium,high,747.78,casual viewer
CUST_06673,0.798620979,1,none,retired individual,premium,high,679.35,binge watcher
CUST_06674,0.742858407,1,none,retired individual,premium,high,709.05,casual viewer
CUST_06675,0.806053589,1,none,retired individual,basic,low,220.29,news junkie
CUST_06676,0.753224157,1,none,college student,standard,high,445.92,sports enthusiast
CUST_06677,0.862727666,1,too expensive,working professional,standard,medium,375.56,sports enthusiast
CUST_06678,0.922314425,1,too expensive,working professional,premium,low,617.58,binge watcher
CUST_06679,0.90444393,1,too expensive,retired individual,premium,low,637.33,news junkie
CUST_06680,0.63920039,1,none,college student,basic,high,202.81,family viewer
CUST_06681,0.789800277,1,too expensive,working professional,premium,low,604.85,casual viewer
CUST_06682,0.670081179,1,too expensive,retired individual,premium,high,710.74,news junkie
CUST_06683,0.751713211,1,too expensive,retired individual,basic,high,181.56,family viewer
CUST_06684,0.799573311,1,technical issues,retired individual,basic,low,200.22,casual viewer
CUST_06685,0.883258039,1,none,college student,standard,low,394.95,news junkie
CUST_06686,0.735978238,1,none,working professional,standard,high,461.43,sports enthusiast
CUST_06687,0.690673498,1,too expensive,college student,basic,high,199.7,binge watcher
CUST_06688,0.867861711,1,too expensive,college student,standard,medium,429.47,binge watcher
CUST_06689,0.664238038,1,none,working professional,basic,high,205.22,news junkie
CUST_06690,0.709917259,1,too expensive,working professional,premium,high,634.18,family viewer
CUST_06691,0.72160536,1,none,working professional,standard,high,434.21,binge watcher
CUST_06692,0.818467796,1,too expensive,retired individual,basic,high,161.82,news junkie
CUST_06693,0.638574605,1,no time to watch,college student,basic,high,180.13,casual viewer
CUST_06694,0.793920876,1,technical issues,retired individual,standard,low,434.03,news junkie
CUST_06695,0.739394642,1,technical issues,college student,basic,medium,175.73,casual viewer
CUST_06696,0.939100772,1,too expensive,working professional,standard,medium,450.4,casual viewer
CUST_06697,0.64127442,1,none,college student,standard,high,366.56,casual viewer
CUST_06698,0.699430219,1,none,retired individual,premium,medium,618.74,news junkie
CUST_06699,0.885090067,1,too expensive,working professional,basic,high,208.02,binge watcher
CUST_06700,0.672737222,1,none,retired individual,premium,high,701.16,family viewer
CUST_06701,0.832860182,1,none,school student,basic,low,162.45,family viewer
CUST_06702,0.872410016,1,no time to watch,working professional,basic,low,214.4,family viewer
CUST_06703,0.769796685,1,too expensive,college student,standard,high,360.48,sports enthusiast
CUST_06704,0.902387725,1,too expensive,retired individual,basic,medium,245.31,news junkie
CUST_06705,0.887258439,1,none,retired individual,standard,low,417.15,binge watcher
CUST_06706,0.596067351,1,no time to watch,retired individual,standard,high,366.07,binge watcher
CUST_06707,0.835886176,1,none,retired individual,standard,high,363.26,news junkie
CUST_06708,0.922878842,1,too expensive,working professional,premium,high,614.44,binge watcher
CUST_06709,0.881873715,1,too expensive,working professional,basic,medium,182.34,casual viewer
CUST_06710,0.808814074,1,too expensive,retired individual,premium,medium,653.53,family viewer
CUST_06711,0.706105663,1,technical issues,college student,standard,medium,357.02,sports enthusiast
CUST_06712,0.901252287,1,technical issues,retired individual,standard,low,447.45,news junkie
CUST_06713,0.903120195,1,none,working professional,standard,high,349.18,binge watcher
CUST_06714,0.884184514,1,too expensive,college student,basic,low,193.8,sports enthusiast
CUST_06715,0.759512111,1,no time to watch,college student,standard,high,449.37,sports enthusiast
CUST_06716,0.782549592,1,technical issues,college student,basic,medium,212.34,binge watcher
CUST_06717,0.79985327,1,technical issues,college student,standard,medium,353.49,casual viewer
CUST_06718,0.804359821,1,none,school student,premium,medium,765.63,casual viewer
CUST_06719,0.883277833,1,no time to watch,working professional,standard,low,417.36,family viewer
CUST_06720,0.887832381,1,no time to watch,college student,standard,low,480.39,family viewer
CUST_06721,0.777156478,1,too expensive,retired individual,premium,medium,684.17,casual viewer
CUST_06722,0.67649164,1,technical issues,college student,standard,medium,443.43,sports enthusiast
CUST_06723,0.706185644,1,no time to watch,college student,standard,high,435.81,binge watcher
CUST_06724,0.861527608,1,no time to watch,retired individual,standard,low,469.61,casual viewer
CUST_06725,0.872456408,1,content not interesting,college student,basic,high,185.85,casual viewer
CUST_06726,0.855739463,1,too expensive,working professional,premium,high,614.49,casual viewer
CUST_06727,0.751833455,1,none,college student,premium,high,660.99,binge watcher
CUST_06728,0.722523879,1,technical issues,college student,standard,medium,427.87,news junkie
CUST_06729,0.873364265,1,too expensive,college student,basic,high,190.07,casual viewer
CUST_06730,0.864816824,1,none,retired individual,standard,low,363.56,casual viewer
CUST_06731,0.896899605,1,too expensive,college student,basic,high,172.58,binge watcher
CUST_06732,0.712762425,1,switched to competitor,college student,standard,high,364.42,binge watcher
CUST_06733,0.886131967,1,too expensive,college student,premium,high,678.36,binge watcher
CUST_06734,0.865429186,1,no time to watch,working professional,standard,medium,374.58,binge watcher
CUST_06735,0.751648179,1,too expensive,college student,basic,medium,158.32,casual viewer
CUST_06736,0.862887277,1,technical issues,working professional,standard,low,447.38,binge watcher
CUST_06737,0.898078064,1,none,working professional,premium,low,791.98,news junkie
CUST_06738,0.618840066,1,no time to watch,college student,standard,high,411.61,family viewer
CUST_06739,0.91086689,1,too expensive,retired individual,premium,low,655.55,binge watcher
CUST_06740,0.859339123,1,technical issues,school student,basic,medium,231.78,casual viewer
CUST_06741,0.845846579,1,technical issues,college student,standard,low,366.51,sports enthusiast
CUST_06742,0.900636348,1,too expensive,working professional,premium,low,606.43,sports enthusiast
CUST_06743,0.798381962,1,none,college student,standard,low,352.92,family viewer
CUST_06744,0.806912997,1,too expensive,retired individual,premium,low,680.59,family viewer
CUST_06745,0.639736391,1,switched to competitor,school student,basic,high,177.6,binge watcher
CUST_06746,0.677105945,1,none,college student,premium,high,689.06,casual viewer
CUST_06747,0.72993237,1,too expensive,retired individual,premium,high,629.19,news junkie
CUST_06748,0.682687162,1,none,retired individual,basic,medium,177.96,casual viewer
CUST_06749,0.758359529,1,switched to competitor,retired individual,standard,high,397.57,binge watcher
CUST_06750,0.913683469,1,none,working professional,premium,medium,713.71,sports enthusiast
CUST_06751,0.615661721,1,none,college student,premium,high,690.71,casual viewer
CUST_06752,0.915984748,1,too expensive,working professional,premium,medium,686.78,family viewer
CUST_06753,0.636226757,1,no time to watch,working professional,basic,high,159.89,news junkie
CUST_06754,0.80072402,1,none,college student,premium,high,804.77,casual viewer
CUST_06755,0.870803601,1,too expensive,college student,premium,low,732.38,news junkie
CUST_06756,0.801032467,1,too expensive,college student,premium,high,691.61,binge watcher
CUST_06757,0.774255111,1,too expensive,college student,premium,medium,664.67,casual viewer
CUST_06758,0.904341164,1,too expensive,working professional,standard,low,397.39,family viewer
CUST_06759,0.929370534,1,too expensive,working professional,standard,high,368.98,casual viewer
CUST_06760,0.66984306,1,none,working professional,premium,high,710.18,binge watcher
CUST_06761,0.846205208,1,too expensive,retired individual,basic,medium,167.15,news junkie
CUST_06762,0.786796928,1,technical issues,college student,basic,medium,212.13,family viewer
CUST_06763,0.763290166,1,technical issues,college student,standard,low,419.84,binge watcher
CUST_06764,0.891931792,1,technical issues,college student,standard,low,399.17,binge watcher
CUST_06765,0.650038141,1,switched to competitor,college student,basic,high,216.36,casual viewer
CUST_06766,0.61874669,1,none,college student,basic,medium,156.9,news junkie
CUST_06767,0.920498147,1,too expensive,retired individual,premium,low,685.28,news junkie
CUST_06768,0.918610827,1,too expensive,retired individual,premium,low,650.58,sports enthusiast
CUST_06769,0.742810899,1,switched to competitor,school student,standard,high,368.34,casual viewer
CUST_06770,0.755947763,1,technical issues,college student,standard,low,373.17,sports enthusiast
CUST_06771,0.869081368,1,no time to watch,working professional,standard,high,423.39,casual viewer
CUST_06772,0.803143465,1,none,college student,standard,high,353.06,sports enthusiast
CUST_06773,0.807366348,1,content not interesting,college student,basic,high,199.05,family viewer
CUST_06774,0.854260559,1,too expensive,working professional,standard,high,427.42,sports enthusiast
CUST_06775,0.886151405,1,too expensive,college student,standard,high,362.52,family viewer
CUST_06776,0.895961564,1,none,working professional,standard,low,434.95,family viewer
CUST_06777,0.832523515,1,too expensive,working professional,standard,medium,417.87,family viewer
CUST_06778,0.567460348,1,switched to competitor,college student,basic,high,178.37,news junkie
CUST_06779,0.800476118,1,no time to watch,working professional,standard,high,397.46,casual viewer
CUST_06780,0.870100554,1,too expensive,college student,premium,high,737.88,family viewer
CUST_06781,0.757881614,1,content not interesting,retired individual,premium,high,596.8,news junkie
CUST_06782,0.747140035,1,too expensive,college student,standard,high,351.52,news junkie
CUST_06783,0.618674063,1,switched to competitor,retired individual,standard,high,363.11,casual viewer
CUST_06784,0.843501393,1,too expensive,retired individual,premium,medium,683.55,sports enthusiast
CUST_06785,0.542266372,1,too expensive,college student,premium,high,721.49,family viewer
CUST_06786,0.810371723,1,no time to watch,college student,basic,high,211.84,news junkie
CUST_06787,0.816176402,1,too expensive,college student,premium,medium,746.04,casual viewer
CUST_06788,0.771327632,1,none,college student,standard,high,404.71,news junkie
CUST_06789,0.88909481,1,none,working professional,premium,low,769.35,sports enthusiast
CUST_06790,0.730180309,1,too expensive,school student,premium,high,746.24,binge watcher
CUST_06791,0.853926735,1,too expensive,college student,premium,high,635.55,news junkie
CUST_06792,0.823780073,1,technical issues,college student,standard,low,346.94,sports enthusiast
CUST_06793,0.773963793,1,switched to competitor,college student,standard,high,395.36,sports enthusiast
CUST_06794,0.869631087,1,technical issues,retired individual,standard,medium,404,sports enthusiast
CUST_06795,0.873133521,1,too expensive,school student,standard,medium,386.38,family viewer
CUST_06796,0.877013339,1,too expensive,working professional,standard,high,418.21,sports enthusiast
CUST_06797,0.927820539,1,too expensive,working professional,basic,low,213.36,casual viewer
CUST_06798,0.642810155,1,switched to competitor,college student,basic,high,139.33,binge watcher
CUST_06799,0.805092982,1,too expensive,college student,premium,medium,620.65,binge watcher
CUST_06800,0.823327018,1,none,retired individual,standard,high,426.29,binge watcher
CUST_06801,0.810892341,1,too expensive,retired individual,premium,high,671.37,family viewer
CUST_06802,0.787124761,1,too expensive,retired individual,premium,high,767.9,casual viewer
CUST_06803,0.684346214,1,technical issues,college student,standard,low,340.59,family viewer
CUST_06804,0.782486555,1,no time to watch,retired individual,basic,high,187.45,sports enthusiast
CUST_06805,0.912106581,1,too expensive,college student,premium,medium,791.12,family viewer
CUST_06806,0.800320633,1,none,retired individual,standard,medium,447.03,news junkie
CUST_06807,0.808554354,1,too expensive,college student,premium,low,751.63,news junkie
CUST_06808,0.934784902,1,too expensive,working professional,standard,low,433,casual viewer
CUST_06809,0.894320019,1,too expensive,working professional,basic,low,200.7,casual viewer
CUST_06810,0.550052042,1,none,college student,premium,high,706.93,family viewer
CUST_06811,0.908385211,1,too expensive,working professional,premium,high,804.92,casual viewer
CUST_06812,0.82528102,1,none,retired individual,standard,high,428.25,family viewer
CUST_06813,0.775575253,1,switched to competitor,retired individual,basic,high,198.21,casual viewer
CUST_06814,0.730190297,1,too expensive,college student,premium,medium,637.64,sports enthusiast
CUST_06815,0.815408637,1,none,school student,premium,high,620.25,binge watcher
CUST_06816,0.787543196,1,none,retired individual,standard,medium,374.48,casual viewer
CUST_06817,0.88335362,1,too expensive,working professional,premium,low,697.27,casual viewer
CUST_06818,0.678523383,1,content not interesting,college student,standard,high,320.17,casual viewer
CUST_06819,0.840932296,1,too expensive,working professional,standard,high,387.32,family viewer
CUST_06820,0.66239382,1,none,working professional,premium,high,757.85,binge watcher
CUST_06821,0.826690568,1,too expensive,retired individual,premium,high,744.37,binge watcher
CUST_06822,0.764875862,1,none,college student,standard,medium,429.44,news junkie
CUST_06823,0.692485679,1,switched to competitor,retired individual,basic,high,213.33,news junkie
CUST_06824,0.856859615,1,too expensive,college student,basic,high,210.07,news junkie
CUST_06825,0.856016537,1,none,working professional,standard,medium,388.29,news junkie
CUST_06826,0.815392316,1,no time to watch,retired individual,standard,medium,361.23,family viewer
CUST_06827,0.896866216,1,too expensive,college student,basic,high,157.69,casual viewer
CUST_06828,0.81769855,1,none,college student,standard,high,453.12,family viewer
CUST_06829,0.700926109,1,no time to watch,working professional,standard,high,393.61,casual viewer
CUST_06830,0.81432837,1,too expensive,retired individual,basic,high,241.45,sports enthusiast
CUST_06831,0.843970838,1,too expensive,college student,premium,high,665.75,binge watcher
CUST_06832,0.863483659,1,too expensive,college student,premium,medium,732.76,binge watcher
CUST_06833,0.884062889,1,too expensive,retired individual,standard,medium,451.25,casual viewer
CUST_06834,0.771146814,1,too expensive,retired individual,premium,medium,792.35,news junkie
CUST_06835,0.857296562,1,too expensive,retired individual,basic,low,229.15,family viewer
CUST_06836,0.820371523,1,too expensive,school student,premium,medium,725.73,casual viewer
CUST_06837,0.620157117,1,too expensive,school student,premium,high,732.68,casual viewer
CUST_06838,0.909330255,1,technical issues,working professional,standard,medium,345.77,news junkie
CUST_06839,0.743553516,1,too expensive,retired individual,standard,high,396.49,news junkie
CUST_06840,0.948824885,1,too expensive,working professional,basic,medium,182,family viewer
CUST_06841,0.846983971,1,technical issues,college student,basic,medium,189.51,news junkie
CUST_06842,0.727801803,1,none,college student,basic,medium,168.46,family viewer
CUST_06843,0.818394872,1,content not interesting,retired individual,basic,high,206.3,sports enthusiast
CUST_06844,0.806304526,1,technical issues,college student,standard,medium,351.72,sports enthusiast
CUST_06845,0.761802322,1,switched to competitor,school student,standard,high,408.06,casual viewer
CUST_06846,0.683941385,1,no time to watch,working professional,standard,high,363.48,news junkie
CUST_06847,0.836142001,1,none,retired individual,basic,low,206.57,news junkie
CUST_06848,0.820606452,1,too expensive,retired individual,premium,high,784.41,family viewer
CUST_06849,0.907907252,1,too expensive,retired individual,premium,low,656.89,binge watcher
CUST_06850,0.943104929,1,too expensive,college student,standard,low,392.37,binge watcher
CUST_06851,0.871559076,1,technical issues,working professional,standard,low,367.75,sports enthusiast
CUST_06852,0.813892892,1,too expensive,college student,premium,medium,741.25,sports enthusiast
CUST_06853,0.74144589,1,switched to competitor,school student,standard,high,358.76,sports enthusiast
CUST_06854,0.812802059,1,none,college student,premium,low,645.28,binge watcher
CUST_06855,0.84165914,1,technical issues,working professional,basic,medium,196.71,binge watcher
CUST_06856,0.798534996,1,too expensive,retired individual,basic,high,204.99,family viewer
CUST_06857,0.729139058,1,too expensive,retired individual,premium,high,781.34,family viewer
CUST_06858,0.930556665,1,too expensive,working professional,premium,low,794.87,family viewer
CUST_06859,0.808582625,1,too expensive,school student,standard,high,375.19,casual viewer
CUST_06860,0.769626097,1,no time to watch,school student,standard,medium,388.45,sports enthusiast
CUST_06861,0.881988993,1,technical issues,college student,standard,low,377.56,casual viewer
CUST_06862,0.868040443,1,too expensive,retired individual,standard,high,377.32,news junkie
CUST_06863,0.804504862,1,content not interesting,college student,standard,high,419.28,binge watcher
CUST_06864,0.9321819,1,too expensive,college student,premium,low,727.26,binge watcher
CUST_06865,0.741442049,1,too expensive,school student,premium,high,655.49,family viewer
CUST_06866,0.758912855,1,switched to competitor,college student,standard,high,379.23,sports enthusiast
CUST_06867,0.860622088,1,too expensive,college student,standard,high,382.48,family viewer
CUST_06868,0.857291399,1,too expensive,working professional,premium,medium,623.73,casual viewer
CUST_06869,0.765815039,1,switched to competitor,college student,standard,high,416.19,casual viewer
CUST_06870,0.836994584,1,too expensive,retired individual,premium,high,657.15,news junkie
CUST_06871,0.787636263,1,too expensive,college student,premium,medium,715.78,news junkie
CUST_06872,0.87964942,1,too expensive,retired individual,premium,medium,792.28,binge watcher
CUST_06873,0.862472007,1,too expensive,college student,standard,high,426.75,sports enthusiast
CUST_06874,0.843593871,1,technical issues,college student,standard,low,398.54,sports enthusiast
CUST_06875,0.747328598,1,too expensive,working professional,basic,high,173.91,sports enthusiast
CUST_06876,0.772335817,1,none,college student,basic,medium,165.85,family viewer
CUST_06877,0.834857695,1,too expensive,retired individual,basic,low,251.61,sports enthusiast
CUST_06878,0.74601188,1,none,college student,standard,medium,366.94,news junkie
CUST_06879,0.566576774,1,too expensive,retired individual,premium,high,710.73,news junkie
CUST_06880,0.817212463,1,too expensive,college student,premium,low,628.05,sports enthusiast
CUST_06881,0.820591947,1,too expensive,working professional,premium,medium,696.66,family viewer
CUST_06882,0.861899995,1,no time to watch,retired individual,standard,medium,348.99,family viewer
CUST_06883,0.884016125,1,none,college student,premium,low,773.76,family viewer
CUST_06884,0.775496339,1,technical issues,college student,basic,medium,217.77,family viewer
CUST_06885,0.764377916,1,too expensive,retired individual,premium,high,625.74,family viewer
CUST_06886,0.669775903,1,none,college student,standard,high,440.19,binge watcher
CUST_06887,0.728082709,1,none,working professional,basic,high,240.06,family viewer
CUST_06888,0.738183989,1,technical issues,school student,standard,medium,374.06,news junkie
CUST_06889,0.844933371,1,too expensive,college student,basic,medium,181.28,family viewer
CUST_06890,0.659888138,1,too expensive,retired individual,premium,medium,613.92,casual viewer
CUST_06891,0.83414393,1,too expensive,college student,standard,high,407.64,casual viewer
CUST_06892,0.583063239,1,none,college student,standard,high,386.49,family viewer
CUST_06893,0.804086412,1,too expensive,retired individual,standard,high,400.32,sports enthusiast
CUST_06894,0.695844812,1,content not interesting,retired individual,basic,high,209.75,family viewer
CUST_06895,0.901716683,1,no time to watch,working professional,standard,medium,458.01,sports enthusiast
CUST_06896,0.731310089,1,content not interesting,school student,standard,high,410.74,family viewer
CUST_06897,0.579055119,1,switched to competitor,retired individual,standard,high,368.4,news junkie
CUST_06898,0.813153639,1,too expensive,school student,basic,high,209.32,news junkie
CUST_06899,0.886533215,1,too expensive,college student,basic,high,169.62,sports enthusiast
CUST_06900,0.857156743,1,technical issues,retired individual,basic,medium,169.97,casual viewer
CUST_06901,0.845915759,1,no time to watch,college student,basic,medium,157.93,family viewer
CUST_06902,0.612171629,1,technical issues,college student,standard,medium,426.67,news junkie
CUST_06903,0.762812125,1,switched to competitor,college student,basic,high,213.93,sports enthusiast
CUST_06904,0.880518887,1,too expensive,retired individual,basic,high,200.73,sports enthusiast
CUST_06905,0.82371695,1,technical issues,working professional,basic,medium,178.39,news junkie
CUST_06906,0.847034873,1,too expensive,college student,premium,high,780.53,casual viewer
CUST_06907,0.894541099,1,too expensive,college student,basic,medium,202.18,family viewer
CUST_06908,0.659919687,1,too expensive,retired individual,premium,high,617.96,binge watcher
CUST_06909,0.821893305,1,technical issues,college student,standard,medium,411.57,family viewer
CUST_06910,0.760842608,1,no time to watch,working professional,basic,medium,229.28,binge watcher
CUST_06911,0.673932448,1,switched to competitor,retired individual,basic,high,185.53,sports enthusiast
CUST_06912,0.912722785,1,too expensive,working professional,standard,medium,378.44,binge watcher
CUST_06913,0.735774648,1,content not interesting,college student,standard,high,384.31,news junkie
CUST_06914,0.737135452,1,too expensive,college student,basic,medium,233.92,binge watcher
CUST_06915,0.788844675,1,technical issues,working professional,standard,medium,373.68,casual viewer
CUST_06916,0.687972603,1,technical issues,college student,standard,medium,391.06,casual viewer
CUST_06917,0.725521073,1,switched to competitor,retired individual,basic,high,214.41,family viewer
CUST_06918,0.84729268,1,too expensive,college student,basic,high,217.31,casual viewer
CUST_06919,0.741413484,1,none,college student,standard,high,450.14,news junkie
CUST_06920,0.842052723,1,too expensive,college student,standard,medium,440.99,news junkie
CUST_06921,0.798982896,1,technical issues,school student,basic,low,185.48,sports enthusiast
CUST_06922,0.899913662,1,too expensive,school student,premium,low,795.34,casual viewer
CUST_06923,0.649135032,1,none,school student,premium,medium,619.66,news junkie
CUST_06924,0.824897871,1,technical issues,retired individual,basic,low,209.12,family viewer
CUST_06925,0.788366008,1,none,retired individual,basic,medium,168.7,binge watcher
CUST_06926,0.788242345,1,too expensive,retired individual,basic,medium,208.52,sports enthusiast
CUST_06927,0.734013869,1,technical issues,school student,basic,medium,185.01,sports enthusiast
CUST_06928,0.875032561,1,too expensive,school student,premium,medium,717.96,sports enthusiast
CUST_06929,0.745670138,1,switched to competitor,college student,basic,high,183.25,news junkie
CUST_06930,0.865191085,1,technical issues,working professional,standard,low,477.54,sports enthusiast
CUST_06931,0.742037725,1,content not interesting,college student,standard,high,353.17,casual viewer
CUST_06932,0.81852869,1,too expensive,working professional,standard,high,346.02,news junkie
CUST_06933,0.888553349,1,too expensive,working professional,basic,high,159.18,family viewer
CUST_06934,0.850425517,1,too expensive,college student,standard,high,332.52,news junkie
CUST_06935,0.889993439,1,too expensive,working professional,premium,high,688.21,sports enthusiast
CUST_06936,0.759873073,1,too expensive,working professional,premium,high,698.77,news junkie
CUST_06937,0.785453315,1,switched to competitor,working professional,standard,high,452.84,news junkie
CUST_06938,0.856316102,1,none,retired individual,standard,high,387.04,news junkie
CUST_06939,0.931444045,1,too expensive,working professional,standard,medium,405.69,sports enthusiast
CUST_06940,0.916735631,1,too expensive,retired individual,standard,medium,442.7,binge watcher
CUST_06941,0.686273047,1,content not interesting,school student,standard,high,379.85,news junkie
CUST_06942,0.782287594,1,none,college student,premium,high,774.98,family viewer
CUST_06943,0.737874698,1,technical issues,college student,standard,low,459.25,casual viewer
CUST_06944,0.80043579,1,no time to watch,working professional,standard,high,381.62,sports enthusiast
CUST_06945,0.595580074,1,switched to competitor,college student,standard,high,384.75,casual viewer
CUST_06946,0.859624855,1,too expensive,retired individual,standard,high,441.38,binge watcher
CUST_06947,0.856284035,1,too expensive,retired individual,premium,medium,698.54,casual viewer
CUST_06948,0.839345085,1,too expensive,retired individual,basic,high,210.29,news junkie
CUST_06949,0.811983232,1,no time to watch,retired individual,basic,high,167.08,binge watcher
CUST_06950,0.685208752,1,none,retired individual,basic,high,191.07,sports enthusiast
CUST_06951,0.837563774,1,too expensive,college student,basic,medium,192.77,binge watcher
CUST_06952,0.660037907,1,switched to competitor,college student,standard,high,382.56,sports enthusiast
CUST_06953,0.838594729,1,too expensive,college student,basic,low,173.99,sports enthusiast
CUST_06954,0.826952495,1,too expensive,school student,premium,medium,730.48,family viewer
CUST_06955,0.791038646,1,too expensive,working professional,premium,medium,725.27,news junkie
CUST_06956,0.665668628,1,none,college student,standard,high,423.86,family viewer
CUST_06957,0.922640837,1,too expensive,working professional,basic,low,181.16,sports enthusiast
CUST_06958,0.842421104,1,content not interesting,college student,basic,high,160.31,casual viewer
CUST_06959,0.840444519,1,too expensive,retired individual,standard,high,398.37,sports enthusiast
CUST_06960,0.832144781,1,none,working professional,premium,high,609.28,family viewer
CUST_06961,0.879181398,1,too expensive,working professional,premium,medium,698.26,casual viewer
CUST_06962,0.838233183,1,technical issues,college student,basic,low,154.22,family viewer
CUST_06963,0.641713915,1,technical issues,college student,standard,medium,397.86,family viewer
CUST_06964,0.694411722,1,content not interesting,college student,standard,high,435.72,family viewer
CUST_06965,0.795784671,1,technical issues,college student,basic,low,188.26,family viewer
CUST_06966,0.816277185,1,too expensive,college student,premium,medium,666.49,news junkie
CUST_06967,0.838812303,1,technical issues,working professional,standard,low,383.44,family viewer
CUST_06968,0.677458262,1,switched to competitor,college student,standard,high,444.8,family viewer
CUST_06969,0.868135351,1,none,retired individual,standard,medium,373.24,family viewer
CUST_06970,0.737658544,1,none,college student,standard,high,383.2,family viewer
CUST_06971,0.728351106,1,too expensive,retired individual,standard,high,342.16,binge watcher
CUST_06972,0.653618991,1,none,college student,premium,high,716.77,binge watcher
CUST_06973,0.779832561,1,none,working professional,standard,high,381.58,casual viewer
CUST_06974,0.574903177,1,none,retired individual,standard,high,390.64,binge watcher
CUST_06975,0.851746171,1,no time to watch,college student,standard,low,393.56,family viewer
CUST_06976,0.736747558,1,none,college student,premium,high,703.59,binge watcher
CUST_06977,0.867234561,1,too expensive,working professional,standard,high,369.51,family viewer
CUST_06978,0.897453108,1,too expensive,school student,premium,low,786.17,family viewer
CUST_06979,0.820637871,1,none,college student,premium,medium,759.13,sports enthusiast
CUST_06980,0.895129486,1,none,retired individual,standard,low,382.76,news junkie
CUST_06981,0.554457025,1,none,working professional,standard,high,404.29,family viewer
CUST_06982,0.887220427,1,too expensive,retired individual,basic,medium,194.54,binge watcher
CUST_06983,0.828780747,1,switched to competitor,college student,standard,high,338.6,binge watcher
CUST_06984,0.71246929,1,too expensive,college student,premium,high,775.81,news junkie
CUST_06985,0.783623757,1,too expensive,working professional,premium,low,638.5,news junkie
CUST_06986,0.780786502,1,none,working professional,premium,high,774.46,casual viewer
CUST_06987,0.850016488,1,too expensive,school student,basic,high,186.19,family viewer
CUST_06988,0.753804924,1,none,college student,basic,low,195.89,sports enthusiast
CUST_06989,0.667129015,1,technical issues,retired individual,basic,low,164.91,binge watcher
CUST_06990,0.799478988,1,technical issues,college student,standard,low,337.92,binge watcher
CUST_06991,0.887766198,1,technical issues,retired individual,standard,low,471,news junkie
CUST_06992,0.792314635,1,technical issues,retired individual,standard,medium,360.9,news junkie
CUST_06993,0.850577155,1,technical issues,retired individual,basic,low,173.68,family viewer
CUST_06994,0.89939152,1,no time to watch,college student,basic,high,171.55,family viewer
CUST_06995,0.717641428,1,none,college student,standard,high,457.32,binge watcher
CUST_06996,0.919667255,1,too expensive,retired individual,basic,medium,203.6,sports enthusiast
CUST_06997,0.750797587,1,too expensive,college student,premium,high,746.67,binge watcher
CUST_06998,0.756840912,1,too expensive,college student,basic,high,219.4,family viewer
CUST_06999,0.611536351,1,none,working professional,premium,high,779.81,news junkie
CUST_07000,0.864607845,1,switched to competitor,school student,standard,high,380.24,casual viewer
CUST_07001,0.658412473,1,too expensive,college student,premium,high,769.32,family viewer
CUST_07002,0.860935294,1,no time to watch,college student,standard,medium,412.2,news junkie
CUST_07003,0.74400946,1,technical issues,school student,standard,low,444.74,news junkie
CUST_07004,0.784254625,1,too expensive,college student,standard,high,464.26,family viewer
CUST_07005,0.766180487,1,technical issues,college student,standard,low,371.43,family viewer
CUST_07006,0.889751199,1,technical issues,college student,standard,medium,429.68,binge watcher
CUST_07007,0.798516364,1,none,working professional,premium,high,804.86,news junkie
CUST_07008,0.689066519,1,none,college student,standard,medium,444.93,binge watcher
CUST_07009,0.752796991,1,none,college student,standard,low,355.03,sports enthusiast
CUST_07010,0.835610955,1,too expensive,college student,premium,medium,751.75,sports enthusiast
CUST_07011,0.779936208,1,content not interesting,school student,standard,high,429.96,casual viewer
CUST_07012,0.861630845,1,too expensive,retired individual,premium,high,712.48,sports enthusiast
CUST_07013,0.848762522,1,too expensive,college student,basic,medium,189.11,family viewer
CUST_07014,0.85761311,1,too expensive,school student,premium,high,625.45,news junkie
CUST_07015,0.838214231,1,no time to watch,working professional,standard,high,410.18,binge watcher
CUST_07016,0.785531742,1,no time to watch,college student,standard,medium,440.57,news junkie
CUST_07017,0.830390939,1,none,college student,premium,low,643.66,family viewer
CUST_07018,0.791084561,1,none,working professional,basic,medium,185.97,sports enthusiast
CUST_07019,0.672068364,1,no time to watch,college student,basic,high,184.3,casual viewer
CUST_07020,0.708937316,1,technical issues,retired individual,basic,medium,197.79,casual viewer
CUST_07021,0.790538502,1,too expensive,college student,standard,high,415.7,sports enthusiast
CUST_07022,0.788642711,1,content not interesting,retired individual,basic,high,167.21,news junkie
CUST_07023,0.696268124,1,none,retired individual,standard,high,401.27,family viewer
CUST_07024,0.84240729,1,too expensive,college student,premium,high,705.1,binge watcher
CUST_07025,0.698188431,1,no time to watch,working professional,standard,high,435.26,casual viewer
CUST_07026,0.780186151,1,none,college student,standard,low,345.88,family viewer
CUST_07027,0.810420287,1,technical issues,college student,basic,low,250.64,binge watcher
CUST_07028,0.732453183,1,too expensive,school student,premium,high,653.19,sports enthusiast
CUST_07029,0.810755767,1,technical issues,college student,standard,low,422.96,binge watcher
CUST_07030,0.904813869,1,too expensive,working professional,standard,high,450.75,casual viewer
CUST_07031,0.877429461,1,too expensive,working professional,standard,high,440.79,news junkie
CUST_07032,0.842647879,1,too expensive,college student,standard,high,363.69,news junkie
CUST_07033,0.917758673,1,none,school student,basic,low,205.84,casual viewer
CUST_07034,0.836758404,1,none,college student,standard,high,419.07,family viewer
CUST_07035,0.880863274,1,too expensive,retired individual,standard,high,452.25,sports enthusiast
CUST_07036,0.787990865,1,too expensive,college student,premium,low,779.41,binge watcher
CUST_07037,0.634065958,1,switched to competitor,working professional,standard,high,392.85,sports enthusiast
CUST_07038,0.807812645,1,content not interesting,working professional,standard,high,435.22,family viewer
CUST_07039,0.767307707,1,content not interesting,school student,basic,high,156.69,binge watcher
CUST_07040,0.915930301,1,no time to watch,college student,standard,low,397.98,binge watcher
CUST_07041,0.847837719,1,none,school student,standard,low,451.76,binge watcher
CUST_07042,0.876143855,1,technical issues,retired individual,standard,medium,476.58,binge watcher
CUST_07043,0.865867375,1,none,college student,basic,high,199.38,casual viewer
CUST_07044,0.815978528,1,none,school student,standard,low,358.77,binge watcher
CUST_07045,0.797808309,1,none,college student,standard,high,441.71,family viewer
CUST_07046,0.655125605,1,too expensive,retired individual,premium,high,610.27,news junkie
CUST_07047,0.678421773,1,switched to competitor,retired individual,basic,high,171.92,casual viewer
CUST_07048,0.847947643,1,too expensive,retired individual,basic,high,195.23,binge watcher
CUST_07049,0.589242989,1,content not interesting,college student,standard,high,364.44,binge watcher
CUST_07050,0.775892909,1,none,working professional,standard,high,355.51,casual viewer
CUST_07051,0.940642503,1,too expensive,school student,standard,medium,437.22,family viewer
CUST_07052,0.749486227,1,too expensive,working professional,premium,high,742.54,family viewer
CUST_07053,0.722607614,1,too expensive,retired individual,premium,medium,677.89,binge watcher
CUST_07054,0.922023703,1,none,college student,basic,low,181.52,family viewer
CUST_07055,0.783489035,1,none,college student,standard,medium,415.78,family viewer
CUST_07056,0.690489872,1,none,college student,premium,medium,613.96,binge watcher
CUST_07057,0.695484771,1,switched to competitor,retired individual,standard,high,377.63,family viewer
CUST_07058,0.866130466,1,content not interesting,college student,standard,high,377.65,binge watcher
CUST_07059,0.79321156,1,technical issues,college student,standard,medium,388.18,family viewer
CUST_07060,0.707398039,1,technical issues,working professional,basic,medium,189.83,casual viewer
CUST_07061,0.812648551,1,too expensive,college student,basic,medium,190.46,family viewer
CUST_07062,0.688766501,1,technical issues,college student,basic,medium,207.54,binge watcher
CUST_07063,0.797566333,1,technical issues,school student,standard,low,323.93,binge watcher
CUST_07064,0.886601924,1,no time to watch,retired individual,basic,medium,233.06,sports enthusiast
CUST_07065,0.797678537,1,too expensive,college student,basic,high,143.51,news junkie
CUST_07066,0.822467993,1,no time to watch,working professional,standard,medium,358.19,family viewer
CUST_07067,0.884027258,1,technical issues,retired individual,standard,medium,414.46,sports enthusiast
CUST_07068,0.885741146,1,too expensive,college student,standard,medium,381.17,binge watcher
CUST_07069,0.825512012,1,too expensive,working professional,premium,low,687.3,casual viewer
CUST_07070,0.632695263,1,content not interesting,college student,standard,high,398.41,news junkie
CUST_07071,0.824588511,1,too expensive,college student,basic,high,228.14,sports enthusiast
CUST_07072,0.802256018,1,too expensive,school student,premium,low,689.66,binge watcher
CUST_07073,0.659133103,1,none,retired individual,standard,high,472.71,binge watcher
CUST_07074,0.919188969,1,no time to watch,working professional,basic,medium,186.01,casual viewer
CUST_07075,0.928498137,1,too expensive,college student,standard,low,454.2,news junkie
CUST_07076,0.858121158,1,too expensive,college student,standard,medium,409.7,binge watcher
CUST_07077,0.900175345,1,technical issues,college student,standard,medium,345.19,binge watcher
CUST_07078,0.768994186,1,too expensive,retired individual,premium,low,659.69,binge watcher
CUST_07079,0.675218621,1,switched to competitor,college student,standard,high,433.79,casual viewer
CUST_07080,0.736522852,1,too expensive,college student,premium,medium,664.06,binge watcher
CUST_07081,0.775821274,1,too expensive,retired individual,premium,high,774.87,casual viewer
CUST_07082,0.793440859,1,no time to watch,college student,basic,high,164.76,news junkie
CUST_07083,0.917441462,1,technical issues,working professional,standard,low,368.71,casual viewer
CUST_07084,0.920770075,1,too expensive,working professional,premium,low,703.44,casual viewer
CUST_07085,0.726857773,1,technical issues,college student,standard,low,426.13,binge watcher
CUST_07086,0.893381917,1,too expensive,retired individual,premium,high,767.19,family viewer
CUST_07087,0.788715105,1,too expensive,school student,premium,high,786.9,news junkie
CUST_07088,0.78271017,1,too expensive,college student,premium,high,701.51,sports enthusiast
CUST_07089,0.781107037,1,too expensive,college student,premium,high,738.22,sports enthusiast
CUST_07090,0.897279073,1,too expensive,working professional,basic,high,252.23,family viewer
CUST_07091,0.917170858,1,no time to watch,working professional,standard,low,406.38,family viewer
CUST_07092,0.748161598,1,no time to watch,working professional,standard,high,371.86,binge watcher
CUST_07093,0.817029425,1,switched to competitor,college student,standard,high,380.62,casual viewer
CUST_07094,0.776894327,1,switched to competitor,retired individual,basic,high,198.27,binge watcher
CUST_07095,0.812882741,1,too expensive,college student,standard,medium,414.35,news junkie
CUST_07096,0.808214941,1,too expensive,retired individual,premium,low,775.69,casual viewer
CUST_07097,0.802118051,1,none,school student,basic,high,243.27,binge watcher
CUST_07098,0.797697893,1,too expensive,college student,basic,high,214.91,binge watcher
CUST_07099,0.843027931,1,technical issues,retired individual,standard,low,446.48,sports enthusiast
CUST_07100,0.853768618,1,switched to competitor,college student,standard,high,371.86,family viewer
CUST_07101,0.849309119,1,technical issues,school student,standard,medium,489.59,sports enthusiast
CUST_07102,0.80557688,1,too expensive,college student,standard,high,449.07,casual viewer
CUST_07103,0.728749447,1,too expensive,retired individual,basic,high,207.94,news junkie
CUST_07104,0.869200843,1,technical issues,retired individual,standard,low,335.11,family viewer
CUST_07105,0.664360839,1,too expensive,working professional,premium,high,700.07,news junkie
CUST_07106,0.743194852,1,none,college student,standard,medium,355.75,casual viewer
CUST_07107,0.650550424,1,none,college student,basic,high,187.41,news junkie
CUST_07108,0.854238104,1,none,working professional,premium,medium,680.15,binge watcher
CUST_07109,0.65030432,1,switched to competitor,working professional,standard,high,350.72,binge watcher
CUST_07110,0.594728802,1,none,school student,standard,high,353.01,sports enthusiast
CUST_07111,0.67906051,1,technical issues,college student,standard,medium,456.84,news junkie
CUST_07112,0.634184422,1,none,working professional,premium,high,806.57,sports enthusiast
CUST_07113,0.697086097,1,too expensive,working professional,premium,high,788.66,family viewer
CUST_07114,0.577888083,1,too expensive,college student,premium,high,802.11,binge watcher
CUST_07115,0.831503217,1,too expensive,working professional,premium,medium,790.33,casual viewer
CUST_07116,0.877106235,1,too expensive,school student,premium,high,679.42,news junkie
CUST_07117,0.71595351,1,none,college student,premium,medium,683.28,news junkie
CUST_07118,0.901000247,1,too expensive,working professional,premium,high,691.68,family viewer
CUST_07119,0.866167383,1,too expensive,school student,premium,low,621.3,sports enthusiast
CUST_07120,0.865165731,1,too expensive,working professional,premium,high,779.02,news junkie
CUST_07121,0.50867901,1,none,school student,premium,high,729.83,family viewer
CUST_07122,0.854707825,1,too expensive,retired individual,premium,medium,693.13,casual viewer
CUST_07123,0.834944911,1,technical issues,retired individual,standard,low,437.27,news junkie
CUST_07124,0.859815108,1,too expensive,school student,standard,low,416.25,binge watcher
CUST_07125,0.877481313,1,too expensive,working professional,premium,high,798.36,news junkie
CUST_07126,0.860268957,1,no time to watch,retired individual,standard,high,355.76,casual viewer
CUST_07127,0.864944204,1,switched to competitor,retired individual,basic,high,222.57,family viewer
CUST_07128,0.940169685,1,too expensive,college student,premium,low,662.7,sports enthusiast
CUST_07129,0.719952384,1,too expensive,college student,standard,high,428.06,sports enthusiast
CUST_07130,0.799857537,1,too expensive,retired individual,standard,high,385.81,news junkie
CUST_07131,0.798135889,1,none,working professional,standard,high,373.22,news junkie
CUST_07132,0.800164267,1,too expensive,working professional,basic,high,222.62,binge watcher
CUST_07133,0.847989405,1,too expensive,college student,standard,high,451.4,sports enthusiast
CUST_07134,0.883962179,1,too expensive,working professional,standard,low,336.43,sports enthusiast
CUST_07135,0.840903037,1,too expensive,working professional,basic,medium,192.73,family viewer
CUST_07136,0.826915851,1,technical issues,college student,standard,medium,449.4,family viewer
CUST_07137,0.916371016,1,too expensive,working professional,basic,medium,168.53,binge watcher
CUST_07138,0.553706781,1,none,college student,premium,high,700.58,binge watcher
CUST_07139,0.915119233,1,too expensive,college student,premium,low,715.77,binge watcher
CUST_07140,0.863053976,1,none,college student,basic,low,196.18,casual viewer
CUST_07141,0.527924135,1,none,retired individual,standard,high,450.69,sports enthusiast
CUST_07142,0.720909194,1,too expensive,college student,basic,medium,233.81,sports enthusiast
CUST_07143,0.780075618,1,too expensive,retired individual,basic,high,189.99,news junkie
CUST_07144,0.627334233,1,none,retired individual,standard,high,358.99,family viewer
CUST_07145,0.678127039,1,none,college student,basic,medium,171.34,binge watcher
CUST_07146,0.864152872,1,too expensive,working professional,basic,high,214.88,news junkie
CUST_07147,0.736426022,1,too expensive,school student,premium,high,619.81,sports enthusiast
CUST_07148,0.785178401,1,too expensive,college student,standard,high,365.07,casual viewer
CUST_07149,0.786821826,1,too expensive,retired individual,premium,high,756.69,news junkie
CUST_07150,0.714434138,1,none,retired individual,basic,low,219.65,news junkie
CUST_07151,0.716547831,1,technical issues,school student,standard,medium,359.7,news junkie
CUST_07152,0.829927133,1,none,retired individual,standard,high,381.01,sports enthusiast
CUST_07153,0.754626642,1,too expensive,college student,premium,medium,656.68,casual viewer
CUST_07154,0.808804183,1,no time to watch,college student,basic,high,195.12,binge watcher
CUST_07155,0.763461333,1,too expensive,college student,standard,high,375.45,news junkie
CUST_07156,0.731526147,1,switched to competitor,school student,basic,high,212.61,binge watcher
CUST_07157,0.77531337,1,too expensive,college student,basic,high,201.74,binge watcher
CUST_07158,0.705790596,1,too expensive,college student,premium,medium,707.01,binge watcher
CUST_07159,0.913779084,1,too expensive,retired individual,premium,medium,796.33,binge watcher
CUST_07160,0.785322697,1,none,college student,premium,medium,622.07,binge watcher
CUST_07161,0.880766976,1,too expensive,working professional,premium,low,703.49,news junkie
CUST_07162,0.670036938,1,switched to competitor,college student,basic,high,188.25,binge watcher
CUST_07163,0.875861246,1,none,college student,premium,low,634.3,family viewer
CUST_07164,0.613541197,1,none,retired individual,standard,high,373.3,binge watcher
CUST_07165,0.752239654,1,switched to competitor,retired individual,basic,high,137.27,casual viewer
CUST_07166,0.755656492,1,technical issues,retired individual,standard,medium,406.68,sports enthusiast
CUST_07167,0.914358472,1,none,retired individual,premium,medium,768.37,news junkie
CUST_07168,0.793893708,1,no time to watch,college student,standard,high,358.12,news junkie
CUST_07169,0.916098556,1,none,working professional,premium,high,766.26,casual viewer
CUST_07170,0.816358724,1,technical issues,retired individual,standard,low,454.05,sports enthusiast
CUST_07171,0.688158357,1,too expensive,school student,premium,high,761.35,news junkie
CUST_07172,0.477568013,0,switched to competitor,college student,standard,high,413.66,binge watcher
CUST_07173,0.775136844,1,no time to watch,working professional,basic,high,228.57,binge watcher
CUST_07174,0.799166138,1,technical issues,working professional,standard,medium,352.42,binge watcher
CUST_07175,0.608209123,1,none,school student,premium,high,773.58,family viewer
CUST_07176,0.766214143,1,switched to competitor,retired individual,basic,high,227.96,family viewer
CUST_07177,0.835649182,1,switched to competitor,retired individual,standard,high,434.24,binge watcher
CUST_07178,0.850451717,1,too expensive,retired individual,standard,low,436.15,casual viewer
CUST_07179,0.68440266,1,too expensive,college student,premium,high,767.08,family viewer
CUST_07180,0.886967358,1,none,college student,standard,medium,403.37,binge watcher
CUST_07181,0.68400676,1,none,working professional,premium,high,691.47,sports enthusiast
CUST_07182,0.809780941,1,too expensive,college student,standard,medium,363.87,binge watcher
CUST_07183,0.862775799,1,too expensive,working professional,standard,high,373.07,family viewer
CUST_07184,0.910824791,1,technical issues,working professional,standard,low,438.62,binge watcher
CUST_07185,0.688288325,1,too expensive,college student,premium,medium,628.85,binge watcher
CUST_07186,0.907680884,1,too expensive,college student,standard,medium,409.89,family viewer
CUST_07187,0.900966753,1,no time to watch,working professional,standard,low,375.31,sports enthusiast
CUST_07188,0.839792897,1,technical issues,retired individual,standard,low,454.73,news junkie
CUST_07189,0.808673355,1,too expensive,college student,premium,medium,809.44,binge watcher
CUST_07190,0.820518118,1,too expensive,college student,basic,medium,194.67,news junkie
CUST_07191,0.901276409,1,too expensive,working professional,standard,high,440.15,news junkie
CUST_07192,0.766777359,1,technical issues,retired individual,standard,low,341.7,casual viewer
CUST_07193,0.794674628,1,switched to competitor,retired individual,basic,high,211.29,sports enthusiast
CUST_07194,0.610188609,1,switched to competitor,college student,standard,high,456.03,family viewer
CUST_07195,0.916812201,1,too expensive,college student,basic,medium,205.66,binge watcher
CUST_07196,0.84258156,1,too expensive,retired individual,basic,medium,219,sports enthusiast
CUST_07197,0.86509348,1,none,retired individual,standard,high,469.05,sports enthusiast
CUST_07198,0.679437204,1,content not interesting,retired individual,standard,high,370.36,sports enthusiast
CUST_07199,0.792304523,1,too expensive,retired individual,premium,high,757.26,family viewer
CUST_07200,0.618630719,1,too expensive,working professional,premium,high,667.53,family viewer
CUST_07201,0.913116699,1,no time to watch,working professional,standard,low,362.05,binge watcher
CUST_07202,0.932253179,1,too expensive,college student,premium,low,608.52,news junkie
CUST_07203,0.71788506,1,technical issues,school student,standard,medium,457.77,casual viewer
CUST_07204,0.729447985,1,too expensive,retired individual,standard,medium,404.93,news junkie
CUST_07205,0.856718841,1,switched to competitor,college student,standard,high,381.75,binge watcher
CUST_07206,0.740104146,1,technical issues,college student,basic,medium,229.04,sports enthusiast
CUST_07207,0.608334334,1,none,college student,standard,high,422.35,binge watcher
CUST_07208,0.840438359,1,none,college student,standard,low,463.28,sports enthusiast
CUST_07209,0.736330384,1,none,school student,premium,medium,621.45,casual viewer
CUST_07210,0.762861127,1,content not interesting,college student,standard,high,386.41,casual viewer
CUST_07211,0.864284365,1,technical issues,college student,standard,low,333.79,news junkie
CUST_07212,0.82550114,1,none,school student,standard,medium,473.61,casual viewer
CUST_07213,0.850218483,1,too expensive,working professional,basic,low,228.91,binge watcher
CUST_07214,0.718362499,1,none,retired individual,standard,medium,358.79,news junkie
CUST_07215,0.855877503,1,none,retired individual,basic,medium,199.93,casual viewer
CUST_07216,0.804422917,1,too expensive,retired individual,premium,medium,695.61,binge watcher
CUST_07217,0.897060829,1,too expensive,school student,premium,high,738.81,sports enthusiast
CUST_07218,0.673870724,1,none,school student,standard,low,414.46,family viewer
CUST_07219,0.883832867,1,none,school student,premium,low,768.28,news junkie
CUST_07220,0.807644074,1,no time to watch,working professional,basic,low,219.4,family viewer
CUST_07221,0.737371143,1,content not interesting,college student,basic,high,214.67,news junkie
CUST_07222,0.687652846,1,none,retired individual,standard,high,430.32,sports enthusiast
CUST_07223,0.822871255,1,too expensive,college student,standard,medium,383.93,news junkie
CUST_07224,0.639624954,1,none,retired individual,premium,medium,619.35,family viewer
CUST_07225,0.666028955,1,none,college student,premium,high,692.65,binge watcher
CUST_07226,0.774193706,1,too expensive,retired individual,premium,high,657.65,casual viewer
CUST_07227,0.614468102,1,technical issues,college student,basic,medium,199.29,casual viewer
CUST_07228,0.871465199,1,too expensive,retired individual,premium,high,752.3,sports enthusiast
CUST_07229,0.741361945,1,none,college student,basic,high,192.6,sports enthusiast
CUST_07230,0.765427109,1,no time to watch,retired individual,standard,high,406.2,binge watcher
CUST_07231,0.770088001,1,none,retired individual,premium,high,768.83,sports enthusiast
CUST_07232,0.788220845,1,none,working professional,basic,low,209.63,news junkie
CUST_07233,0.794032951,1,too expensive,school student,standard,high,359.92,family viewer
CUST_07234,0.78452449,1,none,retired individual,premium,high,703.03,casual viewer
CUST_07235,0.749104197,1,technical issues,school student,standard,low,376.32,news junkie
CUST_07236,0.771980497,1,technical issues,college student,standard,medium,354.42,binge watcher
CUST_07237,0.915158832,1,too expensive,retired individual,standard,low,426.09,binge watcher
CUST_07238,0.557623712,1,content not interesting,school student,standard,high,398.69,casual viewer
CUST_07239,0.796845071,1,too expensive,retired individual,basic,high,161.09,casual viewer
CUST_07240,0.749888935,1,technical issues,college student,standard,medium,372.35,casual viewer
CUST_07241,0.771354277,1,technical issues,college student,standard,medium,437.29,news junkie
CUST_07242,0.774716836,1,too expensive,school student,standard,high,416.53,news junkie
CUST_07243,0.645776333,1,none,school student,standard,high,480.87,news junkie
CUST_07244,0.860121669,1,too expensive,school student,basic,low,187.98,casual viewer
CUST_07245,0.883965202,1,too expensive,working professional,standard,high,375.08,sports enthusiast
CUST_07246,0.946341685,1,too expensive,working professional,premium,low,762.78,binge watcher
CUST_07247,0.84319585,1,too expensive,school student,standard,medium,319.94,news junkie
CUST_07248,0.900625068,1,too expensive,working professional,premium,high,751.6,casual viewer
CUST_07249,0.897070513,1,technical issues,college student,standard,medium,407.73,binge watcher
CUST_07250,0.785625869,1,switched to competitor,retired individual,basic,high,205.17,family viewer
CUST_07251,0.796625107,1,too expensive,working professional,basic,medium,233.4,news junkie
CUST_07252,0.588216575,1,none,retired individual,premium,high,700.66,news junkie
CUST_07253,0.597983126,1,switched to competitor,retired individual,basic,high,204.32,sports enthusiast
CUST_07254,0.759542678,1,none,working professional,basic,high,173.77,binge watcher
CUST_07255,0.740426565,1,too expensive,retired individual,basic,high,211.03,casual viewer
CUST_07256,0.759447347,1,too expensive,retired individual,premium,high,696.26,casual viewer
CUST_07257,0.786342832,1,technical issues,working professional,standard,medium,471.16,news junkie
CUST_07258,0.79251334,1,too expensive,college student,basic,high,223.94,casual viewer
CUST_07259,0.728210208,1,no time to watch,college student,standard,high,430.47,family viewer
CUST_07260,0.853565582,1,no time to watch,working professional,standard,medium,332.5,family viewer
CUST_07261,0.7335229,1,no time to watch,working professional,standard,high,433.01,binge watcher
CUST_07262,0.742887997,1,no time to watch,college student,standard,high,427.59,family viewer
CUST_07263,0.576084543,1,none,college student,basic,high,197.9,sports enthusiast
CUST_07264,0.842726496,1,technical issues,retired individual,standard,medium,337.63,family viewer
CUST_07265,0.807189221,1,none,working professional,standard,medium,436.32,family viewer
CUST_07266,0.910874703,1,too expensive,working professional,premium,low,690.62,casual viewer
CUST_07267,0.752260464,1,switched to competitor,college student,basic,high,197.33,news junkie
CUST_07268,0.778667866,1,technical issues,school student,basic,low,202.72,sports enthusiast
CUST_07269,0.923278599,1,too expensive,retired individual,basic,high,206.55,news junkie
CUST_07270,0.791576735,1,too expensive,retired individual,standard,high,444.27,casual viewer
CUST_07271,0.651125764,1,technical issues,school student,basic,medium,153.52,news junkie
CUST_07272,0.735157574,1,too expensive,college student,premium,high,785.6,family viewer
CUST_07273,0.814859392,1,technical issues,retired individual,standard,medium,367.94,binge watcher
CUST_07274,0.783380327,1,technical issues,college student,standard,medium,391.03,news junkie
CUST_07275,0.795334693,1,too expensive,college student,standard,high,348.06,binge watcher
CUST_07276,0.796426868,1,technical issues,college student,standard,low,347.57,news junkie
CUST_07277,0.923980749,1,too expensive,working professional,standard,high,441.17,family viewer
CUST_07278,0.656495371,1,switched to competitor,college student,standard,high,345.27,family viewer
CUST_07279,0.549279197,1,switched to competitor,retired individual,standard,high,447.64,sports enthusiast
CUST_07280,0.886875354,1,none,college student,basic,low,192.94,family viewer
CUST_07281,0.869450664,1,no time to watch,college student,standard,medium,405.83,family viewer
CUST_07282,0.881586413,1,too expensive,college student,premium,high,689.24,family viewer
CUST_07283,0.760409255,1,too expensive,school student,premium,high,630.08,sports enthusiast
CUST_07284,0.907604186,1,technical issues,retired individual,basic,medium,205.04,sports enthusiast
CUST_07285,0.856391703,1,no time to watch,working professional,basic,high,204.79,casual viewer
CUST_07286,0.724457135,1,switched to competitor,working professional,basic,high,201.61,news junkie
CUST_07287,0.837780947,1,none,college student,premium,high,622.76,casual viewer
CUST_07288,0.704762612,1,none,college student,standard,low,431.88,family viewer
CUST_07289,0.748106147,1,technical issues,college student,standard,low,429.2,binge watcher
CUST_07290,0.826945122,1,none,school student,basic,high,162.42,binge watcher
CUST_07291,0.567136644,1,none,retired individual,basic,high,230.71,sports enthusiast
CUST_07292,0.935249696,1,too expensive,working professional,basic,low,226.22,binge watcher
CUST_07293,0.791871167,1,none,working professional,standard,low,443.15,family viewer
CUST_07294,0.855299841,1,switched to competitor,college student,standard,high,364.7,binge watcher
CUST_07295,0.789041823,1,too expensive,school student,standard,low,356.65,family viewer
CUST_07296,0.883346734,1,too expensive,working professional,premium,medium,636.69,sports enthusiast
CUST_07297,0.892907648,1,technical issues,retired individual,basic,low,197.49,sports enthusiast
CUST_07298,0.937703441,1,technical issues,college student,standard,low,437.85,sports enthusiast
CUST_07299,0.748140018,1,too expensive,working professional,premium,medium,705.31,binge watcher
CUST_07300,0.710048966,1,switched to competitor,college student,basic,high,197.78,sports enthusiast
CUST_07301,0.892874018,1,too expensive,college student,basic,low,164.24,binge watcher
CUST_07302,0.827085248,1,technical issues,retired individual,standard,medium,389.07,binge watcher
CUST_07303,0.775559478,1,no time to watch,college student,standard,high,447.35,casual viewer
CUST_07304,0.776026298,1,too expensive,school student,standard,high,431.31,news junkie
CUST_07305,0.620057904,1,too expensive,college student,premium,medium,732.18,news junkie
CUST_07306,0.815219892,1,technical issues,working professional,basic,medium,206.43,family viewer
CUST_07307,0.837107516,1,too expensive,college student,premium,medium,764.25,family viewer
CUST_07308,0.737801449,1,no time to watch,college student,basic,high,202.97,binge watcher
CUST_07309,0.664275839,1,too expensive,college student,standard,high,416.23,family viewer
CUST_07310,0.868260997,1,technical issues,retired individual,basic,medium,240.64,casual viewer
CUST_07311,0.879568082,1,technical issues,retired individual,standard,medium,321.14,binge watcher
CUST_07312,0.872475548,1,no time to watch,working professional,standard,high,333,binge watcher
CUST_07313,0.647046095,1,technical issues,retired individual,basic,medium,141.8,family viewer
CUST_07314,0.741093931,1,too expensive,working professional,standard,high,410.27,casual viewer
CUST_07315,0.694176531,1,too expensive,college student,premium,high,637.19,binge watcher
CUST_07316,0.876586963,1,no time to watch,working professional,basic,low,168.63,family viewer
CUST_07317,0.844100232,1,no time to watch,retired individual,standard,high,429.05,sports enthusiast
CUST_07318,0.542682171,1,none,retired individual,premium,high,734.54,casual viewer
CUST_07319,0.728443472,1,no time to watch,working professional,standard,high,407.44,sports enthusiast
CUST_07320,0.759450341,1,technical issues,retired individual,basic,medium,225.72,binge watcher
CUST_07321,0.904115447,1,too expensive,working professional,basic,medium,207.05,binge watcher
CUST_07322,0.777656368,1,no time to watch,college student,basic,high,199.71,casual viewer
CUST_07323,0.861637497,1,too expensive,school student,premium,low,716.51,binge watcher
CUST_07324,0.733449457,1,switched to competitor,college student,basic,high,217.97,news junkie
CUST_07325,0.777569919,1,none,working professional,premium,high,641.51,casual viewer
CUST_07326,0.753776855,1,switched to competitor,retired individual,basic,high,188.32,casual viewer
CUST_07327,0.832942864,1,too expensive,college student,premium,medium,709.46,sports enthusiast
CUST_07328,0.790178585,1,none,working professional,basic,high,157.88,binge watcher
CUST_07329,0.581490924,1,content not interesting,retired individual,standard,high,453.35,news junkie
CUST_07330,0.835714376,1,no time to watch,retired individual,basic,low,168.51,casual viewer
CUST_07331,0.810722368,1,none,retired individual,premium,low,656.19,binge watcher
CUST_07332,0.715494398,1,switched to competitor,working professional,standard,high,390.56,binge watcher
CUST_07333,0.957412095,1,too expensive,college student,basic,low,214.07,casual viewer
CUST_07334,0.90426417,1,too expensive,college student,premium,low,712.29,news junkie
CUST_07335,0.885877788,1,too expensive,college student,basic,low,146.95,news junkie
CUST_07336,0.617151019,1,too expensive,retired individual,premium,medium,752.48,casual viewer
CUST_07337,0.656658249,1,technical issues,college student,basic,low,208.94,binge watcher
CUST_07338,0.645486464,1,content not interesting,retired individual,basic,high,176.71,casual viewer
CUST_07339,0.834078522,1,technical issues,college student,standard,low,434.76,binge watcher
CUST_07340,0.938792965,1,too expensive,working professional,premium,high,675.5,binge watcher
CUST_07341,0.779816801,1,none,school student,basic,high,226.48,news junkie
CUST_07342,0.7939232,1,too expensive,working professional,standard,medium,361.64,family viewer
CUST_07343,0.917929281,1,too expensive,college student,premium,low,625.42,sports enthusiast
CUST_07344,0.914655291,1,none,college student,standard,low,369.47,family viewer
CUST_07345,0.713990912,1,none,retired individual,basic,medium,195.7,sports enthusiast
CUST_07346,0.735608068,1,too expensive,college student,premium,high,607.66,family viewer
CUST_07347,0.800173343,1,too expensive,school student,standard,low,356.71,sports enthusiast
CUST_07348,0.704578518,1,too expensive,college student,premium,high,694.82,family viewer
CUST_07349,0.642208098,1,technical issues,college student,basic,medium,215.22,binge watcher
CUST_07350,0.553024354,1,none,college student,standard,medium,458.57,family viewer
CUST_07351,0.770673867,1,none,working professional,premium,medium,632.11,casual viewer
CUST_07352,0.829511187,1,no time to watch,working professional,basic,high,205.37,news junkie
CUST_07353,0.889319485,1,too expensive,working professional,standard,medium,411.95,casual viewer
CUST_07354,0.886856639,1,technical issues,school student,standard,low,341.61,casual viewer
CUST_07355,0.848334677,1,none,school student,standard,low,365.26,sports enthusiast
CUST_07356,0.74331529,1,technical issues,college student,standard,medium,365.42,news junkie
CUST_07357,0.716158737,1,too expensive,college student,premium,medium,651.43,news junkie
CUST_07358,0.781385796,1,none,college student,basic,high,187.23,sports enthusiast
CUST_07359,0.700706481,1,switched to competitor,school student,premium,high,587.98,sports enthusiast
CUST_07360,0.789451081,1,technical issues,college student,basic,medium,181.35,binge watcher
CUST_07361,0.891357527,1,too expensive,college student,standard,low,371.11,casual viewer
CUST_07362,0.788338843,1,technical issues,retired individual,standard,medium,403.21,family viewer
CUST_07363,0.633108818,1,technical issues,college student,standard,medium,450.18,binge watcher
CUST_07364,0.750885434,1,none,working professional,basic,low,196.27,casual viewer
CUST_07365,0.750880365,1,content not interesting,college student,standard,high,440.49,family viewer
CUST_07366,0.744851866,1,none,college student,premium,high,662.93,family viewer
CUST_07367,0.649059224,1,switched to competitor,college student,standard,high,339.39,binge watcher
CUST_07368,0.809154008,1,switched to competitor,working professional,basic,high,175.08,casual viewer
CUST_07369,0.796913802,1,none,college student,standard,low,427.34,news junkie
CUST_07370,0.846604352,1,technical issues,working professional,basic,low,194.09,casual viewer
CUST_07371,0.85683018,1,too expensive,working professional,premium,high,688.21,news junkie
CUST_07372,0.835585818,1,technical issues,retired individual,basic,medium,211.86,family viewer
CUST_07373,0.797952292,1,no time to watch,working professional,basic,high,222.1,news junkie
CUST_07374,0.921261414,1,too expensive,college student,premium,low,741.25,binge watcher
CUST_07375,0.778860404,1,technical issues,working professional,standard,medium,408.74,family viewer
CUST_07376,0.560323794,1,none,retired individual,premium,high,691.01,family viewer
CUST_07377,0.726619319,1,none,school student,standard,high,460.15,casual viewer
CUST_07378,0.802221273,1,too expensive,college student,standard,medium,361.78,news junkie
CUST_07379,0.72575189,1,too expensive,working professional,premium,low,689.15,binge watcher
CUST_07380,0.646333204,1,switched to competitor,retired individual,standard,high,388.8,news junkie
CUST_07381,0.826171493,1,technical issues,college student,standard,medium,381.69,news junkie
CUST_07382,0.866924978,1,too expensive,working professional,premium,medium,655.3,binge watcher
CUST_07383,0.889293031,1,too expensive,working professional,standard,high,353.67,news junkie
CUST_07384,0.696979628,1,no time to watch,college student,basic,medium,180.07,news junkie
CUST_07385,0.850155373,1,none,working professional,standard,high,418.14,sports enthusiast
CUST_07386,0.806184624,1,too expensive,college student,premium,high,798.27,news junkie
CUST_07387,0.7131079,1,none,retired individual,basic,high,192.85,sports enthusiast
CUST_07388,0.785248442,1,technical issues,college student,basic,medium,217.31,binge watcher
CUST_07389,0.803365168,1,too expensive,college student,premium,high,632.24,family viewer
CUST_07390,0.768265636,1,no time to watch,working professional,standard,high,412,sports enthusiast
CUST_07391,0.774987622,1,content not interesting,college student,basic,high,149.72,family viewer
CUST_07392,0.911147827,1,too expensive,college student,standard,low,360.49,news junkie
CUST_07393,0.703762022,1,switched to competitor,college student,standard,high,367.96,family viewer
CUST_07394,0.688121869,1,switched to competitor,college student,standard,high,422.44,sports enthusiast
CUST_07395,0.782045175,1,too expensive,working professional,premium,high,617.73,family viewer
CUST_07396,0.861601517,1,too expensive,working professional,standard,medium,442.54,family viewer
CUST_07397,0.668765648,1,none,college student,premium,high,786.64,sports enthusiast
CUST_07398,0.620294598,1,none,retired individual,premium,high,642.69,binge watcher
CUST_07399,0.918105967,1,technical issues,college student,standard,low,428.75,casual viewer
CUST_07400,0.827475329,1,no time to watch,college student,basic,low,172.77,binge watcher
CUST_07401,0.703786442,1,none,working professional,basic,high,166.82,casual viewer
CUST_07402,0.780326175,1,too expensive,college student,standard,high,375.14,family viewer
CUST_07403,0.671229771,1,switched to competitor,college student,basic,high,193.9,casual viewer
CUST_07404,0.79935054,1,too expensive,retired individual,premium,medium,757.23,news junkie
CUST_07405,0.735724442,1,too expensive,college student,premium,medium,627.9,binge watcher
CUST_07406,0.737255,1,switched to competitor,retired individual,basic,high,188.22,sports enthusiast
CUST_07407,0.847794464,1,no time to watch,retired individual,basic,medium,200.52,news junkie
CUST_07408,0.818107271,1,too expensive,college student,premium,high,725.1,news junkie
CUST_07409,0.715764078,1,no time to watch,college student,basic,medium,184.84,casual viewer
CUST_07410,0.819385301,1,no time to watch,working professional,basic,medium,198.53,family viewer
CUST_07411,0.852300915,1,too expensive,working professional,premium,high,710.75,casual viewer
CUST_07412,0.888331889,1,too expensive,college student,premium,high,767.78,binge watcher
CUST_07413,0.749629388,1,no time to watch,working professional,basic,high,219.96,family viewer
CUST_07414,0.75467229,1,too expensive,college student,premium,high,644.02,casual viewer
CUST_07415,0.856883087,1,too expensive,college student,premium,medium,623.43,family viewer
CUST_07416,0.710968465,1,none,retired individual,standard,medium,394.74,casual viewer
CUST_07417,0.864603315,1,none,college student,standard,low,348.32,sports enthusiast
CUST_07418,0.852498029,1,too expensive,working professional,premium,high,609.59,sports enthusiast
CUST_07419,0.707853837,1,too expensive,school student,premium,medium,699.83,news junkie
CUST_07420,0.693743566,1,none,college student,premium,medium,648.96,family viewer
CUST_07421,0.662963316,1,none,college student,standard,medium,402.92,casual viewer
CUST_07422,0.705857448,1,none,retired individual,basic,medium,216.9,family viewer
CUST_07423,0.85398455,1,none,school student,standard,low,403.96,sports enthusiast
CUST_07424,0.709010329,1,too expensive,college student,standard,high,361.71,news junkie
CUST_07425,0.91360048,1,no time to watch,working professional,basic,low,249.48,sports enthusiast
CUST_07426,0.788980767,1,technical issues,college student,standard,medium,346.42,casual viewer
CUST_07427,0.706833987,1,technical issues,college student,basic,medium,203.9,binge watcher
CUST_07428,0.806122329,1,too expensive,college student,premium,high,614.43,news junkie
CUST_07429,0.887731823,1,too expensive,working professional,standard,high,416.18,news junkie
CUST_07430,0.825283698,1,technical issues,college student,standard,low,476.73,binge watcher
CUST_07431,0.908955547,1,none,college student,standard,low,448.33,casual viewer
CUST_07432,0.80608175,1,too expensive,college student,standard,medium,421.17,sports enthusiast
CUST_07433,0.696938503,1,none,school student,standard,high,404.88,news junkie
CUST_07434,0.718090653,1,none,college student,standard,high,383.44,binge watcher
CUST_07435,0.731566118,1,technical issues,retired individual,basic,medium,214.15,news junkie
CUST_07436,0.880114768,1,too expensive,working professional,standard,high,432.38,casual viewer
CUST_07437,0.828280131,1,technical issues,retired individual,standard,medium,370.71,casual viewer
CUST_07438,0.581087342,1,switched to competitor,retired individual,standard,high,440.96,family viewer
CUST_07439,0.669973975,1,switched to competitor,college student,standard,high,402.55,news junkie
CUST_07440,0.734399536,1,none,retired individual,standard,high,435.98,family viewer
CUST_07441,0.761941982,1,too expensive,college student,standard,low,358,family viewer
CUST_07442,0.83651204,1,content not interesting,working professional,standard,high,439.58,binge watcher
CUST_07443,0.867234339,1,technical issues,college student,standard,medium,372,family viewer
CUST_07444,0.889953107,1,too expensive,school student,premium,high,717.58,family viewer
CUST_07445,0.829103965,1,none,college student,standard,high,348.59,binge watcher
CUST_07446,0.762015051,1,too expensive,school student,premium,medium,731.02,news junkie
CUST_07447,0.774321604,1,too expensive,college student,premium,high,672.48,family viewer
CUST_07448,0.862604828,1,too expensive,college student,basic,high,204.1,family viewer
CUST_07449,0.855815874,1,no time to watch,working professional,basic,low,152.63,sports enthusiast
CUST_07450,0.815321278,1,switched to competitor,working professional,basic,high,177.22,binge watcher
CUST_07451,0.762238069,1,switched to competitor,college student,standard,high,357.27,sports enthusiast
CUST_07452,0.899672933,1,too expensive,college student,basic,high,170.05,sports enthusiast
CUST_07453,0.891874864,1,too expensive,school student,basic,low,194.25,binge watcher
CUST_07454,0.871911712,1,no time to watch,working professional,basic,medium,175.64,family viewer
CUST_07455,0.878370756,1,too expensive,college student,standard,medium,433.26,sports enthusiast
CUST_07456,0.667758862,1,none,college student,premium,high,722.94,sports enthusiast
CUST_07457,0.815288141,1,switched to competitor,college student,standard,high,413.26,sports enthusiast
CUST_07458,0.807539326,1,none,school student,standard,medium,420.34,binge watcher
CUST_07459,0.766821585,1,technical issues,retired individual,basic,medium,147.07,casual viewer
CUST_07460,0.830452081,1,no time to watch,working professional,standard,high,354.49,casual viewer
CUST_07461,0.896913103,1,too expensive,college student,basic,low,227.59,sports enthusiast
CUST_07462,0.804965533,1,switched to competitor,college student,standard,high,389.03,sports enthusiast
CUST_07463,0.911206026,1,too expensive,retired individual,standard,low,388.68,news junkie
CUST_07464,0.88332868,1,technical issues,school student,basic,low,224.74,sports enthusiast
CUST_07465,0.906718301,1,too expensive,working professional,basic,high,234.11,sports enthusiast
CUST_07466,0.820252873,1,too expensive,retired individual,standard,high,401.75,sports enthusiast
CUST_07467,0.846034872,1,none,retired individual,basic,medium,222.91,casual viewer
CUST_07468,0.775316323,1,no time to watch,retired individual,standard,high,413.39,casual viewer
CUST_07469,0.85516682,1,too expensive,working professional,premium,medium,612.74,family viewer
CUST_07470,0.772725016,1,technical issues,college student,basic,medium,221.16,news junkie
CUST_07471,0.804325451,1,too expensive,retired individual,standard,high,402.23,sports enthusiast
CUST_07472,0.745622499,1,no time to watch,college student,standard,high,414.57,news junkie
CUST_07473,0.704493328,1,switched to competitor,working professional,standard,high,416.34,binge watcher
CUST_07474,0.921206385,1,too expensive,retired individual,standard,low,420.13,casual viewer
CUST_07475,0.898333416,1,too expensive,working professional,premium,high,735.32,casual viewer
CUST_07476,0.816173347,1,technical issues,college student,basic,low,188.55,casual viewer
CUST_07477,0.882934275,1,too expensive,school student,premium,high,745.38,sports enthusiast
CUST_07478,0.597063123,1,no time to watch,retired individual,standard,high,453.79,casual viewer
CUST_07479,0.786019268,1,technical issues,retired individual,basic,medium,188.21,binge watcher
CUST_07480,0.821227331,1,technical issues,college student,basic,medium,198.33,news junkie
CUST_07481,0.851713346,1,too expensive,college student,standard,high,373.87,binge watcher
CUST_07482,0.695809844,1,too expensive,college student,basic,high,214.54,family viewer
CUST_07483,0.791861408,1,technical issues,working professional,standard,medium,427.86,sports enthusiast
CUST_07484,0.800873441,1,technical issues,college student,standard,medium,361.32,family viewer
CUST_07485,0.859811249,1,no time to watch,working professional,standard,low,425.01,binge watcher
CUST_07486,0.644732681,1,none,retired individual,standard,high,358.21,casual viewer
CUST_07487,0.75180656,1,technical issues,retired individual,basic,medium,227.11,family viewer
CUST_07488,0.826302622,1,no time to watch,retired individual,basic,medium,199.57,family viewer
CUST_07489,0.581927251,1,no time to watch,college student,standard,high,343.67,casual viewer
CUST_07490,0.826734921,1,none,retired individual,standard,medium,348.37,casual viewer
CUST_07491,0.818209376,1,technical issues,college student,standard,medium,385.42,sports enthusiast
CUST_07492,0.838900246,1,technical issues,college student,standard,low,389.4,binge watcher
CUST_07493,0.853419356,1,technical issues,college student,basic,medium,180.01,family viewer
CUST_07494,0.733947626,1,switched to competitor,retired individual,standard,high,373.28,sports enthusiast
CUST_07495,0.797032902,1,technical issues,college student,standard,medium,376.09,casual viewer
CUST_07496,0.898089808,1,too expensive,college student,standard,medium,426.21,family viewer
CUST_07497,0.579050746,1,none,college student,premium,high,666.23,news junkie
CUST_07498,0.809440102,1,technical issues,college student,standard,medium,367.59,casual viewer
CUST_07499,0.649402043,1,too expensive,retired individual,premium,high,666.69,casual viewer
CUST_07500,0.757733664,1,too expensive,retired individual,standard,high,463.26,news junkie
CUST_07501,0.782930272,1,none,retired individual,basic,medium,213.62,sports enthusiast
CUST_07502,0.788882531,1,no time to watch,working professional,basic,high,227.89,sports enthusiast
CUST_07503,0.595514424,1,too expensive,college student,premium,high,763.65,news junkie
CUST_07504,0.838930435,1,too expensive,college student,standard,high,359.37,news junkie
CUST_07505,0.720326657,1,too expensive,college student,basic,high,174.93,news junkie
CUST_07506,0.915844606,1,no time to watch,college student,standard,low,437.83,sports enthusiast
CUST_07507,0.589907679,1,none,retired individual,standard,high,405.07,family viewer
CUST_07508,0.842293269,1,no time to watch,working professional,standard,low,465.49,news junkie
CUST_07509,0.821570195,1,no time to watch,school student,basic,high,189.33,binge watcher
CUST_07510,0.761733904,1,no time to watch,college student,standard,high,434.39,news junkie
CUST_07511,0.784228711,1,none,college student,basic,high,168.38,sports enthusiast
CUST_07512,0.767356544,1,none,retired individual,premium,medium,792.63,news junkie
CUST_07513,0.808617964,1,switched to competitor,college student,standard,high,463.83,sports enthusiast
CUST_07514,0.696700643,1,technical issues,college student,premium,low,598.94,casual viewer
CUST_07515,0.778980063,1,switched to competitor,school student,standard,high,374.74,sports enthusiast
CUST_07516,0.785414297,1,no time to watch,retired individual,basic,high,193.39,casual viewer
CUST_07517,0.917607176,1,too expensive,college student,basic,low,201.98,casual viewer
CUST_07518,0.856305455,1,technical issues,school student,standard,low,445.3,news junkie
CUST_07519,0.891098398,1,no time to watch,working professional,basic,high,182.35,sports enthusiast
CUST_07520,0.890293889,1,technical issues,school student,basic,low,224.82,family viewer
CUST_07521,0.718280553,1,technical issues,college student,standard,medium,435.95,binge watcher
CUST_07522,0.745513972,1,technical issues,college student,basic,low,208.36,sports enthusiast
CUST_07523,0.950195049,1,too expensive,school student,basic,low,237.34,sports enthusiast
CUST_07524,0.836325426,1,too expensive,college student,premium,high,736.19,sports enthusiast
CUST_07525,0.609623471,1,too expensive,school student,premium,medium,673.2,family viewer
CUST_07526,0.864764537,1,too expensive,college student,basic,high,212.03,news junkie
CUST_07527,0.880836884,1,too expensive,college student,basic,high,186.22,family viewer
CUST_07528,0.685700545,1,technical issues,school student,standard,medium,388.85,sports enthusiast
CUST_07529,0.788474748,1,switched to competitor,school student,standard,high,448.16,casual viewer
CUST_07530,0.685501678,1,none,college student,standard,high,413.95,sports enthusiast
CUST_07531,0.885340484,1,none,school student,standard,medium,414.29,binge watcher
CUST_07532,0.845358478,1,too expensive,retired individual,basic,low,202.54,binge watcher
CUST_07533,0.829946874,1,too expensive,retired individual,basic,high,183.86,news junkie
CUST_07534,0.743545238,1,too expensive,college student,standard,high,418.84,sports enthusiast
CUST_07535,0.793621326,1,too expensive,school student,basic,high,168.7,news junkie
CUST_07536,0.751271864,1,technical issues,working professional,basic,medium,224.96,binge watcher
CUST_07537,0.757608358,1,none,school student,premium,low,642.96,news junkie
CUST_07538,0.759773061,1,too expensive,college student,premium,high,639.96,news junkie
CUST_07539,0.898745296,1,too expensive,working professional,standard,medium,464.69,sports enthusiast
CUST_07540,0.795442707,1,too expensive,school student,premium,medium,765.27,family viewer
CUST_07541,0.847830904,1,too expensive,retired individual,premium,medium,680.96,sports enthusiast
CUST_07542,0.810009726,1,switched to competitor,college student,basic,high,145.61,family viewer
CUST_07543,0.724989992,1,none,school student,standard,high,355.37,sports enthusiast
CUST_07544,0.82202911,1,no time to watch,college student,basic,high,196.19,news junkie
CUST_07545,0.826194873,1,too expensive,college student,basic,high,219.37,news junkie
CUST_07546,0.788766255,1,too expensive,retired individual,premium,high,719,casual viewer
CUST_07547,0.640939916,1,none,working professional,premium,high,635.06,binge watcher
CUST_07548,0.768793937,1,no time to watch,working professional,standard,high,448.83,family viewer
CUST_07549,0.808920844,1,technical issues,college student,standard,medium,362.58,binge watcher
CUST_07550,0.651853107,1,switched to competitor,college student,standard,high,362.53,sports enthusiast
CUST_07551,0.704814986,1,none,school student,premium,high,706.88,casual viewer
CUST_07552,0.732381358,1,technical issues,retired individual,basic,medium,187.16,sports enthusiast
CUST_07553,0.884614003,1,too expensive,working professional,standard,high,465.41,news junkie
CUST_07554,0.848888266,1,too expensive,college student,premium,medium,737.85,casual viewer
CUST_07555,0.919131465,1,too expensive,working professional,basic,medium,198.6,casual viewer
CUST_07556,0.7552885,1,none,retired individual,basic,high,173.7,family viewer
CUST_07557,0.893887987,1,too expensive,retired individual,standard,high,447.88,binge watcher
CUST_07558,0.580276986,1,none,retired individual,standard,high,383.61,sports enthusiast
CUST_07559,0.844369095,1,too expensive,college student,standard,high,410.15,binge watcher
CUST_07560,0.714027659,1,switched to competitor,retired individual,standard,high,461.12,family viewer
CUST_07561,0.896658328,1,too expensive,college student,premium,low,713.82,binge watcher
CUST_07562,0.770937483,1,too expensive,retired individual,premium,high,747.64,sports enthusiast
CUST_07563,0.881008679,1,no time to watch,working professional,standard,high,385.8,casual viewer
CUST_07564,0.775601548,1,technical issues,working professional,basic,low,181.57,family viewer
CUST_07565,0.860547268,1,too expensive,college student,premium,high,633.86,casual viewer
CUST_07566,0.944986912,1,too expensive,working professional,premium,low,662.95,news junkie
CUST_07567,0.80850796,1,too expensive,college student,premium,high,652.27,sports enthusiast
CUST_07568,0.865496377,1,too expensive,working professional,standard,medium,443.5,news junkie
CUST_07569,0.824672649,1,technical issues,retired individual,standard,medium,397.74,sports enthusiast
CUST_07570,0.779728243,1,switched to competitor,working professional,basic,high,202.9,news junkie
CUST_07571,0.758250178,1,too expensive,college student,premium,high,642.69,family viewer
CUST_07572,0.854186414,1,too expensive,school student,premium,medium,776.68,binge watcher
CUST_07573,0.73888425,1,too expensive,retired individual,basic,high,171.75,sports enthusiast
CUST_07574,0.866735446,1,no time to watch,retired individual,standard,high,349.31,binge watcher
CUST_07575,0.928345483,1,too expensive,college student,premium,medium,707.63,casual viewer
CUST_07576,0.921736127,1,too expensive,school student,standard,medium,490.17,binge watcher
CUST_07577,0.903207143,1,technical issues,retired individual,standard,low,452.02,sports enthusiast
CUST_07578,0.860682392,1,too expensive,school student,basic,high,170.9,sports enthusiast
CUST_07579,0.872265519,1,too expensive,college student,basic,low,195.88,news junkie
CUST_07580,0.834942589,1,too expensive,retired individual,standard,high,363.34,news junkie
CUST_07581,0.59427258,1,content not interesting,retired individual,basic,high,206.77,news junkie
CUST_07582,0.619381779,1,too expensive,retired individual,premium,high,708.6,binge watcher
CUST_07583,0.897392539,1,too expensive,retired individual,premium,medium,712.11,binge watcher
CUST_07584,0.87318559,1,none,college student,basic,low,191.34,family viewer
CUST_07585,0.70226209,1,none,college student,standard,medium,466.76,news junkie
CUST_07586,0.705678906,1,no time to watch,college student,basic,high,203.42,sports enthusiast
CUST_07587,0.716453003,1,switched to competitor,college student,basic,high,219.49,binge watcher
CUST_07588,0.617911341,1,none,college student,basic,high,224.66,binge watcher
CUST_07589,0.716929733,1,none,retired individual,basic,medium,198.96,casual viewer
CUST_07590,0.815215181,1,too expensive,school student,premium,high,780.94,news junkie
CUST_07591,0.891597195,1,too expensive,college student,basic,medium,237.03,family viewer
CUST_07592,0.730503739,1,switched to competitor,school student,standard,high,440.4,news junkie
CUST_07593,0.782846307,1,too expensive,working professional,premium,high,623.97,binge watcher
CUST_07594,0.894969453,1,too expensive,college student,standard,high,366.55,news junkie
CUST_07595,0.885255215,1,technical issues,retired individual,standard,low,376.22,family viewer
CUST_07596,0.841170312,1,too expensive,college student,premium,high,789.18,family viewer
CUST_07597,0.804310286,1,switched to competitor,working professional,standard,high,359.77,family viewer
CUST_07598,0.768037186,1,too expensive,retired individual,premium,medium,629.14,casual viewer
CUST_07599,0.943418544,1,too expensive,working professional,premium,low,625.39,family viewer
CUST_07600,0.644316089,1,none,college student,premium,high,708.53,sports enthusiast
CUST_07601,0.838312009,1,technical issues,college student,basic,medium,159.06,news junkie
CUST_07602,0.919457888,1,too expensive,working professional,standard,high,430.56,family viewer
CUST_07603,0.902852542,1,technical issues,college student,standard,low,400.1,family viewer
CUST_07604,0.754062816,1,none,college student,premium,medium,704.93,binge watcher
CUST_07605,0.785032655,1,technical issues,college student,standard,low,448.18,sports enthusiast
CUST_07606,0.759195796,1,too expensive,working professional,premium,high,762.14,family viewer
CUST_07607,0.610325305,1,none,college student,basic,high,195.94,sports enthusiast
CUST_07608,0.754537754,1,content not interesting,retired individual,standard,high,426.21,family viewer
CUST_07609,0.950254998,1,too expensive,retired individual,basic,low,213.83,binge watcher
CUST_07610,0.822342843,1,none,retired individual,basic,high,232.09,news junkie
CUST_07611,0.675750658,1,too expensive,school student,premium,high,702.28,sports enthusiast
CUST_07612,0.773076676,1,no time to watch,college student,standard,high,393.65,binge watcher
CUST_07613,0.588939448,1,too expensive,school student,premium,high,790.63,casual viewer
CUST_07614,0.831474204,1,technical issues,college student,standard,medium,405.35,casual viewer
CUST_07615,0.841122011,1,too expensive,retired individual,premium,high,715.57,news junkie
CUST_07616,0.756989053,1,none,college student,basic,high,221.94,family viewer
CUST_07617,0.835695885,1,too expensive,college student,premium,medium,723.69,family viewer
CUST_07618,0.828844479,1,content not interesting,college student,basic,high,193.57,casual viewer
CUST_07619,0.783930713,1,too expensive,working professional,premium,high,785.52,family viewer
CUST_07620,0.777631694,1,too expensive,college student,premium,high,774.21,binge watcher
CUST_07621,0.915609355,1,no time to watch,college student,basic,low,195.13,family viewer
CUST_07622,0.680908536,1,no time to watch,retired individual,basic,high,222.47,news junkie
CUST_07623,0.848004494,1,content not interesting,working professional,standard,high,413.32,casual viewer
CUST_07624,0.833525244,1,none,college student,premium,medium,594.56,news junkie
CUST_07625,0.862235763,1,too expensive,retired individual,premium,low,717.01,family viewer
CUST_07626,0.764355807,1,none,working professional,premium,high,634.09,news junkie
CUST_07627,0.857671666,1,too expensive,college student,premium,high,773.45,casual viewer
CUST_07628,0.850975182,1,too expensive,working professional,premium,high,755.09,family viewer
CUST_07629,0.791299129,1,switched to competitor,school student,basic,high,209.88,family viewer
CUST_07630,0.875093128,1,technical issues,college student,standard,low,358.31,sports enthusiast
CUST_07631,0.807851307,1,too expensive,working professional,basic,medium,203.32,family viewer
CUST_07632,0.7868685,1,switched to competitor,college student,standard,high,408.64,casual viewer
CUST_07633,0.826627237,1,technical issues,school student,basic,low,144.14,casual viewer
CUST_07634,0.680070112,1,switched to competitor,working professional,basic,high,209.54,binge watcher
CUST_07635,0.920778657,1,too expensive,working professional,premium,medium,637.8,family viewer
CUST_07636,0.732794366,1,too expensive,school student,standard,high,380.82,family viewer
CUST_07637,0.889348693,1,too expensive,college student,premium,medium,618.06,binge watcher
CUST_07638,0.748328324,1,technical issues,college student,standard,low,451.19,sports enthusiast
CUST_07639,0.826055082,1,too expensive,retired individual,standard,medium,448.31,binge watcher
CUST_07640,0.910908682,1,too expensive,retired individual,basic,medium,202.96,news junkie
CUST_07641,0.717426854,1,none,retired individual,standard,high,484.79,binge watcher
CUST_07642,0.650740441,1,none,college student,standard,high,463.69,binge watcher
CUST_07643,0.830563295,1,none,school student,basic,high,231.4,news junkie
CUST_07644,0.908650327,1,none,working professional,premium,medium,651.68,family viewer
CUST_07645,0.685294588,1,technical issues,college student,basic,medium,225.05,sports enthusiast
CUST_07646,0.601027217,1,too expensive,working professional,premium,high,735.06,casual viewer
CUST_07647,0.723314326,1,too expensive,college student,premium,medium,776.73,binge watcher
CUST_07648,0.814369101,1,too expensive,working professional,premium,high,792.66,family viewer
CUST_07649,0.822367194,1,technical issues,college student,basic,low,217.67,binge watcher
CUST_07650,0.767693849,1,too expensive,working professional,premium,high,645.48,family viewer
CUST_07651,0.834087256,1,none,retired individual,standard,high,404.89,binge watcher
CUST_07652,0.889633059,1,no time to watch,retired individual,standard,low,384.87,casual viewer
CUST_07653,0.702820059,1,too expensive,college student,premium,high,757.94,sports enthusiast
CUST_07654,0.557659883,1,switched to competitor,college student,basic,high,172.6,sports enthusiast
CUST_07655,0.849393642,1,too expensive,retired individual,premium,low,628.42,family viewer
CUST_07656,0.846150895,1,too expensive,college student,premium,high,712.47,family viewer
CUST_07657,0.700186808,1,too expensive,working professional,premium,high,618.45,binge watcher
CUST_07658,0.804937284,1,none,school student,basic,high,226.59,binge watcher
CUST_07659,0.743061157,1,no time to watch,college student,standard,medium,421.95,sports enthusiast
CUST_07660,0.751380366,1,too expensive,college student,premium,high,703.95,sports enthusiast
CUST_07661,0.762530573,1,none,retired individual,basic,high,215.43,sports enthusiast
CUST_07662,0.743819741,1,none,college student,premium,high,640.6,family viewer
CUST_07663,0.755891013,1,switched to competitor,college student,basic,high,218.64,sports enthusiast
CUST_07664,0.797469165,1,none,school student,premium,low,692.54,casual viewer
CUST_07665,0.805029309,1,technical issues,working professional,standard,medium,452.51,casual viewer
CUST_07666,0.746887662,1,technical issues,college student,basic,low,210.7,casual viewer
CUST_07667,0.757162029,1,too expensive,working professional,premium,medium,752.06,news junkie
CUST_07668,0.871335892,1,too expensive,working professional,premium,high,619.03,binge watcher
CUST_07669,0.815092577,1,none,college student,basic,low,186.84,news junkie
CUST_07670,0.750542773,1,none,retired individual,basic,high,173.48,casual viewer
CUST_07671,0.699139015,1,none,retired individual,standard,low,370.32,sports enthusiast
CUST_07672,0.821896179,1,technical issues,college student,standard,medium,438.79,casual viewer
CUST_07673,0.832948865,1,no time to watch,working professional,basic,high,195.02,binge watcher
CUST_07674,0.914526734,1,too expensive,retired individual,premium,low,706.84,news junkie
CUST_07675,0.724058908,1,none,working professional,basic,high,212.52,binge watcher
CUST_07676,0.885532773,1,no time to watch,college student,standard,low,332.71,casual viewer
CUST_07677,0.678735689,1,no time to watch,working professional,standard,medium,405.69,binge watcher
CUST_07678,0.724209627,1,too expensive,working professional,premium,high,760.52,casual viewer
CUST_07679,0.913213729,1,too expensive,working professional,standard,medium,466.39,news junkie
CUST_07680,0.821845673,1,technical issues,working professional,standard,medium,447.96,binge watcher
CUST_07681,0.846646675,1,too expensive,retired individual,basic,high,185.78,binge watcher
CUST_07682,0.670163628,1,switched to competitor,working professional,basic,high,197.55,sports enthusiast
CUST_07683,0.720638188,1,switched to competitor,retired individual,basic,high,168.46,binge watcher
CUST_07684,0.870609708,1,content not interesting,college student,standard,high,377.48,binge watcher
CUST_07685,0.752784528,1,technical issues,college student,standard,low,424.68,sports enthusiast
CUST_07686,0.658218738,1,technical issues,college student,standard,low,452.66,sports enthusiast
CUST_07687,0.650996744,1,none,college student,standard,high,396.44,sports enthusiast
CUST_07688,0.823213216,1,no time to watch,college student,standard,medium,450.66,binge watcher
CUST_07689,0.854624424,1,too expensive,college student,premium,high,753.36,sports enthusiast
CUST_07690,0.895796696,1,too expensive,college student,standard,low,431.8,sports enthusiast
CUST_07691,0.80958687,1,too expensive,college student,premium,low,608.9,casual viewer
CUST_07692,0.641575502,1,none,working professional,standard,high,381.22,news junkie
CUST_07693,0.826999725,1,technical issues,college student,standard,medium,412.95,news junkie
CUST_07694,0.673089996,1,none,college student,basic,low,217.73,sports enthusiast
CUST_07695,0.813866954,1,technical issues,college student,standard,medium,380.29,sports enthusiast
CUST_07696,0.874360554,1,too expensive,working professional,premium,low,668.37,family viewer
CUST_07697,0.807360558,1,too expensive,working professional,standard,high,375.14,binge watcher
CUST_07698,0.827012779,1,too expensive,retired individual,standard,high,441.65,sports enthusiast
CUST_07699,0.945613834,1,too expensive,working professional,standard,low,350.85,sports enthusiast
CUST_07700,0.81608602,1,none,working professional,premium,medium,655.32,binge watcher
CUST_07701,0.842520341,1,too expensive,retired individual,premium,low,768.73,news junkie
CUST_07702,0.727483663,1,too expensive,college student,premium,medium,607.24,binge watcher
CUST_07703,0.948113948,1,too expensive,college student,premium,low,651.57,news junkie
CUST_07704,0.821827336,1,switched to competitor,working professional,basic,high,189.21,binge watcher
CUST_07705,0.92749098,1,too expensive,working professional,premium,medium,709.18,sports enthusiast
CUST_07706,0.732090236,1,too expensive,working professional,premium,high,806.41,binge watcher
CUST_07707,0.89207971,1,too expensive,retired individual,basic,high,233.56,family viewer
CUST_07708,0.815769647,1,switched to competitor,retired individual,standard,high,322.05,sports enthusiast
CUST_07709,0.92048141,1,no time to watch,working professional,standard,low,397.85,casual viewer
CUST_07710,0.666301624,1,no time to watch,working professional,basic,high,195.55,binge watcher
CUST_07711,0.742533063,1,switched to competitor,college student,standard,high,454.39,binge watcher
CUST_07712,0.799784549,1,no time to watch,working professional,basic,medium,208.9,family viewer
CUST_07713,0.857560191,1,too expensive,school student,premium,medium,766.64,family viewer
CUST_07714,0.887178312,1,no time to watch,working professional,basic,low,224.87,casual viewer
CUST_07715,0.773325025,1,none,retired individual,basic,low,191.79,binge watcher
CUST_07716,0.796770545,1,no time to watch,college student,basic,high,198.41,family viewer
CUST_07717,0.888696072,1,too expensive,college student,basic,low,225.3,binge watcher
CUST_07718,0.838519969,1,technical issues,college student,standard,medium,397.63,sports enthusiast
CUST_07719,0.806018576,1,none,school student,premium,high,771.55,sports enthusiast
CUST_07720,0.892267659,1,technical issues,retired individual,standard,low,411.92,sports enthusiast
CUST_07721,0.893633668,1,too expensive,retired individual,standard,high,439.73,sports enthusiast
CUST_07722,0.587740444,1,switched to competitor,college student,standard,high,379.41,binge watcher
CUST_07723,0.741144324,1,too expensive,working professional,premium,high,635.42,casual viewer
CUST_07724,0.872636012,1,none,school student,premium,high,650.96,news junkie
CUST_07725,0.711425243,1,technical issues,college student,standard,medium,373.2,binge watcher
CUST_07726,0.767913571,1,too expensive,college student,premium,high,730.44,sports enthusiast
CUST_07727,0.785907202,1,switched to competitor,retired individual,basic,high,238.62,sports enthusiast
CUST_07728,0.752899673,1,none,retired individual,standard,medium,398.86,news junkie
CUST_07729,0.81032515,1,too expensive,retired individual,premium,low,779.04,family viewer
CUST_07730,0.713583687,1,switched to competitor,college student,standard,high,454.11,binge watcher
CUST_07731,0.901921378,1,too expensive,retired individual,premium,low,606.98,news junkie
CUST_07732,0.785559012,1,none,retired individual,premium,high,711.5,binge watcher
CUST_07733,0.785450361,1,too expensive,working professional,premium,low,770.65,casual viewer
CUST_07734,0.808062228,1,too expensive,working professional,premium,high,793.49,casual viewer
CUST_07735,0.893448141,1,too expensive,school student,standard,high,456.54,news junkie
CUST_07736,0.759346083,1,none,retired individual,standard,high,394.32,binge watcher
CUST_07737,0.605659369,1,no time to watch,college student,standard,high,365.86,sports enthusiast
CUST_07738,0.779254131,1,too expensive,retired individual,premium,high,703.21,news junkie
CUST_07739,0.867041387,1,too expensive,college student,premium,low,777.47,binge watcher
CUST_07740,0.78535037,1,no time to watch,working professional,standard,medium,449.02,family viewer
CUST_07741,0.701688775,1,too expensive,school student,basic,high,204.26,casual viewer
CUST_07742,0.694934825,1,none,college student,standard,high,436.3,binge watcher
CUST_07743,0.79967191,1,too expensive,college student,premium,low,655.28,news junkie
CUST_07744,0.813879464,1,no time to watch,working professional,basic,high,179.7,casual viewer
CUST_07745,0.81633051,1,too expensive,retired individual,standard,high,450.59,sports enthusiast
CUST_07746,0.82382468,1,none,retired individual,standard,high,432.11,casual viewer
CUST_07747,0.720561157,1,none,working professional,premium,medium,790.98,binge watcher
CUST_07748,0.813747942,1,none,college student,standard,medium,409.45,binge watcher
CUST_07749,0.868578804,1,none,retired individual,premium,high,652.94,family viewer
CUST_07750,0.623997437,1,none,retired individual,standard,high,398.01,family viewer
CUST_07751,0.797713191,1,too expensive,college student,premium,high,642.73,sports enthusiast
CUST_07752,0.86730611,1,too expensive,college student,standard,medium,374.06,casual viewer
CUST_07753,0.75875035,1,too expensive,working professional,standard,high,309.18,binge watcher
CUST_07754,0.730529554,1,none,retired individual,basic,medium,210.02,binge watcher
CUST_07755,0.628234115,1,none,retired individual,premium,high,660.22,casual viewer
CUST_07756,0.794502422,1,none,school student,basic,low,196.1,news junkie
CUST_07757,0.805611758,1,none,college student,premium,high,794.56,family viewer
CUST_07758,0.800045526,1,switched to competitor,college student,premium,high,595.95,binge watcher
CUST_07759,0.713217156,1,none,retired individual,premium,high,727.23,family viewer
CUST_07760,0.724671514,1,technical issues,college student,standard,medium,436.17,family viewer
CUST_07761,0.536901453,1,switched to competitor,college student,standard,high,437.98,binge watcher
CUST_07762,0.836085993,1,too expensive,college student,premium,high,597.84,binge watcher
CUST_07763,0.820314269,1,too expensive,working professional,standard,high,394.07,sports enthusiast
CUST_07764,0.819264524,1,no time to watch,school student,standard,medium,457.17,binge watcher
CUST_07765,0.815446523,1,no time to watch,working professional,standard,high,335.7,news junkie
CUST_07766,0.693804947,1,no time to watch,working professional,basic,high,195.17,sports enthusiast
CUST_07767,0.836404737,1,no time to watch,working professional,basic,medium,234.24,family viewer
CUST_07768,0.767658681,1,technical issues,retired individual,basic,medium,181.76,casual viewer
CUST_07769,0.663321925,1,switched to competitor,college student,standard,high,369.74,sports enthusiast
CUST_07770,0.87942931,1,none,college student,standard,high,404.65,sports enthusiast
CUST_07771,0.764483735,1,too expensive,college student,standard,high,434.67,family viewer
CUST_07772,0.895523707,1,none,college student,basic,medium,244.13,news junkie
CUST_07773,0.831880653,1,too expensive,working professional,premium,medium,762.33,news junkie
CUST_07774,0.838512363,1,none,working professional,standard,medium,448.95,family viewer
CUST_07775,0.822443743,1,technical issues,college student,standard,low,448.56,sports enthusiast
CUST_07776,0.59416489,1,none,college student,standard,medium,401.78,news junkie
CUST_07777,0.87286677,1,too expensive,working professional,premium,high,711.23,sports enthusiast
CUST_07778,0.816922343,1,content not interesting,retired individual,standard,high,334.47,family viewer
CUST_07779,0.691551946,1,none,school student,standard,high,390.86,news junkie
CUST_07780,0.568602642,1,too expensive,working professional,premium,high,654.21,binge watcher
CUST_07781,0.824968235,1,too expensive,college student,standard,high,384.59,family viewer
CUST_07782,0.887984541,1,no time to watch,college student,basic,medium,184.61,family viewer
CUST_07783,0.81829998,1,too expensive,retired individual,premium,medium,651.39,casual viewer
CUST_07784,0.885589488,1,too expensive,school student,basic,high,203.9,family viewer
CUST_07785,0.873256238,1,content not interesting,working professional,standard,high,440.39,news junkie
CUST_07786,0.816194986,1,none,working professional,basic,medium,215.31,family viewer
CUST_07787,0.839749388,1,technical issues,working professional,basic,medium,215.36,family viewer
CUST_07788,0.654584158,1,none,school student,basic,medium,216.78,casual viewer
CUST_07789,0.763628777,1,too expensive,college student,standard,high,420.95,news junkie
CUST_07790,0.824477904,1,too expensive,college student,premium,high,767.82,family viewer
CUST_07791,0.757015377,1,too expensive,retired individual,standard,high,410.09,news junkie
CUST_07792,0.86969296,1,none,college student,standard,high,434.34,family viewer
CUST_07793,0.854711737,1,too expensive,working professional,basic,medium,191.49,news junkie
CUST_07794,0.634508642,1,technical issues,school student,basic,medium,190.16,binge watcher
CUST_07795,0.789205923,1,technical issues,retired individual,standard,medium,422.01,news junkie
CUST_07796,0.561407109,1,too expensive,working professional,premium,high,688.33,sports enthusiast
CUST_07797,0.922379734,1,too expensive,retired individual,standard,low,389.01,binge watcher
CUST_07798,0.788012963,1,too expensive,retired individual,premium,medium,770.02,binge watcher
CUST_07799,0.695884267,1,too expensive,retired individual,premium,medium,684.34,casual viewer
CUST_07800,0.758963543,1,switched to competitor,school student,standard,high,376.07,family viewer
CUST_07801,0.88077855,1,technical issues,working professional,standard,low,360.82,binge watcher
CUST_07802,0.782925194,1,too expensive,working professional,standard,high,462.45,binge watcher
CUST_07803,0.767658962,1,no time to watch,retired individual,basic,medium,182.51,news junkie
CUST_07804,0.819219249,1,none,working professional,premium,high,642.58,binge watcher
CUST_07805,0.780128332,1,technical issues,college student,standard,low,454.25,sports enthusiast
CUST_07806,0.749700996,1,content not interesting,college student,basic,high,172.39,casual viewer
CUST_07807,0.659151763,1,no time to watch,college student,standard,high,348.35,family viewer
CUST_07808,0.68729119,1,technical issues,retired individual,standard,medium,307.72,news junkie
CUST_07809,0.891306921,1,too expensive,college student,standard,low,442.81,binge watcher
CUST_07810,0.807287732,1,too expensive,college student,standard,high,418.34,casual viewer
CUST_07811,0.599037597,1,switched to competitor,college student,basic,high,206.31,news junkie
CUST_07812,0.7171052,1,too expensive,college student,basic,high,205.68,sports enthusiast
CUST_07813,0.825823882,1,switched to competitor,school student,standard,high,413.86,family viewer
CUST_07814,0.72877791,1,none,college student,basic,medium,188.79,family viewer
CUST_07815,0.81856867,1,too expensive,working professional,premium,medium,791.58,binge watcher
CUST_07816,0.880952206,1,too expensive,retired individual,basic,low,217.45,binge watcher
CUST_07817,0.900558536,1,too expensive,working professional,standard,high,353.94,binge watcher
CUST_07818,0.804437128,1,too expensive,college student,premium,high,644.41,binge watcher
CUST_07819,0.84276508,1,too expensive,working professional,premium,high,657.48,casual viewer
CUST_07820,0.693282892,1,technical issues,college student,basic,low,221.16,news junkie
CUST_07821,0.794126309,1,too expensive,college student,premium,high,750.12,sports enthusiast
CUST_07822,0.766131303,1,too expensive,retired individual,standard,high,388.73,family viewer
CUST_07823,0.916695763,1,no time to watch,school student,standard,low,385.17,sports enthusiast
CUST_07824,0.833433681,1,too expensive,retired individual,standard,medium,426.37,family viewer
CUST_07825,0.754793822,1,technical issues,college student,standard,low,460.43,news junkie
CUST_07826,0.747868452,1,too expensive,retired individual,standard,high,399.68,binge watcher
CUST_07827,0.639718075,1,switched to competitor,college student,basic,high,231.98,binge watcher
CUST_07828,0.552434145,1,switched to competitor,school student,standard,high,413.71,sports enthusiast
CUST_07829,0.816048144,1,none,working professional,basic,low,205.86,sports enthusiast
CUST_07830,0.887260208,1,too expensive,college student,premium,high,615.54,news junkie
CUST_07831,0.88933149,1,too expensive,school student,standard,medium,380.93,casual viewer
CUST_07832,0.834285313,1,none,retired individual,basic,medium,225.33,casual viewer
CUST_07833,0.648527924,1,none,college student,standard,high,379.09,casual viewer
CUST_07834,0.861436011,1,too expensive,working professional,premium,high,664.09,family viewer
CUST_07835,0.78444848,1,technical issues,college student,standard,medium,363.47,binge watcher
CUST_07836,0.815911752,1,none,college student,basic,high,196.06,casual viewer
CUST_07837,0.760211893,1,too expensive,retired individual,basic,high,201.93,news junkie
CUST_07838,0.762883942,1,technical issues,working professional,standard,medium,412.03,binge watcher
CUST_07839,0.6831465,1,content not interesting,college student,standard,high,440.09,binge watcher
CUST_07840,0.939661024,1,too expensive,college student,standard,low,397,sports enthusiast
CUST_07841,0.773611902,1,technical issues,college student,basic,medium,234.67,casual viewer
CUST_07842,0.880447619,1,too expensive,retired individual,premium,medium,795.18,family viewer
CUST_07843,0.849757971,1,no time to watch,working professional,basic,high,178.54,casual viewer
CUST_07844,0.850449994,1,none,school student,basic,high,238.4,news junkie
CUST_07845,0.830060945,1,none,working professional,premium,high,689.25,news junkie
CUST_07846,0.881683607,1,too expensive,college student,basic,high,220.01,sports enthusiast
CUST_07847,0.756172579,1,technical issues,school student,basic,low,187.78,binge watcher
CUST_07848,0.902271358,1,technical issues,working professional,standard,medium,441.5,sports enthusiast
CUST_07849,0.772631128,1,too expensive,retired individual,premium,high,637.71,sports enthusiast
CUST_07850,0.85326848,1,technical issues,college student,basic,medium,197.87,casual viewer
CUST_07851,0.888778011,1,technical issues,working professional,standard,low,461.15,sports enthusiast
CUST_07852,0.862671416,1,no time to watch,working professional,standard,high,446.77,news junkie
CUST_07853,0.905404616,1,none,college student,standard,medium,349.8,family viewer
CUST_07854,0.630949537,1,too expensive,college student,standard,high,434.82,family viewer
CUST_07855,0.86332879,1,too expensive,school student,premium,high,764.09,sports enthusiast
CUST_07856,0.662342828,1,no time to watch,school student,basic,medium,204.43,family viewer
CUST_07857,0.543278739,1,none,retired individual,premium,high,688.98,sports enthusiast
CUST_07858,0.818522878,1,too expensive,retired individual,premium,medium,784.77,news junkie
CUST_07859,0.655473976,1,no time to watch,working professional,standard,high,366.04,family viewer
CUST_07860,0.725872307,1,switched to competitor,working professional,standard,high,375.89,binge watcher
CUST_07861,0.886378452,1,too expensive,college student,premium,low,771.35,casual viewer
CUST_07862,0.870591506,1,too expensive,working professional,basic,high,184.68,binge watcher
CUST_07863,0.847283855,1,too expensive,working professional,standard,high,452.84,casual viewer
CUST_07864,0.602848902,1,no time to watch,working professional,basic,medium,167.35,news junkie
CUST_07865,0.776091509,1,no time to watch,college student,standard,high,370.16,casual viewer
CUST_07866,0.62629765,1,none,retired individual,standard,high,403.44,sports enthusiast
CUST_07867,0.747901912,1,technical issues,working professional,basic,medium,179.48,casual viewer
CUST_07868,0.824315953,1,too expensive,working professional,standard,medium,393.97,casual viewer
CUST_07869,0.877661185,1,too expensive,school student,basic,high,186.78,family viewer
CUST_07870,0.805041164,1,none,working professional,premium,high,734.66,binge watcher
CUST_07871,0.702604038,1,too expensive,college student,premium,high,774.53,sports enthusiast
CUST_07872,0.696753649,1,too expensive,retired individual,premium,high,650.64,sports enthusiast
CUST_07873,0.760418553,1,too expensive,college student,basic,medium,227.27,binge watcher
CUST_07874,0.842063381,1,none,retired individual,premium,high,774.96,casual viewer
CUST_07875,0.742327749,1,none,retired individual,premium,high,774.19,family viewer
CUST_07876,0.833659139,1,too expensive,working professional,premium,medium,760,family viewer
CUST_07877,0.851950694,1,too expensive,retired individual,standard,high,370.87,sports enthusiast
CUST_07878,0.729556043,1,too expensive,retired individual,premium,high,640.21,casual viewer
CUST_07879,0.785452088,1,too expensive,retired individual,basic,high,187.63,family viewer
CUST_07880,0.831554819,1,technical issues,retired individual,basic,low,177.61,binge watcher
CUST_07881,0.887673676,1,none,college student,standard,medium,467.86,news junkie
CUST_07882,0.834745084,1,too expensive,college student,premium,low,804.07,casual viewer
CUST_07883,0.936848567,1,too expensive,college student,standard,low,359.66,family viewer
CUST_07884,0.905806565,1,none,working professional,standard,high,367.08,binge watcher
CUST_07885,0.859725288,1,too expensive,working professional,premium,medium,779.6,casual viewer
CUST_07886,0.652208964,1,no time to watch,working professional,basic,medium,222.6,binge watcher
CUST_07887,0.799071893,1,none,working professional,standard,high,351.55,family viewer
CUST_07888,0.812604459,1,switched to competitor,retired individual,basic,high,165.9,sports enthusiast
CUST_07889,0.829697213,1,too expensive,college student,basic,medium,216.02,binge watcher
CUST_07890,0.825241261,1,too expensive,retired individual,premium,high,761.53,news junkie
CUST_07891,0.861960809,1,too expensive,school student,standard,low,390.01,news junkie
CUST_07892,0.781670457,1,none,college student,premium,high,648.07,sports enthusiast
CUST_07893,0.674146027,1,technical issues,college student,basic,medium,183.33,binge watcher
CUST_07894,0.909770779,1,technical issues,retired individual,basic,low,215.15,family viewer
CUST_07895,0.815760254,1,too expensive,school student,premium,high,784.67,binge watcher
CUST_07896,0.798762044,1,content not interesting,college student,standard,high,423.78,binge watcher
CUST_07897,0.800958269,1,too expensive,school student,premium,high,713.97,binge watcher
CUST_07898,0.873848372,1,too expensive,college student,standard,high,401.26,news junkie
CUST_07899,0.646998474,1,no time to watch,college student,basic,high,205.44,family viewer
CUST_07900,0.75129036,1,too expensive,college student,premium,high,745.93,casual viewer
CUST_07901,0.842360462,1,too expensive,college student,premium,medium,691.54,sports enthusiast
CUST_07902,0.641267115,1,content not interesting,retired individual,basic,high,238.83,news junkie
CUST_07903,0.830948193,1,too expensive,school student,basic,low,224.41,news junkie
CUST_07904,0.792240183,1,none,college student,standard,high,406.72,sports enthusiast
CUST_07905,0.73359866,1,too expensive,working professional,premium,high,632.43,binge watcher
CUST_07906,0.878016399,1,technical issues,school student,standard,low,441.6,family viewer
CUST_07907,0.622971894,1,technical issues,school student,standard,medium,426.32,casual viewer
CUST_07908,0.797381942,1,technical issues,college student,standard,low,403.98,casual viewer
CUST_07909,0.867979734,1,too expensive,school student,premium,medium,764.34,family viewer
CUST_07910,0.772796449,1,technical issues,college student,standard,medium,424.25,casual viewer
CUST_07911,0.737296929,1,too expensive,working professional,premium,high,705.97,sports enthusiast
CUST_07912,0.876803696,1,too expensive,working professional,standard,high,363.95,binge watcher
CUST_07913,0.838695003,1,no time to watch,college student,basic,medium,213.48,casual viewer
CUST_07914,0.706601266,1,too expensive,college student,premium,medium,739.96,binge watcher
CUST_07915,0.622578466,1,none,college student,standard,high,407.69,news junkie
CUST_07916,0.790776847,1,technical issues,college student,basic,medium,238.85,casual viewer
CUST_07917,0.782254851,1,technical issues,college student,basic,medium,185.13,casual viewer
CUST_07918,0.63079327,1,no time to watch,retired individual,standard,high,474.93,news junkie
CUST_07919,0.692571773,1,content not interesting,college student,standard,high,441.34,sports enthusiast
CUST_07920,0.770378612,1,none,working professional,basic,high,223.81,sports enthusiast
CUST_07921,0.80717006,1,too expensive,college student,basic,high,265.9,family viewer
CUST_07922,0.845240679,1,none,retired individual,standard,low,374.18,sports enthusiast
CUST_07923,0.815245433,1,none,college student,basic,high,172.74,casual viewer
CUST_07924,0.905867966,1,technical issues,retired individual,basic,low,175.42,binge watcher
CUST_07925,0.907629152,1,no time to watch,working professional,basic,medium,202.79,sports enthusiast
CUST_07926,0.702313106,1,too expensive,working professional,standard,high,430.37,binge watcher
CUST_07927,0.886063759,1,too expensive,college student,standard,medium,411.38,casual viewer
CUST_07928,0.89560167,1,too expensive,retired individual,premium,low,674.38,sports enthusiast
CUST_07929,0.873638745,1,too expensive,working professional,premium,low,781.68,binge watcher
CUST_07930,0.677583556,1,too expensive,college student,premium,medium,673.2,news junkie
CUST_07931,0.899430836,1,too expensive,working professional,basic,low,177.26,casual viewer
CUST_07932,0.840848947,1,technical issues,working professional,basic,medium,207.82,sports enthusiast
CUST_07933,0.621524332,1,none,retired individual,premium,high,761.99,news junkie
CUST_07934,0.556307109,1,switched to competitor,college student,basic,high,192.96,binge watcher
CUST_07935,0.829630268,1,too expensive,college student,standard,high,421.15,casual viewer
CUST_07936,0.821466247,1,switched to competitor,college student,basic,high,157.67,casual viewer
CUST_07937,0.878670036,1,too expensive,college student,premium,high,597.05,family viewer
CUST_07938,0.675365993,1,no time to watch,retired individual,basic,high,158.47,binge watcher
CUST_07939,0.831964403,1,too expensive,working professional,premium,medium,644.68,casual viewer
CUST_07940,0.856970814,1,too expensive,college student,standard,high,432.43,casual viewer
CUST_07941,0.724572248,1,none,school student,premium,medium,636.89,casual viewer
CUST_07942,0.880264436,1,no time to watch,working professional,standard,high,425.59,casual viewer
CUST_07943,0.850696388,1,switched to competitor,retired individual,basic,high,214.26,binge watcher
CUST_07944,0.941831577,1,too expensive,retired individual,premium,low,641.62,casual viewer
CUST_07945,0.704299914,1,technical issues,retired individual,standard,medium,425.12,family viewer
CUST_07946,0.74171267,1,none,college student,basic,medium,161.71,sports enthusiast
CUST_07947,0.755195996,1,switched to competitor,school student,standard,high,368.94,family viewer
CUST_07948,0.816955127,1,too expensive,retired individual,premium,high,595.35,sports enthusiast
CUST_07949,0.726283151,1,switched to competitor,college student,basic,high,240.85,casual viewer
CUST_07950,0.844617388,1,too expensive,school student,premium,low,758.23,family viewer
CUST_07951,0.719153939,1,switched to competitor,retired individual,standard,high,389.48,family viewer
CUST_07952,0.871016746,1,too expensive,college student,basic,high,198.91,family viewer
CUST_07953,0.850607144,1,too expensive,retired individual,standard,high,332.74,family viewer
CUST_07954,0.819603868,1,none,school student,standard,medium,425.65,news junkie
CUST_07955,0.739309678,1,too expensive,college student,basic,high,191.43,sports enthusiast
CUST_07956,0.798981288,1,content not interesting,college student,standard,high,425.49,binge watcher
CUST_07957,0.685086108,1,content not interesting,retired individual,standard,high,398.53,family viewer
CUST_07958,0.894350294,1,too expensive,college student,standard,high,384.7,news junkie
CUST_07959,0.794130015,1,no time to watch,college student,basic,high,169.4,news junkie
CUST_07960,0.882814238,1,too expensive,working professional,standard,low,427.8,binge watcher
CUST_07961,0.881751652,1,technical issues,college student,standard,medium,402.53,casual viewer
CUST_07962,0.744451696,1,too expensive,college student,premium,medium,632.05,binge watcher
CUST_07963,0.815520768,1,too expensive,college student,standard,high,449.4,sports enthusiast
CUST_07964,0.939557094,1,none,retired individual,standard,low,356.56,sports enthusiast
CUST_07965,0.797032515,1,none,college student,premium,low,647.26,family viewer
CUST_07966,0.736513447,1,too expensive,college student,premium,high,741.92,sports enthusiast
CUST_07967,0.727111117,1,no time to watch,working professional,basic,high,204.18,news junkie
CUST_07968,0.712826935,1,technical issues,working professional,basic,medium,153.53,family viewer
CUST_07969,0.806499222,1,too expensive,college student,premium,medium,709.38,casual viewer
CUST_07970,0.894156365,1,too expensive,college student,premium,low,625.59,sports enthusiast
CUST_07971,0.707322014,1,too expensive,retired individual,premium,high,605.29,sports enthusiast
CUST_07972,0.807798399,1,none,retired individual,standard,medium,365.64,news junkie
CUST_07973,0.811284407,1,no time to watch,retired individual,basic,high,206.46,family viewer
CUST_07974,0.81198179,1,no time to watch,working professional,standard,high,423.07,family viewer
CUST_07975,0.8658988,1,none,college student,premium,high,642.04,binge watcher
CUST_07976,0.794758687,1,no time to watch,working professional,basic,medium,177.19,sports enthusiast
CUST_07977,0.636248625,1,switched to competitor,retired individual,basic,high,193.92,family viewer
CUST_07978,0.694489267,1,no time to watch,college student,premium,high,587.95,binge watcher
CUST_07979,0.822306838,1,too expensive,college student,basic,high,199.21,casual viewer
CUST_07980,0.89129337,1,too expensive,working professional,basic,medium,206.75,family viewer
CUST_07981,0.848178653,1,none,retired individual,basic,medium,217.08,casual viewer
CUST_07982,0.911751334,1,too expensive,retired individual,standard,high,379.61,binge watcher
CUST_07983,0.757622833,1,too expensive,college student,premium,high,712.87,binge watcher
CUST_07984,0.949361553,1,too expensive,working professional,basic,low,220.42,news junkie
CUST_07985,0.91417647,1,too expensive,working professional,premium,high,770.69,binge watcher
CUST_07986,0.692200721,1,switched to competitor,college student,basic,high,197.16,sports enthusiast
CUST_07987,0.899903293,1,too expensive,retired individual,premium,low,632.87,news junkie
CUST_07988,0.684744333,1,no time to watch,retired individual,standard,high,384.17,sports enthusiast
CUST_07989,0.901216481,1,too expensive,working professional,basic,high,188.11,family viewer
CUST_07990,0.916512956,1,too expensive,college student,basic,high,167.97,sports enthusiast
CUST_07991,0.730885432,1,none,school student,standard,medium,356.92,casual viewer
CUST_07992,0.784515891,1,none,working professional,premium,high,725.67,news junkie
CUST_07993,0.831002102,1,no time to watch,working professional,basic,high,200.83,binge watcher
CUST_07994,0.89989311,1,no time to watch,working professional,standard,high,404.79,casual viewer
CUST_07995,0.788697305,1,none,school student,standard,high,416.16,casual viewer
CUST_07996,0.770886243,1,content not interesting,college student,basic,high,217.28,news junkie
CUST_07997,0.744530036,1,too expensive,college student,premium,low,798.79,sports enthusiast
CUST_07998,0.78272607,1,too expensive,school student,premium,low,637.24,casual viewer
CUST_07999,0.737383685,1,content not interesting,retired individual,standard,high,403.41,sports enthusiast
CUST_08000,0.76594181,1,technical issues,school student,basic,low,194.83,casual viewer
CUST_08001,0.650698655,1,too expensive,college student,premium,medium,727.7,binge watcher
CUST_08002,0.674758558,1,no time to watch,school student,basic,medium,195.9,family viewer
CUST_08003,0.840353251,1,too expensive,retired individual,premium,high,731.12,casual viewer
CUST_08004,0.650861928,1,too expensive,college student,premium,medium,601.63,family viewer
CUST_08005,0.833121695,1,too expensive,working professional,premium,medium,774.92,binge watcher
CUST_08006,0.78276989,1,too expensive,college student,premium,medium,646.08,casual viewer
CUST_08007,0.777339177,1,technical issues,school student,basic,medium,205.6,casual viewer
CUST_08008,0.888515006,1,too expensive,retired individual,premium,high,621.36,sports enthusiast
CUST_08009,0.687835823,1,none,retired individual,basic,high,235.26,news junkie
CUST_08010,0.877057242,1,too expensive,college student,premium,high,703.72,family viewer
CUST_08011,0.900062676,1,too expensive,college student,basic,low,156.27,binge watcher
CUST_08012,0.734040868,1,too expensive,school student,premium,low,642.65,casual viewer
CUST_08013,0.885740109,1,too expensive,working professional,premium,high,759.88,binge watcher
CUST_08014,0.841825973,1,too expensive,retired individual,standard,low,432.74,family viewer
CUST_08015,0.765996505,1,content not interesting,school student,standard,high,388.35,casual viewer
CUST_08016,0.627704388,1,technical issues,college student,basic,medium,197.71,casual viewer
CUST_08017,0.693096222,1,none,college student,basic,high,183.31,sports enthusiast
CUST_08018,0.863446822,1,too expensive,college student,premium,high,757.92,casual viewer
CUST_08019,0.875652118,1,too expensive,working professional,standard,high,353.6,sports enthusiast
CUST_08020,0.861306741,1,none,college student,standard,high,444.83,family viewer
CUST_08021,0.74379417,1,none,retired individual,basic,high,209.68,family viewer
CUST_08022,0.759660963,1,no time to watch,working professional,basic,low,178.91,family viewer
CUST_08023,0.79699104,1,too expensive,college student,premium,high,611.85,binge watcher
CUST_08024,0.711383084,1,technical issues,retired individual,standard,medium,443.7,news junkie
CUST_08025,0.709633138,1,too expensive,school student,premium,medium,782.34,binge watcher
CUST_08026,0.863404793,1,too expensive,school student,basic,medium,204.73,sports enthusiast
CUST_08027,0.830083863,1,technical issues,working professional,basic,low,203.35,news junkie
CUST_08028,0.806120296,1,technical issues,retired individual,standard,low,348.46,sports enthusiast
CUST_08029,0.919021697,1,too expensive,college student,standard,low,392.44,casual viewer
CUST_08030,0.849381496,1,too expensive,college student,standard,high,397.94,family viewer
CUST_08031,0.769200637,1,none,college student,premium,medium,715.34,binge watcher
CUST_08032,0.829429386,1,technical issues,college student,standard,low,425.58,binge watcher
CUST_08033,0.873299831,1,too expensive,college student,standard,medium,397.48,sports enthusiast
CUST_08034,0.801367668,1,too expensive,working professional,premium,low,697.71,sports enthusiast
CUST_08035,0.881341697,1,no time to watch,college student,standard,low,389.44,binge watcher
CUST_08036,0.63935867,1,switched to competitor,retired individual,standard,high,380.41,sports enthusiast
CUST_08037,0.852437655,1,technical issues,college student,standard,medium,385.06,casual viewer
CUST_08038,0.823645561,1,too expensive,college student,premium,high,634.2,casual viewer
CUST_08039,0.856738664,1,too expensive,working professional,premium,medium,723.13,sports enthusiast
CUST_08040,0.837596513,1,technical issues,college student,standard,low,372.01,news junkie
CUST_08041,0.797826725,1,switched to competitor,college student,basic,high,178.84,sports enthusiast
CUST_08042,0.699998478,1,too expensive,school student,premium,medium,688.99,news junkie
CUST_08043,0.828166896,1,too expensive,retired individual,standard,high,371.73,news junkie
CUST_08044,0.760814266,1,none,college student,standard,high,469.01,binge watcher
CUST_08045,0.871372045,1,technical issues,retired individual,standard,medium,447.95,family viewer
CUST_08046,0.678411286,1,no time to watch,retired individual,standard,high,459.1,binge watcher
CUST_08047,0.818120048,1,too expensive,retired individual,premium,low,693.56,binge watcher
CUST_08048,0.814968313,1,none,college student,standard,high,458.88,news junkie
CUST_08049,0.754661642,1,none,college student,standard,low,368.87,casual viewer
CUST_08050,0.726912785,1,too expensive,retired individual,premium,medium,675.71,binge watcher
CUST_08051,0.844141256,1,too expensive,college student,standard,high,440.82,binge watcher
CUST_08052,0.627807374,1,none,working professional,standard,medium,401.06,sports enthusiast
CUST_08053,0.838316807,1,too expensive,school student,standard,medium,360.64,casual viewer
CUST_08054,0.810625614,1,no time to watch,retired individual,basic,medium,186.74,binge watcher
CUST_08055,0.81975734,1,none,working professional,basic,high,205.86,sports enthusiast
CUST_08056,0.747191093,1,too expensive,working professional,standard,high,414.89,binge watcher
CUST_08057,0.864775246,1,too expensive,working professional,standard,medium,406.98,news junkie
CUST_08058,0.861326547,1,none,college student,basic,high,202.21,family viewer
CUST_08059,0.859490803,1,none,working professional,standard,medium,402.13,sports enthusiast
CUST_08060,0.744894151,1,none,retired individual,premium,medium,664.8,binge watcher
CUST_08061,0.760177349,1,too expensive,college student,premium,medium,630.01,family viewer
CUST_08062,0.813169785,1,too expensive,college student,premium,high,664.53,binge watcher
CUST_08063,0.833917219,1,too expensive,college student,basic,high,187.71,family viewer
CUST_08064,0.57155179,1,switched to competitor,working professional,basic,high,197.77,binge watcher
CUST_08065,0.834556179,1,too expensive,college student,premium,high,686.63,news junkie
CUST_08066,0.829291306,1,technical issues,working professional,standard,medium,366.68,news junkie
CUST_08067,0.890004357,1,too expensive,working professional,basic,high,147.14,sports enthusiast
CUST_08068,0.713827675,1,too expensive,school student,premium,low,811.25,binge watcher
CUST_08069,0.874207707,1,none,college student,standard,medium,441.64,binge watcher
CUST_08070,0.826510137,1,no time to watch,working professional,standard,medium,458.69,news junkie
CUST_08071,0.791992039,1,switched to competitor,college student,standard,high,370.57,binge watcher
CUST_08072,0.735576083,1,too expensive,college student,premium,high,632.4,news junkie
CUST_08073,0.769406999,1,none,school student,premium,low,605.65,binge watcher
CUST_08074,0.889320182,1,too expensive,working professional,premium,medium,776.13,news junkie
CUST_08075,0.699092711,1,none,retired individual,standard,high,420.91,binge watcher
CUST_08076,0.916555871,1,no time to watch,working professional,standard,high,405.53,casual viewer
CUST_08077,0.672980539,1,technical issues,college student,standard,medium,391.12,news junkie
CUST_08078,0.793367726,1,too expensive,retired individual,standard,high,346.28,binge watcher
CUST_08079,0.894505049,1,too expensive,retired individual,standard,high,360.09,sports enthusiast
CUST_08080,0.841641975,1,too expensive,school student,standard,medium,442.33,binge watcher
CUST_08081,0.784521471,1,too expensive,working professional,premium,medium,788.89,casual viewer
CUST_08082,0.628659375,1,technical issues,college student,standard,medium,376.66,family viewer
CUST_08083,0.899531735,1,too expensive,retired individual,premium,low,754.38,news junkie
CUST_08084,0.802933094,1,none,retired individual,premium,medium,695.34,casual viewer
CUST_08085,0.719062254,1,no time to watch,retired individual,standard,medium,321.24,binge watcher
CUST_08086,0.68274125,1,too expensive,college student,premium,high,772.8,news junkie
CUST_08087,0.824035518,1,technical issues,college student,standard,medium,426.21,news junkie
CUST_08088,0.659977915,1,too expensive,retired individual,premium,high,635.48,sports enthusiast
CUST_08089,0.793954611,1,technical issues,retired individual,basic,medium,257.38,casual viewer
CUST_08090,0.711134006,1,too expensive,working professional,premium,low,772.37,binge watcher
CUST_08091,0.765732572,1,none,college student,standard,high,443.35,news junkie
CUST_08092,0.853472921,1,too expensive,working professional,premium,medium,607.48,binge watcher
CUST_08093,0.897438756,1,technical issues,school student,basic,medium,201.08,casual viewer
CUST_08094,0.472683438,0,none,retired individual,basic,high,259.7,news junkie
CUST_08095,0.858492962,1,too expensive,college student,standard,low,355.77,news junkie
CUST_08096,0.840150805,1,technical issues,college student,standard,medium,387.4,news junkie
CUST_08097,0.728371548,1,switched to competitor,college student,standard,high,325.94,casual viewer
CUST_08098,0.607253859,1,too expensive,college student,premium,high,630.7,family viewer
CUST_08099,0.842537412,1,too expensive,college student,standard,medium,427.84,news junkie
CUST_08100,0.918595989,1,no time to watch,working professional,standard,low,343.67,binge watcher
CUST_08101,0.774163727,1,too expensive,college student,premium,high,780.29,binge watcher
CUST_08102,0.87167086,1,too expensive,college student,basic,high,222.4,sports enthusiast
CUST_08103,0.929482056,1,too expensive,retired individual,premium,low,684.56,binge watcher
CUST_08104,0.910879358,1,too expensive,retired individual,standard,low,422.09,sports enthusiast
CUST_08105,0.786190999,1,too expensive,retired individual,premium,high,785.2,binge watcher
CUST_08106,0.680439788,1,none,college student,basic,high,197.49,family viewer
CUST_08107,0.752760869,1,too expensive,retired individual,basic,medium,180.18,news junkie
CUST_08108,0.715730024,1,none,retired individual,basic,medium,234.69,news junkie
CUST_08109,0.812762796,1,technical issues,retired individual,basic,medium,156.56,family viewer
CUST_08110,0.848740638,1,none,college student,premium,high,601.51,binge watcher
CUST_08111,0.632256285,1,switched to competitor,school student,basic,high,184.18,family viewer
CUST_08112,0.778820249,1,technical issues,college student,basic,low,231.41,sports enthusiast
CUST_08113,0.858435268,1,none,college student,basic,medium,208.75,sports enthusiast
CUST_08114,0.770373494,1,switched to competitor,school student,basic,high,189.16,binge watcher
CUST_08115,0.877106276,1,too expensive,college student,premium,medium,703.9,family viewer
CUST_08116,0.898719714,1,too expensive,retired individual,premium,medium,628.4,news junkie
CUST_08117,0.793264639,1,none,school student,standard,high,364.89,news junkie
CUST_08118,0.810567727,1,too expensive,retired individual,basic,medium,217.62,binge watcher
CUST_08119,0.746643917,1,switched to competitor,retired individual,basic,high,218.29,sports enthusiast
CUST_08120,0.72686307,1,switched to competitor,college student,standard,high,370.17,family viewer
CUST_08121,0.553875034,1,none,retired individual,standard,high,378.36,sports enthusiast
CUST_08122,0.906873633,1,too expensive,working professional,standard,low,420.4,sports enthusiast
CUST_08123,0.758949065,1,too expensive,retired individual,standard,medium,435.16,binge watcher
CUST_08124,0.860163191,1,too expensive,working professional,premium,low,647.07,binge watcher
CUST_08125,0.786194739,1,too expensive,working professional,basic,high,166.35,sports enthusiast
CUST_08126,0.909790064,1,too expensive,school student,standard,medium,396.56,sports enthusiast
CUST_08127,0.815320386,1,no time to watch,retired individual,standard,low,414,family viewer
CUST_08128,0.740949114,1,too expensive,college student,premium,high,639.96,sports enthusiast
CUST_08129,0.912873637,1,technical issues,college student,basic,low,217.93,news junkie
CUST_08130,0.786858497,1,too expensive,college student,premium,medium,697.34,news junkie
CUST_08131,0.78442092,1,too expensive,college student,premium,low,780.78,news junkie
CUST_08132,0.890495595,1,none,working professional,basic,medium,198.32,news junkie
CUST_08133,0.791342875,1,no time to watch,working professional,standard,high,364.04,binge watcher
CUST_08134,0.829495862,1,no time to watch,working professional,standard,high,353.66,news junkie
CUST_08135,0.923008343,1,too expensive,retired individual,standard,medium,368.2,binge watcher
CUST_08136,0.895521233,1,too expensive,working professional,standard,medium,418.89,family viewer
CUST_08137,0.674204166,1,too expensive,retired individual,premium,medium,668.75,binge watcher
CUST_08138,0.911467916,1,too expensive,retired individual,standard,medium,447.66,family viewer
CUST_08139,0.8736487,1,content not interesting,working professional,basic,high,209.89,family viewer
CUST_08140,0.815891883,1,too expensive,college student,premium,low,641.88,casual viewer
CUST_08141,0.567420083,1,too expensive,college student,premium,high,721.87,casual viewer
CUST_08142,0.85911005,1,none,college student,standard,low,384.94,family viewer
CUST_08143,0.874912242,1,no time to watch,working professional,standard,medium,388.23,casual viewer
CUST_08144,0.746994853,1,too expensive,college student,premium,medium,776.62,casual viewer
CUST_08145,0.800110956,1,too expensive,retired individual,standard,high,350.88,binge watcher
CUST_08146,0.824288969,1,too expensive,working professional,premium,medium,805.92,news junkie
CUST_08147,0.739550171,1,none,college student,premium,high,647.63,family viewer
CUST_08148,0.684653078,1,technical issues,college student,basic,medium,176.47,sports enthusiast
CUST_08149,0.746657112,1,no time to watch,working professional,basic,high,197.96,binge watcher
CUST_08150,0.759741973,1,technical issues,working professional,standard,medium,460.65,binge watcher
CUST_08151,0.783963196,1,technical issues,college student,standard,medium,404.11,sports enthusiast
CUST_08152,0.888445636,1,too expensive,working professional,standard,high,429.14,sports enthusiast
CUST_08153,0.875313172,1,no time to watch,college student,basic,medium,155.98,sports enthusiast
CUST_08154,0.940732166,1,too expensive,working professional,standard,low,443.72,sports enthusiast
CUST_08155,0.83149181,1,too expensive,working professional,basic,medium,206.01,binge watcher
CUST_08156,0.770381174,1,too expensive,retired individual,standard,high,441.28,sports enthusiast
CUST_08157,0.878591095,1,none,working professional,standard,low,462.76,news junkie
CUST_08158,0.765733611,1,too expensive,retired individual,basic,medium,214.14,family viewer
CUST_08159,0.669518891,1,none,college student,standard,high,438.33,family viewer
CUST_08160,0.858457963,1,too expensive,working professional,basic,medium,184.91,family viewer
CUST_08161,0.662215889,1,switched to competitor,college student,standard,high,347.6,family viewer
CUST_08162,0.87030315,1,content not interesting,working professional,standard,high,337.36,family viewer
CUST_08163,0.854034129,1,content not interesting,retired individual,basic,high,184.34,casual viewer
CUST_08164,0.843392342,1,too expensive,working professional,premium,high,624.11,casual viewer
CUST_08165,0.64567869,1,technical issues,retired individual,standard,medium,358.63,casual viewer
CUST_08166,0.825802278,1,no time to watch,working professional,basic,medium,209.01,binge watcher
CUST_08167,0.88536071,1,technical issues,working professional,standard,low,412.87,binge watcher
CUST_08168,0.629555667,1,too expensive,college student,premium,high,772.52,casual viewer
CUST_08169,0.849785962,1,too expensive,working professional,standard,high,438.5,family viewer
CUST_08170,0.69948948,1,too expensive,retired individual,premium,high,719.59,news junkie
CUST_08171,0.916137081,1,too expensive,working professional,premium,medium,742.33,binge watcher
CUST_08172,0.746736156,1,too expensive,retired individual,premium,low,663.2,sports enthusiast
CUST_08173,0.682450996,1,switched to competitor,college student,standard,high,426.65,family viewer
CUST_08174,0.478364426,0,switched to competitor,college student,standard,high,365.33,news junkie
CUST_08175,0.806901761,1,switched to competitor,working professional,basic,high,230.11,family viewer
CUST_08176,0.555471179,1,switched to competitor,working professional,basic,high,217.81,sports enthusiast
CUST_08177,0.840817572,1,technical issues,college student,basic,medium,194.79,news junkie
CUST_08178,0.844596735,1,technical issues,college student,basic,low,179.05,sports enthusiast
CUST_08179,0.892368693,1,too expensive,college student,standard,high,421.48,family viewer
CUST_08180,0.852459708,1,no time to watch,working professional,standard,high,466.03,binge watcher
CUST_08181,0.784221348,1,switched to competitor,retired individual,standard,high,420.14,binge watcher
CUST_08182,0.935584698,1,too expensive,working professional,basic,medium,186.13,news junkie
CUST_08183,0.906362088,1,none,college student,basic,low,200.51,binge watcher
CUST_08184,0.833067471,1,none,college student,basic,medium,202.72,binge watcher
CUST_08185,0.81093189,1,too expensive,college student,basic,high,221.99,family viewer
CUST_08186,0.592742334,1,too expensive,college student,premium,high,649.18,family viewer
CUST_08187,0.873014825,1,technical issues,college student,standard,low,422.14,family viewer
CUST_08188,0.792757347,1,none,working professional,standard,high,388.51,casual viewer
CUST_08189,0.90465969,1,no time to watch,working professional,standard,low,380.7,news junkie
CUST_08190,0.730744218,1,content not interesting,retired individual,basic,high,177.48,binge watcher
CUST_08191,0.925758023,1,none,college student,premium,low,768.68,binge watcher
CUST_08192,0.870419203,1,technical issues,college student,basic,low,197.86,family viewer
CUST_08193,0.830713449,1,no time to watch,working professional,basic,medium,173.54,binge watcher
CUST_08194,0.780033917,1,too expensive,college student,premium,high,715.67,news junkie
CUST_08195,0.862994394,1,too expensive,college student,standard,high,437.02,casual viewer
CUST_08196,0.860477168,1,no time to watch,college student,standard,low,356.37,binge watcher
CUST_08197,0.904651459,1,too expensive,working professional,premium,low,785.13,family viewer
CUST_08198,0.664449935,1,too expensive,retired individual,premium,high,631.65,family viewer
CUST_08199,0.868242141,1,too expensive,working professional,standard,medium,391.11,casual viewer
CUST_08200,0.844625291,1,too expensive,school student,premium,high,694.33,news junkie
CUST_08201,0.916319504,1,no time to watch,working professional,basic,medium,182.04,sports enthusiast
CUST_08202,0.832119943,1,no time to watch,working professional,standard,low,363.31,news junkie
CUST_08203,0.904102264,1,too expensive,working professional,standard,medium,452.38,casual viewer
CUST_08204,0.739808394,1,too expensive,retired individual,premium,high,788.21,sports enthusiast
CUST_08205,0.571060281,1,too expensive,retired individual,premium,high,756.51,family viewer
CUST_08206,0.838629202,1,technical issues,college student,standard,low,386.66,news junkie
CUST_08207,0.747775557,1,too expensive,college student,premium,high,630.58,casual viewer
CUST_08208,0.692542807,1,technical issues,retired individual,basic,medium,203.47,family viewer
CUST_08209,0.866362338,1,too expensive,retired individual,premium,medium,786.18,binge watcher
CUST_08210,0.70366715,1,none,working professional,standard,high,406.23,sports enthusiast
CUST_08211,0.800794671,1,switched to competitor,college student,premium,high,579.06,casual viewer
CUST_08212,0.673782484,1,none,college student,basic,high,242.46,family viewer
CUST_08213,0.595131915,1,none,college student,standard,high,425.49,news junkie
CUST_08214,0.72847507,1,technical issues,retired individual,standard,low,386.68,news junkie
CUST_08215,0.917567554,1,too expensive,college student,basic,high,213.07,sports enthusiast
CUST_08216,0.863051195,1,none,college student,standard,high,416.31,sports enthusiast
CUST_08217,0.765883215,1,technical issues,college student,basic,medium,261.65,news junkie
CUST_08218,0.573527154,1,none,school student,standard,high,400.82,casual viewer
CUST_08219,0.868055355,1,none,retired individual,premium,low,792.02,sports enthusiast
CUST_08220,0.735079456,1,too expensive,college student,standard,high,359.23,casual viewer
CUST_08221,0.804533176,1,too expensive,retired individual,standard,medium,329.06,casual viewer
CUST_08222,0.735495175,1,too expensive,college student,premium,high,702.51,casual viewer
CUST_08223,0.732595043,1,switched to competitor,retired individual,standard,high,374.8,binge watcher
CUST_08224,0.764495828,1,technical issues,retired individual,standard,low,382.98,sports enthusiast
CUST_08225,0.825747911,1,no time to watch,college student,standard,high,467.67,binge watcher
CUST_08226,0.818005872,1,too expensive,retired individual,premium,medium,768.69,casual viewer
CUST_08227,0.873525316,1,none,college student,standard,medium,422.89,family viewer
CUST_08228,0.669850055,1,content not interesting,college student,basic,high,165.08,family viewer
CUST_08229,0.923411575,1,too expensive,working professional,standard,medium,347.95,casual viewer
CUST_08230,0.939134069,1,too expensive,college student,basic,low,213,news junkie
CUST_08231,0.830060279,1,too expensive,working professional,basic,high,182.45,sports enthusiast
CUST_08232,0.795397111,1,no time to watch,working professional,basic,medium,173.83,sports enthusiast
CUST_08233,0.899129136,1,too expensive,college student,standard,low,396.34,news junkie
CUST_08234,0.872260566,1,none,working professional,standard,high,356.53,family viewer
CUST_08235,0.898326443,1,too expensive,college student,basic,medium,162.64,sports enthusiast
CUST_08236,0.847898602,1,too expensive,college student,basic,medium,254.01,binge watcher
CUST_08237,0.7091771,1,none,college student,basic,high,254.02,news junkie
CUST_08238,0.7239867,1,too expensive,retired individual,premium,high,776.85,sports enthusiast
CUST_08239,0.905185765,1,too expensive,working professional,basic,medium,192.78,family viewer
CUST_08240,0.814815041,1,too expensive,retired individual,standard,high,386.83,binge watcher
CUST_08241,0.85141896,1,technical issues,college student,basic,low,173.84,news junkie
CUST_08242,0.782244319,1,too expensive,college student,basic,high,158.62,news junkie
CUST_08243,0.931646707,1,none,school student,standard,low,385.7,sports enthusiast
CUST_08244,0.757395027,1,too expensive,college student,premium,low,754.61,family viewer
CUST_08245,0.899909516,1,too expensive,working professional,premium,medium,751.44,sports enthusiast
CUST_08246,0.817599262,1,none,retired individual,basic,high,189.53,binge watcher
CUST_08247,0.794192531,1,no time to watch,college student,basic,high,183.04,casual viewer
CUST_08248,0.864995029,1,too expensive,college student,premium,medium,659.4,news junkie
CUST_08249,0.913454174,1,too expensive,college student,standard,low,430.43,family viewer
CUST_08250,0.879897793,1,too expensive,working professional,basic,medium,172.66,binge watcher
CUST_08251,0.851003878,1,no time to watch,working professional,standard,high,408.07,casual viewer
CUST_08252,0.885037515,1,technical issues,college student,standard,medium,374.47,family viewer
CUST_08253,0.873994018,1,technical issues,school student,standard,low,386.06,family viewer
CUST_08254,0.824712832,1,content not interesting,college student,standard,high,412.29,binge watcher
CUST_08255,0.744026354,1,too expensive,retired individual,basic,high,208.91,binge watcher
CUST_08256,0.925902519,1,technical issues,school student,standard,low,407.45,sports enthusiast
CUST_08257,0.684599744,1,too expensive,school student,premium,medium,601.88,sports enthusiast
CUST_08258,0.859949785,1,technical issues,school student,standard,medium,440.89,sports enthusiast
CUST_08259,0.63845609,1,switched to competitor,school student,basic,high,219.61,casual viewer
CUST_08260,0.744985457,1,none,retired individual,premium,medium,594.76,casual viewer
CUST_08261,0.868074224,1,too expensive,college student,basic,high,148.01,casual viewer
CUST_08262,0.747921354,1,none,retired individual,standard,high,365.32,binge watcher
CUST_08263,0.948873815,1,too expensive,working professional,standard,medium,472.57,casual viewer
CUST_08264,0.80249709,1,content not interesting,working professional,standard,high,360.61,family viewer
CUST_08265,0.808227414,1,too expensive,working professional,premium,medium,665.99,sports enthusiast
CUST_08266,0.890444969,1,too expensive,working professional,premium,high,688.39,casual viewer
CUST_08267,0.92385317,1,too expensive,retired individual,standard,low,435.81,binge watcher
CUST_08268,0.813892045,1,too expensive,college student,standard,medium,411.04,family viewer
CUST_08269,0.711613606,1,technical issues,college student,standard,medium,394.23,sports enthusiast
CUST_08270,0.709949256,1,no time to watch,school student,standard,high,356.55,family viewer
CUST_08271,0.76302111,1,none,college student,basic,low,197.9,sports enthusiast
CUST_08272,0.668711248,1,none,school student,premium,medium,696.15,family viewer
CUST_08273,0.79833717,1,none,working professional,standard,high,381.56,casual viewer
CUST_08274,0.884347554,1,too expensive,retired individual,standard,medium,341.43,sports enthusiast
CUST_08275,0.742232977,1,technical issues,retired individual,standard,medium,372.65,news junkie
CUST_08276,0.857113175,1,switched to competitor,working professional,standard,high,361.1,casual viewer
CUST_08277,0.902130974,1,too expensive,college student,standard,high,393.98,sports enthusiast
CUST_08278,0.58047984,1,none,college student,standard,high,354.39,sports enthusiast
CUST_08279,0.830045476,1,switched to competitor,retired individual,basic,high,163.21,casual viewer
CUST_08280,0.762234678,1,too expensive,working professional,standard,high,354.14,news junkie
CUST_08281,0.783681148,1,none,retired individual,standard,high,354.16,news junkie
CUST_08282,0.769492106,1,too expensive,working professional,premium,low,602.39,binge watcher
CUST_08283,0.860338101,1,too expensive,college student,standard,high,319.37,news junkie
CUST_08284,0.86958242,1,technical issues,school student,basic,low,221.92,family viewer
CUST_08285,0.776000143,1,none,college student,premium,high,704.49,family viewer
CUST_08286,0.827858531,1,none,college student,standard,low,364.88,sports enthusiast
CUST_08287,0.849515473,1,content not interesting,college student,basic,high,205.08,casual viewer
CUST_08288,0.768224492,1,too expensive,college student,premium,medium,628.34,family viewer
CUST_08289,0.861373329,1,too expensive,retired individual,premium,medium,723.61,casual viewer
CUST_08290,0.861352084,1,no time to watch,working professional,basic,high,208.43,casual viewer
CUST_08291,0.689989867,1,none,school student,standard,medium,354.83,binge watcher
CUST_08292,0.731779927,1,none,college student,basic,high,173.89,casual viewer
CUST_08293,0.677164331,1,none,college student,premium,high,688.44,family viewer
CUST_08294,0.917447537,1,too expensive,working professional,standard,high,427.46,family viewer
CUST_08295,0.691280235,1,technical issues,college student,standard,medium,388.81,news junkie
CUST_08296,0.87912084,1,too expensive,working professional,standard,high,417,sports enthusiast
CUST_08297,0.844613691,1,technical issues,working professional,standard,low,391.7,casual viewer
CUST_08298,0.784801782,1,switched to competitor,college student,basic,high,131.25,sports enthusiast
CUST_08299,0.868242296,1,too expensive,retired individual,premium,low,651.15,sports enthusiast
CUST_08300,0.900163771,1,too expensive,working professional,premium,low,749.5,casual viewer
CUST_08301,0.798687774,1,too expensive,retired individual,basic,high,189.89,casual viewer
CUST_08302,0.911427932,1,too expensive,working professional,standard,medium,355.65,binge watcher
CUST_08303,0.572799627,1,too expensive,college student,premium,medium,736.31,binge watcher
CUST_08304,0.833331558,1,too expensive,working professional,standard,high,436.76,news junkie
CUST_08305,0.833517561,1,too expensive,school student,premium,low,660.27,sports enthusiast
CUST_08306,0.655502358,1,none,retired individual,basic,high,173.51,news junkie
CUST_08307,0.848581312,1,none,college student,premium,medium,629.01,news junkie
CUST_08308,0.901499854,1,too expensive,working professional,premium,medium,624.17,sports enthusiast
CUST_08309,0.842417705,1,too expensive,retired individual,standard,medium,430.62,binge watcher
CUST_08310,0.77178508,1,none,school student,premium,low,667.03,binge watcher
CUST_08311,0.632302,1,content not interesting,college student,basic,high,171.62,casual viewer
CUST_08312,0.815304964,1,too expensive,working professional,premium,high,631.81,sports enthusiast
CUST_08313,0.686788644,1,switched to competitor,working professional,basic,high,216.58,sports enthusiast
CUST_08314,0.541153181,1,switched to competitor,school student,standard,high,456.81,news junkie
CUST_08315,0.556111322,1,too expensive,college student,premium,high,763.01,news junkie
CUST_08316,0.848676607,1,technical issues,college student,standard,low,370.12,sports enthusiast
CUST_08317,0.717771731,1,technical issues,college student,standard,medium,456.63,casual viewer
CUST_08318,0.873377681,1,too expensive,retired individual,standard,low,395.82,binge watcher
CUST_08319,0.835410442,1,technical issues,working professional,standard,medium,381.45,news junkie
CUST_08320,0.919495863,1,too expensive,college student,standard,medium,419.55,news junkie
CUST_08321,0.78513361,1,too expensive,retired individual,premium,medium,624.85,family viewer
CUST_08322,0.848651518,1,too expensive,retired individual,basic,high,178.69,casual viewer
CUST_08323,0.861898041,1,too expensive,school student,premium,low,624.05,sports enthusiast
CUST_08324,0.738693286,1,too expensive,retired individual,premium,medium,639.32,family viewer
CUST_08325,0.879019007,1,technical issues,retired individual,standard,medium,379.82,casual viewer
CUST_08326,0.855633335,1,technical issues,school student,standard,low,353.28,binge watcher
CUST_08327,0.854446917,1,too expensive,college student,standard,high,458.13,casual viewer
CUST_08328,0.781915575,1,switched to competitor,college student,standard,high,422.3,sports enthusiast
CUST_08329,0.874786565,1,too expensive,college student,premium,medium,721.32,sports enthusiast
CUST_08330,0.917861735,1,too expensive,working professional,standard,low,447.25,family viewer
CUST_08331,0.846723872,1,too expensive,school student,premium,high,760.58,family viewer
CUST_08332,0.706733402,1,too expensive,college student,basic,high,221.28,news junkie
CUST_08333,0.735861062,1,too expensive,retired individual,premium,low,689.51,sports enthusiast
CUST_08334,0.817697403,1,too expensive,working professional,premium,high,721.27,casual viewer
CUST_08335,0.832905116,1,too expensive,college student,premium,high,659.24,sports enthusiast
CUST_08336,0.887950142,1,too expensive,working professional,premium,high,603.29,news junkie
CUST_08337,0.862703728,1,too expensive,college student,standard,high,390.25,casual viewer
CUST_08338,0.766441661,1,no time to watch,working professional,basic,medium,217.13,news junkie
CUST_08339,0.848756263,1,too expensive,college student,standard,high,458.1,binge watcher
CUST_08340,0.773035889,1,content not interesting,college student,basic,high,186.75,family viewer
CUST_08341,0.763794716,1,switched to competitor,working professional,standard,high,437.13,binge watcher
CUST_08342,0.76435199,1,none,college student,standard,high,370.82,sports enthusiast
CUST_08343,0.863663608,1,too expensive,college student,basic,medium,195.95,binge watcher
CUST_08344,0.794849919,1,content not interesting,school student,standard,high,444.22,news junkie
CUST_08345,0.810240981,1,content not interesting,retired individual,standard,high,370.62,news junkie
CUST_08346,0.771548697,1,technical issues,college student,basic,low,158.28,binge watcher
CUST_08347,0.708232028,1,switched to competitor,retired individual,standard,high,439.98,family viewer
CUST_08348,0.862184127,1,too expensive,college student,premium,high,617.16,casual viewer
CUST_08349,0.722116554,1,none,college student,standard,high,395.12,sports enthusiast
CUST_08350,0.820910378,1,too expensive,college student,premium,low,756.78,news junkie
CUST_08351,0.86680465,1,too expensive,college student,basic,high,207.57,casual viewer
CUST_08352,0.795638204,1,too expensive,retired individual,standard,high,391.54,binge watcher
CUST_08353,0.710924241,1,technical issues,college student,basic,medium,187.13,sports enthusiast
CUST_08354,0.801111489,1,too expensive,retired individual,standard,high,462.22,casual viewer
CUST_08355,0.770985886,1,no time to watch,college student,standard,high,344.1,news junkie
CUST_08356,0.861508353,1,technical issues,retired individual,standard,low,413.39,sports enthusiast
CUST_08357,0.703716821,1,switched to competitor,college student,standard,high,410.53,casual viewer
CUST_08358,0.752143725,1,content not interesting,college student,basic,high,197.34,binge watcher
CUST_08359,0.752972864,1,none,college student,standard,high,432.59,casual viewer
CUST_08360,0.779847778,1,content not interesting,school student,basic,high,160.64,family viewer
CUST_08361,0.826777595,1,content not interesting,college student,standard,high,432.85,sports enthusiast
CUST_08362,0.795250213,1,switched to competitor,school student,standard,high,355.08,sports enthusiast
CUST_08363,0.812483239,1,too expensive,working professional,premium,high,714.87,family viewer
CUST_08364,0.88308682,1,switched to competitor,college student,standard,high,422.12,sports enthusiast
CUST_08365,0.761506656,1,switched to competitor,college student,basic,high,193.83,news junkie
CUST_08366,0.876301282,1,content not interesting,working professional,standard,high,461.04,news junkie
CUST_08367,0.929990925,1,too expensive,retired individual,premium,low,774.47,news junkie
CUST_08368,0.639086455,1,technical issues,working professional,basic,medium,192.44,casual viewer
CUST_08369,0.847934567,1,too expensive,college student,premium,high,635.45,binge watcher
CUST_08370,0.855443399,1,technical issues,retired individual,standard,low,356.88,family viewer
CUST_08371,0.726160926,1,none,working professional,standard,high,355.84,news junkie
CUST_08372,0.799220789,1,technical issues,retired individual,standard,low,378.88,casual viewer
CUST_08373,0.543095915,1,switched to competitor,school student,standard,high,419.56,binge watcher
CUST_08374,0.877868292,1,technical issues,college student,basic,low,217.38,family viewer
CUST_08375,0.77032283,1,too expensive,college student,premium,medium,778.67,news junkie
CUST_08376,0.779491785,1,too expensive,college student,premium,high,711.62,sports enthusiast
CUST_08377,0.847298164,1,technical issues,school student,standard,low,441.75,casual viewer
CUST_08378,0.832328079,1,none,college student,standard,high,417.03,sports enthusiast
CUST_08379,0.859449779,1,too expensive,school student,premium,low,697.74,news junkie
CUST_08380,0.721356595,1,none,working professional,standard,high,425.43,family viewer
CUST_08381,0.838043499,1,technical issues,retired individual,standard,low,399.02,family viewer
CUST_08382,0.71304367,1,none,retired individual,basic,high,219.54,casual viewer
CUST_08383,0.915704203,1,none,college student,premium,medium,791.46,binge watcher
CUST_08384,0.88796199,1,too expensive,college student,basic,low,170.61,news junkie
CUST_08385,0.644545388,1,content not interesting,college student,standard,high,451.09,casual viewer
CUST_08386,0.878355741,1,technical issues,college student,standard,medium,430.09,sports enthusiast
CUST_08387,0.645713803,1,none,working professional,standard,medium,375.33,news junkie
CUST_08388,0.856642725,1,too expensive,working professional,basic,high,182.75,sports enthusiast
CUST_08389,0.900451958,1,too expensive,college student,standard,medium,433.34,casual viewer
CUST_08390,0.726397051,1,none,college student,premium,low,606.32,binge watcher
CUST_08391,0.862182774,1,too expensive,working professional,basic,high,185.1,casual viewer
CUST_08392,0.838906947,1,switched to competitor,working professional,standard,high,465.98,casual viewer
CUST_08393,0.842515651,1,switched to competitor,college student,basic,high,175.5,binge watcher
CUST_08394,0.611868351,1,switched to competitor,retired individual,standard,high,409.81,sports enthusiast
CUST_08395,0.815187383,1,too expensive,school student,standard,high,438.4,family viewer
CUST_08396,0.886895785,1,content not interesting,retired individual,standard,high,393.27,casual viewer
CUST_08397,0.589079024,1,too expensive,college student,premium,high,609.79,family viewer
CUST_08398,0.924917791,1,too expensive,college student,standard,medium,387.4,news junkie
CUST_08399,0.744697488,1,too expensive,college student,premium,medium,632.35,sports enthusiast
CUST_08400,0.730954155,1,too expensive,retired individual,premium,medium,693.24,sports enthusiast
CUST_08401,0.921464861,1,too expensive,working professional,basic,low,180.39,sports enthusiast
CUST_08402,0.51728109,1,too expensive,retired individual,premium,medium,638.55,news junkie
CUST_08403,0.829850677,1,no time to watch,retired individual,basic,high,142.03,family viewer
CUST_08404,0.94726702,1,no time to watch,working professional,standard,low,438.61,binge watcher
CUST_08405,0.598614232,1,none,school student,standard,medium,481.48,news junkie
CUST_08406,0.625003169,1,no time to watch,retired individual,standard,medium,387.3,binge watcher
CUST_08407,0.635422297,1,none,college student,basic,medium,197.98,news junkie
CUST_08408,0.746511785,1,technical issues,college student,standard,medium,444.23,casual viewer
CUST_08409,0.797567174,1,no time to watch,retired individual,standard,high,387.33,news junkie
CUST_08410,0.909063236,1,too expensive,retired individual,basic,low,189.29,news junkie
CUST_08411,0.644912523,1,switched to competitor,retired individual,standard,high,358.07,news junkie
CUST_08412,0.75684361,1,none,college student,basic,high,154.27,sports enthusiast
CUST_08413,0.754809486,1,technical issues,college student,standard,medium,406.78,family viewer
CUST_08414,0.825167643,1,none,college student,standard,low,386.94,casual viewer
CUST_08415,0.653630496,1,none,college student,premium,high,628.46,family viewer
CUST_08416,0.770918329,1,too expensive,retired individual,standard,high,340.99,family viewer
CUST_08417,0.75894203,1,too expensive,retired individual,premium,medium,642,binge watcher
CUST_08418,0.816828074,1,technical issues,school student,standard,low,397.5,news junkie
CUST_08419,0.86196718,1,too expensive,school student,premium,medium,622.34,sports enthusiast
CUST_08420,0.734510957,1,none,school student,standard,high,430.01,casual viewer
CUST_08421,0.550309181,1,too expensive,college student,premium,high,620.01,news junkie
CUST_08422,0.8334425,1,technical issues,college student,basic,low,211.44,family viewer
CUST_08423,0.889213426,1,technical issues,college student,basic,low,222.9,binge watcher
CUST_08424,0.588991861,1,too expensive,retired individual,premium,high,709.78,news junkie
CUST_08425,0.747036436,1,content not interesting,college student,standard,high,384.47,casual viewer
CUST_08426,0.796420563,1,none,college student,basic,high,232.36,family viewer
CUST_08427,0.773917192,1,technical issues,school student,standard,low,463.49,news junkie
CUST_08428,0.747551572,1,no time to watch,working professional,standard,high,425.26,casual viewer
CUST_08429,0.852949217,1,technical issues,college student,basic,low,179.85,sports enthusiast
CUST_08430,0.583420044,1,none,school student,standard,medium,433.6,news junkie
CUST_08431,0.657708754,1,none,college student,basic,high,228.47,sports enthusiast
CUST_08432,0.726526393,1,none,college student,basic,high,162.93,family viewer
CUST_08433,0.767574578,1,none,college student,premium,high,703.27,news junkie
CUST_08434,0.780628706,1,too expensive,college student,premium,medium,701.92,binge watcher
CUST_08435,0.797047127,1,switched to competitor,college student,basic,high,208.21,family viewer
CUST_08436,0.728114427,1,none,school student,basic,low,133.43,casual viewer
CUST_08437,0.614718002,1,too expensive,college student,premium,high,781.4,news junkie
CUST_08438,0.810917881,1,too expensive,college student,premium,low,707.3,news junkie
CUST_08439,0.75814877,1,content not interesting,college student,standard,high,356.6,sports enthusiast
CUST_08440,0.799643326,1,too expensive,college student,premium,low,669.63,family viewer
CUST_08441,0.715017456,1,none,college student,standard,medium,394.54,family viewer
CUST_08442,0.851287439,1,too expensive,college student,standard,low,363.99,sports enthusiast
CUST_08443,0.937985309,1,too expensive,working professional,premium,medium,615.38,binge watcher
CUST_08444,0.68739137,1,switched to competitor,school student,standard,high,369.72,binge watcher
CUST_08445,0.668170108,1,too expensive,college student,premium,high,699.48,news junkie
CUST_08446,0.853036668,1,too expensive,retired individual,standard,medium,438.76,sports enthusiast
CUST_08447,0.757598391,1,none,working professional,premium,high,628.03,sports enthusiast
CUST_08448,0.842033243,1,too expensive,working professional,premium,low,758.42,news junkie
CUST_08449,0.680999852,1,none,school student,basic,high,183,news junkie
CUST_08450,0.862929082,1,no time to watch,retired individual,standard,medium,359.53,casual viewer
CUST_08451,0.710626966,1,technical issues,college student,basic,medium,250.4,news junkie
CUST_08452,0.833423846,1,technical issues,college student,standard,low,421.68,news junkie
CUST_08453,0.951371737,1,too expensive,working professional,basic,low,197.78,casual viewer
CUST_08454,0.917776385,1,too expensive,school student,standard,low,444.41,family viewer
CUST_08455,0.856573778,1,technical issues,retired individual,standard,medium,375.88,sports enthusiast
CUST_08456,0.548798418,1,too expensive,retired individual,premium,high,751.6,news junkie
CUST_08457,0.550686409,1,switched to competitor,retired individual,basic,high,223.42,casual viewer
CUST_08458,0.904265283,1,none,college student,basic,high,149.88,sports enthusiast
CUST_08459,0.884920808,1,none,retired individual,standard,high,442.67,sports enthusiast
CUST_08460,0.810440929,1,too expensive,school student,premium,medium,781.28,family viewer
CUST_08461,0.651385125,1,switched to competitor,retired individual,standard,high,383.71,binge watcher
CUST_08462,0.808633167,1,none,college student,basic,medium,195.44,casual viewer
CUST_08463,0.872556116,1,none,college student,premium,medium,680.8,binge watcher
CUST_08464,0.912319404,1,too expensive,working professional,basic,high,166.15,family viewer
CUST_08465,0.90120324,1,too expensive,working professional,premium,high,671.9,sports enthusiast
CUST_08466,0.728665363,1,none,college student,basic,high,187.62,news junkie
CUST_08467,0.909948347,1,none,working professional,standard,low,423.93,family viewer
CUST_08468,0.844841849,1,too expensive,college student,standard,high,385.77,sports enthusiast
CUST_08469,0.8962995,1,too expensive,working professional,basic,medium,218.22,news junkie
CUST_08470,0.848598722,1,too expensive,working professional,premium,low,690.85,binge watcher
CUST_08471,0.869071554,1,too expensive,retired individual,premium,high,752.71,family viewer
CUST_08472,0.782774351,1,too expensive,working professional,premium,high,664.16,binge watcher
CUST_08473,0.92784594,1,technical issues,working professional,basic,low,212.33,family viewer
CUST_08474,0.883319173,1,no time to watch,retired individual,standard,medium,406.42,news junkie
CUST_08475,0.851572948,1,too expensive,college student,premium,medium,618.11,casual viewer
CUST_08476,0.7612061,1,switched to competitor,college student,standard,high,365.22,family viewer
CUST_08477,0.737860252,1,too expensive,retired individual,premium,high,713.2,binge watcher
CUST_08478,0.784407533,1,too expensive,school student,premium,medium,691.51,casual viewer
CUST_08479,0.701965419,1,none,college student,standard,low,394.88,binge watcher
CUST_08480,0.915535797,1,too expensive,working professional,standard,high,381.17,news junkie
CUST_08481,0.816154508,1,none,college student,premium,high,585.68,binge watcher
CUST_08482,0.813180665,1,switched to competitor,college student,basic,high,210.36,sports enthusiast
CUST_08483,0.703936131,1,technical issues,working professional,standard,medium,420.82,casual viewer
CUST_08484,0.879377804,1,too expensive,working professional,standard,medium,411.93,news junkie
CUST_08485,0.709852543,1,too expensive,college student,premium,medium,761.41,news junkie
CUST_08486,0.843508701,1,too expensive,college student,basic,high,210.64,sports enthusiast
CUST_08487,0.869061601,1,technical issues,school student,basic,medium,156.76,news junkie
CUST_08488,0.826887737,1,technical issues,retired individual,standard,medium,409.96,news junkie
CUST_08489,0.88990556,1,no time to watch,college student,standard,medium,353.35,binge watcher
CUST_08490,0.86747374,1,no time to watch,working professional,basic,low,186.24,sports enthusiast
CUST_08491,0.737512578,1,no time to watch,college student,standard,medium,357.16,binge watcher
CUST_08492,0.840898973,1,none,college student,basic,low,266.05,casual viewer
CUST_08493,0.7366275,1,too expensive,college student,premium,high,647.73,news junkie
CUST_08494,0.637987548,1,switched to competitor,college student,standard,high,426.01,casual viewer
CUST_08495,0.878678834,1,technical issues,college student,basic,low,188.27,casual viewer
CUST_08496,0.923258527,1,too expensive,college student,basic,low,222.79,family viewer
CUST_08497,0.782592565,1,content not interesting,working professional,basic,high,206.27,casual viewer
CUST_08498,0.727568219,1,none,college student,standard,low,392.54,casual viewer
CUST_08499,0.680946008,1,none,retired individual,standard,high,352.21,casual viewer
CUST_08500,0.823695243,1,too expensive,retired individual,basic,high,195.16,sports enthusiast
CUST_08501,0.755314479,1,no time to watch,working professional,standard,high,386.79,family viewer
CUST_08502,0.827531177,1,none,retired individual,standard,medium,452.71,casual viewer
CUST_08503,0.830213833,1,technical issues,college student,basic,low,187.42,binge watcher
CUST_08504,0.741845687,1,too expensive,school student,basic,high,250.48,family viewer
CUST_08505,0.791034261,1,too expensive,working professional,premium,high,623.08,casual viewer
CUST_08506,0.789597196,1,no time to watch,retired individual,standard,high,385.6,sports enthusiast
CUST_08507,0.710659469,1,none,school student,premium,medium,735.36,casual viewer
CUST_08508,0.905262158,1,technical issues,working professional,standard,low,448.91,casual viewer
CUST_08509,0.86475238,1,none,college student,basic,high,137.8,news junkie
CUST_08510,0.663513405,1,no time to watch,working professional,basic,medium,216.27,binge watcher
CUST_08511,0.858880882,1,too expensive,college student,premium,high,632.03,sports enthusiast
CUST_08512,0.666696384,1,too expensive,retired individual,premium,medium,624.98,family viewer
CUST_08513,0.81895807,1,too expensive,school student,standard,medium,436.29,casual viewer
CUST_08514,0.905736079,1,no time to watch,working professional,standard,medium,368.68,sports enthusiast
CUST_08515,0.78829332,1,technical issues,working professional,basic,medium,235.05,news junkie
CUST_08516,0.786691947,1,no time to watch,working professional,standard,low,355.12,casual viewer
CUST_08517,0.707649091,1,technical issues,college student,basic,medium,221.08,family viewer
CUST_08518,0.840844229,1,too expensive,retired individual,standard,medium,449.96,news junkie
CUST_08519,0.913692076,1,too expensive,college student,premium,medium,766.07,binge watcher
CUST_08520,0.712007794,1,switched to competitor,retired individual,basic,high,210.66,casual viewer
CUST_08521,0.798920345,1,none,retired individual,standard,high,395.81,sports enthusiast
CUST_08522,0.834249084,1,none,college student,premium,medium,626.4,news junkie
CUST_08523,0.747710544,1,switched to competitor,retired individual,basic,high,167.34,casual viewer
CUST_08524,0.810677562,1,none,working professional,premium,high,704.56,sports enthusiast
CUST_08525,0.614585128,1,content not interesting,college student,basic,high,196.38,binge watcher
CUST_08526,0.632742553,1,too expensive,working professional,premium,high,612.71,family viewer
CUST_08527,0.869816679,1,too expensive,college student,premium,low,651.25,casual viewer
CUST_08528,0.773172165,1,none,college student,basic,low,248.86,news junkie
CUST_08529,0.819521312,1,no time to watch,college student,basic,low,242.62,news junkie
CUST_08530,0.717177857,1,none,school student,premium,high,609.48,family viewer
CUST_08531,0.858730634,1,technical issues,school student,basic,medium,198.46,binge watcher
CUST_08532,0.747819919,1,switched to competitor,college student,basic,high,202.13,family viewer
CUST_08533,0.862166099,1,too expensive,college student,premium,medium,684.66,binge watcher
CUST_08534,0.822599046,1,too expensive,working professional,standard,high,400.14,family viewer
CUST_08535,0.914233334,1,too expensive,retired individual,standard,low,356.65,news junkie
CUST_08536,0.70489245,1,switched to competitor,school student,standard,high,397.71,binge watcher
CUST_08537,0.903463836,1,none,retired individual,standard,medium,389.29,sports enthusiast
CUST_08538,0.899083985,1,too expensive,retired individual,standard,low,334.71,casual viewer
CUST_08539,0.794658824,1,too expensive,school student,premium,low,620,news junkie
CUST_08540,0.606069701,1,technical issues,college student,basic,medium,159.24,binge watcher
CUST_08541,0.635145475,1,no time to watch,working professional,standard,high,338.88,sports enthusiast
CUST_08542,0.626918088,1,too expensive,college student,premium,high,702,sports enthusiast
CUST_08543,0.753012082,1,too expensive,college student,basic,high,219.7,sports enthusiast
CUST_08544,0.820594513,1,too expensive,retired individual,premium,high,753.8,binge watcher
CUST_08545,0.723972893,1,switched to competitor,retired individual,standard,high,410.71,family viewer
CUST_08546,0.908809228,1,too expensive,school student,standard,low,361.33,casual viewer
CUST_08547,0.772806806,1,no time to watch,college student,standard,low,405.83,sports enthusiast
CUST_08548,0.727383632,1,switched to competitor,retired individual,standard,high,393.29,news junkie
CUST_08549,0.744002874,1,too expensive,working professional,premium,high,604.23,news junkie
CUST_08550,0.752968053,1,none,retired individual,standard,medium,380.86,family viewer
CUST_08551,0.758482669,1,content not interesting,school student,standard,high,435.58,news junkie
CUST_08552,0.790054922,1,too expensive,college student,premium,high,709.4,binge watcher
CUST_08553,0.775977831,1,technical issues,working professional,standard,medium,429.73,news junkie
CUST_08554,0.907161505,1,too expensive,retired individual,standard,high,411.58,binge watcher
CUST_08555,0.872069754,1,content not interesting,working professional,basic,high,187.73,sports enthusiast
CUST_08556,0.746460133,1,none,college student,standard,medium,373.35,binge watcher
CUST_08557,0.922179504,1,too expensive,retired individual,premium,low,778.87,sports enthusiast
CUST_08558,0.701593981,1,too expensive,college student,premium,high,632.67,family viewer
CUST_08559,0.88021346,1,switched to competitor,working professional,standard,high,347.02,binge watcher
CUST_08560,0.811909745,1,none,school student,standard,high,456.38,news junkie
CUST_08561,0.759313514,1,none,college student,basic,medium,208.46,news junkie
CUST_08562,0.790093244,1,too expensive,college student,premium,medium,640.6,news junkie
CUST_08563,0.769552808,1,too expensive,college student,basic,medium,205.4,family viewer
CUST_08564,0.864110128,1,too expensive,college student,basic,medium,159.08,casual viewer
CUST_08565,0.916307337,1,too expensive,working professional,premium,high,684.42,news junkie
CUST_08566,0.714470973,1,too expensive,working professional,premium,medium,654.2,news junkie
CUST_08567,0.79046102,1,no time to watch,working professional,basic,high,201.41,news junkie
CUST_08568,0.664529409,1,switched to competitor,college student,standard,high,426.7,sports enthusiast
CUST_08569,0.84354615,1,too expensive,school student,basic,high,200.48,binge watcher
CUST_08570,0.873784603,1,too expensive,retired individual,standard,high,367.58,family viewer
CUST_08571,0.696100271,1,switched to competitor,college student,basic,high,215,casual viewer
CUST_08572,0.908813992,1,too expensive,college student,basic,high,179.97,casual viewer
CUST_08573,0.852521377,1,none,retired individual,basic,low,199.05,family viewer
CUST_08574,0.536654106,1,switched to competitor,working professional,standard,high,391.22,news junkie
CUST_08575,0.782051566,1,none,working professional,premium,medium,623.77,sports enthusiast
CUST_08576,0.796081082,1,none,college student,premium,low,633.49,news junkie
CUST_08577,0.838392839,1,switched to competitor,college student,basic,high,173.21,family viewer
CUST_08578,0.880971625,1,none,retired individual,basic,medium,184.34,family viewer
CUST_08579,0.861988819,1,too expensive,college student,standard,low,370.59,casual viewer
CUST_08580,0.679815212,1,content not interesting,retired individual,standard,high,357.4,family viewer
CUST_08581,0.859705107,1,too expensive,working professional,premium,high,737.95,family viewer
CUST_08582,0.872009074,1,too expensive,working professional,premium,high,623.93,binge watcher
CUST_08583,0.678277887,1,none,working professional,premium,high,776.69,casual viewer
CUST_08584,0.903005393,1,too expensive,working professional,basic,high,227.3,binge watcher
CUST_08585,0.926745687,1,too expensive,working professional,premium,low,633.62,casual viewer
CUST_08586,0.808306617,1,none,retired individual,premium,low,703.18,sports enthusiast
CUST_08587,0.808519571,1,no time to watch,working professional,standard,low,399.96,binge watcher
CUST_08588,0.684821064,1,none,retired individual,basic,high,187.03,sports enthusiast
CUST_08589,0.752000402,1,no time to watch,working professional,standard,high,441.66,casual viewer
CUST_08590,0.478043484,0,too expensive,college student,premium,high,699.99,casual viewer
CUST_08591,0.753933344,1,too expensive,college student,premium,high,634.75,binge watcher
CUST_08592,0.88821158,1,no time to watch,school student,standard,low,443.1,news junkie
CUST_08593,0.692468182,1,none,working professional,basic,high,208.93,casual viewer
CUST_08594,0.856984005,1,none,school student,premium,medium,695.19,sports enthusiast
CUST_08595,0.903568915,1,too expensive,school student,premium,low,752.38,news junkie
CUST_08596,0.848448983,1,no time to watch,retired individual,standard,low,454,family viewer
CUST_08597,0.779998337,1,none,working professional,basic,high,140.72,binge watcher
CUST_08598,0.80111851,1,none,college student,premium,high,735.58,casual viewer
CUST_08599,0.791003708,1,too expensive,college student,premium,high,734.73,family viewer
CUST_08600,0.698785283,1,none,college student,standard,medium,446.59,binge watcher
CUST_08601,0.890120988,1,too expensive,working professional,basic,high,185.42,family viewer
CUST_08602,0.88328462,1,too expensive,working professional,basic,high,201.95,binge watcher
CUST_08603,0.775202929,1,no time to watch,college student,standard,high,352.41,binge watcher
CUST_08604,0.796598268,1,content not interesting,working professional,basic,high,211.85,news junkie
CUST_08605,0.688658457,1,too expensive,retired individual,premium,high,703.91,family viewer
CUST_08606,0.760509979,1,none,college student,premium,high,712.51,news junkie
CUST_08607,0.767561433,1,no time to watch,college student,standard,high,376.09,casual viewer
CUST_08608,0.81066405,1,technical issues,college student,standard,medium,410.05,casual viewer
CUST_08609,0.878886647,1,too expensive,working professional,premium,medium,612.23,casual viewer
CUST_08610,0.539033968,1,technical issues,retired individual,standard,medium,415.07,sports enthusiast
CUST_08611,0.837498631,1,technical issues,school student,basic,low,203.38,family viewer
CUST_08612,0.800206178,1,switched to competitor,working professional,standard,high,403.54,casual viewer
CUST_08613,0.814508154,1,too expensive,college student,standard,medium,466.19,casual viewer
CUST_08614,0.89254253,1,too expensive,college student,standard,high,378.51,family viewer
CUST_08615,0.823354794,1,too expensive,retired individual,basic,high,198.1,family viewer
CUST_08616,0.667699962,1,technical issues,college student,basic,medium,215.4,sports enthusiast
CUST_08617,0.901512483,1,no time to watch,working professional,standard,low,353.69,news junkie
CUST_08618,0.857824643,1,no time to watch,working professional,basic,medium,222.61,family viewer
CUST_08619,0.731547234,1,too expensive,college student,standard,high,375.46,casual viewer
CUST_08620,0.8153385,1,too expensive,college student,standard,medium,389.54,sports enthusiast
CUST_08621,0.719390981,1,technical issues,college student,standard,medium,397.72,sports enthusiast
CUST_08622,0.775703534,1,too expensive,retired individual,standard,high,437.88,news junkie
CUST_08623,0.749193346,1,too expensive,retired individual,premium,medium,765.71,family viewer
CUST_08624,0.664586115,1,none,college student,standard,high,345.64,family viewer
CUST_08625,0.84580019,1,too expensive,school student,premium,medium,756.3,sports enthusiast
CUST_08626,0.744149327,1,switched to competitor,college student,basic,high,218.81,sports enthusiast
CUST_08627,0.758169728,1,no time to watch,working professional,basic,high,199.52,sports enthusiast
CUST_08628,0.796265376,1,no time to watch,college student,standard,low,366.3,family viewer
CUST_08629,0.89357561,1,too expensive,college student,premium,high,776.67,family viewer
CUST_08630,0.821294957,1,no time to watch,working professional,standard,high,345.6,sports enthusiast
CUST_08631,0.780019838,1,switched to competitor,retired individual,basic,high,150.87,family viewer
CUST_08632,0.905254191,1,too expensive,working professional,premium,high,634.02,news junkie
CUST_08633,0.64786003,1,too expensive,college student,premium,medium,716.26,family viewer
CUST_08634,0.937416956,1,too expensive,college student,premium,low,682.95,news junkie
CUST_08635,0.751699414,1,too expensive,school student,basic,high,206.21,sports enthusiast
CUST_08636,0.763573975,1,too expensive,retired individual,basic,high,200.42,news junkie
CUST_08637,0.6865042,1,too expensive,school student,premium,high,806.37,casual viewer
CUST_08638,0.853835207,1,no time to watch,working professional,standard,low,400.7,casual viewer
CUST_08639,0.87746718,1,too expensive,retired individual,basic,medium,155.86,casual viewer
CUST_08640,0.851645076,1,no time to watch,working professional,standard,low,419.77,news junkie
CUST_08641,0.82685499,1,too expensive,college student,premium,low,758.84,family viewer
CUST_08642,0.719902469,1,none,retired individual,premium,high,805.52,casual viewer
CUST_08643,0.7739113,1,too expensive,college student,basic,high,179.98,binge watcher
CUST_08644,0.8255868,1,too expensive,school student,standard,medium,388.73,news junkie
CUST_08645,0.832971922,1,too expensive,college student,basic,high,158.11,news junkie
CUST_08646,0.771406476,1,too expensive,retired individual,premium,medium,644.58,binge watcher
CUST_08647,0.729190974,1,too expensive,school student,premium,high,773.67,sports enthusiast
CUST_08648,0.700901138,1,too expensive,college student,premium,high,639.72,sports enthusiast
CUST_08649,0.81764083,1,technical issues,college student,standard,medium,370.27,binge watcher
CUST_08650,0.693941046,1,content not interesting,college student,standard,high,446.56,binge watcher
CUST_08651,0.73326523,1,none,retired individual,premium,high,689.8,family viewer
CUST_08652,0.884939781,1,no time to watch,working professional,standard,high,419.54,binge watcher
CUST_08653,0.860395152,1,too expensive,college student,basic,high,242.14,family viewer
CUST_08654,0.615975745,1,none,college student,standard,high,341.41,family viewer
CUST_08655,0.710420915,1,none,working professional,standard,medium,482.64,casual viewer
CUST_08656,0.79750298,1,none,retired individual,basic,high,219.66,news junkie
CUST_08657,0.858180795,1,none,working professional,standard,medium,356.49,sports enthusiast
CUST_08658,0.773462323,1,no time to watch,working professional,standard,high,426.18,news junkie
CUST_08659,0.67742872,1,switched to competitor,college student,standard,high,392.95,news junkie
CUST_08660,0.811164167,1,too expensive,retired individual,premium,high,772.99,sports enthusiast
CUST_08661,0.839826253,1,technical issues,college student,standard,medium,406.02,casual viewer
CUST_08662,0.720204965,1,too expensive,college student,standard,high,464.28,sports enthusiast
CUST_08663,0.787105699,1,no time to watch,working professional,standard,high,415.3,news junkie
CUST_08664,0.744581628,1,none,retired individual,standard,high,443.28,binge watcher
CUST_08665,0.801952194,1,technical issues,retired individual,standard,low,419.27,sports enthusiast
CUST_08666,0.763951108,1,content not interesting,working professional,standard,high,464.56,binge watcher
CUST_08667,0.824051871,1,too expensive,college student,standard,high,433.02,news junkie
CUST_08668,0.848140965,1,too expensive,working professional,standard,medium,348.38,binge watcher
CUST_08669,0.808745043,1,none,college student,premium,medium,789.52,sports enthusiast
CUST_08670,0.77991359,1,no time to watch,school student,standard,high,366.14,binge watcher
CUST_08671,0.713806619,1,no time to watch,working professional,standard,high,361.72,binge watcher
CUST_08672,0.913065302,1,no time to watch,working professional,standard,high,374.97,sports enthusiast
CUST_08673,0.655750896,1,too expensive,school student,premium,medium,756.5,family viewer
CUST_08674,0.906288707,1,too expensive,college student,premium,low,673.56,sports enthusiast
CUST_08675,0.888356601,1,too expensive,retired individual,standard,medium,333.47,binge watcher
CUST_08676,0.832817924,1,content not interesting,college student,standard,high,428.29,binge watcher
CUST_08677,0.690783652,1,technical issues,working professional,basic,medium,227.67,casual viewer
CUST_08678,0.880024223,1,technical issues,college student,basic,low,219.47,casual viewer
CUST_08679,0.921085819,1,too expensive,retired individual,standard,low,423.3,binge watcher
CUST_08680,0.679869314,1,none,college student,standard,high,356.01,news junkie
CUST_08681,0.845831561,1,no time to watch,working professional,basic,high,266.18,news junkie
CUST_08682,0.796284782,1,technical issues,retired individual,standard,low,362.33,news junkie
CUST_08683,0.917292983,1,too expensive,retired individual,premium,high,652.08,sports enthusiast
CUST_08684,0.729299141,1,none,retired individual,premium,high,799.11,news junkie
CUST_08685,0.779846893,1,too expensive,college student,premium,low,635.21,family viewer
CUST_08686,0.895854286,1,too expensive,school student,basic,medium,196.66,news junkie
CUST_08687,0.783571539,1,switched to competitor,retired individual,basic,high,131.54,binge watcher
CUST_08688,0.867745503,1,too expensive,retired individual,basic,medium,189.17,family viewer
CUST_08689,0.917068908,1,too expensive,working professional,premium,medium,766.21,news junkie
CUST_08690,0.821892387,1,too expensive,working professional,premium,medium,694.53,casual viewer
CUST_08691,0.73700326,1,technical issues,college student,basic,low,239.62,binge watcher
CUST_08692,0.529195504,1,none,college student,basic,high,213.41,binge watcher
CUST_08693,0.878903512,1,too expensive,college student,standard,high,457.91,sports enthusiast
CUST_08694,0.877167173,1,too expensive,college student,premium,high,799.38,family viewer
CUST_08695,0.924037949,1,too expensive,working professional,basic,low,240.33,family viewer
CUST_08696,0.772126786,1,too expensive,college student,premium,high,770.93,casual viewer
CUST_08697,0.575333148,1,none,college student,premium,high,735.52,family viewer
CUST_08698,0.527581909,1,switched to competitor,college student,premium,high,568.44,casual viewer
CUST_08699,0.889052917,1,too expensive,retired individual,basic,medium,250.71,casual viewer
CUST_08700,0.8810085,1,no time to watch,college student,basic,high,204.56,sports enthusiast
CUST_08701,0.843172922,1,too expensive,school student,basic,low,160.21,sports enthusiast
CUST_08702,0.730508884,1,technical issues,retired individual,standard,medium,380.82,news junkie
CUST_08703,0.811136074,1,too expensive,retired individual,basic,medium,182.02,sports enthusiast
CUST_08704,0.818307865,1,too expensive,college student,standard,high,361.13,sports enthusiast
CUST_08705,0.880503841,1,none,retired individual,premium,high,652.03,binge watcher
CUST_08706,0.624160689,1,none,college student,basic,high,180.76,binge watcher
CUST_08707,0.643618525,1,none,retired individual,basic,high,250.94,sports enthusiast
CUST_08708,0.656134148,1,no time to watch,college student,basic,high,170.46,sports enthusiast
CUST_08709,0.7663916,1,too expensive,college student,standard,medium,454.45,family viewer
CUST_08710,0.742557609,1,none,college student,premium,high,749.08,binge watcher
CUST_08711,0.810430758,1,technical issues,college student,standard,medium,405.44,news junkie
CUST_08712,0.823586838,1,content not interesting,working professional,basic,high,153.2,news junkie
CUST_08713,0.809079165,1,too expensive,retired individual,premium,medium,774.15,news junkie
CUST_08714,0.714947946,1,none,retired individual,standard,medium,368.95,news junkie
CUST_08715,0.692742634,1,no time to watch,retired individual,basic,high,203.74,family viewer
CUST_08716,0.761108682,1,none,college student,standard,high,372.03,news junkie
CUST_08717,0.721043919,1,too expensive,college student,premium,medium,683.23,news junkie
CUST_08718,0.840125177,1,too expensive,school student,basic,high,210.61,sports enthusiast
CUST_08719,0.821957329,1,too expensive,retired individual,standard,medium,399.79,news junkie
CUST_08720,0.821418642,1,technical issues,working professional,premium,medium,595.04,binge watcher
CUST_08721,0.849072727,1,none,college student,standard,medium,438.58,news junkie
CUST_08722,0.752150046,1,none,retired individual,premium,medium,677.55,casual viewer
CUST_08723,0.622720778,1,none,college student,standard,high,371.86,binge watcher
CUST_08724,0.912486849,1,too expensive,school student,standard,low,390.91,casual viewer
CUST_08725,0.845639288,1,none,retired individual,standard,low,474.12,family viewer
CUST_08726,0.557070621,1,none,college student,standard,medium,374.68,family viewer
CUST_08727,0.685240798,1,too expensive,working professional,premium,high,659.84,family viewer
CUST_08728,0.87376458,1,too expensive,retired individual,standard,low,462.19,binge watcher
CUST_08729,0.867232216,1,none,school student,standard,high,412.9,family viewer
CUST_08730,0.836060391,1,too expensive,working professional,premium,medium,608.42,family viewer
CUST_08731,0.721416561,1,too expensive,school student,standard,high,346.97,binge watcher
CUST_08732,0.770637601,1,no time to watch,working professional,basic,high,255.62,binge watcher
CUST_08733,0.825783823,1,technical issues,college student,basic,medium,232.03,news junkie
CUST_08734,0.73475929,1,technical issues,retired individual,basic,low,203.89,news junkie
CUST_08735,0.753288801,1,technical issues,college student,basic,medium,184,sports enthusiast
CUST_08736,0.840166398,1,too expensive,college student,premium,medium,707.84,sports enthusiast
CUST_08737,0.738553471,1,technical issues,working professional,basic,medium,195.7,news junkie
CUST_08738,0.748000621,1,content not interesting,retired individual,standard,high,366.8,family viewer
CUST_08739,0.7520832,1,content not interesting,working professional,standard,high,416.46,casual viewer
CUST_08740,0.894295457,1,too expensive,college student,standard,high,342.46,news junkie
CUST_08741,0.707267878,1,no time to watch,working professional,basic,high,210.88,casual viewer
CUST_08742,0.945889591,1,too expensive,college student,basic,low,179.58,binge watcher
CUST_08743,0.836279728,1,none,college student,basic,high,159.91,family viewer
CUST_08744,0.774773373,1,switched to competitor,working professional,basic,high,193.71,binge watcher
CUST_08745,0.649521201,1,switched to competitor,working professional,standard,high,357.02,binge watcher
CUST_08746,0.829313109,1,too expensive,college student,basic,low,242.61,sports enthusiast
CUST_08747,0.762977058,1,none,college student,standard,high,398.12,family viewer
CUST_08748,0.929896919,1,too expensive,retired individual,standard,low,357.84,sports enthusiast
CUST_08749,0.673854435,1,technical issues,school student,basic,low,195.57,family viewer
CUST_08750,0.865301827,1,too expensive,college student,standard,medium,382.82,casual viewer
CUST_08751,0.680493197,1,too expensive,college student,premium,high,770.95,sports enthusiast
CUST_08752,0.856002689,1,none,working professional,basic,low,205.44,news junkie
CUST_08753,0.619324532,1,none,college student,standard,high,396.51,binge watcher
CUST_08754,0.805843837,1,content not interesting,school student,basic,high,207.24,family viewer
CUST_08755,0.572951534,1,none,college student,standard,high,356.26,family viewer
CUST_08756,0.673020281,1,none,school student,standard,medium,370.72,sports enthusiast
CUST_08757,0.844836619,1,none,college student,basic,low,219.87,news junkie
CUST_08758,0.823156729,1,none,working professional,basic,medium,173.05,family viewer
CUST_08759,0.737340542,1,too expensive,college student,basic,high,201.68,binge watcher
CUST_08760,0.795661344,1,too expensive,retired individual,standard,high,427.05,casual viewer
CUST_08761,0.743652493,1,none,college student,standard,low,337.72,sports enthusiast
CUST_08762,0.589826925,1,too expensive,college student,premium,high,651.56,binge watcher
CUST_08763,0.760799229,1,technical issues,retired individual,standard,low,350.21,sports enthusiast
CUST_08764,0.770933823,1,technical issues,retired individual,basic,medium,164.27,sports enthusiast
CUST_08765,0.901381009,1,too expensive,working professional,standard,medium,394.77,family viewer
CUST_08766,0.801643465,1,switched to competitor,working professional,standard,high,389.1,casual viewer
CUST_08767,0.930417726,1,no time to watch,college student,standard,low,392.59,sports enthusiast
CUST_08768,0.770811509,1,too expensive,retired individual,premium,high,805.31,sports enthusiast
CUST_08769,0.819904336,1,none,working professional,standard,high,424.7,news junkie
CUST_08770,0.857415948,1,none,college student,basic,high,223.44,casual viewer
CUST_08771,0.701619484,1,switched to competitor,college student,standard,high,347.41,news junkie
CUST_08772,0.691895743,1,no time to watch,working professional,standard,high,395.32,news junkie
CUST_08773,0.700929999,1,too expensive,retired individual,standard,high,374.17,binge watcher
CUST_08774,0.796079966,1,technical issues,retired individual,basic,medium,211.24,casual viewer
CUST_08775,0.83610255,1,too expensive,college student,basic,medium,160.87,casual viewer
CUST_08776,0.755821457,1,too expensive,retired individual,premium,high,766,family viewer
CUST_08777,0.726988119,1,too expensive,college student,premium,high,635.26,binge watcher
CUST_08778,0.790004168,1,technical issues,college student,standard,medium,430.24,casual viewer
CUST_08779,0.860683291,1,too expensive,college student,premium,high,673.8,casual viewer
CUST_08780,0.758184056,1,too expensive,working professional,premium,medium,802.36,news junkie
CUST_08781,0.746397707,1,too expensive,college student,standard,high,343.83,sports enthusiast
CUST_08782,0.819665162,1,no time to watch,working professional,basic,medium,198.61,sports enthusiast
CUST_08783,0.743688183,1,switched to competitor,school student,standard,high,473.2,sports enthusiast
CUST_08784,0.773236463,1,switched to competitor,retired individual,basic,high,235.33,binge watcher
CUST_08785,0.772657942,1,too expensive,college student,basic,high,203.41,news junkie
CUST_08786,0.842210104,1,no time to watch,working professional,standard,medium,403.78,binge watcher
CUST_08787,0.884468594,1,too expensive,retired individual,standard,high,345.74,family viewer
CUST_08788,0.712540426,1,too expensive,retired individual,basic,high,191.3,sports enthusiast
CUST_08789,0.820582969,1,switched to competitor,college student,basic,high,188.88,news junkie
CUST_08790,0.890863265,1,too expensive,college student,premium,medium,753.07,sports enthusiast
CUST_08791,0.830486112,1,too expensive,school student,standard,low,389.76,sports enthusiast
CUST_08792,0.842876219,1,technical issues,school student,standard,low,413,sports enthusiast
CUST_08793,0.733468805,1,too expensive,school student,premium,high,782.39,news junkie
CUST_08794,0.848232395,1,technical issues,college student,standard,low,413.39,casual viewer
CUST_08795,0.790823491,1,none,college student,premium,high,799.06,sports enthusiast
CUST_08796,0.664416315,1,content not interesting,school student,standard,high,395.71,casual viewer
CUST_08797,0.767361605,1,none,college student,premium,medium,658.16,casual viewer
CUST_08798,0.642162291,1,none,working professional,standard,high,332.25,news junkie
CUST_08799,0.777715802,1,technical issues,college student,basic,medium,259.72,binge watcher
CUST_08800,0.716680544,1,content not interesting,college student,basic,high,190.29,binge watcher
CUST_08801,0.783220443,1,none,working professional,basic,high,219.79,news junkie
CUST_08802,0.794200838,1,none,working professional,standard,low,347.2,sports enthusiast
CUST_08803,0.908221652,1,too expensive,college student,basic,low,184.75,family viewer
CUST_08804,0.661423247,1,too expensive,college student,premium,high,675.47,family viewer
CUST_08805,0.807847881,1,too expensive,college student,premium,high,661.48,casual viewer
CUST_08806,0.722640435,1,technical issues,school student,standard,medium,409.7,news junkie
CUST_08807,0.8071755,1,no time to watch,working professional,basic,medium,169.94,sports enthusiast
CUST_08808,0.819774999,1,technical issues,retired individual,standard,medium,413.72,family viewer
CUST_08809,0.932533754,1,technical issues,retired individual,standard,low,366.07,sports enthusiast
CUST_08810,0.663212633,1,too expensive,retired individual,premium,high,767.08,news junkie
CUST_08811,0.65754155,1,no time to watch,retired individual,basic,high,179.15,binge watcher
CUST_08812,0.845237227,1,too expensive,working professional,basic,high,187.23,sports enthusiast
CUST_08813,0.797007975,1,switched to competitor,retired individual,standard,high,409.72,family viewer
CUST_08814,0.804569618,1,too expensive,working professional,premium,high,603.87,news junkie
CUST_08815,0.823752262,1,switched to competitor,working professional,basic,high,221.69,binge watcher
CUST_08816,0.816622774,1,too expensive,school student,basic,low,152.32,family viewer
CUST_08817,0.878417934,1,too expensive,retired individual,basic,medium,225.23,binge watcher
CUST_08818,0.886988502,1,too expensive,college student,basic,low,215.95,sports enthusiast
CUST_08819,0.839643625,1,content not interesting,working professional,standard,high,376.15,family viewer
CUST_08820,0.839877857,1,too expensive,college student,standard,high,389.88,casual viewer
CUST_08821,0.846085206,1,technical issues,college student,basic,low,202.5,news junkie
CUST_08822,0.888669141,1,too expensive,college student,basic,low,175.66,binge watcher
CUST_08823,0.654371833,1,too expensive,college student,premium,low,708.32,sports enthusiast
CUST_08824,0.812594263,1,too expensive,working professional,standard,high,419.29,news junkie
CUST_08825,0.908246446,1,no time to watch,college student,basic,low,193.27,news junkie
CUST_08826,0.77349387,1,too expensive,retired individual,premium,high,630.97,news junkie
CUST_08827,0.859787848,1,technical issues,retired individual,standard,medium,438.71,binge watcher
CUST_08828,0.9076379,1,technical issues,working professional,basic,low,181.41,binge watcher
CUST_08829,0.728245332,1,none,retired individual,standard,high,433.09,binge watcher
CUST_08830,0.811355879,1,switched to competitor,college student,standard,high,392.68,binge watcher
CUST_08831,0.934515463,1,too expensive,working professional,basic,low,186.2,family viewer
CUST_08832,0.753250765,1,switched to competitor,college student,standard,high,389.95,news junkie
CUST_08833,0.835500615,1,no time to watch,college student,basic,medium,212.92,sports enthusiast
CUST_08834,0.82691786,1,too expensive,retired individual,premium,high,691.45,news junkie
CUST_08835,0.805494116,1,too expensive,working professional,premium,medium,775.6,casual viewer
CUST_08836,0.847414543,1,too expensive,retired individual,premium,medium,711.74,sports enthusiast
CUST_08837,0.865684182,1,too expensive,college student,premium,high,614.93,binge watcher
CUST_08838,0.725361039,1,switched to competitor,retired individual,standard,high,451.17,news junkie
CUST_08839,0.834276103,1,too expensive,school student,premium,high,629.71,news junkie
CUST_08840,0.843618809,1,too expensive,college student,standard,high,423.55,casual viewer
CUST_08841,0.657879894,1,switched to competitor,college student,standard,high,386.18,binge watcher
CUST_08842,0.70779093,1,none,retired individual,standard,high,441.6,binge watcher
CUST_08843,0.813028565,1,too expensive,college student,premium,high,717.8,sports enthusiast
CUST_08844,0.822246955,1,no time to watch,college student,standard,high,347.29,family viewer
CUST_08845,0.809894418,1,technical issues,college student,basic,low,204.7,binge watcher
CUST_08846,0.818983388,1,none,retired individual,basic,high,188.9,news junkie
CUST_08847,0.828147957,1,too expensive,school student,premium,low,702.03,casual viewer
CUST_08848,0.738041734,1,too expensive,working professional,premium,high,659.7,sports enthusiast
CUST_08849,0.574799736,1,none,college student,premium,high,759.22,family viewer
CUST_08850,0.519713388,1,switched to competitor,college student,standard,high,369.73,family viewer
CUST_08851,0.847775989,1,too expensive,college student,basic,high,172.35,casual viewer
CUST_08852,0.766084608,1,none,school student,basic,medium,232.53,sports enthusiast
CUST_08853,0.817479191,1,no time to watch,retired individual,standard,high,380.31,casual viewer
CUST_08854,0.924398599,1,too expensive,retired individual,premium,low,712.8,sports enthusiast
CUST_08855,0.647579601,1,switched to competitor,college student,standard,high,385.96,news junkie
CUST_08856,0.728982837,1,none,college student,standard,medium,372.15,family viewer
CUST_08857,0.803691599,1,no time to watch,working professional,standard,high,392.2,casual viewer
CUST_08858,0.922457032,1,too expensive,retired individual,premium,low,779.68,news junkie
CUST_08859,0.636745652,1,too expensive,college student,premium,high,688.67,family viewer
CUST_08860,0.882238295,1,too expensive,retired individual,premium,low,718.09,casual viewer
CUST_08861,0.684023317,1,technical issues,college student,basic,low,163.87,sports enthusiast
CUST_08862,0.684819955,1,switched to competitor,retired individual,standard,high,391.88,binge watcher
CUST_08863,0.656096106,1,switched to competitor,college student,standard,high,377.66,news junkie
CUST_08864,0.830230316,1,too expensive,college student,basic,high,198.42,family viewer
CUST_08865,0.711786109,1,no time to watch,working professional,standard,high,339.78,sports enthusiast
CUST_08866,0.736127408,1,switched to competitor,college student,standard,high,375.17,family viewer
CUST_08867,0.729778964,1,none,college student,basic,low,209.85,binge watcher
CUST_08868,0.903088954,1,technical issues,school student,basic,low,232.58,casual viewer
CUST_08869,0.715805816,1,technical issues,retired individual,standard,low,417.28,family viewer
CUST_08870,0.866176892,1,too expensive,working professional,premium,high,697.66,casual viewer
CUST_08871,0.908284867,1,none,working professional,basic,high,217.35,sports enthusiast
CUST_08872,0.892038428,1,too expensive,college student,standard,medium,357.19,casual viewer
CUST_08873,0.792379558,1,none,school student,basic,high,153.03,casual viewer
CUST_08874,0.731382597,1,switched to competitor,college student,basic,high,167.34,casual viewer
CUST_08875,0.807038326,1,none,college student,standard,high,344.32,casual viewer
CUST_08876,0.83656909,1,switched to competitor,school student,standard,high,384.19,sports enthusiast
CUST_08877,0.827845107,1,too expensive,retired individual,standard,high,360.99,casual viewer
CUST_08878,0.854966635,1,too expensive,working professional,standard,high,454.16,casual viewer
CUST_08879,0.831246166,1,none,retired individual,standard,high,412.95,binge watcher
CUST_08880,0.864885427,1,too expensive,college student,standard,high,422.76,news junkie
CUST_08881,0.840868766,1,too expensive,retired individual,premium,medium,774.89,casual viewer
CUST_08882,0.839668,1,content not interesting,school student,basic,high,222.22,binge watcher
CUST_08883,0.830260664,1,too expensive,working professional,standard,medium,381.15,news junkie
CUST_08884,0.899294049,1,too expensive,college student,premium,high,711.44,family viewer
CUST_08885,0.81843625,1,none,retired individual,standard,low,413.66,sports enthusiast
CUST_08886,0.6637133,1,no time to watch,working professional,basic,medium,196.09,binge watcher
CUST_08887,0.915914627,1,too expensive,college student,premium,low,724.98,binge watcher
CUST_08888,0.874994576,1,too expensive,college student,premium,low,742.7,news junkie
CUST_08889,0.615047217,1,none,college student,standard,high,401.6,family viewer
CUST_08890,0.721025223,1,too expensive,college student,premium,medium,817.51,news junkie
CUST_08891,0.881416679,1,too expensive,working professional,standard,high,399.49,news junkie
CUST_08892,0.600867915,1,none,college student,premium,high,691.69,family viewer
CUST_08893,0.703933563,1,too expensive,working professional,premium,high,685.24,casual viewer
CUST_08894,0.88848611,1,too expensive,college student,basic,low,208.27,family viewer
CUST_08895,0.58190607,1,switched to competitor,school student,basic,high,198.42,casual viewer
CUST_08896,0.814766628,1,no time to watch,working professional,standard,high,418.81,casual viewer
CUST_08897,0.938849104,1,too expensive,working professional,standard,low,377.55,family viewer
CUST_08898,0.662501619,1,switched to competitor,retired individual,standard,high,383.06,family viewer
CUST_08899,0.78926505,1,technical issues,college student,basic,medium,208.6,news junkie
CUST_08900,0.751527973,1,switched to competitor,college student,basic,high,188.89,family viewer
CUST_08901,0.91517019,1,too expensive,school student,basic,low,163.38,binge watcher
CUST_08902,0.85637978,1,too expensive,college student,standard,low,418.09,family viewer
CUST_08903,0.836979539,1,no time to watch,college student,standard,medium,379.12,casual viewer
CUST_08904,0.847717739,1,too expensive,college student,premium,high,719.28,news junkie
CUST_08905,0.776946732,1,no time to watch,working professional,standard,high,382.76,family viewer
CUST_08906,0.879093964,1,content not interesting,retired individual,standard,high,413.93,family viewer
CUST_08907,0.879832892,1,technical issues,college student,basic,low,243.59,binge watcher
CUST_08908,0.713318937,1,technical issues,working professional,basic,medium,187.32,sports enthusiast
CUST_08909,0.676745396,1,none,college student,basic,high,194.06,sports enthusiast
CUST_08910,0.795060149,1,no time to watch,working professional,basic,medium,188.78,binge watcher
CUST_08911,0.690296461,1,switched to competitor,school student,basic,high,245.86,sports enthusiast
CUST_08912,0.692113583,1,too expensive,college student,standard,high,324.99,news junkie
CUST_08913,0.73559834,1,too expensive,working professional,premium,low,622.47,family viewer
CUST_08914,0.820578586,1,too expensive,working professional,basic,high,220.33,family viewer
CUST_08915,0.76744101,1,technical issues,retired individual,basic,low,185.49,news junkie
CUST_08916,0.898834024,1,too expensive,working professional,standard,medium,338.29,news junkie
CUST_08917,0.863453355,1,too expensive,college student,standard,low,363.45,sports enthusiast
CUST_08918,0.844136114,1,technical issues,working professional,standard,low,382.2,casual viewer
CUST_08919,0.934225271,1,none,retired individual,standard,medium,449.79,casual viewer
CUST_08920,0.818528531,1,too expensive,retired individual,standard,high,449.29,news junkie
CUST_08921,0.749238222,1,technical issues,college student,standard,medium,385.74,news junkie
CUST_08922,0.689150215,1,none,working professional,standard,medium,388.29,sports enthusiast
CUST_08923,0.776768287,1,none,college student,basic,high,186.99,binge watcher
CUST_08924,0.865281979,1,too expensive,working professional,premium,high,748.08,news junkie
CUST_08925,0.754357697,1,technical issues,retired individual,standard,medium,352.38,family viewer
CUST_08926,0.932231178,1,too expensive,college student,premium,low,785.95,family viewer
CUST_08927,0.885778958,1,too expensive,college student,basic,medium,207.91,binge watcher
CUST_08928,0.83281794,1,too expensive,school student,standard,high,336.78,casual viewer
CUST_08929,0.61460125,1,no time to watch,working professional,standard,high,414.08,news junkie
CUST_08930,0.899322223,1,too expensive,college student,premium,low,686.39,family viewer
CUST_08931,0.875865558,1,too expensive,college student,standard,high,370.22,binge watcher
CUST_08932,0.931578465,1,too expensive,college student,standard,medium,441.64,casual viewer
CUST_08933,0.724352105,1,too expensive,school student,basic,high,181.93,sports enthusiast
CUST_08934,0.875521409,1,too expensive,college student,premium,low,759.71,sports enthusiast
CUST_08935,0.832898968,1,too expensive,college student,standard,high,386.64,binge watcher
CUST_08936,0.894534544,1,technical issues,retired individual,standard,low,446.86,sports enthusiast
CUST_08937,0.742277406,1,none,college student,standard,medium,432.93,news junkie
CUST_08938,0.696800407,1,too expensive,college student,basic,high,157.68,binge watcher
CUST_08939,0.817834086,1,technical issues,school student,basic,medium,201.84,family viewer
CUST_08940,0.781611458,1,too expensive,school student,premium,low,771.19,news junkie
CUST_08941,0.809827089,1,too expensive,college student,premium,high,716.11,casual viewer
CUST_08942,0.840667748,1,no time to watch,working professional,basic,high,185.24,family viewer
CUST_08943,0.818978445,1,content not interesting,working professional,standard,high,403.94,casual viewer
CUST_08944,0.809401382,1,none,college student,premium,high,686.04,casual viewer
CUST_08945,0.904850206,1,too expensive,retired individual,standard,high,378.71,sports enthusiast
CUST_08946,0.875195506,1,too expensive,college student,premium,medium,615.98,family viewer
CUST_08947,0.692312721,1,none,school student,standard,high,397.37,family viewer
CUST_08948,0.903390745,1,too expensive,retired individual,premium,low,630.27,sports enthusiast
CUST_08949,0.737764102,1,none,college student,basic,high,188.82,sports enthusiast
CUST_08950,0.915369626,1,no time to watch,college student,standard,low,447.19,sports enthusiast
CUST_08951,0.77433384,1,too expensive,retired individual,premium,high,618.83,casual viewer
CUST_08952,0.777003654,1,none,college student,premium,high,688.05,family viewer
CUST_08953,0.859435838,1,too expensive,college student,basic,medium,181.55,family viewer
CUST_08954,0.825677505,1,none,working professional,premium,medium,797.86,news junkie
CUST_08955,0.612633297,1,too expensive,college student,premium,medium,770.11,sports enthusiast
CUST_08956,0.734408576,1,too expensive,college student,basic,high,233.57,sports enthusiast
CUST_08957,0.676567192,1,none,retired individual,standard,medium,407.75,news junkie
CUST_08958,0.791204616,1,too expensive,school student,premium,medium,600.57,binge watcher
CUST_08959,0.705234452,1,too expensive,college student,premium,high,702.64,casual viewer
CUST_08960,0.69480089,1,too expensive,working professional,premium,high,752.32,casual viewer
CUST_08961,0.815770855,1,none,retired individual,premium,medium,771.83,sports enthusiast
CUST_08962,0.762779952,1,none,college student,standard,medium,404.61,casual viewer
CUST_08963,0.822736323,1,too expensive,college student,premium,medium,625.86,casual viewer
CUST_08964,0.825035931,1,none,working professional,basic,high,209.74,casual viewer
CUST_08965,0.711526732,1,too expensive,college student,basic,high,162.64,sports enthusiast
CUST_08966,0.819558009,1,technical issues,working professional,standard,medium,428.26,news junkie
CUST_08967,0.771135289,1,too expensive,working professional,premium,high,613.35,binge watcher
CUST_08968,0.601294724,1,too expensive,working professional,premium,high,773.36,binge watcher
CUST_08969,0.808470347,1,no time to watch,working professional,standard,low,346.54,binge watcher
CUST_08970,0.840757439,1,too expensive,retired individual,standard,high,408.84,sports enthusiast
CUST_08971,0.737332074,1,no time to watch,working professional,standard,high,425.54,casual viewer
CUST_08972,0.748148649,1,too expensive,college student,premium,high,680.34,binge watcher
CUST_08973,0.715714926,1,technical issues,school student,standard,low,398.96,news junkie
CUST_08974,0.836616993,1,none,college student,standard,high,457.69,casual viewer
CUST_08975,0.795586077,1,technical issues,college student,standard,medium,416.7,binge watcher
CUST_08976,0.8530035,1,too expensive,working professional,standard,high,390.36,binge watcher
CUST_08977,0.81516646,1,none,college student,standard,high,381.65,binge watcher
CUST_08978,0.908768531,1,too expensive,working professional,basic,low,150.79,news junkie
CUST_08979,0.840341803,1,too expensive,working professional,premium,high,775.41,news junkie
CUST_08980,0.904004288,1,technical issues,college student,standard,low,393.49,sports enthusiast
CUST_08981,0.852755537,1,too expensive,college student,standard,high,366.88,family viewer
CUST_08982,0.797102116,1,too expensive,college student,premium,low,740.52,casual viewer
CUST_08983,0.764467508,1,technical issues,working professional,basic,medium,188.28,casual viewer
CUST_08984,0.84734427,1,technical issues,college student,standard,medium,418.81,news junkie
CUST_08985,0.861665042,1,content not interesting,college student,basic,high,211.32,casual viewer
CUST_08986,0.704411331,1,content not interesting,college student,standard,high,359.02,casual viewer
CUST_08987,0.706723448,1,too expensive,working professional,premium,medium,697.96,binge watcher
CUST_08988,0.80386109,1,none,retired individual,premium,high,799.1,binge watcher
CUST_08989,0.826270353,1,none,retired individual,premium,high,684.61,sports enthusiast
CUST_08990,0.782633401,1,too expensive,college student,standard,high,351.77,sports enthusiast
CUST_08991,0.818526059,1,technical issues,retired individual,standard,medium,372.68,casual viewer
CUST_08992,0.818100255,1,none,working professional,standard,high,371.18,family viewer
CUST_08993,0.783976582,1,switched to competitor,school student,standard,high,411.31,casual viewer
CUST_08994,0.843101029,1,none,retired individual,standard,high,417.7,sports enthusiast
CUST_08995,0.863462514,1,technical issues,college student,standard,low,369.97,sports enthusiast
CUST_08996,0.735678443,1,none,working professional,premium,high,682.11,family viewer
CUST_08997,0.527408371,1,switched to competitor,retired individual,standard,high,396.91,family viewer
CUST_08998,0.738784217,1,no time to watch,working professional,standard,high,349.66,binge watcher
CUST_08999,0.878802964,1,none,school student,standard,medium,365.21,sports enthusiast
CUST_09000,0.777154195,1,switched to competitor,school student,standard,high,359.05,family viewer
CUST_09001,0.558365656,1,none,retired individual,basic,medium,233.19,news junkie
CUST_09002,0.817449303,1,no time to watch,college student,standard,high,387.04,sports enthusiast
CUST_09003,0.655844433,1,none,college student,standard,medium,424.54,news junkie
CUST_09004,0.822476815,1,content not interesting,working professional,standard,high,366.41,binge watcher
CUST_09005,0.600134066,1,none,retired individual,basic,high,208.01,sports enthusiast
CUST_09006,0.925500092,1,too expensive,working professional,standard,low,382.82,casual viewer
CUST_09007,0.837065275,1,too expensive,school student,standard,medium,437.32,news junkie
CUST_09008,0.714606512,1,too expensive,college student,premium,medium,747.57,sports enthusiast
CUST_09009,0.778972642,1,switched to competitor,college student,standard,high,363.05,casual viewer
CUST_09010,0.762083292,1,too expensive,school student,basic,medium,166.55,sports enthusiast
CUST_09011,0.846913823,1,technical issues,retired individual,basic,medium,194.37,family viewer
CUST_09012,0.703328639,1,none,retired individual,basic,high,200.34,binge watcher
CUST_09013,0.574481915,1,none,retired individual,basic,high,124.62,casual viewer
CUST_09014,0.890362311,1,no time to watch,retired individual,basic,low,175.18,binge watcher
CUST_09015,0.802443428,1,too expensive,retired individual,premium,medium,718.25,binge watcher
CUST_09016,0.671186969,1,none,working professional,premium,high,704.15,binge watcher
CUST_09017,0.836643072,1,too expensive,school student,premium,low,699.03,family viewer
CUST_09018,0.753470941,1,too expensive,retired individual,premium,medium,637.96,news junkie
CUST_09019,0.796960353,1,too expensive,school student,premium,high,699.12,binge watcher
CUST_09020,0.656089806,1,none,college student,premium,high,678.04,casual viewer
CUST_09021,0.85945713,1,no time to watch,college student,standard,high,400.35,casual viewer
CUST_09022,0.676648234,1,switched to competitor,college student,standard,high,350.06,news junkie
CUST_09023,0.651517728,1,switched to competitor,college student,basic,high,191.85,family viewer
CUST_09024,0.864895856,1,too expensive,college student,basic,medium,153.99,family viewer
CUST_09025,0.906283901,1,too expensive,retired individual,standard,high,462.27,family viewer
CUST_09026,0.611445033,1,none,college student,basic,medium,207.7,news junkie
CUST_09027,0.836856712,1,too expensive,school student,premium,high,775.83,family viewer
CUST_09028,0.860135375,1,too expensive,college student,premium,low,607.16,family viewer
CUST_09029,0.835142389,1,too expensive,retired individual,premium,high,786.46,family viewer
CUST_09030,0.874657999,1,too expensive,working professional,premium,medium,613.37,news junkie
CUST_09031,0.894156248,1,too expensive,working professional,premium,high,765.97,binge watcher
CUST_09032,0.675606547,1,no time to watch,college student,basic,high,192,binge watcher
CUST_09033,0.791657659,1,none,working professional,standard,high,365.04,sports enthusiast
CUST_09034,0.784038516,1,technical issues,retired individual,standard,medium,428.86,news junkie
CUST_09035,0.917661503,1,no time to watch,working professional,standard,medium,379.82,news junkie
CUST_09036,0.746081541,1,switched to competitor,college student,standard,high,387.89,news junkie
CUST_09037,0.557388386,1,too expensive,college student,premium,high,661.68,family viewer
CUST_09038,0.827561865,1,too expensive,working professional,standard,high,488.8,sports enthusiast
CUST_09039,0.826972113,1,technical issues,college student,basic,medium,225.88,casual viewer
CUST_09040,0.724648243,1,content not interesting,retired individual,basic,high,238,family viewer
CUST_09041,0.796790863,1,no time to watch,working professional,standard,high,445.75,sports enthusiast
CUST_09042,0.798643664,1,technical issues,college student,standard,medium,321.25,news junkie
CUST_09043,0.800971176,1,none,college student,standard,low,382.19,sports enthusiast
CUST_09044,0.701136148,1,too expensive,college student,premium,medium,675.1,binge watcher
CUST_09045,0.773438354,1,too expensive,working professional,premium,high,784.73,binge watcher
CUST_09046,0.696225491,1,too expensive,college student,premium,high,675.41,sports enthusiast
CUST_09047,0.884674738,1,too expensive,retired individual,standard,high,360.06,family viewer
CUST_09048,0.907930291,1,too expensive,working professional,premium,low,739.21,sports enthusiast
CUST_09049,0.739446701,1,none,college student,premium,medium,758.18,binge watcher
CUST_09050,0.618154216,1,none,college student,basic,high,223.93,binge watcher
CUST_09051,0.749643534,1,technical issues,college student,standard,medium,339.27,family viewer
CUST_09052,0.826701656,1,no time to watch,working professional,standard,medium,337.31,family viewer
CUST_09053,0.740457249,1,none,college student,basic,high,231.55,binge watcher
CUST_09054,0.715305166,1,too expensive,college student,basic,medium,217.06,news junkie
CUST_09055,0.706546839,1,too expensive,retired individual,premium,high,701.08,sports enthusiast
CUST_09056,0.821200793,1,none,college student,standard,medium,348.8,news junkie
CUST_09057,0.666806321,1,technical issues,retired individual,standard,low,341.51,news junkie
CUST_09058,0.920519878,1,too expensive,college student,premium,low,677.98,family viewer
CUST_09059,0.757191633,1,too expensive,college student,basic,medium,182.67,news junkie
CUST_09060,0.78388405,1,none,school student,premium,medium,671.88,binge watcher
CUST_09061,0.84377768,1,too expensive,retired individual,standard,high,350.82,family viewer
CUST_09062,0.885598938,1,too expensive,school student,premium,high,774.76,family viewer
CUST_09063,0.611082333,1,none,retired individual,basic,high,235.12,family viewer
CUST_09064,0.829518638,1,too expensive,college student,premium,medium,634.9,binge watcher
CUST_09065,0.865608797,1,too expensive,college student,premium,low,602.52,news junkie
CUST_09066,0.83822689,1,too expensive,college student,standard,medium,460.07,family viewer
CUST_09067,0.511456285,1,switched to competitor,college student,standard,high,388.84,casual viewer
CUST_09068,0.796531817,1,content not interesting,retired individual,standard,high,463.56,news junkie
CUST_09069,0.775377092,1,no time to watch,working professional,standard,high,400.43,binge watcher
CUST_09070,0.78399841,1,switched to competitor,college student,standard,high,335.24,family viewer
CUST_09071,0.782582229,1,too expensive,college student,premium,medium,736.93,family viewer
CUST_09072,0.791510236,1,too expensive,school student,basic,high,144.28,casual viewer
CUST_09073,0.745935257,1,too expensive,college student,premium,medium,729.52,family viewer
CUST_09074,0.866915723,1,too expensive,retired individual,premium,high,790.21,casual viewer
CUST_09075,0.874258006,1,none,college student,standard,medium,424.21,binge watcher
CUST_09076,0.767758373,1,switched to competitor,college student,basic,high,228.26,news junkie
CUST_09077,0.600727656,1,none,college student,standard,high,423.46,sports enthusiast
CUST_09078,0.901746749,1,too expensive,working professional,premium,medium,708.67,sports enthusiast
CUST_09079,0.740203973,1,too expensive,college student,premium,medium,738.03,binge watcher
CUST_09080,0.826766938,1,too expensive,school student,premium,high,599.71,family viewer
CUST_09081,0.697066716,1,too expensive,college student,premium,high,766.22,casual viewer
CUST_09082,0.832782294,1,technical issues,college student,basic,low,234.09,binge watcher
CUST_09083,0.803589072,1,too expensive,retired individual,basic,high,210.7,casual viewer
CUST_09084,0.855296023,1,too expensive,school student,basic,high,200.86,sports enthusiast
CUST_09085,0.84600471,1,none,college student,basic,low,242.66,news junkie
CUST_09086,0.841694307,1,technical issues,college student,standard,medium,398.67,sports enthusiast
CUST_09087,0.787617818,1,none,college student,premium,low,681.45,sports enthusiast
CUST_09088,0.813407039,1,technical issues,working professional,standard,medium,381.34,sports enthusiast
CUST_09089,0.898896033,1,too expensive,working professional,standard,low,471.13,sports enthusiast
CUST_09090,0.670522175,1,none,working professional,premium,high,711.61,casual viewer
CUST_09091,0.699233612,1,switched to competitor,college student,basic,high,200.65,sports enthusiast
CUST_09092,0.819327447,1,too expensive,college student,standard,high,396.88,casual viewer
CUST_09093,0.77260173,1,switched to competitor,college student,basic,high,211.82,family viewer
CUST_09094,0.949868876,1,too expensive,working professional,standard,low,394.78,family viewer
CUST_09095,0.871124217,1,too expensive,college student,basic,medium,210.02,news junkie
CUST_09096,0.834878628,1,technical issues,retired individual,basic,low,216.01,casual viewer
CUST_09097,0.768553086,1,too expensive,college student,standard,medium,412.44,binge watcher
CUST_09098,0.708745438,1,too expensive,retired individual,premium,medium,651.05,casual viewer
CUST_09099,0.75053596,1,switched to competitor,college student,basic,high,162.01,news junkie
CUST_09100,0.771358324,1,switched to competitor,retired individual,standard,high,447.29,binge watcher
CUST_09101,0.855941598,1,too expensive,college student,premium,low,645.12,family viewer
CUST_09102,0.748962825,1,too expensive,working professional,premium,medium,695.38,binge watcher
CUST_09103,0.861859227,1,technical issues,college student,standard,low,344.1,news junkie
CUST_09104,0.805785605,1,too expensive,college student,premium,medium,729.23,sports enthusiast
CUST_09105,0.868442147,1,none,working professional,basic,high,206.51,casual viewer
CUST_09106,0.841728255,1,none,school student,premium,medium,692.2,binge watcher
CUST_09107,0.826730129,1,none,college student,basic,high,210.39,casual viewer
CUST_09108,0.625967084,1,none,college student,premium,high,726.23,news junkie
CUST_09109,0.878780857,1,too expensive,working professional,premium,medium,766.43,binge watcher
CUST_09110,0.786943069,1,technical issues,college student,standard,medium,349.3,family viewer
CUST_09111,0.938986864,1,too expensive,working professional,basic,medium,208.04,sports enthusiast
CUST_09112,0.677673059,1,none,college student,basic,high,247.93,sports enthusiast
CUST_09113,0.828725588,1,too expensive,retired individual,premium,high,741.85,news junkie
CUST_09114,0.439614396,0,switched to competitor,college student,basic,high,161.54,news junkie
CUST_09115,0.796864465,1,technical issues,retired individual,standard,low,407.74,binge watcher
CUST_09116,0.768436589,1,no time to watch,working professional,standard,high,387.49,sports enthusiast
CUST_09117,0.812289475,1,too expensive,college student,standard,high,341.86,sports enthusiast
CUST_09118,0.921697776,1,too expensive,school student,basic,low,163.58,casual viewer
CUST_09119,0.727318626,1,technical issues,working professional,standard,medium,388.77,family viewer
CUST_09120,0.886874884,1,no time to watch,college student,standard,medium,445.07,sports enthusiast
CUST_09121,0.951227416,1,too expensive,retired individual,standard,low,427.1,binge watcher
CUST_09122,0.792417474,1,none,college student,standard,high,461.56,news junkie
CUST_09123,0.891214241,1,too expensive,working professional,premium,high,644.66,news junkie
CUST_09124,0.665590968,1,too expensive,college student,premium,high,690.89,binge watcher
CUST_09125,0.869332841,1,none,retired individual,standard,high,440.05,family viewer
CUST_09126,0.879749137,1,no time to watch,working professional,basic,low,230.33,family viewer
CUST_09127,0.890920829,1,too expensive,retired individual,premium,low,616.97,casual viewer
CUST_09128,0.78742311,1,too expensive,college student,basic,medium,235.99,sports enthusiast
CUST_09129,0.741147045,1,technical issues,retired individual,basic,medium,224.81,family viewer
CUST_09130,0.760473893,1,too expensive,school student,premium,high,674.15,casual viewer
CUST_09131,0.805144554,1,technical issues,school student,standard,medium,377.35,family viewer
CUST_09132,0.804726905,1,too expensive,retired individual,basic,high,211.86,family viewer
CUST_09133,0.843291775,1,too expensive,school student,premium,high,681.6,sports enthusiast
CUST_09134,0.802129928,1,technical issues,retired individual,basic,low,205.62,family viewer
CUST_09135,0.843184468,1,too expensive,college student,standard,high,372.06,news junkie
CUST_09136,0.84415533,1,too expensive,college student,standard,medium,464.61,sports enthusiast
CUST_09137,0.842118791,1,too expensive,retired individual,standard,high,358.18,family viewer
CUST_09138,0.892029093,1,no time to watch,college student,basic,low,230.15,family viewer
CUST_09139,0.764869869,1,technical issues,college student,basic,medium,226.65,binge watcher
CUST_09140,0.87594943,1,technical issues,working professional,standard,low,434.98,sports enthusiast
CUST_09141,0.536540677,1,none,college student,standard,high,359.41,sports enthusiast
CUST_09142,0.760803153,1,switched to competitor,working professional,basic,high,180.77,family viewer
CUST_09143,0.823365206,1,too expensive,college student,premium,high,617.27,family viewer
CUST_09144,0.852747695,1,no time to watch,working professional,standard,low,368.2,family viewer
CUST_09145,0.654944328,1,content not interesting,college student,standard,high,378.21,family viewer
CUST_09146,0.885506074,1,too expensive,college student,premium,medium,647.19,news junkie
CUST_09147,0.710844834,1,too expensive,retired individual,premium,medium,747.55,news junkie
CUST_09148,0.664422321,1,technical issues,college student,standard,medium,452.54,family viewer
CUST_09149,0.603598268,1,content not interesting,college student,standard,high,441.1,news junkie
CUST_09150,0.913770937,1,no time to watch,working professional,basic,high,207.44,news junkie
CUST_09151,0.941774372,1,too expensive,college student,premium,low,610.47,sports enthusiast
CUST_09152,0.622394741,1,none,college student,premium,high,679.86,family viewer
CUST_09153,0.870356346,1,too expensive,working professional,premium,medium,619.94,news junkie
CUST_09154,0.818715844,1,too expensive,retired individual,basic,medium,145.62,sports enthusiast
CUST_09155,0.921057224,1,no time to watch,working professional,standard,low,444.2,casual viewer
CUST_09156,0.684137999,1,technical issues,college student,basic,medium,232.02,news junkie
CUST_09157,0.819489002,1,no time to watch,retired individual,standard,high,452.18,casual viewer
CUST_09158,0.737871317,1,switched to competitor,working professional,standard,high,447.13,casual viewer
CUST_09159,0.818843133,1,too expensive,college student,basic,high,211.72,family viewer
CUST_09160,0.680783068,1,technical issues,retired individual,standard,medium,417.04,sports enthusiast
CUST_09161,0.82877572,1,too expensive,working professional,premium,medium,736.9,family viewer
CUST_09162,0.557029211,1,none,working professional,basic,high,185.45,family viewer
CUST_09163,0.777643514,1,too expensive,school student,standard,high,461.99,family viewer
CUST_09164,0.864654838,1,no time to watch,working professional,standard,high,435.28,news junkie
CUST_09165,0.742911153,1,technical issues,college student,standard,medium,353.99,family viewer
CUST_09166,0.741893888,1,technical issues,college student,standard,medium,341.2,binge watcher
CUST_09167,0.916512712,1,too expensive,working professional,premium,low,750.22,sports enthusiast
CUST_09168,0.936828398,1,too expensive,school student,standard,low,380.15,binge watcher
CUST_09169,0.862058349,1,switched to competitor,working professional,basic,high,201.63,casual viewer
CUST_09170,0.800381539,1,too expensive,college student,premium,medium,703.83,binge watcher
CUST_09171,0.874018996,1,too expensive,college student,standard,high,425.57,news junkie
CUST_09172,0.906087937,1,too expensive,school student,basic,low,196.04,news junkie
CUST_09173,0.728332734,1,switched to competitor,retired individual,standard,high,392.81,binge watcher
CUST_09174,0.802279639,1,switched to competitor,college student,standard,high,424.24,family viewer
CUST_09175,0.732785602,1,too expensive,working professional,premium,medium,698.44,sports enthusiast
CUST_09176,0.682045345,1,switched to competitor,retired individual,standard,high,330,news junkie
CUST_09177,0.795743861,1,switched to competitor,retired individual,basic,high,164.35,family viewer
CUST_09178,0.671268924,1,content not interesting,school student,standard,high,397.52,casual viewer
CUST_09179,0.799853539,1,too expensive,retired individual,premium,medium,629.16,news junkie
CUST_09180,0.838601352,1,too expensive,school student,premium,medium,756.4,news junkie
CUST_09181,0.841793674,1,content not interesting,working professional,basic,high,197.66,casual viewer
CUST_09182,0.563381044,1,technical issues,retired individual,standard,medium,385.09,news junkie
CUST_09183,0.725861113,1,none,college student,basic,medium,205.62,news junkie
CUST_09184,0.925336202,1,none,retired individual,standard,medium,362.62,binge watcher
CUST_09185,0.735173699,1,too expensive,retired individual,premium,medium,669.23,news junkie
CUST_09186,0.861807822,1,too expensive,college student,basic,medium,223.63,casual viewer
CUST_09187,0.865016905,1,technical issues,school student,basic,low,197.53,casual viewer
CUST_09188,0.884123333,1,too expensive,college student,premium,medium,623.36,binge watcher
CUST_09189,0.82388752,1,too expensive,college student,premium,high,748.94,casual viewer
CUST_09190,0.803925963,1,too expensive,retired individual,premium,medium,685,binge watcher
CUST_09191,0.871407166,1,too expensive,college student,premium,medium,768.22,family viewer
CUST_09192,0.866939646,1,too expensive,school student,standard,low,339.79,sports enthusiast
CUST_09193,0.725473823,1,technical issues,college student,standard,low,381.1,news junkie
CUST_09194,0.600017595,1,none,school student,basic,high,212.5,sports enthusiast
CUST_09195,0.865788685,1,too expensive,working professional,premium,high,634.31,news junkie
CUST_09196,0.851069692,1,none,retired individual,standard,medium,410.25,casual viewer
CUST_09197,0.803481428,1,none,retired individual,basic,low,196.66,family viewer
CUST_09198,0.72685244,1,content not interesting,school student,standard,high,431.46,family viewer
CUST_09199,0.844455786,1,no time to watch,retired individual,basic,low,175.39,sports enthusiast
CUST_09200,0.747035922,1,technical issues,college student,standard,medium,430.9,sports enthusiast
CUST_09201,0.746253035,1,too expensive,college student,premium,medium,794.37,casual viewer
CUST_09202,0.802843143,1,switched to competitor,college student,standard,high,341.71,news junkie
CUST_09203,0.819357515,1,technical issues,college student,basic,low,181.52,sports enthusiast
CUST_09204,0.770149611,1,switched to competitor,college student,basic,high,212.77,binge watcher
CUST_09205,0.844212942,1,technical issues,school student,standard,medium,357.57,news junkie
CUST_09206,0.727312143,1,too expensive,retired individual,premium,high,705.38,casual viewer
CUST_09207,0.753902457,1,content not interesting,retired individual,basic,high,190.61,sports enthusiast
CUST_09208,0.738228656,1,none,working professional,basic,medium,234.57,family viewer
CUST_09209,0.836067412,1,no time to watch,college student,basic,medium,182.25,news junkie
CUST_09210,0.850142215,1,no time to watch,working professional,standard,high,397.87,casual viewer
CUST_09211,0.950695109,1,too expensive,college student,premium,low,760.02,casual viewer
CUST_09212,0.816685481,1,too expensive,college student,standard,high,363.05,binge watcher
CUST_09213,0.711281346,1,none,college student,standard,medium,450.66,news junkie
CUST_09214,0.706931192,1,too expensive,college student,premium,high,777.06,casual viewer
CUST_09215,0.890512821,1,switched to competitor,working professional,standard,high,398.51,casual viewer
CUST_09216,0.877591471,1,too expensive,college student,standard,low,436.92,casual viewer
CUST_09217,0.785057703,1,none,school student,standard,medium,437.38,sports enthusiast
CUST_09218,0.562485855,1,none,college student,basic,high,184.64,news junkie
CUST_09219,0.831032862,1,too expensive,college student,premium,high,747.61,casual viewer
CUST_09220,0.819603905,1,switched to competitor,college student,standard,high,383.49,news junkie
CUST_09221,0.838467718,1,too expensive,retired individual,premium,high,713.31,family viewer
CUST_09222,0.525321502,1,none,college student,premium,high,582.43,news junkie
CUST_09223,0.940128924,1,too expensive,college student,premium,low,732.94,sports enthusiast
CUST_09224,0.747262923,1,too expensive,college student,premium,high,720.76,sports enthusiast
CUST_09225,0.831470909,1,too expensive,retired individual,premium,high,701.88,binge watcher
CUST_09226,0.872858986,1,too expensive,working professional,premium,medium,674.83,news junkie
CUST_09227,0.888154314,1,none,working professional,standard,low,402.56,sports enthusiast
CUST_09228,0.624623313,1,switched to competitor,college student,standard,high,345.36,family viewer
CUST_09229,0.861105625,1,no time to watch,working professional,basic,low,181.92,binge watcher
CUST_09230,0.803117989,1,too expensive,college student,premium,high,761.47,binge watcher
CUST_09231,0.711151227,1,none,working professional,premium,high,640.23,family viewer
CUST_09232,0.794817308,1,no time to watch,retired individual,basic,high,173.69,sports enthusiast
CUST_09233,0.765867301,1,too expensive,college student,basic,high,184.71,sports enthusiast
CUST_09234,0.850340913,1,none,working professional,premium,low,747.5,family viewer
CUST_09235,0.622497293,1,none,college student,standard,medium,370.77,binge watcher
CUST_09236,0.859520097,1,none,school student,premium,medium,620.01,casual viewer
CUST_09237,0.672253749,1,none,working professional,standard,high,355.72,news junkie
CUST_09238,0.766045537,1,too expensive,retired individual,premium,medium,658.33,sports enthusiast
CUST_09239,0.917210481,1,too expensive,college student,standard,low,364.69,sports enthusiast
CUST_09240,0.868958526,1,too expensive,retired individual,standard,medium,376.57,binge watcher
CUST_09241,0.851373621,1,too expensive,college student,premium,low,744.5,sports enthusiast
CUST_09242,0.817624407,1,too expensive,college student,premium,high,708.1,family viewer
CUST_09243,0.787392744,1,none,working professional,premium,high,722.83,news junkie
CUST_09244,0.830494428,1,too expensive,school student,premium,low,739.8,casual viewer
CUST_09245,0.657650289,1,none,school student,standard,high,418.18,casual viewer
CUST_09246,0.877400483,1,none,college student,standard,low,426.72,binge watcher
CUST_09247,0.703831624,1,content not interesting,college student,basic,high,171.22,family viewer
CUST_09248,0.830588204,1,technical issues,college student,standard,low,409.81,family viewer
CUST_09249,0.769518708,1,content not interesting,working professional,standard,high,439.49,binge watcher
CUST_09250,0.735057853,1,switched to competitor,school student,basic,high,168.6,casual viewer
CUST_09251,0.81832898,1,too expensive,retired individual,standard,high,456.21,news junkie
CUST_09252,0.603412238,1,none,retired individual,premium,high,643.99,sports enthusiast
CUST_09253,0.737477294,1,technical issues,college student,standard,medium,370.35,family viewer
CUST_09254,0.755332387,1,too expensive,college student,standard,medium,398.36,binge watcher
CUST_09255,0.841775321,1,too expensive,retired individual,basic,low,196.24,news junkie
CUST_09256,0.741925612,1,technical issues,school student,basic,low,233.01,sports enthusiast
CUST_09257,0.799939943,1,no time to watch,working professional,standard,high,428.81,sports enthusiast
CUST_09258,0.781258489,1,none,retired individual,basic,high,221.36,family viewer
CUST_09259,0.878140863,1,too expensive,working professional,standard,medium,356.62,news junkie
CUST_09260,0.895595281,1,too expensive,college student,standard,low,367.53,family viewer
CUST_09261,0.81911262,1,technical issues,college student,basic,medium,214.37,news junkie
CUST_09262,0.850402208,1,too expensive,college student,premium,high,745.27,casual viewer
CUST_09263,0.889877535,1,too expensive,working professional,basic,low,149.85,binge watcher
CUST_09264,0.775460211,1,none,working professional,standard,high,410.28,news junkie
CUST_09265,0.749537466,1,too expensive,working professional,basic,high,196.44,family viewer
CUST_09266,0.741068418,1,none,college student,premium,medium,718.69,sports enthusiast
CUST_09267,0.681135523,1,too expensive,school student,standard,high,401.12,family viewer
CUST_09268,0.695188171,1,too expensive,college student,premium,high,607.91,family viewer
CUST_09269,0.716757693,1,none,college student,standard,high,448.11,casual viewer
CUST_09270,0.773855751,1,none,retired individual,premium,medium,768.5,news junkie
CUST_09271,0.787612429,1,technical issues,retired individual,standard,medium,453.4,casual viewer
CUST_09272,0.809771226,1,too expensive,retired individual,premium,medium,640.85,sports enthusiast
CUST_09273,0.928722388,1,too expensive,college student,standard,low,469.16,family viewer
CUST_09274,0.879739916,1,no time to watch,working professional,standard,high,374.16,casual viewer
CUST_09275,0.551796183,1,content not interesting,retired individual,basic,high,213.11,sports enthusiast
CUST_09276,0.753321621,1,none,retired individual,standard,high,436.44,binge watcher
CUST_09277,0.737336832,1,switched to competitor,college student,basic,high,224.61,casual viewer
CUST_09278,0.64192965,1,no time to watch,college student,standard,high,401.88,binge watcher
CUST_09279,0.561179477,1,none,college student,premium,high,685.76,news junkie
CUST_09280,0.687390739,1,none,retired individual,basic,high,227.08,casual viewer
CUST_09281,0.877511036,1,technical issues,retired individual,standard,low,435.75,binge watcher
CUST_09282,0.760143164,1,no time to watch,school student,standard,low,405.24,news junkie
CUST_09283,0.613145316,1,none,retired individual,standard,high,414.92,casual viewer
CUST_09284,0.852566525,1,no time to watch,working professional,basic,medium,189.17,sports enthusiast
CUST_09285,0.760258161,1,technical issues,working professional,standard,medium,444.02,sports enthusiast
CUST_09286,0.774621851,1,too expensive,college student,premium,low,734.87,sports enthusiast
CUST_09287,0.910124737,1,no time to watch,working professional,standard,medium,374.01,binge watcher
CUST_09288,0.659230526,1,none,retired individual,premium,high,606.16,sports enthusiast
CUST_09289,0.860064242,1,no time to watch,working professional,standard,high,419.47,family viewer
CUST_09290,0.652180163,1,no time to watch,college student,standard,high,386.95,casual viewer
CUST_09291,0.797049816,1,technical issues,school student,basic,medium,212.57,binge watcher
CUST_09292,0.770632252,1,too expensive,school student,premium,high,700.19,casual viewer
CUST_09293,0.818318334,1,too expensive,working professional,standard,high,394.32,family viewer
CUST_09294,0.83146935,1,none,working professional,premium,high,608.94,sports enthusiast
CUST_09295,0.817298319,1,none,working professional,standard,low,433.04,news junkie
CUST_09296,0.891304899,1,no time to watch,working professional,basic,low,210.99,casual viewer
CUST_09297,0.780066446,1,technical issues,working professional,basic,medium,201.92,sports enthusiast
CUST_09298,0.779745194,1,technical issues,working professional,standard,medium,354.19,sports enthusiast
CUST_09299,0.498772654,0,no time to watch,school student,basic,high,268.66,family viewer
CUST_09300,0.652142594,1,too expensive,working professional,premium,high,816.21,casual viewer
CUST_09301,0.798592198,1,too expensive,college student,premium,medium,640.64,news junkie
CUST_09302,0.826515089,1,too expensive,school student,basic,high,181.31,casual viewer
CUST_09303,0.919568549,1,too expensive,school student,standard,low,432.99,binge watcher
CUST_09304,0.670532252,1,switched to competitor,retired individual,basic,high,191.67,family viewer
CUST_09305,0.855112807,1,none,working professional,basic,low,176.6,sports enthusiast
CUST_09306,0.790318683,1,no time to watch,working professional,basic,medium,164.07,sports enthusiast
CUST_09307,0.586754904,1,switched to competitor,college student,standard,high,354.45,family viewer
CUST_09308,0.681713971,1,none,school student,premium,high,779.14,binge watcher
CUST_09309,0.913829742,1,none,retired individual,standard,low,388.66,casual viewer
CUST_09310,0.827733353,1,technical issues,working professional,standard,medium,363.78,sports enthusiast
CUST_09311,0.893665259,1,no time to watch,college student,standard,low,426.68,casual viewer
CUST_09312,0.767881842,1,switched to competitor,college student,basic,high,185.92,news junkie
CUST_09313,0.889203397,1,too expensive,working professional,premium,high,671.36,binge watcher
CUST_09314,0.772848969,1,no time to watch,working professional,basic,low,172.63,family viewer
CUST_09315,0.735727712,1,none,retired individual,standard,medium,397.36,family viewer
CUST_09316,0.908665455,1,too expensive,working professional,standard,medium,434.67,family viewer
CUST_09317,0.754357798,1,none,working professional,premium,low,666.9,casual viewer
CUST_09318,0.85912358,1,too expensive,retired individual,premium,medium,764.06,casual viewer
CUST_09319,0.85830706,1,too expensive,college student,basic,medium,208.21,sports enthusiast
CUST_09320,0.731751114,1,switched to competitor,retired individual,basic,high,196.9,sports enthusiast
CUST_09321,0.78159124,1,none,working professional,standard,medium,411.67,news junkie
CUST_09322,0.822338964,1,no time to watch,college student,standard,high,417.8,casual viewer
CUST_09323,0.760861203,1,no time to watch,working professional,basic,medium,193.5,binge watcher
CUST_09324,0.884794294,1,no time to watch,college student,standard,low,386.4,casual viewer
CUST_09325,0.782085212,1,too expensive,college student,basic,high,243.51,binge watcher
CUST_09326,0.857817755,1,none,college student,standard,medium,435.15,sports enthusiast
CUST_09327,0.6633897,1,none,college student,basic,high,185.8,casual viewer
CUST_09328,0.846480246,1,content not interesting,working professional,standard,high,351.93,news junkie
CUST_09329,0.92785015,1,technical issues,retired individual,standard,low,421.94,binge watcher
CUST_09330,0.808070423,1,technical issues,working professional,standard,medium,348.16,casual viewer
CUST_09331,0.651866378,1,too expensive,school student,premium,high,602.78,sports enthusiast
CUST_09332,0.845144687,1,too expensive,school student,premium,low,685.88,family viewer
CUST_09333,0.856241611,1,technical issues,college student,basic,medium,230.3,family viewer
CUST_09334,0.606435133,1,technical issues,college student,standard,medium,392.79,binge watcher
CUST_09335,0.763318133,1,too expensive,college student,premium,medium,681.7,binge watcher
CUST_09336,0.796475859,1,none,retired individual,standard,high,397.82,casual viewer
CUST_09337,0.657260088,1,switched to competitor,retired individual,standard,high,375.19,news junkie
CUST_09338,0.75578461,1,technical issues,college student,basic,medium,153.66,binge watcher
CUST_09339,0.845148214,1,too expensive,working professional,premium,medium,680.35,family viewer
CUST_09340,0.845779333,1,too expensive,college student,premium,low,656.61,news junkie
CUST_09341,0.807032772,1,technical issues,retired individual,basic,low,155.51,news junkie
CUST_09342,0.782745176,1,too expensive,retired individual,premium,high,780.61,casual viewer
CUST_09343,0.699482019,1,no time to watch,college student,basic,high,198.03,sports enthusiast
CUST_09344,0.850582801,1,too expensive,college student,premium,low,774.47,sports enthusiast
CUST_09345,0.874049086,1,too expensive,working professional,premium,high,705.15,news junkie
CUST_09346,0.857273867,1,too expensive,retired individual,basic,high,215.15,family viewer
CUST_09347,0.848343829,1,none,school student,basic,low,193.07,news junkie
CUST_09348,0.776820646,1,content not interesting,working professional,standard,high,450.37,binge watcher
CUST_09349,0.884056804,1,none,retired individual,standard,medium,439.76,sports enthusiast
CUST_09350,0.764820904,1,too expensive,college student,premium,high,675.32,news junkie
CUST_09351,0.748185268,1,switched to competitor,retired individual,standard,high,376.49,casual viewer
CUST_09352,0.851474432,1,no time to watch,working professional,standard,high,338.9,news junkie
CUST_09353,0.727124734,1,none,college student,basic,low,178.7,sports enthusiast
CUST_09354,0.805555873,1,too expensive,college student,standard,medium,411.89,casual viewer
CUST_09355,0.735392269,1,none,school student,standard,medium,423.35,family viewer
CUST_09356,0.8044562,1,too expensive,retired individual,premium,high,659.75,news junkie
CUST_09357,0.847485146,1,too expensive,college student,basic,low,187.47,binge watcher
CUST_09358,0.894881024,1,no time to watch,college student,basic,low,212.62,binge watcher
CUST_09359,0.819382085,1,too expensive,retired individual,standard,high,373.89,family viewer
CUST_09360,0.89741622,1,too expensive,college student,basic,medium,176.32,binge watcher
CUST_09361,0.813821111,1,no time to watch,working professional,standard,medium,451.52,family viewer
CUST_09362,0.885457851,1,too expensive,college student,premium,low,631.99,binge watcher
CUST_09363,0.783690624,1,too expensive,retired individual,premium,medium,707.53,sports enthusiast
CUST_09364,0.832917347,1,too expensive,college student,standard,high,395.59,binge watcher
CUST_09365,0.862651087,1,too expensive,college student,standard,high,347.82,binge watcher
CUST_09366,0.846594682,1,too expensive,school student,premium,medium,763.19,binge watcher
CUST_09367,0.875261009,1,none,working professional,basic,high,260.01,sports enthusiast
CUST_09368,0.74471301,1,content not interesting,college student,basic,high,174.98,family viewer
CUST_09369,0.661758219,1,none,school student,premium,high,645.68,sports enthusiast
CUST_09370,0.899012703,1,too expensive,working professional,standard,medium,426.09,family viewer
CUST_09371,0.704111763,1,none,working professional,premium,medium,779.43,sports enthusiast
CUST_09372,0.836572776,1,too expensive,retired individual,standard,high,376.74,casual viewer
CUST_09373,0.745670317,1,none,college student,standard,high,385.48,casual viewer
CUST_09374,0.954332756,1,too expensive,college student,standard,low,406.04,sports enthusiast
CUST_09375,0.591035501,1,none,college student,standard,high,418.58,sports enthusiast
CUST_09376,0.661633457,1,too expensive,retired individual,premium,high,700.79,casual viewer
CUST_09377,0.835055973,1,too expensive,working professional,premium,low,622.29,family viewer
CUST_09378,0.637063088,1,none,college student,basic,high,180.1,news junkie
CUST_09379,0.756381095,1,no time to watch,retired individual,standard,medium,392.07,family viewer
CUST_09380,0.897993643,1,too expensive,retired individual,standard,high,452.87,casual viewer
CUST_09381,0.838600324,1,too expensive,college student,premium,high,617.97,binge watcher
CUST_09382,0.61430023,1,technical issues,college student,standard,medium,440.05,binge watcher
CUST_09383,0.661823707,1,too expensive,retired individual,premium,high,768.8,family viewer
CUST_09384,0.655116296,1,content not interesting,school student,basic,high,193.95,news junkie
CUST_09385,0.799810618,1,none,school student,standard,medium,428.13,casual viewer
CUST_09386,0.694043954,1,too expensive,retired individual,premium,high,688.88,news junkie
CUST_09387,0.581273657,1,none,college student,premium,medium,612.65,news junkie
CUST_09388,0.734872518,1,too expensive,retired individual,premium,low,764.36,sports enthusiast
CUST_09389,0.678393418,1,switched to competitor,college student,basic,high,226.3,family viewer
CUST_09390,0.691630825,1,switched to competitor,college student,standard,high,435.93,sports enthusiast
CUST_09391,0.811450415,1,none,working professional,standard,high,404.58,family viewer
CUST_09392,0.713420983,1,none,college student,premium,high,717.38,sports enthusiast
CUST_09393,0.836436428,1,technical issues,working professional,standard,medium,384.46,sports enthusiast
CUST_09394,0.790736022,1,technical issues,retired individual,standard,low,388.67,news junkie
CUST_09395,0.829258923,1,technical issues,retired individual,basic,low,206.39,binge watcher
CUST_09396,0.817981208,1,content not interesting,retired individual,standard,high,359.04,casual viewer
CUST_09397,0.867360636,1,too expensive,working professional,premium,high,624.46,sports enthusiast
CUST_09398,0.76888073,1,no time to watch,retired individual,standard,high,416.41,casual viewer
CUST_09399,0.761846712,1,none,college student,basic,high,185.75,news junkie
CUST_09400,0.860655768,1,no time to watch,retired individual,standard,high,434.5,casual viewer
CUST_09401,0.811546681,1,too expensive,working professional,premium,high,780.59,news junkie
CUST_09402,0.819727925,1,too expensive,working professional,premium,low,692.58,casual viewer
CUST_09403,0.849258753,1,no time to watch,working professional,standard,medium,361.05,binge watcher
CUST_09404,0.784693923,1,no time to watch,working professional,standard,high,466.11,casual viewer
CUST_09405,0.812231981,1,too expensive,retired individual,premium,medium,620.29,binge watcher
CUST_09406,0.674545,1,no time to watch,college student,basic,high,158.04,binge watcher
CUST_09407,0.908134035,1,too expensive,college student,premium,low,608.18,binge watcher
CUST_09408,0.880931677,1,technical issues,school student,standard,low,408.97,casual viewer
CUST_09409,0.824429709,1,none,college student,standard,high,444.71,family viewer
CUST_09410,0.787393507,1,no time to watch,retired individual,basic,medium,200.62,sports enthusiast
CUST_09411,0.927933045,1,too expensive,school student,premium,low,799.82,casual viewer
CUST_09412,0.789158137,1,switched to competitor,retired individual,standard,high,465.81,binge watcher
CUST_09413,0.923175078,1,too expensive,working professional,basic,medium,191.82,news junkie
CUST_09414,0.863269594,1,too expensive,college student,premium,high,613.27,family viewer
CUST_09415,0.728394079,1,none,college student,standard,low,370.13,news junkie
CUST_09416,0.943613808,1,too expensive,retired individual,standard,low,354.23,casual viewer
CUST_09417,0.829282889,1,none,college student,standard,medium,388.58,news junkie
CUST_09418,0.902258043,1,too expensive,college student,standard,low,397.5,sports enthusiast
CUST_09419,0.884839221,1,technical issues,retired individual,basic,low,199.43,news junkie
CUST_09420,0.531388529,1,switched to competitor,college student,basic,high,181.27,sports enthusiast
CUST_09421,0.705274523,1,content not interesting,retired individual,basic,high,185.28,casual viewer
CUST_09422,0.829701208,1,no time to watch,working professional,standard,medium,411.84,sports enthusiast
CUST_09423,0.849278187,1,too expensive,retired individual,premium,high,749.62,family viewer
CUST_09424,0.699874006,1,switched to competitor,retired individual,standard,high,405.42,binge watcher
CUST_09425,0.774251482,1,none,working professional,standard,medium,346.81,sports enthusiast
CUST_09426,0.868198942,1,too expensive,college student,basic,medium,218.17,casual viewer
CUST_09427,0.868603808,1,too expensive,working professional,premium,high,703.3,sports enthusiast
CUST_09428,0.623546818,1,none,college student,standard,high,440.71,sports enthusiast
CUST_09429,0.730553095,1,none,retired individual,standard,medium,377.48,casual viewer
CUST_09430,0.608174319,1,no time to watch,college student,basic,high,183.3,casual viewer
CUST_09431,0.870233557,1,too expensive,school student,premium,medium,685.18,news junkie
CUST_09432,0.876984646,1,too expensive,college student,premium,low,630.15,news junkie
CUST_09433,0.873574015,1,technical issues,college student,standard,low,328.09,casual viewer
CUST_09434,0.818685166,1,technical issues,retired individual,basic,medium,213.83,sports enthusiast
CUST_09435,0.883599829,1,none,working professional,basic,high,237.3,news junkie
CUST_09436,0.907243346,1,too expensive,college student,premium,medium,740.74,binge watcher
CUST_09437,0.830703002,1,too expensive,working professional,premium,low,779.81,news junkie
CUST_09438,0.921173801,1,no time to watch,college student,basic,low,189.73,family viewer
CUST_09439,0.893211188,1,too expensive,retired individual,premium,high,783.06,news junkie
CUST_09440,0.871849794,1,too expensive,retired individual,standard,high,381.13,binge watcher
CUST_09441,0.826881963,1,too expensive,college student,premium,high,701.89,binge watcher
CUST_09442,0.737965119,1,no time to watch,working professional,basic,high,247.5,binge watcher
CUST_09443,0.716213614,1,none,college student,basic,high,225.92,news junkie
CUST_09444,0.764275616,1,none,school student,premium,low,777.52,casual viewer
CUST_09445,0.881960119,1,too expensive,college student,premium,medium,698.13,binge watcher
CUST_09446,0.914791536,1,none,college student,basic,medium,177.75,casual viewer
CUST_09447,0.708060283,1,too expensive,college student,premium,high,703.27,casual viewer
CUST_09448,0.784150957,1,switched to competitor,college student,basic,high,224.13,sports enthusiast
CUST_09449,0.823146866,1,too expensive,retired individual,premium,high,712.77,binge watcher
CUST_09450,0.855586523,1,too expensive,college student,premium,high,776.18,news junkie
CUST_09451,0.837713133,1,too expensive,college student,standard,medium,382.44,sports enthusiast
CUST_09452,0.773250305,1,too expensive,college student,standard,high,393.75,sports enthusiast
CUST_09453,0.591461149,1,technical issues,college student,basic,medium,204.16,news junkie
CUST_09454,0.897292983,1,too expensive,working professional,basic,low,165.54,news junkie
CUST_09455,0.866977399,1,too expensive,college student,standard,high,422.91,casual viewer
CUST_09456,0.919890013,1,too expensive,retired individual,basic,medium,260.76,sports enthusiast
CUST_09457,0.883861945,1,too expensive,college student,basic,high,170.17,casual viewer
CUST_09458,0.800186289,1,no time to watch,working professional,standard,medium,382.74,casual viewer
CUST_09459,0.65954292,1,none,college student,basic,medium,195.76,sports enthusiast
CUST_09460,0.820537011,1,too expensive,working professional,standard,medium,389.26,family viewer
CUST_09461,0.851968491,1,too expensive,working professional,standard,high,391.92,sports enthusiast
CUST_09462,0.877375986,1,none,school student,basic,medium,199.45,sports enthusiast
CUST_09463,0.910436252,1,too expensive,college student,premium,high,679.2,casual viewer
CUST_09464,0.721245926,1,none,college student,premium,high,682.44,sports enthusiast
CUST_09465,0.681314096,1,too expensive,retired individual,premium,medium,688.81,binge watcher
CUST_09466,0.706551294,1,none,retired individual,standard,high,358.96,news junkie
CUST_09467,0.844315198,1,none,college student,standard,medium,314.14,casual viewer
CUST_09468,0.681668402,1,too expensive,working professional,premium,high,721.42,casual viewer
CUST_09469,0.872812116,1,too expensive,school student,premium,low,694.05,binge watcher
CUST_09470,0.835575537,1,content not interesting,college student,standard,high,306.65,binge watcher
CUST_09471,0.753610997,1,technical issues,college student,basic,low,202.41,family viewer
CUST_09472,0.569133053,1,none,college student,standard,high,402.33,family viewer
CUST_09473,0.806940748,1,too expensive,working professional,premium,high,705.79,casual viewer
CUST_09474,0.775743292,1,none,working professional,premium,high,681.79,sports enthusiast
CUST_09475,0.828042327,1,none,college student,standard,high,460.68,casual viewer
CUST_09476,0.759854659,1,switched to competitor,working professional,basic,high,181.63,news junkie
CUST_09477,0.892305094,1,too expensive,retired individual,basic,low,262.68,family viewer
CUST_09478,0.822887661,1,too expensive,college student,standard,high,430.69,sports enthusiast
CUST_09479,0.868275782,1,too expensive,retired individual,premium,low,720.91,family viewer
CUST_09480,0.856027764,1,technical issues,college student,standard,low,396.55,news junkie
CUST_09481,0.731508116,1,no time to watch,retired individual,basic,high,197.85,casual viewer
CUST_09482,0.953657066,1,too expensive,working professional,standard,low,339.58,family viewer
CUST_09483,0.928260047,1,too expensive,college student,premium,low,760.98,news junkie
CUST_09484,0.795738502,1,too expensive,retired individual,premium,high,796.63,binge watcher
CUST_09485,0.76392581,1,switched to competitor,retired individual,standard,high,407.56,sports enthusiast
CUST_09486,0.591168466,1,too expensive,college student,premium,high,763.71,news junkie
CUST_09487,0.912834421,1,too expensive,working professional,premium,medium,633.14,family viewer
CUST_09488,0.717636213,1,switched to competitor,college student,standard,high,376.54,news junkie
CUST_09489,0.777230458,1,too expensive,working professional,premium,high,772.53,family viewer
CUST_09490,0.813044261,1,too expensive,retired individual,basic,high,194.03,casual viewer
CUST_09491,0.65990953,1,switched to competitor,college student,basic,high,216.8,family viewer
CUST_09492,0.832064166,1,too expensive,working professional,basic,medium,251.85,family viewer
CUST_09493,0.613022249,1,too expensive,college student,premium,high,619.59,sports enthusiast
CUST_09494,0.654859803,1,switched to competitor,retired individual,standard,high,374.49,news junkie
CUST_09495,0.842618417,1,too expensive,college student,standard,high,443.41,casual viewer
CUST_09496,0.85881693,1,too expensive,working professional,standard,low,370.18,news junkie
CUST_09497,0.79230104,1,too expensive,school student,premium,low,717.28,binge watcher
CUST_09498,0.849620021,1,no time to watch,working professional,standard,medium,367.87,news junkie
CUST_09499,0.7336316,1,too expensive,college student,premium,high,713.22,family viewer
CUST_09500,0.844966385,1,too expensive,college student,premium,medium,800.89,news junkie
CUST_09501,0.880918153,1,technical issues,college student,basic,low,176.36,casual viewer
CUST_09502,0.889044955,1,too expensive,retired individual,standard,high,362.95,casual viewer
CUST_09503,0.809388692,1,content not interesting,working professional,standard,high,460.68,binge watcher
CUST_09504,0.763276015,1,no time to watch,working professional,standard,high,344.36,binge watcher
CUST_09505,0.739622442,1,no time to watch,retired individual,standard,medium,413.66,family viewer
CUST_09506,0.870527288,1,too expensive,college student,premium,high,814.76,binge watcher
CUST_09507,0.71277456,1,switched to competitor,retired individual,standard,high,446.4,binge watcher
CUST_09508,0.831325841,1,none,retired individual,premium,medium,644.59,family viewer
CUST_09509,0.665831982,1,none,retired individual,premium,high,598.4,news junkie
CUST_09510,0.574479536,1,none,working professional,standard,high,414.82,family viewer
CUST_09511,0.887208887,1,too expensive,college student,premium,low,691.96,casual viewer
CUST_09512,0.750561903,1,technical issues,college student,standard,medium,351.8,news junkie
CUST_09513,0.75149852,1,no time to watch,college student,standard,medium,385.55,family viewer
CUST_09514,0.44266518,0,none,school student,basic,high,200.45,binge watcher
CUST_09515,0.744090709,1,technical issues,college student,standard,low,425.44,binge watcher
CUST_09516,0.665866695,1,too expensive,retired individual,premium,medium,700.42,news junkie
CUST_09517,0.836560334,1,technical issues,school student,basic,low,200.96,casual viewer
CUST_09518,0.774699892,1,technical issues,college student,standard,medium,445.33,news junkie
CUST_09519,0.650769615,1,none,college student,premium,medium,792.01,news junkie
CUST_09520,0.776760969,1,none,retired individual,premium,high,718.77,family viewer
CUST_09521,0.682855963,1,too expensive,school student,standard,high,401.86,binge watcher
CUST_09522,0.831627716,1,too expensive,school student,standard,high,410.64,sports enthusiast
CUST_09523,0.711223738,1,no time to watch,working professional,standard,medium,379.82,sports enthusiast
CUST_09524,0.625202642,1,switched to competitor,retired individual,standard,high,333.21,news junkie
CUST_09525,0.665294119,1,technical issues,college student,basic,medium,176.35,sports enthusiast
CUST_09526,0.683199808,1,too expensive,college student,premium,medium,682.49,news junkie
CUST_09527,0.767553924,1,none,college student,premium,high,738.88,news junkie
CUST_09528,0.906162672,1,too expensive,college student,basic,medium,231.93,sports enthusiast
CUST_09529,0.757000887,1,too expensive,working professional,premium,high,684.04,family viewer
CUST_09530,0.857971767,1,none,retired individual,standard,medium,371.85,news junkie
CUST_09531,0.721553733,1,no time to watch,working professional,standard,high,336.27,binge watcher
CUST_09532,0.893262906,1,no time to watch,retired individual,standard,high,390.38,family viewer
CUST_09533,0.944617528,1,too expensive,retired individual,standard,low,376.64,sports enthusiast
CUST_09534,0.700023028,1,technical issues,retired individual,standard,low,386.31,family viewer
CUST_09535,0.845902069,1,switched to competitor,retired individual,standard,high,344.24,casual viewer
CUST_09536,0.734834085,1,too expensive,working professional,premium,high,646.15,binge watcher
CUST_09537,0.71276537,1,too expensive,retired individual,premium,medium,704.52,binge watcher
CUST_09538,0.805719529,1,none,retired individual,basic,low,216.33,news junkie
CUST_09539,0.912988311,1,technical issues,working professional,basic,medium,238.39,news junkie
CUST_09540,0.860592234,1,none,retired individual,premium,high,717.68,news junkie
CUST_09541,0.799671029,1,too expensive,school student,premium,medium,712.59,binge watcher
CUST_09542,0.673353818,1,none,college student,standard,high,348.13,news junkie
CUST_09543,0.793726121,1,no time to watch,college student,standard,medium,365.07,binge watcher
CUST_09544,0.678867696,1,switched to competitor,college student,basic,high,228.45,casual viewer
CUST_09545,0.630348243,1,switched to competitor,retired individual,basic,high,219.3,binge watcher
CUST_09546,0.834675408,1,too expensive,retired individual,basic,high,185.06,news junkie
CUST_09547,0.757135376,1,technical issues,college student,standard,medium,363.74,sports enthusiast
CUST_09548,0.703008089,1,technical issues,college student,standard,medium,357.29,news junkie
CUST_09549,0.83195209,1,too expensive,college student,premium,medium,687.61,casual viewer
CUST_09550,0.876735379,1,too expensive,working professional,basic,high,201.1,sports enthusiast
CUST_09551,0.882604786,1,content not interesting,school student,basic,high,160.72,sports enthusiast
CUST_09552,0.742239331,1,switched to competitor,college student,standard,high,358.44,family viewer
CUST_09553,0.825808413,1,none,retired individual,premium,high,656.32,binge watcher
CUST_09554,0.638246296,1,technical issues,college student,basic,medium,199.16,casual viewer
CUST_09555,0.804820454,1,content not interesting,working professional,basic,high,242.18,sports enthusiast
CUST_09556,0.75822218,1,content not interesting,working professional,basic,high,212.48,family viewer
CUST_09557,0.882539583,1,too expensive,college student,premium,high,623.19,casual viewer
CUST_09558,0.824042655,1,none,retired individual,standard,low,395.78,casual viewer
CUST_09559,0.771033428,1,too expensive,working professional,premium,medium,692.31,casual viewer
CUST_09560,0.773365949,1,none,college student,standard,high,393.46,binge watcher
CUST_09561,0.791662374,1,content not interesting,college student,standard,high,382.03,binge watcher
CUST_09562,0.820233044,1,no time to watch,working professional,standard,high,384.96,family viewer
CUST_09563,0.808476237,1,technical issues,college student,basic,low,174.47,binge watcher
CUST_09564,0.653479618,1,switched to competitor,college student,basic,high,160.14,binge watcher
CUST_09565,0.877339958,1,technical issues,retired individual,standard,low,413.7,sports enthusiast
CUST_09566,0.852198421,1,technical issues,college student,basic,low,186.28,sports enthusiast
CUST_09567,0.937675368,1,too expensive,retired individual,basic,low,221.7,casual viewer
CUST_09568,0.920022176,1,too expensive,working professional,premium,medium,772.32,casual viewer
CUST_09569,0.775689179,1,technical issues,college student,basic,medium,228.74,family viewer
CUST_09570,0.76499987,1,none,college student,premium,medium,723.81,family viewer
CUST_09571,0.926746763,1,too expensive,working professional,premium,low,707.17,binge watcher
CUST_09572,0.763077635,1,none,college student,basic,high,219.24,casual viewer
CUST_09573,0.730064022,1,too expensive,retired individual,premium,high,726.44,casual viewer
CUST_09574,0.906725063,1,none,retired individual,standard,medium,393.23,sports enthusiast
CUST_09575,0.627573272,1,switched to competitor,retired individual,standard,high,444.79,sports enthusiast
CUST_09576,0.914954554,1,no time to watch,working professional,standard,low,434.91,news junkie
CUST_09577,0.775406034,1,too expensive,retired individual,premium,medium,606.59,news junkie
CUST_09578,0.888547401,1,too expensive,college student,premium,low,629.45,binge watcher
CUST_09579,0.848569321,1,switched to competitor,working professional,basic,high,212.8,casual viewer
CUST_09580,0.698424853,1,switched to competitor,college student,standard,high,411.98,news junkie
CUST_09581,0.815642662,1,too expensive,working professional,premium,high,666.6,news junkie
CUST_09582,0.864264294,1,too expensive,working professional,premium,medium,634.33,family viewer
CUST_09583,0.732145017,1,none,working professional,standard,high,373.75,casual viewer
CUST_09584,0.800416828,1,no time to watch,college student,standard,high,370.77,sports enthusiast
CUST_09585,0.649522006,1,technical issues,school student,standard,medium,371.09,casual viewer
CUST_09586,0.932721784,1,too expensive,working professional,premium,medium,648.23,family viewer
CUST_09587,0.808178848,1,technical issues,retired individual,basic,medium,198.9,casual viewer
CUST_09588,0.856068414,1,too expensive,working professional,premium,high,703.8,family viewer
CUST_09589,0.702761402,1,none,college student,basic,low,214.95,binge watcher
CUST_09590,0.818506955,1,too expensive,retired individual,basic,medium,232.3,casual viewer
CUST_09591,0.910704274,1,too expensive,retired individual,premium,high,764.89,family viewer
CUST_09592,0.722513509,1,switched to competitor,retired individual,standard,high,382.47,family viewer
CUST_09593,0.709195349,1,technical issues,school student,standard,medium,376.86,binge watcher
CUST_09594,0.89680389,1,too expensive,school student,standard,low,425.9,casual viewer
CUST_09595,0.804334927,1,too expensive,working professional,premium,high,696.37,sports enthusiast
CUST_09596,0.89973993,1,none,working professional,standard,high,443.74,news junkie
CUST_09597,0.857015222,1,too expensive,working professional,premium,medium,738.65,casual viewer
CUST_09598,0.696268947,1,switched to competitor,school student,standard,high,347.77,news junkie
CUST_09599,0.816045907,1,too expensive,school student,standard,low,343.22,sports enthusiast
CUST_09600,0.888616236,1,too expensive,college student,standard,medium,382.63,casual viewer
CUST_09601,0.917075921,1,too expensive,working professional,premium,low,644.99,sports enthusiast
CUST_09602,0.810603935,1,technical issues,college student,basic,medium,230.15,binge watcher
CUST_09603,0.872630215,1,technical issues,college student,standard,medium,436.54,casual viewer
CUST_09604,0.71045818,1,too expensive,retired individual,premium,low,733.12,binge watcher
CUST_09605,0.763437292,1,technical issues,retired individual,standard,low,431.64,family viewer
CUST_09606,0.69618308,1,switched to competitor,working professional,standard,high,394.51,sports enthusiast
CUST_09607,0.796122387,1,no time to watch,college student,basic,medium,176.21,casual viewer
CUST_09608,0.848551414,1,too expensive,retired individual,premium,high,759.73,family viewer
CUST_09609,0.798763676,1,too expensive,working professional,premium,high,677.87,news junkie
CUST_09610,0.857620954,1,too expensive,college student,premium,high,643,casual viewer
CUST_09611,0.778307582,1,technical issues,working professional,standard,low,410.93,family viewer
CUST_09612,0.842169665,1,too expensive,college student,premium,medium,724.81,family viewer
CUST_09613,0.777748279,1,technical issues,college student,standard,medium,357,news junkie
CUST_09614,0.763436964,1,none,retired individual,basic,high,211.76,binge watcher
CUST_09615,0.793608063,1,too expensive,school student,premium,high,739.86,news junkie
CUST_09616,0.954890233,1,too expensive,working professional,standard,low,382.36,sports enthusiast
CUST_09617,0.898375705,1,too expensive,college student,premium,medium,769.9,casual viewer
CUST_09618,0.830423783,1,technical issues,college student,standard,low,432.11,casual viewer
CUST_09619,0.678076175,1,technical issues,retired individual,basic,low,215.95,casual viewer
CUST_09620,0.806625052,1,too expensive,working professional,standard,high,431.27,sports enthusiast
CUST_09621,0.848847707,1,technical issues,school student,basic,medium,223.23,family viewer
CUST_09622,0.824751561,1,none,college student,standard,high,385.27,binge watcher
CUST_09623,0.818887164,1,none,working professional,basic,high,207.94,casual viewer
CUST_09624,0.706840275,1,too expensive,school student,premium,high,644.85,family viewer
CUST_09625,0.659850242,1,technical issues,college student,basic,medium,172.09,sports enthusiast
CUST_09626,0.63630337,1,content not interesting,college student,basic,high,198.95,news junkie
CUST_09627,0.646813886,1,none,college student,standard,high,366.84,casual viewer
CUST_09628,0.820399371,1,too expensive,working professional,premium,high,607.3,news junkie
CUST_09629,0.799498042,1,too expensive,college student,premium,low,712.42,news junkie
CUST_09630,0.607254478,1,switched to competitor,school student,standard,high,429.98,news junkie
CUST_09631,0.906386342,1,too expensive,working professional,premium,high,709.76,sports enthusiast
CUST_09632,0.860260175,1,too expensive,retired individual,premium,medium,705.19,sports enthusiast
CUST_09633,0.781954259,1,no time to watch,working professional,standard,low,459.74,sports enthusiast
CUST_09634,0.746961894,1,no time to watch,working professional,standard,high,386.05,casual viewer
CUST_09635,0.75109694,1,content not interesting,college student,basic,high,204.32,family viewer
CUST_09636,0.745754571,1,too expensive,college student,standard,medium,410.71,news junkie
CUST_09637,0.658844156,1,none,working professional,standard,medium,420.51,news junkie
CUST_09638,0.836945098,1,none,school student,standard,high,394.48,news junkie
CUST_09639,0.786083051,1,technical issues,college student,basic,medium,262.48,sports enthusiast
CUST_09640,0.711573133,1,too expensive,college student,premium,low,768.41,casual viewer
CUST_09641,0.741106838,1,no time to watch,retired individual,basic,medium,185.41,news junkie
CUST_09642,0.816134059,1,technical issues,college student,basic,medium,185.24,binge watcher
CUST_09643,0.89308102,1,too expensive,college student,basic,medium,186.98,sports enthusiast
CUST_09644,0.86784997,1,none,college student,basic,medium,215.92,sports enthusiast
CUST_09645,0.916912442,1,too expensive,college student,basic,low,235.54,sports enthusiast
CUST_09646,0.828538188,1,too expensive,retired individual,premium,medium,668.44,sports enthusiast
CUST_09647,0.889759162,1,too expensive,college student,premium,medium,685.45,binge watcher
CUST_09648,0.865330861,1,technical issues,retired individual,basic,low,199.37,casual viewer
CUST_09649,0.887881561,1,none,college student,premium,medium,786.98,casual viewer
CUST_09650,0.756283726,1,too expensive,college student,premium,high,704.12,binge watcher
CUST_09651,0.795129961,1,switched to competitor,working professional,standard,high,420.75,casual viewer
CUST_09652,0.84798978,1,too expensive,retired individual,premium,high,636.47,sports enthusiast
CUST_09653,0.858566323,1,too expensive,working professional,premium,medium,793.1,binge watcher
CUST_09654,0.86288857,1,too expensive,college student,basic,low,203.91,news junkie
CUST_09655,0.727848825,1,technical issues,retired individual,standard,medium,359.02,news junkie
CUST_09656,0.707249953,1,none,retired individual,standard,high,429.59,news junkie
CUST_09657,0.522801387,1,content not interesting,retired individual,basic,high,200.7,family viewer
CUST_09658,0.851953619,1,too expensive,working professional,premium,high,768.03,binge watcher
CUST_09659,0.794260267,1,too expensive,retired individual,premium,low,660.38,casual viewer
CUST_09660,0.806561948,1,switched to competitor,college student,standard,high,395.93,casual viewer
CUST_09661,0.659854603,1,none,college student,standard,high,451.19,casual viewer
CUST_09662,0.711598358,1,technical issues,college student,standard,low,470.76,sports enthusiast
CUST_09663,0.763877038,1,none,college student,standard,medium,417.68,sports enthusiast
CUST_09664,0.896257313,1,technical issues,retired individual,standard,medium,324.39,family viewer
CUST_09665,0.818760268,1,too expensive,college student,premium,high,701.56,binge watcher
CUST_09666,0.760766816,1,switched to competitor,college student,basic,high,191.87,binge watcher
CUST_09667,0.913023004,1,too expensive,retired individual,standard,low,361.65,news junkie
CUST_09668,0.796193808,1,none,retired individual,standard,medium,372,news junkie
CUST_09669,0.665578224,1,content not interesting,retired individual,basic,high,211.74,family viewer
CUST_09670,0.517670882,1,too expensive,college student,premium,high,720.29,binge watcher
CUST_09671,0.907319344,1,too expensive,working professional,standard,low,411.64,family viewer
CUST_09672,0.731324885,1,too expensive,college student,premium,medium,793.71,binge watcher
CUST_09673,0.640840156,1,no time to watch,working professional,basic,high,201.85,family viewer
CUST_09674,0.779994185,1,too expensive,college student,premium,medium,770.56,family viewer
CUST_09675,0.7732303,1,too expensive,retired individual,standard,high,461.8,casual viewer
CUST_09676,0.778362893,1,none,college student,standard,high,454.13,news junkie
CUST_09677,0.69681137,1,too expensive,college student,premium,high,761.38,sports enthusiast
CUST_09678,0.910015438,1,too expensive,college student,basic,low,241.94,news junkie
CUST_09679,0.920724519,1,too expensive,college student,basic,low,242.15,news junkie
CUST_09680,0.787686868,1,too expensive,school student,standard,high,406.59,casual viewer
CUST_09681,0.749392919,1,too expensive,working professional,basic,high,201.43,family viewer
CUST_09682,0.675673749,1,none,college student,premium,medium,593.11,binge watcher
CUST_09683,0.921614247,1,too expensive,college student,standard,high,384.87,news junkie
CUST_09684,0.814002513,1,switched to competitor,retired individual,standard,high,358.72,family viewer
CUST_09685,0.791033748,1,too expensive,school student,premium,medium,619.4,news junkie
CUST_09686,0.696690536,1,no time to watch,working professional,standard,high,437.85,casual viewer
CUST_09687,0.722177254,1,switched to competitor,working professional,basic,high,227.28,news junkie
CUST_09688,0.890494182,1,no time to watch,working professional,standard,low,394.73,binge watcher
CUST_09689,0.754860977,1,switched to competitor,college student,basic,high,233.76,news junkie
CUST_09690,0.682514909,1,none,working professional,basic,high,177.02,sports enthusiast
CUST_09691,0.601119661,1,none,school student,premium,medium,630.2,binge watcher
CUST_09692,0.839912578,1,content not interesting,retired individual,standard,high,321.2,news junkie
CUST_09693,0.730371825,1,none,retired individual,standard,high,441.53,binge watcher
CUST_09694,0.809714616,1,none,retired individual,premium,high,684.46,news junkie
CUST_09695,0.759435117,1,technical issues,school student,standard,medium,405.57,news junkie
CUST_09696,0.903396666,1,technical issues,retired individual,standard,low,433.99,family viewer
CUST_09697,0.887457159,1,too expensive,school student,premium,low,673.18,family viewer
CUST_09698,0.911460845,1,none,retired individual,premium,medium,616.62,binge watcher
CUST_09699,0.809878667,1,none,retired individual,basic,medium,238.32,binge watcher
CUST_09700,0.796905257,1,technical issues,retired individual,basic,medium,253.89,family viewer
CUST_09701,0.869608636,1,too expensive,college student,basic,medium,198.15,binge watcher
CUST_09702,0.864585568,1,too expensive,retired individual,premium,high,708.79,news junkie
CUST_09703,0.666961099,1,none,working professional,premium,high,764.57,sports enthusiast
CUST_09704,0.844858137,1,too expensive,college student,premium,low,623.81,news junkie
CUST_09705,0.874851116,1,too expensive,school student,premium,high,662.7,news junkie
CUST_09706,0.883752797,1,too expensive,retired individual,premium,high,768.27,news junkie
CUST_09707,0.765757434,1,none,retired individual,premium,medium,703.94,casual viewer
CUST_09708,0.776039943,1,too expensive,college student,premium,high,633.09,binge watcher
CUST_09709,0.780716709,1,technical issues,retired individual,basic,medium,192.53,family viewer
CUST_09710,0.582071895,1,too expensive,working professional,premium,high,703.78,news junkie
CUST_09711,0.819855989,1,technical issues,retired individual,standard,medium,419.16,news junkie
CUST_09712,0.815917464,1,no time to watch,college student,standard,medium,344.39,sports enthusiast
CUST_09713,0.910039473,1,too expensive,retired individual,basic,low,170.66,sports enthusiast
CUST_09714,0.595005787,1,none,retired individual,standard,high,384.06,family viewer
CUST_09715,0.902718667,1,technical issues,working professional,basic,low,207.85,news junkie
CUST_09716,0.719585664,1,switched to competitor,retired individual,standard,high,359.13,family viewer
CUST_09717,0.761785049,1,too expensive,college student,basic,high,155.67,news junkie
CUST_09718,0.843310802,1,too expensive,college student,premium,high,768.52,news junkie
CUST_09719,0.854816048,1,too expensive,retired individual,premium,high,642.32,sports enthusiast
CUST_09720,0.82357618,1,none,working professional,premium,low,809.54,family viewer
CUST_09721,0.5385004,1,technical issues,college student,standard,medium,366.35,casual viewer
CUST_09722,0.833263667,1,too expensive,working professional,premium,medium,692.1,family viewer
CUST_09723,0.677820427,1,none,college student,premium,medium,727.35,family viewer
CUST_09724,0.493591284,0,too expensive,school student,premium,high,688.75,sports enthusiast
CUST_09725,0.819963324,1,too expensive,working professional,premium,high,687.02,family viewer
CUST_09726,0.745536488,1,no time to watch,college student,standard,medium,424.65,family viewer
CUST_09727,0.845973768,1,no time to watch,working professional,premium,medium,594.62,binge watcher
CUST_09728,0.837586156,1,too expensive,retired individual,basic,high,178.52,family viewer
CUST_09729,0.698037384,1,switched to competitor,working professional,basic,high,188.47,family viewer
CUST_09730,0.863759938,1,no time to watch,working professional,standard,low,422.35,news junkie
CUST_09731,0.87114503,1,too expensive,retired individual,basic,medium,193.06,casual viewer
CUST_09732,0.767510317,1,none,working professional,basic,low,228.61,sports enthusiast
CUST_09733,0.79628666,1,switched to competitor,working professional,basic,high,158.14,sports enthusiast
CUST_09734,0.858060134,1,too expensive,working professional,premium,high,690.23,family viewer
CUST_09735,0.673653105,1,content not interesting,college student,basic,high,208.49,sports enthusiast
CUST_09736,0.754634843,1,technical issues,retired individual,basic,medium,213.54,binge watcher
CUST_09737,0.854453585,1,none,working professional,basic,low,202.28,binge watcher
CUST_09738,0.893940597,1,too expensive,working professional,premium,medium,652.45,family viewer
CUST_09739,0.748369639,1,switched to competitor,college student,basic,high,188.91,binge watcher
CUST_09740,0.73083316,1,too expensive,school student,premium,high,626.84,sports enthusiast
CUST_09741,0.811810994,1,content not interesting,retired individual,standard,high,414.14,casual viewer
CUST_09742,0.770763317,1,none,retired individual,basic,medium,240.29,news junkie
CUST_09743,0.831743622,1,too expensive,working professional,premium,medium,794.94,news junkie
CUST_09744,0.854549746,1,none,retired individual,premium,low,780.31,news junkie
CUST_09745,0.861897593,1,content not interesting,college student,basic,high,197.5,binge watcher
CUST_09746,0.721700769,1,switched to competitor,working professional,basic,high,155.84,news junkie
CUST_09747,0.820816387,1,switched to competitor,college student,standard,high,427.01,family viewer
CUST_09748,0.872768387,1,too expensive,college student,standard,high,376.54,news junkie
CUST_09749,0.84559711,1,technical issues,retired individual,standard,medium,372.69,casual viewer
CUST_09750,0.679074243,1,too expensive,working professional,premium,high,774.57,family viewer
CUST_09751,0.776623903,1,none,retired individual,basic,low,176.29,casual viewer
CUST_09752,0.695255971,1,none,college student,standard,high,354.29,casual viewer
CUST_09753,0.76433759,1,too expensive,college student,premium,high,707.23,casual viewer
CUST_09754,0.744253788,1,none,retired individual,standard,high,343.12,binge watcher
CUST_09755,0.635787131,1,switched to competitor,retired individual,standard,high,332.32,casual viewer
CUST_09756,0.841951568,1,too expensive,college student,basic,high,206.91,casual viewer
CUST_09757,0.710753739,1,content not interesting,retired individual,standard,high,325.84,family viewer
CUST_09758,0.931522349,1,too expensive,college student,standard,low,465.42,news junkie
CUST_09759,0.783073124,1,none,college student,standard,medium,358.37,sports enthusiast
CUST_09760,0.917058349,1,none,college student,premium,medium,699.49,news junkie
CUST_09761,0.851332196,1,too expensive,college student,basic,high,176.8,family viewer
CUST_09762,0.903031703,1,too expensive,working professional,premium,low,771.53,family viewer
CUST_09763,0.818490574,1,too expensive,working professional,premium,high,605.3,family viewer
CUST_09764,0.663395399,1,none,college student,basic,high,159.33,family viewer
CUST_09765,0.620939585,1,none,retired individual,basic,high,196.55,sports enthusiast
CUST_09766,0.845409358,1,no time to watch,college student,standard,high,381.35,binge watcher
CUST_09767,0.733741238,1,switched to competitor,college student,basic,high,224.8,news junkie
CUST_09768,0.759348708,1,no time to watch,college student,standard,low,402.19,sports enthusiast
CUST_09769,0.938490188,1,no time to watch,working professional,basic,low,192.45,casual viewer
CUST_09770,0.770579754,1,too expensive,college student,premium,medium,705.79,casual viewer
CUST_09771,0.761410973,1,no time to watch,working professional,standard,medium,453.85,binge watcher
CUST_09772,0.734569384,1,technical issues,college student,standard,medium,437.9,binge watcher
CUST_09773,0.853134792,1,none,college student,standard,high,419.33,casual viewer
CUST_09774,0.895022679,1,too expensive,college student,standard,high,442.06,family viewer
CUST_09775,0.762213773,1,none,school student,standard,medium,376.43,sports enthusiast
CUST_09776,0.815828816,1,technical issues,retired individual,basic,low,140.7,news junkie
CUST_09777,0.920072059,1,too expensive,working professional,premium,high,771.11,casual viewer
CUST_09778,0.817921042,1,technical issues,college student,basic,low,183.29,binge watcher
CUST_09779,0.819612905,1,none,working professional,basic,high,188.91,family viewer
CUST_09780,0.765500239,1,too expensive,college student,basic,high,190.06,news junkie
CUST_09781,0.772703935,1,content not interesting,retired individual,standard,high,372.51,binge watcher
CUST_09782,0.551674725,1,switched to competitor,college student,standard,high,372.66,family viewer
CUST_09783,0.820414065,1,switched to competitor,retired individual,basic,high,181.21,sports enthusiast
CUST_09784,0.707578438,1,technical issues,retired individual,standard,medium,393.1,sports enthusiast
CUST_09785,0.841009022,1,technical issues,college student,standard,low,406.36,family viewer
CUST_09786,0.782648483,1,none,college student,standard,high,393.17,sports enthusiast
CUST_09787,0.735578562,1,no time to watch,retired individual,standard,high,419.04,family viewer
CUST_09788,0.746861945,1,too expensive,college student,premium,high,819.97,family viewer
CUST_09789,0.784582327,1,too expensive,school student,premium,medium,660.62,sports enthusiast
CUST_09790,0.795386453,1,technical issues,college student,standard,medium,417,news junkie
CUST_09791,0.903950819,1,too expensive,retired individual,premium,low,702.65,binge watcher
CUST_09792,0.824003715,1,none,college student,premium,low,636.44,family viewer
CUST_09793,0.890080057,1,too expensive,college student,standard,low,458,binge watcher
CUST_09794,0.768038112,1,switched to competitor,college student,basic,high,208.23,sports enthusiast
CUST_09795,0.827506343,1,no time to watch,working professional,basic,high,170.27,casual viewer
CUST_09796,0.788463794,1,no time to watch,retired individual,basic,medium,128.55,family viewer
CUST_09797,0.821172361,1,technical issues,school student,basic,medium,167.45,casual viewer
CUST_09798,0.940802156,1,too expensive,working professional,premium,low,756.97,news junkie
CUST_09799,0.864628288,1,too expensive,college student,standard,low,380.75,sports enthusiast
CUST_09800,0.746796809,1,technical issues,retired individual,standard,low,385.01,family viewer
CUST_09801,0.738597839,1,switched to competitor,college student,standard,high,443.47,news junkie
CUST_09802,0.763258983,1,too expensive,retired individual,premium,high,611.26,news junkie
CUST_09803,0.807300151,1,too expensive,college student,premium,high,711.27,binge watcher
CUST_09804,0.858892351,1,too expensive,college student,standard,low,403.77,family viewer
CUST_09805,0.823824472,1,too expensive,college student,standard,medium,401.05,sports enthusiast
CUST_09806,0.794564541,1,none,retired individual,premium,high,710.21,sports enthusiast
CUST_09807,0.753689924,1,none,working professional,premium,high,634.13,binge watcher
CUST_09808,0.835568332,1,no time to watch,retired individual,basic,medium,167.58,sports enthusiast
CUST_09809,0.881496632,1,too expensive,working professional,premium,high,706.41,news junkie
CUST_09810,0.880744738,1,too expensive,college student,standard,medium,398.46,news junkie
CUST_09811,0.667521107,1,too expensive,school student,basic,high,196.14,news junkie
CUST_09812,0.839748676,1,too expensive,retired individual,standard,high,446.28,casual viewer
CUST_09813,0.781445847,1,none,college student,basic,medium,197.76,binge watcher
CUST_09814,0.787067963,1,none,working professional,premium,medium,638.28,binge watcher
CUST_09815,0.840713197,1,technical issues,college student,basic,low,165.14,binge watcher
CUST_09816,0.676901246,1,too expensive,retired individual,premium,high,634.72,casual viewer
CUST_09817,0.850604359,1,too expensive,working professional,standard,low,382.07,casual viewer
CUST_09818,0.875756926,1,none,college student,basic,low,190.1,binge watcher
CUST_09819,0.633848652,1,none,college student,standard,high,356.05,casual viewer
CUST_09820,0.929853845,1,too expensive,working professional,basic,low,185.94,family viewer
CUST_09821,0.737039125,1,none,retired individual,premium,high,699.09,casual viewer
CUST_09822,0.877334888,1,too expensive,working professional,premium,high,710.96,news junkie
CUST_09823,0.884074018,1,too expensive,college student,standard,low,462.86,casual viewer
CUST_09824,0.872893834,1,too expensive,college student,basic,low,216.25,sports enthusiast
CUST_09825,0.878603109,1,too expensive,retired individual,standard,low,421.01,news junkie
CUST_09826,0.761316232,1,too expensive,college student,premium,medium,649.54,family viewer
CUST_09827,0.763664633,1,none,college student,standard,high,350.83,casual viewer
CUST_09828,0.813128098,1,too expensive,college student,basic,medium,199.94,binge watcher
CUST_09829,0.782087094,1,content not interesting,working professional,standard,high,375.28,binge watcher
CUST_09830,0.776134356,1,too expensive,college student,premium,low,684.11,family viewer
CUST_09831,0.668359672,1,none,college student,standard,high,402.03,sports enthusiast
CUST_09832,0.757138833,1,technical issues,college student,basic,low,217.93,sports enthusiast
CUST_09833,0.67631732,1,none,working professional,standard,high,368.43,family viewer
CUST_09834,0.960577005,1,too expensive,working professional,basic,low,195.93,binge watcher
CUST_09835,0.909358729,1,too expensive,college student,premium,high,698.97,binge watcher
CUST_09836,0.914757959,1,too expensive,working professional,basic,high,208.38,sports enthusiast
CUST_09837,0.750217268,1,switched to competitor,working professional,basic,high,204.13,sports enthusiast
CUST_09838,0.953888085,1,too expensive,working professional,standard,low,400.08,sports enthusiast
CUST_09839,0.921959317,1,too expensive,college student,premium,low,620.33,binge watcher
CUST_09840,0.751409731,1,too expensive,school student,premium,high,758.79,binge watcher
CUST_09841,0.709384136,1,too expensive,college student,premium,high,737.45,news junkie
CUST_09842,0.716984435,1,too expensive,retired individual,premium,high,758.73,family viewer
CUST_09843,0.870235038,1,no time to watch,working professional,basic,medium,201.38,binge watcher
CUST_09844,0.922742409,1,too expensive,retired individual,standard,low,366.89,casual viewer
CUST_09845,0.911209572,1,too expensive,school student,premium,low,794.4,sports enthusiast
CUST_09846,0.811687523,1,too expensive,college student,premium,medium,641.2,sports enthusiast
CUST_09847,0.833468999,1,none,college student,premium,medium,679.62,news junkie
CUST_09848,0.840311369,1,none,school student,premium,high,713.2,casual viewer
CUST_09849,0.777964165,1,too expensive,retired individual,premium,high,620.09,casual viewer
CUST_09850,0.772699584,1,too expensive,retired individual,premium,low,751.02,family viewer
CUST_09851,0.575748,1,none,school student,basic,high,232.31,family viewer
CUST_09852,0.885349563,1,too expensive,college student,standard,low,441.77,binge watcher
CUST_09853,0.683682807,1,content not interesting,retired individual,basic,high,209.85,news junkie
CUST_09854,0.794734883,1,too expensive,college student,premium,high,744.77,news junkie
CUST_09855,0.861392151,1,no time to watch,working professional,basic,low,213.69,news junkie
CUST_09856,0.809261845,1,technical issues,college student,basic,medium,141.81,news junkie
CUST_09857,0.797041159,1,no time to watch,college student,standard,low,432.15,family viewer
CUST_09858,0.699299306,1,no time to watch,college student,standard,high,348.51,sports enthusiast
CUST_09859,0.713808718,1,technical issues,college student,standard,medium,408.6,binge watcher
CUST_09860,0.871693561,1,too expensive,working professional,premium,high,716.72,sports enthusiast
CUST_09861,0.842650889,1,too expensive,school student,premium,medium,753.73,sports enthusiast
CUST_09862,0.846535583,1,too expensive,retired individual,premium,medium,770.46,news junkie
CUST_09863,0.846702926,1,too expensive,college student,standard,medium,420.31,binge watcher
CUST_09864,0.750027457,1,technical issues,retired individual,standard,medium,459.51,news junkie
CUST_09865,0.784834053,1,too expensive,working professional,premium,medium,758.04,binge watcher
CUST_09866,0.82907936,1,too expensive,college student,premium,medium,710.56,family viewer
CUST_09867,0.910957061,1,too expensive,college student,standard,medium,443.97,binge watcher
CUST_09868,0.844671517,1,technical issues,college student,standard,low,417.21,news junkie
CUST_09869,0.783010175,1,too expensive,retired individual,premium,high,659.85,news junkie
CUST_09870,0.843585625,1,technical issues,retired individual,standard,medium,466.68,binge watcher
CUST_09871,0.914144801,1,technical issues,college student,standard,low,417.56,sports enthusiast
CUST_09872,0.745958065,1,none,working professional,standard,high,418.59,news junkie
CUST_09873,0.670197309,1,none,working professional,premium,high,778.46,family viewer
CUST_09874,0.837861129,1,too expensive,retired individual,premium,high,687.24,binge watcher
CUST_09875,0.930080317,1,none,school student,standard,medium,456.81,casual viewer
CUST_09876,0.89597146,1,none,school student,premium,low,718.83,casual viewer
CUST_09877,0.807602068,1,switched to competitor,college student,basic,high,164.27,casual viewer
CUST_09878,0.732741882,1,switched to competitor,school student,basic,high,203.16,casual viewer
CUST_09879,0.78975943,1,none,school student,premium,low,671.44,family viewer
CUST_09880,0.940193542,1,too expensive,college student,basic,low,280.11,family viewer
CUST_09881,0.86746662,1,too expensive,retired individual,basic,high,217.2,news junkie
CUST_09882,0.918780862,1,no time to watch,retired individual,standard,low,402.17,casual viewer
CUST_09883,0.902449666,1,none,college student,standard,medium,338.34,casual viewer
CUST_09884,0.876203104,1,too expensive,college student,standard,medium,363.24,family viewer
CUST_09885,0.707774682,1,switched to competitor,retired individual,basic,high,200.72,binge watcher
CUST_09886,0.814353042,1,too expensive,retired individual,premium,medium,742.58,binge watcher
CUST_09887,0.920856333,1,too expensive,college student,basic,low,175.02,news junkie
CUST_09888,0.827539652,1,content not interesting,college student,basic,high,213.35,sports enthusiast
CUST_09889,0.80335634,1,no time to watch,working professional,basic,low,201.81,sports enthusiast
CUST_09890,0.89021206,1,none,college student,basic,high,233.16,sports enthusiast
CUST_09891,0.921709907,1,too expensive,working professional,premium,high,677.71,news junkie
CUST_09892,0.850170884,1,no time to watch,college student,standard,medium,358.09,family viewer
CUST_09893,0.693962053,1,too expensive,retired individual,premium,medium,784.1,casual viewer
CUST_09894,0.840991966,1,too expensive,retired individual,standard,high,415.93,family viewer
CUST_09895,0.624794141,1,switched to competitor,college student,basic,high,207.46,sports enthusiast
CUST_09896,0.802068338,1,no time to watch,college student,standard,medium,404.76,sports enthusiast
CUST_09897,0.677558083,1,content not interesting,college student,standard,high,419.83,binge watcher
CUST_09898,0.863303104,1,too expensive,retired individual,premium,high,764.62,sports enthusiast
CUST_09899,0.684604947,1,none,college student,premium,medium,656.93,casual viewer
CUST_09900,0.767064236,1,technical issues,working professional,basic,low,227.02,binge watcher
CUST_09901,0.865877007,1,technical issues,college student,standard,medium,359.6,binge watcher
CUST_09902,0.832036848,1,none,retired individual,basic,low,153.9,binge watcher
CUST_09903,0.853030756,1,too expensive,college student,premium,high,754.73,family viewer
CUST_09904,0.712314859,1,too expensive,college student,premium,high,710.93,news junkie
CUST_09905,0.833140477,1,too expensive,working professional,premium,high,789.72,sports enthusiast
CUST_09906,0.74713625,1,none,working professional,standard,low,415.47,family viewer
CUST_09907,0.624705071,1,too expensive,college student,premium,high,687.67,news junkie
CUST_09908,0.711700174,1,technical issues,school student,standard,low,436.68,news junkie
CUST_09909,0.725578063,1,none,college student,basic,high,223.92,binge watcher
CUST_09910,0.882417337,1,too expensive,retired individual,basic,medium,236.37,family viewer
CUST_09911,0.76660664,1,none,school student,basic,high,143.06,news junkie
CUST_09912,0.735008543,1,switched to competitor,college student,standard,high,463.83,binge watcher
CUST_09913,0.844764127,1,too expensive,working professional,premium,medium,689.08,family viewer
CUST_09914,0.656404212,1,technical issues,retired individual,standard,medium,369.46,binge watcher
CUST_09915,0.830507696,1,no time to watch,retired individual,standard,high,470.35,news junkie
CUST_09916,0.783328674,1,switched to competitor,working professional,basic,high,178.3,news junkie
CUST_09917,0.593964605,1,none,retired individual,premium,high,702.16,binge watcher
CUST_09918,0.835421391,1,too expensive,retired individual,premium,high,769.38,news junkie
CUST_09919,0.664403666,1,switched to competitor,working professional,basic,high,199.45,family viewer
CUST_09920,0.75402153,1,content not interesting,college student,standard,high,396.29,casual viewer
CUST_09921,0.904050831,1,too expensive,working professional,premium,medium,771.94,binge watcher
CUST_09922,0.823147665,1,too expensive,working professional,premium,medium,623.4,casual viewer
CUST_09923,0.861998573,1,no time to watch,college student,standard,medium,420.93,family viewer
CUST_09924,0.833142259,1,too expensive,retired individual,premium,high,728.74,sports enthusiast
CUST_09925,0.720306386,1,too expensive,retired individual,premium,high,694.71,sports enthusiast
CUST_09926,0.707705383,1,switched to competitor,college student,basic,high,231.56,news junkie
CUST_09927,0.867827345,1,too expensive,school student,standard,low,447.08,family viewer
CUST_09928,0.598101192,1,technical issues,school student,standard,medium,432.96,casual viewer
CUST_09929,0.821311599,1,too expensive,working professional,premium,medium,674.68,family viewer
CUST_09930,0.76560623,1,technical issues,school student,standard,medium,388.24,binge watcher
CUST_09931,0.809769308,1,too expensive,working professional,premium,low,644.26,casual viewer
CUST_09932,0.792485158,1,technical issues,retired individual,basic,medium,194.85,family viewer
CUST_09933,0.821187499,1,technical issues,college student,standard,low,423.17,binge watcher
CUST_09934,0.747834227,1,content not interesting,retired individual,standard,high,371.54,news junkie
CUST_09935,0.905873308,1,too expensive,working professional,standard,medium,382.8,casual viewer
CUST_09936,0.725129701,1,none,college student,premium,high,801.04,casual viewer
CUST_09937,0.870265112,1,no time to watch,working professional,standard,high,397.94,binge watcher
CUST_09938,0.772943569,1,content not interesting,retired individual,standard,high,371.54,casual viewer
CUST_09939,0.748217213,1,too expensive,school student,premium,medium,684.74,casual viewer
CUST_09940,0.658119882,1,none,college student,premium,high,691.69,casual viewer
CUST_09941,0.698058873,1,too expensive,college student,premium,high,719.18,news junkie
CUST_09942,0.711301781,1,too expensive,working professional,premium,high,800.24,sports enthusiast
CUST_09943,0.800497404,1,technical issues,working professional,standard,medium,362.97,family viewer
CUST_09944,0.645837579,1,none,school student,standard,low,387.02,binge watcher
CUST_09945,0.891661373,1,too expensive,school student,basic,high,204.03,casual viewer
CUST_09946,0.799637746,1,too expensive,retired individual,premium,medium,715.79,binge watcher
CUST_09947,0.817302521,1,technical issues,college student,basic,medium,246.07,family viewer
CUST_09948,0.821866413,1,too expensive,retired individual,standard,high,417.53,sports enthusiast
CUST_09949,0.730949151,1,technical issues,school student,standard,low,318.88,family viewer
CUST_09950,0.786057271,1,switched to competitor,college student,basic,high,242.67,binge watcher
CUST_09951,0.714384762,1,switched to competitor,college student,standard,high,435.74,casual viewer
CUST_09952,0.834830154,1,none,retired individual,standard,low,380.74,binge watcher
CUST_09953,0.693179803,1,none,retired individual,standard,high,340.85,news junkie
CUST_09954,0.936792554,1,too expensive,school student,basic,low,228.48,casual viewer
CUST_09955,0.714294291,1,switched to competitor,college student,standard,high,397.22,binge watcher
CUST_09956,0.703521525,1,too expensive,college student,basic,high,190.06,binge watcher
CUST_09957,0.856742947,1,too expensive,retired individual,premium,medium,767.94,casual viewer
CUST_09958,0.618209002,1,none,college student,standard,high,470.43,family viewer
CUST_09959,0.772574085,1,no time to watch,school student,basic,high,197.58,casual viewer
CUST_09960,0.714666092,1,none,college student,premium,high,691.61,sports enthusiast
CUST_09961,0.714449047,1,switched to competitor,working professional,basic,high,160.08,news junkie
CUST_09962,0.758340628,1,none,working professional,premium,high,785.54,casual viewer
CUST_09963,0.638901392,1,none,school student,standard,high,348.65,family viewer
CUST_09964,0.869313402,1,too expensive,working professional,basic,high,198.86,binge watcher
CUST_09965,0.729871707,1,no time to watch,working professional,basic,high,238.61,binge watcher
CUST_09966,0.806280276,1,no time to watch,working professional,basic,medium,147,family viewer
CUST_09967,0.850824004,1,too expensive,school student,standard,high,421.63,binge watcher
CUST_09968,0.825074462,1,no time to watch,college student,basic,low,217.39,family viewer
CUST_09969,0.872503257,1,no time to watch,college student,standard,low,372.53,news junkie
CUST_09970,0.853542576,1,technical issues,college student,basic,low,149.44,news junkie
CUST_09971,0.880882226,1,no time to watch,retired individual,standard,low,360.92,binge watcher
CUST_09972,0.763440612,1,too expensive,college student,basic,high,187.05,sports enthusiast
CUST_09973,0.802575338,1,too expensive,working professional,premium,medium,716.46,news junkie
CUST_09974,0.753075153,1,no time to watch,retired individual,standard,high,361.26,binge watcher
CUST_09975,0.765052452,1,none,retired individual,premium,medium,709.86,casual viewer
CUST_09976,0.844929851,1,content not interesting,working professional,basic,high,153,casual viewer
CUST_09977,0.861319861,1,technical issues,working professional,standard,medium,370.88,binge watcher
CUST_09978,0.867563762,1,no time to watch,college student,basic,medium,175.05,family viewer
CUST_09979,0.819072069,1,too expensive,school student,standard,low,418.43,family viewer
CUST_09980,0.808817349,1,switched to competitor,retired individual,standard,high,357.16,binge watcher
CUST_09981,0.808771689,1,too expensive,working professional,premium,high,740.21,binge watcher
CUST_09982,0.862872105,1,too expensive,college student,premium,low,770.28,casual viewer
CUST_09983,0.697032119,1,none,college student,basic,high,204.64,sports enthusiast
CUST_09984,0.851043661,1,too expensive,college student,premium,medium,779.33,casual viewer
CUST_09985,0.882298473,1,too expensive,working professional,basic,high,199.5,news junkie
CUST_09986,0.835435878,1,none,college student,premium,high,704.67,sports enthusiast
CUST_09987,0.737340599,1,too expensive,college student,basic,high,206.13,family viewer
CUST_09988,0.916472183,1,no time to watch,working professional,standard,medium,346.28,binge watcher
CUST_09989,0.896362569,1,too expensive,retired individual,basic,high,171.28,binge watcher
CUST_09990,0.723540691,1,none,working professional,standard,medium,416.24,sports enthusiast
CUST_09991,0.791711635,1,too expensive,college student,premium,high,709.99,family viewer
CUST_09992,0.59274378,1,none,retired individual,basic,medium,230.14,casual viewer
CUST_09993,0.887846371,1,too expensive,working professional,premium,medium,617.03,binge watcher
CUST_09994,0.70789223,1,too expensive,college student,premium,medium,706.65,news junkie
CUST_09995,0.804089385,1,none,working professional,premium,medium,744.72,sports enthusiast
CUST_09996,0.828447743,1,none,working professional,premium,high,710.74,binge watcher
CUST_09997,0.732476102,1,technical issues,college student,basic,medium,218.11,binge watcher
CUST_09998,0.83270996,1,technical issues,school student,standard,medium,470.22,family viewer
CUST_09999,0.913114022,1,too expensive,retired individual,standard,high,461.07,family viewer
CUST_10000,0.661180625,1,none,college student,standard,high,335.75,family viewer
