customer_id,churn_prob,churn_pred,churn_reason,user_type,plan,net_quality,monthly_fee,lifestyle
CUST_00001,0.862872481,1,too expensive,retired individual,standard,high,373.02,binge watcher
CUST_00002,0.705589892,1,switched to competitor,college student,basic,high,219.38,news junkie
CUST_00003,0.811250061,1,too expensive,school student,premium,low,686.85,casual viewer
CUST_00004,0.934827394,1,too expensive,college student,basic,medium,158.38,binge watcher
CUST_00006,0.744924034,1,content not interesting,retired individual,basic,high,225.48,news junkie
CUST_00007,0.714493688,1,switched to competitor,college student,standard,high,395.67,family viewer
CUST_00008,0.781010323,1,none,working professional,basic,medium,244.51,binge watcher
CUST_00009,0.905587636,1,too expensive,college student,standard,high,442.4,binge watcher
CUST_00010,0.822660442,1,too expensive,retired individual,premium,low,771.42,news junkie
CUST_00011,0.735531008,1,none,school student,premium,low,659.94,news junkie
CUST_00012,0.758747213,1,none,school student,premium,medium,681.76,family viewer
CUST_00013,0.901871102,1,technical issues,retired individual,basic,low,199.38,binge watcher
CUST_00014,0.774231935,1,technical issues,school student,basic,medium,230.81,binge watcher
CUST_00016,0.757793046,1,switched to competitor,college student,basic,high,225.42,casual viewer
CUST_00017,0.759958998,1,none,college student,premium,high,700.84,binge watcher
CUST_00019,0.78174106,1,none,working professional,standard,high,434.92,news junkie
CUST_00020,0.832105337,1,too expensive,retired individual,standard,high,471.58,casual viewer
CUST_00021,0.861611695,1,no time to watch,working professional,basic,high,173.85,family viewer
CUST_00023,0.831696851,1,too expensive,college student,premium,medium,798.18,casual viewer
CUST_00024,0.832601474,1,too expensive,working professional,standard,high,435.8,sports enthusiast
CUST_00025,0.818952687,1,technical issues,college student,basic,low,188.5,news junkie
CUST_00026,0.905914984,1,too expensive,college student,premium,high,777.47,sports enthusiast
CUST_00028,0.720279847,1,switched to competitor,retired individual,basic,high,204.66,casual viewer
CUST_00029,0.749698455,1,none,college student,premium,high,776.82,family viewer
CUST_00030,0.900266388,1,no time to watch,working professional,basic,low,215.61,binge watcher
CUST_00031,0.76486651,1,technical issues,college student,basic,medium,243.02,binge watcher
CUST_00034,0.938069257,1,too expensive,college student,standard,low,433.82,family viewer
CUST_00035,0.766069101,1,no time to watch,working professional,basic,low,228.72,news junkie
CUST_00037,0.834525024,1,no time to watch,college student,standard,medium,408.17,binge watcher
CUST_00038,0.819696232,1,none,working professional,basic,high,249.12,news junkie
CUST_00039,0.837048562,1,too expensive,retired individual,basic,high,180.94,sports enthusiast
CUST_00041,0.723151971,1,too expensive,college student,premium,high,611.22,news junkie
CUST_00042,0.816325981,1,too expensive,college student,premium,high,789.07,news junkie
CUST_00043,0.93033002,1,too expensive,working professional,premium,high,643.44,family viewer
CUST_00045,0.840287361,1,too expensive,college student,premium,high,707.57,casual viewer
CUST_00046,0.766477754,1,none,school student,premium,high,621.14,sports enthusiast
CUST_00047,0.792474447,1,too expensive,retired individual,premium,medium,672.75,binge watcher
CUST_00049,0.893449877,1,none,retired individual,premium,low,600.05,sports enthusiast
CUST_00050,0.742497456,1,switched to competitor,college student,standard,high,360.72,sports enthusiast
CUST_00051,0.854977641,1,no time to watch,retired individual,basic,medium,210.18,family viewer
CUST_00052,0.930532701,1,too expensive,college student,standard,low,362.75,sports enthusiast
CUST_00054,0.743258795,1,technical issues,college student,standard,medium,402.96,casual viewer
CUST_00056,0.914422699,1,too expensive,college student,basic,medium,198.79,casual viewer
CUST_00057,0.722616278,1,none,college student,premium,high,667.86,news junkie
CUST_00058,0.819454161,1,technical issues,retired individual,basic,low,209.44,news junkie
CUST_00059,0.856033751,1,too expensive,college student,basic,medium,145.45,sports enthusiast
CUST_00060,0.763370442,1,too expensive,working professional,premium,medium,767.54,family viewer
CUST_00061,0.950588655,1,no time to watch,college student,standard,high,370.85,casual viewer
CUST_00062,0.86758198,1,content not interesting,working professional,standard,high,432.48,casual viewer
CUST_00063,0.888121166,1,too expensive,school student,premium,high,639.51,binge watcher
CUST_00064,0.811850255,1,no time to watch,working professional,basic,high,224.41,sports enthusiast
CUST_00065,0.76233002,1,too expensive,retired individual,premium,low,791.57,news junkie
CUST_00066,0.829077412,1,too expensive,school student,premium,high,793.86,binge watcher
CUST_00068,0.811363743,1,no time to watch,working professional,basic,medium,183.66,news junkie
CUST_00069,0.861258964,1,too expensive,school student,premium,high,637.81,casual viewer
CUST_00070,0.909134042,1,too expensive,retired individual,basic,high,211.75,binge watcher
CUST_00071,0.851103968,1,technical issues,working professional,standard,low,396.62,casual viewer
CUST_00072,0.82396925,1,too expensive,retired individual,basic,high,193.4,binge watcher
CUST_00073,0.881978342,1,technical issues,college student,standard,low,408.94,family viewer
CUST_00074,0.734384521,1,none,working professional,standard,high,437.9,binge watcher
CUST_00075,0.742319674,1,technical issues,college student,standard,medium,497.07,binge watcher
CUST_00076,0.908730316,1,too expensive,working professional,basic,high,247.76,binge watcher
CUST_00077,0.842057307,1,no time to watch,college student,basic,high,227.47,news junkie
CUST_00078,0.917627212,1,too expensive,working professional,basic,medium,218.51,binge watcher
CUST_00079,0.860696034,1,none,college student,standard,medium,441.67,news junkie
CUST_00080,0.815740399,1,content not interesting,retired individual,standard,high,463.18,family viewer
CUST_00081,0.922157142,1,too expensive,school student,premium,high,703.83,family viewer
CUST_00082,0.862194186,1,none,retired individual,premium,medium,790.29,family viewer
CUST_00083,0.887744274,1,too expensive,school student,basic,medium,196.84,binge watcher
CUST_00084,0.891937243,1,technical issues,college student,standard,low,453.36,casual viewer
CUST_00085,0.760064528,1,no time to watch,college student,basic,high,155.42,news junkie
CUST_00086,0.900461654,1,too expensive,college student,standard,medium,385.34,binge watcher
CUST_00087,0.920922824,1,too expensive,college student,premium,medium,794.89,binge watcher
CUST_00088,0.84472279,1,too expensive,college student,standard,low,421.34,news junkie
CUST_00089,0.727371159,1,none,college student,basic,medium,160.87,family viewer
CUST_00090,0.908752339,1,too expensive,retired individual,premium,high,759.24,news junkie
CUST_00091,0.855408345,1,too expensive,retired individual,basic,high,183.26,news junkie
CUST_00092,0.87643554,1,too expensive,retired individual,premium,medium,712.21,news junkie
CUST_00095,0.836956085,1,technical issues,college student,standard,medium,367.87,family viewer
CUST_00096,0.831462984,1,technical issues,school student,standard,low,480.69,news junkie
CUST_00097,0.863802061,1,no time to watch,college student,standard,high,426.07,news junkie
CUST_00098,0.859530051,1,no time to watch,working professional,basic,high,200.52,sports enthusiast
CUST_00099,0.802385324,1,technical issues,college student,basic,medium,185.56,sports enthusiast
CUST_00101,0.923596956,1,too expensive,school student,standard,high,399.77,casual viewer
CUST_00102,0.896736694,1,too expensive,college student,premium,medium,647.25,casual viewer
CUST_00103,0.88206295,1,too expensive,retired individual,premium,low,759.31,casual viewer
CUST_00104,0.821299651,1,technical issues,college student,standard,low,343.64,news junkie
CUST_00105,0.888418661,1,none,working professional,premium,high,659.3,casual viewer
CUST_00106,0.790360686,1,too expensive,college student,premium,low,639.93,binge watcher
CUST_00107,0.739010243,1,too expensive,school student,basic,high,250.32,sports enthusiast
CUST_00109,0.720779452,1,none,working professional,premium,high,685.11,casual viewer
CUST_00111,0.927067961,1,too expensive,college student,basic,medium,204.31,sports enthusiast
CUST_00112,0.707368705,1,switched to competitor,retired individual,basic,high,170.94,family viewer
CUST_00113,0.868873209,1,technical issues,college student,standard,low,333.43,news junkie
CUST_00114,0.850457114,1,too expensive,college student,premium,high,665.21,binge watcher
CUST_00115,0.748167387,1,switched to competitor,college student,basic,high,249.05,binge watcher
CUST_00116,0.747420175,1,technical issues,college student,standard,medium,376.86,sports enthusiast
CUST_00117,0.86114174,1,technical issues,college student,standard,low,438.14,news junkie
CUST_00119,0.719942141,1,none,college student,premium,high,716.42,sports enthusiast
CUST_00120,0.893547499,1,too expensive,college student,standard,low,384.14,news junkie
CUST_00121,0.796773861,1,none,college student,standard,medium,443.69,family viewer
CUST_00122,0.801107257,1,switched to competitor,college student,standard,high,426.9,family viewer
CUST_00123,0.766262363,1,too expensive,retired individual,standard,high,326.78,sports enthusiast
CUST_00124,0.904228297,1,too expensive,retired individual,premium,high,618.12,family viewer
CUST_00125,0.758283142,1,technical issues,college student,basic,low,172.41,binge watcher
CUST_00126,0.735639956,1,too expensive,retired individual,standard,high,361.76,sports enthusiast
CUST_00127,0.769905397,1,switched to competitor,retired individual,basic,high,216.97,family viewer
CUST_00128,0.753831129,1,none,college student,premium,medium,716.55,family viewer
CUST_00129,0.874530883,1,too expensive,school student,basic,high,136.23,casual viewer
CUST_00130,0.759751918,1,no time to watch,working professional,basic,high,223.84,casual viewer
CUST_00131,0.926807278,1,too expensive,college student,standard,low,395.45,casual viewer
CUST_00134,0.83449029,1,too expensive,school student,premium,high,683.87,sports enthusiast
CUST_00136,0.762849938,1,too expensive,college student,premium,high,610.13,news junkie
CUST_00137,0.914997876,1,too expensive,retired individual,premium,low,640.61,family viewer
CUST_00138,0.919887047,1,technical issues,retired individual,basic,low,242,casual viewer
CUST_00139,0.896412791,1,content not interesting,working professional,standard,high,357.18,casual viewer
CUST_00140,0.740712167,1,technical issues,college student,basic,medium,236.6,family viewer
CUST_00141,0.800970478,1,too expensive,college student,premium,low,710.54,sports enthusiast
CUST_00142,0.802211427,1,too expensive,retired individual,premium,medium,680.39,binge watcher
CUST_00143,0.932571668,1,too expensive,working professional,premium,high,742.97,binge watcher
CUST_00144,0.839885724,1,no time to watch,college student,standard,medium,367.27,family viewer
CUST_00145,0.786429659,1,none,college student,standard,medium,348.83,casual viewer
CUST_00146,0.892877865,1,no time to watch,working professional,basic,low,216.7,family viewer
CUST_00147,0.849393741,1,technical issues,college student,basic,low,194.08,binge watcher
CUST_00148,0.937691953,1,too expensive,college student,basic,low,192.67,casual viewer
CUST_00149,0.882976997,1,too expensive,college student,premium,medium,617.96,binge watcher
CUST_00150,0.837376784,1,technical issues,college student,standard,low,390.08,casual viewer
CUST_00151,0.742789204,1,none,retired individual,standard,medium,335.77,family viewer
CUST_00152,0.783650376,1,none,working professional,premium,high,632.01,casual viewer
CUST_00153,0.778467954,1,technical issues,working professional,standard,low,441.47,binge watcher
CUST_00154,0.946368593,1,too expensive,working professional,premium,low,634.83,sports enthusiast
CUST_00155,0.799739222,1,none,college student,standard,high,442.94,family viewer
CUST_00156,0.803136294,1,too expensive,college student,premium,low,740.08,casual viewer
CUST_00157,0.746069632,1,no time to watch,college student,basic,low,220.6,sports enthusiast
CUST_00158,0.8311992,1,technical issues,college student,standard,low,389.13,family viewer
CUST_00159,0.831815818,1,none,working professional,premium,medium,635.6,sports enthusiast
CUST_00160,0.909913745,1,too expensive,working professional,standard,medium,421.29,casual viewer
CUST_00161,0.914146849,1,too expensive,school student,standard,low,457.61,casual viewer
CUST_00162,0.703019584,1,too expensive,retired individual,premium,high,690.74,news junkie
CUST_00164,0.853336595,1,none,working professional,standard,medium,397.24,binge watcher
CUST_00165,0.821763924,1,too expensive,school student,premium,high,669.77,casual viewer
CUST_00166,0.726575021,1,none,college student,premium,high,683.44,binge watcher
CUST_00167,0.809863158,1,too expensive,working professional,basic,high,178.6,casual viewer
CUST_00168,0.882586202,1,none,college student,premium,medium,663.14,casual viewer
CUST_00172,0.772886764,1,technical issues,college student,standard,medium,382.5,casual viewer
CUST_00173,0.918373768,1,too expensive,college student,standard,low,353.85,casual viewer
CUST_00174,0.88715575,1,technical issues,college student,basic,low,179.99,binge watcher
CUST_00175,0.841826089,1,too expensive,retired individual,basic,high,160.87,binge watcher
CUST_00176,0.821817839,1,too expensive,working professional,premium,high,644.28,sports enthusiast
CUST_00177,0.922580234,1,too expensive,working professional,premium,high,627.54,casual viewer
CUST_00178,0.800359465,1,too expensive,working professional,premium,high,795.3,binge watcher
CUST_00179,0.847977652,1,too expensive,working professional,standard,high,447.66,sports enthusiast
CUST_00180,0.904675196,1,too expensive,working professional,premium,low,714.56,binge watcher
CUST_00181,0.74685611,1,too expensive,working professional,premium,high,626.06,news junkie
CUST_00182,0.932411298,1,technical issues,working professional,basic,low,227.73,casual viewer
CUST_00184,0.823494691,1,none,college student,basic,medium,195.6,casual viewer
CUST_00185,0.817944207,1,switched to competitor,school student,basic,high,175.78,sports enthusiast
CUST_00187,0.810085027,1,too expensive,working professional,standard,medium,420.52,family viewer
CUST_00188,0.888633726,1,too expensive,retired individual,premium,low,688.43,news junkie
CUST_00189,0.860477707,1,no time to watch,working professional,premium,medium,589.17,casual viewer
CUST_00190,0.819374444,1,technical issues,college student,standard,medium,421.62,binge watcher
CUST_00191,0.837868342,1,too expensive,college student,premium,medium,747.14,binge watcher
CUST_00192,0.754201429,1,too expensive,school student,premium,medium,773.92,family viewer
CUST_00193,0.867226996,1,too expensive,working professional,basic,high,178.11,casual viewer
CUST_00195,0.807346104,1,too expensive,college student,standard,high,395.17,binge watcher
CUST_00196,0.706915912,1,none,working professional,basic,high,177.44,sports enthusiast
CUST_00197,0.829188715,1,none,college student,standard,high,462.97,casual viewer
CUST_00199,0.712205739,1,technical issues,college student,basic,medium,225.96,family viewer
CUST_00200,0.803635362,1,technical issues,college student,basic,low,187.25,binge watcher
CUST_00201,0.886141616,1,too expensive,college student,standard,high,346.17,family viewer
CUST_00202,0.910164477,1,none,working professional,basic,low,173.01,binge watcher
CUST_00203,0.872552763,1,too expensive,school student,premium,high,719.91,sports enthusiast
CUST_00204,0.783017344,1,technical issues,retired individual,standard,low,453.55,sports enthusiast
CUST_00205,0.7615171,1,none,college student,standard,medium,382.29,sports enthusiast
CUST_00206,0.920467595,1,none,college student,standard,low,456.82,news junkie
CUST_00208,0.852664234,1,no time to watch,college student,standard,medium,390.76,family viewer
CUST_00210,0.871333351,1,too expensive,working professional,standard,high,381.1,binge watcher
CUST_00211,0.78167737,1,none,college student,premium,high,622.05,news junkie
CUST_00212,0.889493132,1,none,college student,standard,high,374.28,casual viewer
CUST_00214,0.843877933,1,technical issues,retired individual,standard,low,389.93,family viewer
CUST_00216,0.889344789,1,none,college student,basic,low,170.98,family viewer
CUST_00218,0.884346916,1,too expensive,college student,standard,medium,331.8,family viewer
CUST_00219,0.887782826,1,too expensive,working professional,premium,medium,688.21,casual viewer
CUST_00220,0.923639191,1,technical issues,working professional,basic,low,203.14,casual viewer
CUST_00221,0.73275412,1,no time to watch,working professional,standard,medium,411.44,sports enthusiast
CUST_00222,0.895744683,1,too expensive,retired individual,premium,medium,609.23,binge watcher
CUST_00223,0.844652831,1,too expensive,retired individual,premium,low,626.51,casual viewer
CUST_00224,0.902851375,1,too expensive,working professional,basic,medium,184.62,sports enthusiast
CUST_00225,0.815240095,1,too expensive,school student,basic,high,225.74,family viewer
CUST_00226,0.795095228,1,too expensive,retired individual,premium,medium,622.13,family viewer
CUST_00227,0.74606543,1,technical issues,retired individual,standard,medium,427.26,casual viewer
CUST_00228,0.89236838,1,too expensive,working professional,premium,high,780.78,binge watcher
CUST_00229,0.722762857,1,none,retired individual,basic,high,165.68,family viewer
CUST_00231,0.855806145,1,none,working professional,premium,low,629.04,sports enthusiast
CUST_00233,0.869538938,1,technical issues,retired individual,standard,medium,429.82,family viewer
CUST_00234,0.924601131,1,too expensive,college student,basic,high,207.99,binge watcher
CUST_00235,0.838979846,1,technical issues,school student,standard,medium,368.1,casual viewer
CUST_00236,0.914842544,1,technical issues,college student,basic,low,218.42,binge watcher
CUST_00237,0.89275216,1,too expensive,working professional,premium,medium,632.06,binge watcher
CUST_00238,0.827314392,1,too expensive,retired individual,premium,medium,765.77,family viewer
CUST_00239,0.803028383,1,too expensive,working professional,premium,medium,612.85,sports enthusiast
CUST_00240,0.702958567,1,technical issues,retired individual,standard,medium,432.57,news junkie
CUST_00241,0.778148006,1,too expensive,retired individual,premium,low,679.07,casual viewer
CUST_00242,0.847690836,1,no time to watch,working professional,standard,high,401.12,news junkie
CUST_00243,0.788537343,1,too expensive,retired individual,standard,medium,404.77,family viewer
CUST_00244,0.848573064,1,too expensive,working professional,standard,medium,438.77,family viewer
CUST_00245,0.926528124,1,too expensive,working professional,premium,low,736.84,binge watcher
CUST_00246,0.827490947,1,too expensive,college student,premium,low,820.1,news junkie
CUST_00247,0.825139006,1,too expensive,college student,premium,high,752.88,binge watcher
CUST_00248,0.889843965,1,too expensive,retired individual,basic,low,192.16,family viewer
CUST_00249,0.812152901,1,too expensive,college student,premium,medium,784.81,family viewer
CUST_00250,0.894295173,1,too expensive,school student,premium,medium,796.39,binge watcher
CUST_00251,0.798271632,1,none,school student,standard,high,440.95,news junkie
CUST_00252,0.913888019,1,content not interesting,college student,basic,high,171.29,binge watcher
CUST_00253,0.917134589,1,too expensive,college student,standard,high,365.54,binge watcher
CUST_00254,0.758799497,1,none,retired individual,standard,high,467.1,news junkie
CUST_00255,0.754323086,1,too expensive,retired individual,premium,high,633.98,family viewer
CUST_00256,0.909255849,1,too expensive,retired individual,standard,medium,352.97,binge watcher
CUST_00257,0.749320188,1,no time to watch,college student,standard,medium,374.1,binge watcher
CUST_00259,0.856470018,1,technical issues,college student,basic,low,231.67,family viewer
CUST_00260,0.893840901,1,no time to watch,working professional,standard,low,355.8,sports enthusiast
CUST_00261,0.918208931,1,too expensive,school student,premium,low,766.96,family viewer
CUST_00263,0.896128461,1,too expensive,working professional,premium,low,768.37,family viewer
CUST_00264,0.877402966,1,too expensive,college student,premium,high,621.16,casual viewer
CUST_00265,0.772831482,1,switched to competitor,working professional,standard,high,341.06,news junkie
CUST_00266,0.708353145,1,too expensive,college student,premium,high,791.48,casual viewer
CUST_00267,0.848101872,1,none,working professional,basic,low,161.03,sports enthusiast
CUST_00268,0.865518124,1,none,working professional,basic,low,207.28,casual viewer
CUST_00269,0.769187669,1,switched to competitor,college student,standard,high,403.41,sports enthusiast
CUST_00270,0.859223387,1,too expensive,working professional,standard,medium,370.71,family viewer
CUST_00272,0.715004113,1,switched to competitor,retired individual,basic,high,246.25,sports enthusiast
CUST_00273,0.801007401,1,none,retired individual,standard,high,360.93,family viewer
CUST_00275,0.778296221,1,too expensive,retired individual,premium,high,707.15,binge watcher
CUST_00276,0.922163812,1,too expensive,retired individual,basic,medium,205.24,binge watcher
CUST_00277,0.864942119,1,technical issues,working professional,standard,medium,391.58,family viewer
CUST_00279,0.870590737,1,too expensive,working professional,basic,low,181.34,casual viewer
CUST_00280,0.822349443,1,no time to watch,college student,basic,low,211.19,sports enthusiast
CUST_00281,0.873993367,1,technical issues,college student,standard,low,417.38,family viewer
CUST_00282,0.87447356,1,too expensive,college student,basic,medium,179.49,casual viewer
CUST_00283,0.858765679,1,too expensive,college student,premium,high,622.26,family viewer
CUST_00285,0.82956985,1,switched to competitor,working professional,basic,high,210.07,casual viewer
CUST_00286,0.761955939,1,technical issues,working professional,standard,medium,386.45,family viewer
CUST_00287,0.723176783,1,none,college student,premium,medium,696.1,binge watcher
CUST_00288,0.812044748,1,too expensive,retired individual,premium,high,704.62,casual viewer
CUST_00289,0.817642737,1,too expensive,retired individual,premium,high,623.64,binge watcher
CUST_00291,0.708529427,1,technical issues,retired individual,standard,medium,412.37,binge watcher
CUST_00292,0.914817318,1,none,retired individual,standard,low,378.91,news junkie
CUST_00293,0.881305781,1,too expensive,college student,basic,medium,241.34,sports enthusiast
CUST_00294,0.73884321,1,none,college student,standard,high,442.68,binge watcher
CUST_00296,0.712336267,1,technical issues,school student,basic,low,189.12,casual viewer
CUST_00297,0.88323037,1,no time to watch,working professional,standard,medium,374.78,binge watcher
CUST_00298,0.791621751,1,technical issues,retired individual,standard,medium,422.54,news junkie
CUST_00299,0.9008058,1,none,working professional,basic,high,176.76,sports enthusiast
CUST_00300,0.848056298,1,too expensive,college student,premium,medium,787.81,casual viewer
CUST_00301,0.844191959,1,none,retired individual,basic,low,196.4,news junkie
CUST_00302,0.835281541,1,too expensive,retired individual,premium,high,629.74,binge watcher
CUST_00303,0.797091232,1,too expensive,college student,premium,medium,639.87,family viewer
CUST_00304,0.71134126,1,switched to competitor,working professional,basic,high,217.9,sports enthusiast
CUST_00305,0.779122682,1,too expensive,college student,basic,medium,200.17,news junkie
CUST_00306,0.770484444,1,none,college student,standard,high,428.93,family viewer
CUST_00307,0.876448894,1,too expensive,working professional,standard,low,362.65,family viewer
CUST_00308,0.89429373,1,too expensive,college student,premium,high,764.16,casual viewer
CUST_00309,0.903228331,1,no time to watch,college student,basic,medium,173.22,news junkie
CUST_00310,0.875549324,1,too expensive,school student,standard,high,511.43,sports enthusiast
CUST_00311,0.873897655,1,too expensive,college student,premium,medium,613.01,binge watcher
CUST_00312,0.843012538,1,too expensive,working professional,basic,low,225.11,family viewer
CUST_00313,0.833264891,1,technical issues,working professional,standard,medium,429.78,sports enthusiast
CUST_00314,0.814575012,1,too expensive,retired individual,standard,high,468.27,news junkie
CUST_00315,0.806417032,1,too expensive,college student,standard,high,383.61,casual viewer
CUST_00316,0.851857635,1,too expensive,college student,premium,low,689.34,binge watcher
CUST_00317,0.762912606,1,none,retired individual,standard,high,419.3,news junkie
CUST_00318,0.78333973,1,content not interesting,college student,standard,high,438.21,casual viewer
CUST_00319,0.916848098,1,no time to watch,school student,standard,low,339.86,sports enthusiast
CUST_00322,0.924323935,1,too expensive,college student,premium,low,645.87,binge watcher
CUST_00323,0.718994375,1,none,working professional,basic,high,198.27,binge watcher
CUST_00324,0.841251091,1,technical issues,working professional,basic,low,226.15,news junkie
CUST_00325,0.81166602,1,too expensive,college student,premium,medium,718.11,casual viewer
CUST_00326,0.84987619,1,too expensive,college student,premium,medium,802.4,binge watcher
CUST_00327,0.91383262,1,too expensive,working professional,standard,low,450.32,family viewer
CUST_00328,0.793238309,1,content not interesting,college student,standard,high,419.09,news junkie
CUST_00329,0.891132432,1,too expensive,retired individual,premium,medium,757.21,casual viewer
CUST_00330,0.818698756,1,too expensive,working professional,standard,medium,333.17,news junkie
CUST_00332,0.741931655,1,too expensive,school student,premium,high,774.75,family viewer
CUST_00333,0.822030989,1,technical issues,working professional,standard,medium,390.35,family viewer
CUST_00334,0.885826004,1,technical issues,college student,basic,low,168.44,binge watcher
CUST_00335,0.803740538,1,none,college student,premium,low,606.68,binge watcher
CUST_00336,0.920861444,1,too expensive,college student,premium,medium,760.42,sports enthusiast
CUST_00338,0.800551653,1,none,school student,basic,high,154.78,binge watcher
CUST_00339,0.913491649,1,too expensive,college student,standard,medium,408,family viewer
CUST_00340,0.891329651,1,technical issues,college student,standard,low,431.08,sports enthusiast
CUST_00342,0.884123409,1,too expensive,working professional,premium,medium,608.39,sports enthusiast
CUST_00343,0.779194474,1,no time to watch,working professional,standard,high,430.95,casual viewer
CUST_00344,0.819437381,1,none,working professional,premium,high,790.31,family viewer
CUST_00345,0.771394239,1,too expensive,college student,standard,high,376.93,casual viewer
CUST_00346,0.77235252,1,switched to competitor,college student,basic,high,176.8,casual viewer
CUST_00348,0.843940456,1,no time to watch,college student,basic,low,206.19,sports enthusiast
CUST_00349,0.854002087,1,too expensive,retired individual,premium,low,789.69,binge watcher
CUST_00350,0.871891604,1,no time to watch,college student,basic,medium,177.67,sports enthusiast
CUST_00351,0.850560138,1,too expensive,retired individual,premium,high,794.99,binge watcher
CUST_00352,0.848626385,1,too expensive,college student,standard,high,435.55,family viewer
CUST_00353,0.873289839,1,none,college student,basic,low,203.93,binge watcher
CUST_00356,0.784443357,1,content not interesting,college student,standard,high,446.22,casual viewer
CUST_00357,0.825887089,1,content not interesting,working professional,standard,high,465.8,sports enthusiast
CUST_00358,0.817931421,1,no time to watch,working professional,basic,medium,227.35,news junkie
CUST_00359,0.91966624,1,technical issues,college student,standard,low,381.62,binge watcher
CUST_00360,0.935288914,1,technical issues,college student,standard,medium,448.87,news junkie
CUST_00361,0.828153551,1,no time to watch,working professional,standard,medium,380.82,sports enthusiast
CUST_00362,0.762346573,1,too expensive,college student,basic,high,202.18,sports enthusiast
CUST_00363,0.862476527,1,too expensive,working professional,standard,high,394.6,family viewer
CUST_00364,0.764894968,1,too expensive,college student,standard,high,473.03,casual viewer
CUST_00367,0.89806705,1,too expensive,retired individual,premium,low,766.53,casual viewer
CUST_00368,0.862543381,1,no time to watch,working professional,basic,medium,236.19,sports enthusiast
CUST_00369,0.876483035,1,none,college student,standard,low,379.69,news junkie
CUST_00370,0.740719393,1,too expensive,retired individual,premium,medium,779.03,news junkie
CUST_00371,0.826472572,1,switched to competitor,college student,standard,high,356.66,sports enthusiast
CUST_00372,0.766283628,1,switched to competitor,college student,basic,high,168.31,news junkie
CUST_00373,0.700542419,1,switched to competitor,college student,standard,high,339.6,casual viewer
CUST_00375,0.960072716,1,too expensive,college student,standard,low,412.37,family viewer
CUST_00376,0.729557239,1,too expensive,working professional,premium,medium,731.03,casual viewer
CUST_00377,0.774269027,1,too expensive,retired individual,premium,medium,756.24,binge watcher
CUST_00378,0.883006354,1,no time to watch,working professional,standard,medium,453.05,binge watcher
CUST_00380,0.810411853,1,switched to competitor,college student,standard,high,363.5,family viewer
CUST_00383,0.819378514,1,switched to competitor,retired individual,standard,high,396.79,sports enthusiast
CUST_00384,0.890870775,1,too expensive,college student,basic,medium,187.99,sports enthusiast
CUST_00385,0.886126816,1,no time to watch,college student,basic,high,176.92,sports enthusiast
CUST_00386,0.776340835,1,too expensive,college student,premium,medium,684.29,casual viewer
CUST_00387,0.872228545,1,technical issues,college student,standard,low,403.58,casual viewer
CUST_00388,0.838901843,1,switched to competitor,school student,standard,high,401.24,binge watcher
CUST_00390,0.844817524,1,too expensive,school student,premium,high,712.37,binge watcher
CUST_00391,0.770199496,1,none,school student,standard,high,343.92,casual viewer
CUST_00392,0.858019332,1,none,college student,basic,high,159.68,sports enthusiast
CUST_00393,0.903161902,1,too expensive,working professional,premium,medium,768.75,family viewer
CUST_00394,0.806982654,1,too expensive,working professional,premium,medium,629.8,casual viewer
CUST_00395,0.706232129,1,too expensive,retired individual,premium,high,621.79,family viewer
CUST_00396,0.812888702,1,too expensive,college student,standard,medium,419.94,sports enthusiast
CUST_00397,0.766379977,1,too expensive,working professional,standard,high,376.81,binge watcher
CUST_00398,0.901770369,1,none,working professional,premium,high,683.61,family viewer
CUST_00400,0.835816162,1,too expensive,college student,basic,medium,204.25,sports enthusiast
CUST_00401,0.717932285,1,none,working professional,premium,high,703.37,binge watcher
CUST_00402,0.797254871,1,content not interesting,retired individual,standard,high,403.34,family viewer
CUST_00403,0.79056374,1,no time to watch,working professional,standard,high,355.12,news junkie
CUST_00405,0.842885298,1,too expensive,school student,basic,medium,198.49,family viewer
CUST_00406,0.947769401,1,too expensive,college student,premium,low,630.56,binge watcher
CUST_00407,0.78078463,1,too expensive,retired individual,premium,low,756.55,binge watcher
CUST_00408,0.835765386,1,no time to watch,retired individual,basic,low,153.96,family viewer
CUST_00409,0.750806874,1,none,retired individual,basic,medium,201.85,family viewer
CUST_00411,0.875266478,1,too expensive,retired individual,standard,medium,383.07,sports enthusiast
CUST_00412,0.816877525,1,no time to watch,working professional,basic,high,181.41,sports enthusiast
CUST_00413,0.81179249,1,too expensive,school student,standard,high,386.68,binge watcher
CUST_00414,0.788160526,1,too expensive,retired individual,premium,high,705.12,sports enthusiast
CUST_00415,0.770078742,1,too expensive,college student,standard,high,452.16,binge watcher
CUST_00417,0.864071741,1,too expensive,school student,standard,medium,350.29,casual viewer
CUST_00418,0.948822004,1,too expensive,college student,premium,low,764.42,binge watcher
CUST_00419,0.835041779,1,too expensive,working professional,basic,high,169.98,news junkie
CUST_00420,0.726917028,1,too expensive,school student,premium,low,754.09,binge watcher
CUST_00421,0.810892041,1,technical issues,college student,standard,low,377.83,casual viewer
CUST_00422,0.882660647,1,too expensive,retired individual,premium,medium,777.62,casual viewer
CUST_00423,0.860384883,1,no time to watch,working professional,basic,high,165.97,sports enthusiast
CUST_00424,0.897651666,1,too expensive,working professional,premium,medium,647.81,family viewer
CUST_00425,0.728909902,1,too expensive,retired individual,premium,high,643.34,sports enthusiast
CUST_00427,0.931119939,1,too expensive,retired individual,premium,low,686.33,news junkie
CUST_00428,0.747644361,1,too expensive,working professional,premium,medium,614.7,sports enthusiast
CUST_00429,0.847244086,1,too expensive,retired individual,premium,high,693.15,sports enthusiast
CUST_00430,0.885288302,1,too expensive,college student,standard,low,428.99,casual viewer
CUST_00431,0.749970754,1,too expensive,college student,basic,high,156.33,news junkie
CUST_00432,0.8445142,1,technical issues,college student,standard,low,401.19,news junkie
CUST_00433,0.883648572,1,none,college student,standard,medium,385.34,sports enthusiast
CUST_00435,0.813412249,1,too expensive,college student,standard,medium,453.6,family viewer
CUST_00436,0.746454061,1,too expensive,college student,premium,low,710.82,binge watcher
CUST_00438,0.734166183,1,technical issues,retired individual,basic,medium,184.19,family viewer
CUST_00440,0.853369033,1,none,college student,basic,medium,166.24,binge watcher
CUST_00441,0.866688593,1,too expensive,college student,premium,medium,742.98,family viewer
CUST_00443,0.921159594,1,too expensive,retired individual,premium,low,797.84,sports enthusiast
CUST_00444,0.861777255,1,none,school student,standard,medium,425.32,family viewer
CUST_00445,0.758239706,1,none,college student,standard,high,419.52,binge watcher
CUST_00446,0.857716832,1,none,retired individual,premium,medium,767.27,binge watcher
CUST_00447,0.817475073,1,technical issues,college student,standard,medium,339.92,casual viewer
CUST_00448,0.844142926,1,technical issues,college student,standard,medium,452.77,binge watcher
CUST_00449,0.904023933,1,too expensive,retired individual,standard,medium,459.68,casual viewer
CUST_00450,0.828529956,1,too expensive,college student,basic,medium,205.1,news junkie
CUST_00451,0.782961792,1,too expensive,college student,premium,medium,689.6,news junkie
CUST_00452,0.72046438,1,too expensive,college student,standard,medium,407.83,news junkie
CUST_00453,0.739742262,1,no time to watch,working professional,basic,high,207.15,binge watcher
CUST_00454,0.935387765,1,too expensive,college student,standard,high,406.64,family viewer
CUST_00456,0.866548563,1,too expensive,college student,standard,high,404.98,casual viewer
CUST_00457,0.871775558,1,too expensive,school student,basic,high,226.67,casual viewer
CUST_00459,0.788354831,1,too expensive,retired individual,premium,high,714.53,family viewer
CUST_00460,0.888017355,1,too expensive,working professional,premium,medium,756.94,casual viewer
CUST_00461,0.874162851,1,technical issues,college student,standard,medium,449.65,casual viewer
CUST_00463,0.805417683,1,too expensive,college student,standard,high,369.65,binge watcher
CUST_00464,0.821977265,1,technical issues,retired individual,standard,low,375.36,family viewer
CUST_00466,0.840092287,1,none,school student,standard,low,407.58,family viewer
CUST_00469,0.91823532,1,too expensive,school student,basic,medium,240.63,binge watcher
CUST_00470,0.809093223,1,too expensive,college student,basic,medium,219.94,binge watcher
CUST_00471,0.700216461,1,technical issues,college student,basic,low,172.6,news junkie
CUST_00472,0.86103699,1,technical issues,retired individual,standard,low,396.07,family viewer
CUST_00473,0.797181427,1,technical issues,college student,standard,medium,428.91,sports enthusiast
CUST_00474,0.806818001,1,too expensive,college student,standard,high,445.46,family viewer
CUST_00475,0.877207342,1,none,college student,premium,medium,776.85,news junkie
CUST_00476,0.71649962,1,technical issues,college student,basic,low,216.11,binge watcher
CUST_00477,0.886789117,1,none,college student,basic,low,188.76,family viewer
CUST_00478,0.904710083,1,none,working professional,basic,high,191.33,family viewer
CUST_00479,0.872167382,1,too expensive,college student,premium,high,749.86,news junkie
CUST_00480,0.709627138,1,no time to watch,working professional,basic,high,193.77,news junkie
CUST_00481,0.93041219,1,too expensive,retired individual,premium,low,777.23,binge watcher
CUST_00483,0.735260118,1,none,college student,basic,high,187.16,casual viewer
CUST_00484,0.794623931,1,technical issues,college student,standard,medium,330.25,sports enthusiast
CUST_00485,0.801395186,1,technical issues,college student,basic,low,226.83,casual viewer
CUST_00486,0.748931949,1,technical issues,college student,standard,low,401.67,news junkie
CUST_00487,0.840673527,1,technical issues,school student,basic,medium,199.38,sports enthusiast
CUST_00488,0.766810052,1,too expensive,working professional,premium,medium,701.84,family viewer
CUST_00489,0.79397235,1,none,school student,premium,high,613.88,family viewer
CUST_00490,0.826163092,1,too expensive,retired individual,standard,high,384.81,casual viewer
CUST_00491,0.814303338,1,too expensive,working professional,premium,high,682.6,binge watcher
CUST_00492,0.752754069,1,no time to watch,retired individual,standard,high,391.49,news junkie
CUST_00493,0.837068349,1,no time to watch,working professional,standard,high,360.47,binge watcher
CUST_00494,0.788876117,1,too expensive,college student,premium,medium,723.82,news junkie
CUST_00496,0.76121685,1,too expensive,college student,premium,high,654.69,family viewer
CUST_00497,0.90263781,1,too expensive,college student,premium,high,627.54,binge watcher
CUST_00498,0.727272402,1,none,college student,standard,high,389.5,binge watcher
CUST_00499,0.873726895,1,too expensive,college student,premium,low,689.74,binge watcher
CUST_00500,0.970796328,1,too expensive,college student,basic,medium,228.66,sports enthusiast
CUST_00501,0.846091637,1,no time to watch,school student,standard,low,409.57,binge watcher
CUST_00502,0.854082133,1,content not interesting,school student,standard,high,447.08,family viewer
CUST_00503,0.813585125,1,technical issues,college student,standard,low,341.52,binge watcher
CUST_00505,0.768583866,1,technical issues,college student,basic,medium,184.04,binge watcher
CUST_00506,0.950667427,1,too expensive,working professional,standard,low,426.9,news junkie
CUST_00507,0.846105601,1,technical issues,retired individual,basic,low,174.88,family viewer
CUST_00508,0.825078104,1,no time to watch,working professional,standard,high,412.14,casual viewer
CUST_00509,0.792678843,1,too expensive,working professional,premium,medium,693.51,casual viewer
CUST_00510,0.895872825,1,technical issues,college student,basic,medium,178.02,news junkie
CUST_00511,0.892416563,1,too expensive,retired individual,standard,medium,406.3,family viewer
CUST_00512,0.879137954,1,none,college student,standard,high,429.62,family viewer
CUST_00513,0.927798013,1,too expensive,school student,standard,high,346.96,casual viewer
CUST_00514,0.772864336,1,content not interesting,retired individual,basic,high,225.28,family viewer
CUST_00515,0.873621608,1,none,college student,standard,low,381.84,sports enthusiast
CUST_00516,0.907351456,1,too expensive,college student,standard,medium,360.29,news junkie
CUST_00517,0.738643095,1,technical issues,retired individual,basic,low,146.8,family viewer
CUST_00518,0.886938757,1,no time to watch,working professional,standard,low,370.75,binge watcher
CUST_00519,0.84533425,1,none,college student,premium,low,661.14,news junkie
CUST_00520,0.749395301,1,none,working professional,standard,high,391.03,sports enthusiast
CUST_00521,0.860388874,1,none,retired individual,basic,medium,186.4,news junkie
CUST_00522,0.769813276,1,switched to competitor,college student,basic,high,218.54,casual viewer
CUST_00523,0.739833656,1,none,school student,standard,medium,375.93,casual viewer
CUST_00525,0.74645907,1,switched to competitor,retired individual,standard,high,385.36,news junkie
CUST_00526,0.840822407,1,too expensive,school student,premium,medium,714.1,casual viewer
CUST_00527,0.890483789,1,too expensive,college student,premium,medium,766.01,sports enthusiast
CUST_00528,0.882190256,1,too expensive,school student,premium,high,735.04,news junkie
CUST_00529,0.822889829,1,too expensive,retired individual,standard,low,419.71,sports enthusiast
CUST_00530,0.849228829,1,none,working professional,premium,medium,598.55,sports enthusiast
CUST_00531,0.830450139,1,too expensive,working professional,premium,low,691.69,news junkie
CUST_00532,0.779906303,1,none,working professional,premium,high,703.09,family viewer
CUST_00534,0.727614437,1,too expensive,retired individual,premium,high,707.67,binge watcher
CUST_00535,0.898520854,1,too expensive,college student,premium,high,646.87,casual viewer
CUST_00536,0.754321458,1,content not interesting,college student,basic,high,212.3,binge watcher
CUST_00537,0.806388526,1,technical issues,college student,basic,medium,152.16,casual viewer
CUST_00538,0.84761193,1,too expensive,college student,standard,low,298.92,sports enthusiast
CUST_00540,0.837852463,1,no time to watch,college student,standard,low,366.31,binge watcher
CUST_00541,0.803624024,1,none,working professional,standard,high,378.72,sports enthusiast
CUST_00542,0.930731278,1,too expensive,working professional,basic,high,226.02,binge watcher
CUST_00543,0.858186237,1,too expensive,working professional,premium,medium,646.45,casual viewer
CUST_00544,0.930244305,1,too expensive,retired individual,standard,low,358.87,casual viewer
CUST_00545,0.758483878,1,switched to competitor,college student,standard,high,403.45,sports enthusiast
CUST_00546,0.775296543,1,none,working professional,basic,high,191.49,binge watcher
CUST_00547,0.759782714,1,switched to competitor,retired individual,standard,high,434.02,binge watcher
CUST_00548,0.81010459,1,too expensive,working professional,premium,medium,781.34,sports enthusiast
CUST_00549,0.819944413,1,content not interesting,college student,standard,high,383.32,casual viewer
CUST_00550,0.841056516,1,too expensive,college student,standard,high,406.87,casual viewer
CUST_00551,0.755066834,1,too expensive,retired individual,premium,high,734.64,sports enthusiast
CUST_00554,0.894363924,1,too expensive,working professional,premium,low,758.11,casual viewer
CUST_00555,0.927292586,1,too expensive,working professional,basic,high,189.35,news junkie
CUST_00556,0.864840566,1,no time to watch,retired individual,standard,low,372.63,family viewer
CUST_00557,0.812744157,1,none,working professional,standard,low,346.29,news junkie
CUST_00559,0.881640414,1,too expensive,working professional,basic,medium,182.82,sports enthusiast
CUST_00560,0.840592421,1,too expensive,college student,standard,high,431.28,binge watcher
CUST_00561,0.742034828,1,technical issues,college student,standard,low,374.23,sports enthusiast
CUST_00562,0.798761893,1,too expensive,working professional,premium,low,680.77,news junkie
CUST_00563,0.876970743,1,too expensive,college student,standard,medium,345.87,family viewer
CUST_00564,0.725893684,1,switched to competitor,college student,basic,high,204.64,sports enthusiast
CUST_00565,0.942053247,1,too expensive,college student,basic,low,204.6,casual viewer
CUST_00566,0.766464702,1,none,working professional,premium,low,655.66,news junkie
CUST_00567,0.758926091,1,content not interesting,college student,standard,high,463.58,news junkie
CUST_00569,0.863678025,1,technical issues,college student,standard,low,365.37,sports enthusiast
CUST_00570,0.846553591,1,too expensive,working professional,premium,high,759.13,casual viewer
CUST_00571,0.803743213,1,too expensive,school student,premium,low,780.6,news junkie
CUST_00572,0.753983285,1,too expensive,college student,premium,high,777.77,binge watcher
CUST_00573,0.895615788,1,too expensive,college student,premium,low,711.58,binge watcher
CUST_00575,0.948634043,1,too expensive,working professional,premium,medium,702.21,casual viewer
CUST_00576,0.853381777,1,too expensive,college student,basic,medium,210.36,family viewer
CUST_00577,0.829034299,1,too expensive,college student,premium,medium,643.17,binge watcher
CUST_00578,0.759003894,1,too expensive,school student,premium,high,709.36,sports enthusiast
CUST_00579,0.891481194,1,too expensive,working professional,premium,medium,616.37,binge watcher
CUST_00581,0.899272523,1,too expensive,school student,premium,low,768.98,binge watcher
CUST_00582,0.81451395,1,too expensive,college student,basic,low,199.2,news junkie
CUST_00583,0.79849687,1,none,college student,basic,high,220.06,casual viewer
CUST_00584,0.793497201,1,too expensive,college student,premium,high,776.66,family viewer
CUST_00585,0.755523752,1,switched to competitor,college student,standard,high,360.34,family viewer
CUST_00586,0.767995133,1,switched to competitor,college student,basic,high,203.75,casual viewer
CUST_00587,0.926842945,1,too expensive,working professional,basic,medium,237.58,sports enthusiast
CUST_00590,0.868932177,1,no time to watch,college student,standard,medium,402.01,family viewer
CUST_00591,0.826621027,1,content not interesting,college student,basic,high,229.71,news junkie
CUST_00592,0.84070598,1,none,working professional,premium,medium,758.61,family viewer
CUST_00593,0.731832913,1,none,retired individual,basic,medium,218.89,sports enthusiast
CUST_00594,0.715955064,1,no time to watch,working professional,standard,medium,417.73,sports enthusiast
CUST_00595,0.835709333,1,technical issues,retired individual,standard,low,431.34,family viewer
CUST_00596,0.810118975,1,technical issues,college student,standard,medium,369.8,sports enthusiast
CUST_00597,0.75191269,1,content not interesting,college student,standard,high,389.6,casual viewer
CUST_00598,0.901784577,1,too expensive,college student,premium,low,737.9,family viewer
CUST_00599,0.819700353,1,no time to watch,retired individual,basic,high,201.8,casual viewer
CUST_00600,0.821992662,1,none,school student,basic,high,177.97,family viewer
CUST_00601,0.86231044,1,too expensive,college student,basic,high,199.63,family viewer
CUST_00602,0.729373908,1,too expensive,retired individual,basic,medium,210.77,family viewer
CUST_00603,0.724968281,1,no time to watch,college student,standard,medium,337.55,family viewer
CUST_00604,0.924854228,1,none,working professional,basic,low,206.03,news junkie
CUST_00606,0.789261246,1,no time to watch,retired individual,standard,medium,462.14,casual viewer
CUST_00607,0.759952419,1,technical issues,college student,basic,medium,191.96,casual viewer
CUST_00608,0.891113562,1,none,working professional,premium,low,680.16,binge watcher
CUST_00609,0.832410503,1,none,college student,standard,medium,376.06,family viewer
CUST_00610,0.895975476,1,too expensive,retired individual,standard,high,405.84,sports enthusiast
CUST_00611,0.899099249,1,too expensive,college student,basic,low,180.23,news junkie
CUST_00612,0.747358229,1,none,working professional,premium,high,803.82,binge watcher
CUST_00613,0.907079483,1,too expensive,college student,premium,medium,695.06,sports enthusiast
CUST_00614,0.818972695,1,too expensive,retired individual,premium,high,630.03,binge watcher
CUST_00615,0.905624342,1,technical issues,retired individual,basic,low,160.95,sports enthusiast
CUST_00616,0.85667416,1,too expensive,college student,basic,high,220.88,news junkie
CUST_00617,0.901350241,1,too expensive,retired individual,standard,low,373.3,sports enthusiast
CUST_00618,0.753620706,1,too expensive,college student,standard,high,400.94,sports enthusiast
CUST_00619,0.87848162,1,too expensive,retired individual,premium,medium,804.77,news junkie
CUST_00620,0.848228986,1,no time to watch,college student,basic,medium,188.41,binge watcher
CUST_00621,0.89115619,1,technical issues,working professional,standard,medium,442.55,casual viewer
CUST_00622,0.855475246,1,too expensive,retired individual,premium,high,630.52,casual viewer
CUST_00623,0.861790749,1,switched to competitor,college student,basic,high,241.7,family viewer
CUST_00625,0.796790091,1,technical issues,working professional,standard,low,354.34,binge watcher
CUST_00626,0.83536701,1,no time to watch,retired individual,basic,high,211.7,news junkie
CUST_00628,0.780930006,1,technical issues,retired individual,basic,low,193.79,binge watcher
CUST_00629,0.783031406,1,too expensive,school student,premium,high,661.96,news junkie
CUST_00630,0.714774272,1,too expensive,college student,standard,high,437,binge watcher
CUST_00631,0.766196641,1,switched to competitor,college student,standard,high,382.18,sports enthusiast
CUST_00632,0.819554804,1,switched to competitor,school student,standard,high,345.53,binge watcher
CUST_00633,0.905470966,1,too expensive,working professional,basic,high,148.59,binge watcher
CUST_00634,0.799441608,1,no time to watch,working professional,basic,low,217.64,news junkie
CUST_00637,0.83751436,1,too expensive,working professional,basic,low,212.97,binge watcher
CUST_00638,0.822090916,1,technical issues,retired individual,basic,medium,169.76,family viewer
CUST_00640,0.717072107,1,none,school student,standard,medium,435.72,sports enthusiast
CUST_00641,0.75056527,1,none,working professional,basic,high,149.52,casual viewer
CUST_00642,0.823345288,1,technical issues,college student,basic,medium,215.49,casual viewer
CUST_00643,0.715616585,1,none,college student,standard,medium,385.2,casual viewer
CUST_00644,0.756735442,1,none,college student,basic,medium,205.2,sports enthusiast
CUST_00645,0.84911885,1,technical issues,working professional,standard,low,393.82,sports enthusiast
CUST_00646,0.905538595,1,too expensive,working professional,premium,low,645.4,sports enthusiast
CUST_00648,0.911028339,1,too expensive,retired individual,basic,high,191.95,sports enthusiast
CUST_00649,0.953419097,1,too expensive,working professional,standard,medium,460.81,sports enthusiast
CUST_00650,0.934987251,1,too expensive,working professional,basic,high,172.35,casual viewer
CUST_00651,0.817125826,1,too expensive,retired individual,basic,medium,241.47,binge watcher
CUST_00652,0.777974803,1,technical issues,college student,standard,medium,363.97,sports enthusiast
CUST_00653,0.924738377,1,too expensive,retired individual,standard,low,334.3,binge watcher
CUST_00654,0.765015127,1,too expensive,working professional,basic,medium,220.18,casual viewer
CUST_00655,0.819201202,1,none,school student,standard,medium,393.29,binge watcher
CUST_00656,0.734060525,1,switched to competitor,college student,basic,high,215.76,binge watcher
CUST_00657,0.868725178,1,too expensive,college student,standard,low,441.23,family viewer
CUST_00658,0.754711982,1,no time to watch,college student,standard,high,454.63,sports enthusiast
CUST_00659,0.775077955,1,technical issues,college student,basic,medium,177.11,news junkie
CUST_00661,0.901212813,1,technical issues,college student,standard,low,474.1,sports enthusiast
CUST_00662,0.867403883,1,too expensive,school student,standard,high,375.97,sports enthusiast
CUST_00663,0.848569007,1,too expensive,retired individual,standard,high,401.08,casual viewer
CUST_00664,0.802674537,1,too expensive,retired individual,basic,high,180.78,casual viewer
CUST_00665,0.728444817,1,technical issues,college student,basic,medium,207.53,family viewer
CUST_00666,0.930467878,1,too expensive,retired individual,standard,medium,362.95,binge watcher
CUST_00668,0.750789209,1,none,college student,standard,high,420.19,news junkie
CUST_00669,0.712166248,1,none,college student,standard,medium,396.12,family viewer
CUST_00670,0.789261055,1,too expensive,college student,basic,medium,184.27,sports enthusiast
CUST_00671,0.800773009,1,too expensive,college student,premium,low,792.49,news junkie
CUST_00672,0.747363372,1,none,college student,basic,medium,228.93,casual viewer
CUST_00673,0.827333997,1,too expensive,college student,basic,high,214.88,news junkie
CUST_00674,0.707037162,1,none,college student,basic,medium,179.05,binge watcher
CUST_00676,0.864947347,1,too expensive,college student,basic,high,187.25,sports enthusiast
CUST_00677,0.922120826,1,too expensive,retired individual,standard,low,415.48,news junkie
CUST_00678,0.818840256,1,switched to competitor,working professional,basic,high,202.8,sports enthusiast
CUST_00679,0.846793926,1,none,college student,standard,low,419.45,family viewer
CUST_00680,0.896111444,1,none,working professional,standard,high,381.03,binge watcher
CUST_00681,0.896399898,1,technical issues,college student,standard,low,367.67,sports enthusiast
CUST_00683,0.783752857,1,none,college student,basic,high,169.85,family viewer
CUST_00684,0.764593935,1,content not interesting,retired individual,standard,high,345.98,sports enthusiast
CUST_00685,0.882946558,1,too expensive,working professional,standard,low,453.81,family viewer
CUST_00686,0.776823438,1,too expensive,college student,basic,medium,208.35,sports enthusiast
CUST_00687,0.710437743,1,none,retired individual,basic,high,207.34,casual viewer
CUST_00689,0.821433114,1,too expensive,college student,premium,high,610.44,casual viewer
CUST_00690,0.820492294,1,no time to watch,retired individual,basic,medium,209.48,casual viewer
CUST_00691,0.902425483,1,too expensive,working professional,premium,high,757.49,news junkie
CUST_00693,0.775705584,1,technical issues,school student,standard,medium,346.84,binge watcher
CUST_00694,0.886133614,1,technical issues,retired individual,standard,medium,420.03,binge watcher
CUST_00695,0.835316943,1,too expensive,college student,standard,high,486.19,casual viewer
CUST_00696,0.853636385,1,no time to watch,working professional,basic,medium,237.12,sports enthusiast
CUST_00697,0.890894126,1,technical issues,college student,basic,low,216.8,family viewer
CUST_00698,0.821868725,1,too expensive,working professional,premium,medium,617.63,news junkie
CUST_00699,0.872290342,1,too expensive,retired individual,premium,high,781.34,casual viewer
CUST_00700,0.872394261,1,technical issues,college student,standard,low,363.09,news junkie
CUST_00701,0.786606235,1,too expensive,working professional,standard,medium,441.84,casual viewer
CUST_00702,0.802499029,1,too expensive,retired individual,premium,medium,726.61,casual viewer
CUST_00704,0.851968908,1,too expensive,college student,premium,high,718.01,casual viewer
CUST_00705,0.789464724,1,too expensive,school student,premium,high,692.15,sports enthusiast
CUST_00706,0.878030418,1,technical issues,working professional,basic,low,168.62,news junkie
CUST_00708,0.828058548,1,no time to watch,retired individual,standard,high,378.34,family viewer
CUST_00710,0.807123913,1,no time to watch,college student,basic,medium,225.74,news junkie
CUST_00711,0.926532935,1,too expensive,school student,premium,low,623.56,casual viewer
CUST_00714,0.832200242,1,too expensive,working professional,premium,medium,719.75,casual viewer
CUST_00716,0.759527326,1,technical issues,college student,standard,low,382.37,binge watcher
CUST_00717,0.868922168,1,none,working professional,basic,high,204.44,family viewer
CUST_00718,0.865460451,1,too expensive,working professional,premium,medium,778.37,family viewer
CUST_00719,0.772092539,1,none,college student,standard,high,397.72,casual viewer
CUST_00720,0.761934465,1,none,school student,standard,high,368.05,sports enthusiast
CUST_00721,0.866906194,1,technical issues,retired individual,standard,low,401.81,casual viewer
CUST_00722,0.891153673,1,too expensive,college student,basic,medium,240.93,sports enthusiast
CUST_00723,0.795309093,1,none,retired individual,premium,medium,799.09,sports enthusiast
CUST_00724,0.929103725,1,too expensive,working professional,premium,low,685.29,family viewer
CUST_00725,0.836261274,1,technical issues,retired individual,standard,medium,355.45,casual viewer
CUST_00726,0.86605263,1,none,school student,basic,low,164.86,news junkie
CUST_00727,0.815933304,1,technical issues,college student,standard,medium,342.79,casual viewer
CUST_00728,0.841535646,1,too expensive,retired individual,basic,high,193.21,sports enthusiast
CUST_00729,0.850296708,1,too expensive,working professional,premium,high,781.77,binge watcher
CUST_00730,0.863967894,1,none,school student,basic,high,191.06,sports enthusiast
CUST_00731,0.851991286,1,none,retired individual,standard,high,362.74,sports enthusiast
CUST_00732,0.818862028,1,switched to competitor,retired individual,standard,high,420.46,family viewer
CUST_00733,0.83180629,1,too expensive,college student,standard,low,324.06,sports enthusiast
CUST_00734,0.794058422,1,technical issues,college student,standard,medium,379.08,casual viewer
CUST_00735,0.889177582,1,too expensive,working professional,premium,high,616.32,family viewer
CUST_00736,0.756404889,1,too expensive,retired individual,premium,medium,620.29,family viewer
CUST_00737,0.830767302,1,none,retired individual,basic,high,188.41,family viewer
CUST_00738,0.880987804,1,too expensive,retired individual,standard,low,379.69,news junkie
CUST_00739,0.821297957,1,too expensive,college student,basic,high,222.1,sports enthusiast
CUST_00740,0.751497907,1,none,college student,premium,low,700.1,sports enthusiast
CUST_00741,0.877855492,1,too expensive,college student,basic,high,238.15,sports enthusiast
CUST_00742,0.911975103,1,too expensive,college student,basic,high,164.31,binge watcher
CUST_00743,0.8438495,1,too expensive,working professional,basic,medium,205.1,news junkie
CUST_00744,0.802311289,1,too expensive,working professional,standard,medium,410.24,binge watcher
CUST_00745,0.810165075,1,none,retired individual,standard,high,413.96,casual viewer
CUST_00746,0.707435829,1,too expensive,retired individual,premium,high,692.21,news junkie
CUST_00747,0.823682563,1,too expensive,working professional,premium,medium,769.06,family viewer
CUST_00748,0.755514336,1,content not interesting,working professional,basic,high,211.75,casual viewer
CUST_00749,0.900029836,1,too expensive,retired individual,premium,low,788.56,family viewer
CUST_00750,0.829216836,1,none,college student,premium,high,730,news junkie
CUST_00751,0.852695781,1,too expensive,college student,standard,high,420.74,sports enthusiast
CUST_00753,0.8455131,1,none,college student,premium,low,751.21,binge watcher
CUST_00755,0.716066016,1,no time to watch,school student,basic,low,201.14,news junkie
CUST_00756,0.800414435,1,too expensive,working professional,premium,high,640,casual viewer
CUST_00757,0.750763933,1,too expensive,college student,premium,high,761.71,news junkie
CUST_00758,0.918626846,1,technical issues,college student,standard,low,456.52,sports enthusiast
CUST_00761,0.816149494,1,none,working professional,premium,high,798.98,binge watcher
CUST_00762,0.961606395,1,too expensive,working professional,premium,medium,610.34,binge watcher
CUST_00763,0.764502597,1,too expensive,college student,premium,high,769.34,casual viewer
CUST_00764,0.827475354,1,no time to watch,college student,premium,medium,597.36,family viewer
CUST_00766,0.714918192,1,none,working professional,basic,medium,223.69,family viewer
CUST_00767,0.787968886,1,none,working professional,standard,medium,430.06,sports enthusiast
CUST_00768,0.784686174,1,too expensive,retired individual,premium,medium,708.3,family viewer
CUST_00769,0.81986889,1,too expensive,school student,basic,high,214.63,family viewer
CUST_00771,0.784007965,1,none,working professional,premium,medium,607.96,news junkie
CUST_00772,0.791669238,1,too expensive,retired individual,premium,high,719.38,binge watcher
CUST_00773,0.862198222,1,too expensive,retired individual,premium,medium,689.96,sports enthusiast
CUST_00774,0.793605962,1,too expensive,college student,premium,medium,667.36,casual viewer
CUST_00775,0.792676211,1,content not interesting,college student,standard,high,336.06,news junkie
CUST_00776,0.894714834,1,too expensive,school student,basic,high,167.48,casual viewer
CUST_00777,0.91921253,1,too expensive,school student,premium,medium,682.31,sports enthusiast
CUST_00778,0.914627153,1,too expensive,retired individual,basic,low,183.92,casual viewer
CUST_00781,0.948588045,1,too expensive,working professional,premium,low,776.81,sports enthusiast
CUST_00782,0.760291922,1,switched to competitor,retired individual,standard,high,397.62,news junkie
CUST_00783,0.753448443,1,none,retired individual,basic,medium,181.97,news junkie
CUST_00784,0.877715586,1,no time to watch,college student,basic,medium,234.53,sports enthusiast
CUST_00785,0.876712366,1,content not interesting,working professional,standard,high,414.48,casual viewer
CUST_00786,0.908273418,1,none,working professional,premium,low,774,binge watcher
CUST_00787,0.746899377,1,technical issues,school student,standard,medium,447.61,sports enthusiast
CUST_00788,0.856915621,1,too expensive,retired individual,premium,high,709.01,sports enthusiast
CUST_00790,0.702780974,1,too expensive,school student,premium,medium,690.72,binge watcher
CUST_00791,0.761969361,1,too expensive,retired individual,premium,high,757.02,casual viewer
CUST_00794,0.880983596,1,too expensive,working professional,basic,high,197.42,news junkie
CUST_00795,0.848044201,1,too expensive,college student,premium,medium,688.91,sports enthusiast
CUST_00797,0.895822834,1,none,working professional,standard,high,386.24,binge watcher
CUST_00798,0.753870729,1,too expensive,college student,premium,medium,705.63,casual viewer
CUST_00799,0.88849051,1,too expensive,retired individual,basic,high,156.94,sports enthusiast
CUST_00800,0.853737485,1,too expensive,working professional,premium,low,709.08,sports enthusiast
CUST_00801,0.895530805,1,technical issues,school student,basic,medium,187.93,casual viewer
CUST_00802,0.889851907,1,none,college student,basic,medium,159.87,binge watcher
CUST_00803,0.810590652,1,switched to competitor,retired individual,basic,high,185.59,binge watcher
CUST_00804,0.739761348,1,no time to watch,working professional,basic,high,212.82,family viewer
CUST_00805,0.785627024,1,too expensive,school student,premium,medium,668.76,binge watcher
CUST_00806,0.735991376,1,no time to watch,retired individual,basic,medium,181.54,news junkie
CUST_00807,0.817357536,1,too expensive,college student,basic,medium,224.45,binge watcher
CUST_00808,0.754975217,1,too expensive,working professional,standard,high,370.07,binge watcher
CUST_00810,0.902127163,1,too expensive,college student,premium,high,793.74,binge watcher
CUST_00811,0.824434408,1,switched to competitor,school student,standard,high,392.79,binge watcher
CUST_00812,0.844278841,1,too expensive,school student,standard,medium,440.51,news junkie
CUST_00815,0.841337833,1,too expensive,school student,premium,high,757.49,family viewer
CUST_00816,0.918837009,1,technical issues,retired individual,standard,medium,430.45,family viewer
CUST_00817,0.784630439,1,none,college student,premium,high,630.46,news junkie
CUST_00818,0.752873219,1,no time to watch,working professional,standard,high,350.74,casual viewer
CUST_00819,0.73383395,1,content not interesting,retired individual,standard,high,378.25,family viewer
CUST_00820,0.874329645,1,too expensive,working professional,basic,low,205.19,news junkie
CUST_00821,0.802762722,1,too expensive,college student,premium,low,711.15,casual viewer
CUST_00822,0.82660059,1,none,school student,standard,high,412.38,binge watcher
CUST_00824,0.806021372,1,too expensive,working professional,standard,high,343.79,news junkie
CUST_00825,0.944882874,1,too expensive,college student,standard,low,370.02,casual viewer
CUST_00826,0.751708069,1,too expensive,college student,basic,high,200.17,casual viewer
CUST_00828,0.862825055,1,technical issues,retired individual,standard,low,352.54,family viewer
CUST_00829,0.816072209,1,switched to competitor,working professional,basic,high,193.79,sports enthusiast
CUST_00830,0.816649444,1,no time to watch,retired individual,standard,low,344.86,family viewer
CUST_00832,0.943294425,1,too expensive,school student,standard,medium,444.6,casual viewer
CUST_00835,0.867003662,1,too expensive,college student,premium,medium,693.94,casual viewer
CUST_00836,0.869678891,1,technical issues,college student,basic,low,213.84,family viewer
CUST_00837,0.859015342,1,too expensive,school student,basic,high,243.07,news junkie
CUST_00838,0.871559324,1,technical issues,college student,standard,medium,409.89,news junkie
CUST_00839,0.811104669,1,technical issues,working professional,basic,low,189.86,sports enthusiast
CUST_00841,0.867485418,1,too expensive,retired individual,basic,low,211.82,casual viewer
CUST_00843,0.816388903,1,technical issues,school student,standard,medium,366.56,casual viewer
CUST_00844,0.861202355,1,technical issues,college student,standard,medium,327.42,sports enthusiast
CUST_00845,0.745038746,1,none,college student,basic,medium,195.15,casual viewer
CUST_00846,0.763557107,1,technical issues,college student,basic,medium,201.13,family viewer
CUST_00847,0.835465227,1,no time to watch,school student,basic,low,204.47,family viewer
CUST_00849,0.857209354,1,too expensive,working professional,premium,high,650.04,news junkie
CUST_00850,0.785009517,1,none,retired individual,premium,medium,794.91,casual viewer
CUST_00851,0.855914033,1,technical issues,retired individual,standard,low,427.66,news junkie
CUST_00852,0.892403073,1,too expensive,school student,standard,high,367.94,casual viewer
CUST_00853,0.765084119,1,too expensive,retired individual,basic,high,204.32,news junkie
CUST_00854,0.720312611,1,none,retired individual,basic,medium,225.34,news junkie
CUST_00855,0.887213116,1,too expensive,college student,standard,high,445.61,binge watcher
CUST_00856,0.708594415,1,no time to watch,college student,basic,medium,255.49,family viewer
CUST_00857,0.826616335,1,technical issues,retired individual,standard,medium,385.88,casual viewer
CUST_00858,0.865102037,1,too expensive,retired individual,premium,medium,645.86,binge watcher
CUST_00859,0.851302819,1,too expensive,retired individual,premium,high,626.48,family viewer
CUST_00860,0.831085723,1,too expensive,college student,premium,medium,725.24,binge watcher
CUST_00861,0.850197653,1,too expensive,working professional,basic,high,243.82,binge watcher
CUST_00862,0.838328945,1,too expensive,working professional,basic,low,204.49,binge watcher
CUST_00863,0.900224391,1,technical issues,college student,basic,low,181.46,sports enthusiast
CUST_00864,0.840366834,1,too expensive,working professional,premium,low,621.79,casual viewer
CUST_00866,0.863536835,1,no time to watch,college student,standard,high,368.7,casual viewer
CUST_00867,0.826171309,1,no time to watch,retired individual,standard,high,450.7,binge watcher
CUST_00868,0.858470167,1,too expensive,retired individual,basic,high,175.05,news junkie
CUST_00869,0.775678408,1,no time to watch,working professional,basic,high,208.02,casual viewer
CUST_00870,0.868787058,1,none,retired individual,basic,medium,166.08,family viewer
CUST_00872,0.716564355,1,none,retired individual,standard,high,357.43,family viewer
CUST_00873,0.89371841,1,no time to watch,working professional,standard,medium,448.12,family viewer
CUST_00874,0.794625653,1,no time to watch,college student,standard,medium,382.71,casual viewer
CUST_00875,0.791553476,1,none,college student,standard,medium,358.93,sports enthusiast
CUST_00876,0.806369028,1,content not interesting,college student,basic,high,234.25,binge watcher
CUST_00877,0.830964934,1,none,retired individual,premium,low,637.33,family viewer
CUST_00878,0.870234191,1,none,working professional,basic,high,159.83,sports enthusiast
CUST_00879,0.874227775,1,no time to watch,working professional,basic,medium,198.55,family viewer
CUST_00880,0.840057935,1,too expensive,college student,standard,medium,420.19,sports enthusiast
CUST_00881,0.852477709,1,too expensive,college student,basic,high,217.99,news junkie
CUST_00882,0.957774523,1,too expensive,working professional,standard,low,378.18,casual viewer
CUST_00883,0.938353711,1,none,working professional,premium,medium,732.42,casual viewer
CUST_00884,0.850621941,1,too expensive,college student,premium,high,755.8,casual viewer
CUST_00885,0.908667185,1,too expensive,working professional,premium,high,635.8,family viewer
CUST_00887,0.746936851,1,switched to competitor,college student,standard,high,426.84,casual viewer
CUST_00889,0.830321919,1,content not interesting,college student,basic,high,169.1,binge watcher
CUST_00890,0.720465415,1,technical issues,college student,basic,low,202.2,family viewer
CUST_00891,0.835485331,1,too expensive,working professional,premium,high,745.16,news junkie
CUST_00894,0.712559246,1,too expensive,college student,premium,low,782.37,sports enthusiast
CUST_00895,0.70251342,1,technical issues,college student,basic,medium,226.38,news junkie
CUST_00896,0.92311891,1,too expensive,college student,premium,low,774.29,family viewer
CUST_00897,0.701249748,1,none,college student,premium,high,722.78,casual viewer
CUST_00898,0.810504547,1,too expensive,college student,basic,medium,150.03,sports enthusiast
CUST_00899,0.794671585,1,none,college student,standard,low,357.3,news junkie
CUST_00900,0.905482377,1,too expensive,college student,premium,high,738.14,casual viewer
CUST_00901,0.869039546,1,too expensive,school student,basic,medium,213.31,family viewer
CUST_00904,0.875940253,1,too expensive,college student,standard,low,366.33,binge watcher
CUST_00907,0.860859687,1,too expensive,college student,premium,high,759.98,sports enthusiast
CUST_00909,0.747039227,1,content not interesting,working professional,standard,high,359.86,sports enthusiast
CUST_00910,0.794811616,1,no time to watch,college student,basic,medium,202.01,family viewer
CUST_00911,0.720064733,1,none,college student,standard,high,381.21,news junkie
CUST_00912,0.838314291,1,too expensive,working professional,premium,medium,629.86,news junkie
CUST_00913,0.73570518,1,none,school student,premium,medium,755.07,family viewer
CUST_00914,0.78882253,1,no time to watch,retired individual,standard,high,441.77,news junkie
CUST_00915,0.765919385,1,switched to competitor,college student,standard,high,370.45,casual viewer
CUST_00916,0.821229272,1,technical issues,working professional,basic,medium,224.83,binge watcher
CUST_00917,0.792800197,1,too expensive,college student,standard,medium,347.01,family viewer
CUST_00918,0.898448864,1,too expensive,retired individual,premium,low,646.63,sports enthusiast
CUST_00919,0.899646495,1,too expensive,retired individual,standard,low,387,sports enthusiast
CUST_00921,0.831973039,1,none,school student,standard,low,350.26,sports enthusiast
CUST_00923,0.76340419,1,content not interesting,college student,basic,high,170.55,family viewer
CUST_00924,0.852870626,1,too expensive,college student,basic,high,253.44,binge watcher
CUST_00925,0.742050211,1,too expensive,school student,premium,medium,653.43,casual viewer
CUST_00926,0.910750895,1,content not interesting,college student,standard,high,422.62,family viewer
CUST_00928,0.705663299,1,too expensive,working professional,premium,medium,716.13,sports enthusiast
CUST_00929,0.83257855,1,too expensive,college student,basic,high,216.66,news junkie
CUST_00930,0.753850012,1,too expensive,retired individual,premium,high,637.26,news junkie
CUST_00931,0.716920372,1,too expensive,retired individual,premium,high,684.16,casual viewer
CUST_00933,0.865382772,1,no time to watch,college student,basic,medium,230.09,news junkie
CUST_00934,0.705921784,1,too expensive,retired individual,premium,low,795.03,casual viewer
CUST_00936,0.835043963,1,no time to watch,working professional,basic,low,197.19,news junkie
CUST_00937,0.876280055,1,too expensive,school student,basic,high,199.66,binge watcher
CUST_00938,0.739169084,1,none,retired individual,basic,medium,156.41,family viewer
CUST_00940,0.898444376,1,too expensive,working professional,basic,low,203.96,sports enthusiast
CUST_00941,0.89587125,1,none,working professional,premium,high,771.68,sports enthusiast
CUST_00942,0.799334682,1,switched to competitor,college student,standard,high,363.5,family viewer
CUST_00943,0.837811517,1,too expensive,college student,premium,low,768.33,news junkie
CUST_00944,0.920013155,1,too expensive,college student,premium,high,700.96,news junkie
CUST_00945,0.808932084,1,switched to competitor,college student,standard,high,323.35,news junkie
CUST_00946,0.849325733,1,too expensive,retired individual,premium,medium,777.44,binge watcher
CUST_00949,0.813960127,1,switched to competitor,college student,standard,high,417.89,family viewer
CUST_00950,0.909772615,1,too expensive,college student,premium,medium,707.23,news junkie
CUST_00951,0.801799941,1,too expensive,college student,premium,low,726.46,binge watcher
CUST_00952,0.827433143,1,no time to watch,working professional,basic,medium,219.36,family viewer
CUST_00955,0.926894218,1,no time to watch,working professional,basic,medium,157.58,binge watcher
CUST_00956,0.877620192,1,none,working professional,standard,high,400.35,binge watcher
CUST_00957,0.745749555,1,technical issues,college student,standard,low,333.55,family viewer
CUST_00958,0.92707292,1,too expensive,retired individual,standard,medium,405.94,sports enthusiast
CUST_00959,0.845311949,1,no time to watch,college student,basic,medium,194.12,binge watcher
CUST_00960,0.91226294,1,too expensive,working professional,standard,high,447.91,binge watcher
CUST_00961,0.789205514,1,no time to watch,college student,basic,high,176.99,binge watcher
CUST_00963,0.780947716,1,no time to watch,working professional,basic,medium,188.25,family viewer
CUST_00964,0.880104497,1,too expensive,retired individual,premium,low,622.17,news junkie
CUST_00965,0.91457105,1,too expensive,retired individual,premium,low,711.67,news junkie
CUST_00966,0.914358655,1,too expensive,retired individual,standard,medium,375.67,family viewer
CUST_00967,0.868370238,1,too expensive,working professional,standard,high,402.5,family viewer
CUST_00968,0.820779775,1,switched to competitor,college student,standard,high,356.8,sports enthusiast
CUST_00969,0.842912519,1,none,working professional,basic,medium,217.75,binge watcher
CUST_00970,0.841815044,1,too expensive,working professional,basic,medium,249.87,binge watcher
CUST_00971,0.720492714,1,too expensive,retired individual,premium,low,642.65,news junkie
CUST_00972,0.947840773,1,none,college student,standard,low,387.44,casual viewer
CUST_00973,0.737124542,1,too expensive,retired individual,basic,high,149.9,binge watcher
CUST_00974,0.806028485,1,no time to watch,school student,basic,high,216.45,sports enthusiast
CUST_00975,0.795402078,1,too expensive,college student,standard,high,419,family viewer
CUST_00976,0.890959263,1,technical issues,working professional,standard,medium,398.12,sports enthusiast
CUST_00977,0.926927499,1,no time to watch,working professional,basic,low,190.42,family viewer
CUST_00978,0.747888587,1,too expensive,retired individual,basic,high,208.44,sports enthusiast
CUST_00979,0.790353928,1,none,college student,standard,medium,442.48,binge watcher
CUST_00980,0.8814409,1,too expensive,retired individual,premium,high,774.28,binge watcher
CUST_00981,0.735818448,1,none,college student,premium,medium,710.71,family viewer
CUST_00982,0.748295757,1,too expensive,school student,basic,medium,191.19,sports enthusiast
CUST_00983,0.803326895,1,none,retired individual,standard,low,360.4,casual viewer
CUST_00984,0.739527006,1,too expensive,retired individual,premium,high,789.35,news junkie
CUST_00985,0.764907107,1,none,college student,standard,high,345.47,binge watcher
CUST_00986,0.777262565,1,technical issues,college student,standard,low,363.1,binge watcher
CUST_00987,0.842651684,1,too expensive,retired individual,premium,medium,710.79,news junkie
CUST_00988,0.739557511,1,switched to competitor,college student,standard,high,382.71,family viewer
CUST_00989,0.778519252,1,none,retired individual,standard,high,482.38,sports enthusiast
CUST_00991,0.745375172,1,too expensive,college student,premium,high,758.31,casual viewer
CUST_00992,0.844042552,1,too expensive,working professional,standard,high,384.1,family viewer
CUST_00993,0.878926571,1,no time to watch,working professional,basic,low,170.22,family viewer
CUST_00995,0.842920944,1,switched to competitor,working professional,basic,high,176.49,binge watcher
CUST_00996,0.720399005,1,too expensive,school student,standard,high,399.32,family viewer
CUST_00997,0.72775556,1,switched to competitor,working professional,standard,high,447.19,casual viewer
CUST_00998,0.943009535,1,too expensive,working professional,standard,medium,372.1,binge watcher
CUST_01000,0.804629212,1,technical issues,college student,standard,medium,383.25,sports enthusiast
CUST_01001,0.789284653,1,too expensive,college student,premium,high,781.93,news junkie
CUST_01002,0.883343632,1,no time to watch,college student,standard,low,388.58,sports enthusiast
CUST_01003,0.878265594,1,technical issues,retired individual,basic,low,189.45,casual viewer
CUST_01004,0.71293816,1,none,college student,premium,high,607.52,casual viewer
CUST_01005,0.82750481,1,switched to competitor,retired individual,standard,high,373.76,casual viewer
CUST_01006,0.734076763,1,none,retired individual,standard,medium,408.72,news junkie
CUST_01007,0.925729486,1,technical issues,retired individual,standard,low,459.31,casual viewer
CUST_01010,0.798631531,1,technical issues,college student,basic,low,195.5,casual viewer
CUST_01011,0.851361229,1,too expensive,retired individual,standard,low,393.97,sports enthusiast
CUST_01012,0.795251381,1,too expensive,college student,basic,medium,235.6,news junkie
CUST_01013,0.911716585,1,too expensive,working professional,premium,low,635.44,binge watcher
CUST_01014,0.843969103,1,too expensive,college student,premium,low,634.12,news junkie
CUST_01015,0.735591297,1,none,school student,premium,medium,748.46,casual viewer
CUST_01018,0.880828928,1,too expensive,college student,premium,medium,783.26,casual viewer
CUST_01019,0.825496773,1,technical issues,college student,basic,medium,149.79,news junkie
CUST_01020,0.825956227,1,content not interesting,retired individual,standard,high,474.57,sports enthusiast
CUST_01023,0.817607266,1,too expensive,college student,premium,low,647.62,casual viewer
CUST_01024,0.813926882,1,switched to competitor,college student,standard,high,385.49,casual viewer
CUST_01025,0.861633883,1,no time to watch,working professional,basic,high,181.37,sports enthusiast
CUST_01026,0.814479938,1,technical issues,retired individual,standard,low,333.82,binge watcher
CUST_01029,0.74036604,1,too expensive,retired individual,premium,high,690.58,casual viewer
CUST_01030,0.909430156,1,too expensive,college student,premium,medium,645.67,binge watcher
CUST_01031,0.876398281,1,technical issues,retired individual,basic,medium,241.66,family viewer
CUST_01032,0.895943042,1,too expensive,working professional,standard,medium,372.51,news junkie
CUST_01033,0.921996368,1,too expensive,working professional,standard,high,410.54,sports enthusiast
CUST_01034,0.943180485,1,too expensive,working professional,premium,low,717.7,family viewer
CUST_01035,0.758191408,1,too expensive,working professional,premium,high,733.98,sports enthusiast
CUST_01036,0.890497581,1,too expensive,school student,premium,low,686.4,family viewer
CUST_01037,0.78199976,1,too expensive,college student,standard,medium,393.72,family viewer
CUST_01038,0.918257118,1,technical issues,working professional,basic,medium,172.36,family viewer
CUST_01039,0.929731136,1,no time to watch,working professional,standard,low,425.96,family viewer
CUST_01040,0.715959683,1,no time to watch,retired individual,basic,high,194.95,family viewer
CUST_01041,0.790483064,1,switched to competitor,school student,basic,high,169.57,news junkie
CUST_01042,0.854306442,1,none,college student,standard,low,400.96,casual viewer
CUST_01043,0.74758381,1,none,school student,basic,medium,233.24,sports enthusiast
CUST_01044,0.887677493,1,no time to watch,working professional,standard,medium,435.41,casual viewer
CUST_01046,0.917082103,1,no time to watch,college student,standard,medium,454.98,family viewer
CUST_01047,0.906947976,1,too expensive,school student,standard,medium,363.25,binge watcher
CUST_01048,0.805158574,1,none,college student,standard,low,425.21,binge watcher
CUST_01049,0.786565004,1,no time to watch,retired individual,standard,low,399.08,family viewer
CUST_01050,0.839506753,1,too expensive,college student,standard,high,373.55,sports enthusiast
CUST_01051,0.855247842,1,none,retired individual,premium,medium,697.74,family viewer
CUST_01053,0.777364875,1,no time to watch,working professional,standard,high,466.73,casual viewer
CUST_01054,0.896779995,1,none,college student,basic,medium,182.23,sports enthusiast
CUST_01055,0.70819684,1,no time to watch,retired individual,basic,high,201.81,binge watcher
CUST_01057,0.902153571,1,too expensive,retired individual,premium,high,694.11,binge watcher
CUST_01058,0.766920165,1,technical issues,retired individual,standard,low,407.15,binge watcher
CUST_01059,0.824724646,1,no time to watch,working professional,standard,high,461.2,casual viewer
CUST_01060,0.802007867,1,no time to watch,working professional,standard,high,347.15,sports enthusiast
CUST_01061,0.718547669,1,none,retired individual,standard,high,314.05,news junkie
CUST_01062,0.749957718,1,too expensive,college student,premium,low,605.39,casual viewer
CUST_01063,0.744733662,1,none,school student,premium,high,593.05,sports enthusiast
CUST_01064,0.932316246,1,too expensive,college student,basic,high,218.8,family viewer
CUST_01065,0.764703231,1,too expensive,working professional,premium,high,691.1,family viewer
CUST_01067,0.760735984,1,switched to competitor,school student,basic,high,209.25,sports enthusiast
CUST_01069,0.917419081,1,no time to watch,college student,standard,low,330.78,binge watcher
CUST_01070,0.745142948,1,too expensive,school student,basic,high,192.8,casual viewer
CUST_01073,0.835548605,1,no time to watch,retired individual,standard,medium,370.37,news junkie
CUST_01074,0.824138572,1,too expensive,college student,premium,low,659.61,family viewer
CUST_01075,0.839456634,1,no time to watch,retired individual,basic,medium,208.67,family viewer
CUST_01076,0.731398614,1,none,college student,premium,high,795,news junkie
CUST_01077,0.770112364,1,none,working professional,premium,medium,700.54,news junkie
CUST_01078,0.759620646,1,none,retired individual,basic,medium,243.73,news junkie
CUST_01079,0.80163144,1,none,working professional,basic,medium,183.6,news junkie
CUST_01080,0.849733448,1,too expensive,college student,premium,medium,703.21,sports enthusiast
CUST_01081,0.740666746,1,none,school student,basic,high,196.21,news junkie
CUST_01082,0.807685831,1,too expensive,working professional,premium,high,616.58,sports enthusiast
CUST_01083,0.829403746,1,technical issues,school student,standard,low,394.43,binge watcher
CUST_01084,0.922215595,1,too expensive,working professional,standard,high,384.21,news junkie
CUST_01086,0.721998774,1,none,school student,standard,medium,358.64,news junkie
CUST_01087,0.866395109,1,no time to watch,working professional,basic,high,279.41,casual viewer
CUST_01088,0.749207844,1,none,college student,basic,low,158.24,family viewer
CUST_01091,0.864332895,1,too expensive,working professional,standard,high,406.18,binge watcher
CUST_01093,0.908776771,1,too expensive,college student,premium,low,685.69,news junkie
CUST_01094,0.747035111,1,too expensive,college student,premium,medium,766.52,news junkie
CUST_01095,0.740209512,1,too expensive,college student,premium,medium,774.93,binge watcher
CUST_01096,0.828735913,1,too expensive,college student,standard,medium,369.93,casual viewer
CUST_01097,0.838479956,1,switched to competitor,college student,standard,high,441.04,sports enthusiast
CUST_01100,0.711009715,1,technical issues,college student,standard,medium,396.14,binge watcher
CUST_01101,0.878134206,1,too expensive,school student,standard,low,432.41,sports enthusiast
CUST_01103,0.941272279,1,too expensive,retired individual,basic,high,239.5,sports enthusiast
CUST_01104,0.905560864,1,technical issues,working professional,standard,medium,384.32,family viewer
CUST_01106,0.70636662,1,too expensive,working professional,premium,low,779.09,sports enthusiast
CUST_01107,0.822132697,1,too expensive,school student,basic,high,226.89,binge watcher
CUST_01108,0.79593696,1,too expensive,school student,premium,medium,697.31,sports enthusiast
CUST_01109,0.887940047,1,content not interesting,retired individual,basic,high,241.81,news junkie
CUST_01112,0.816646105,1,technical issues,school student,standard,low,361.26,sports enthusiast
CUST_01116,0.802171823,1,no time to watch,working professional,standard,high,429.67,casual viewer
CUST_01118,0.858623275,1,too expensive,working professional,basic,high,154.71,sports enthusiast
CUST_01119,0.864530357,1,none,retired individual,basic,medium,205.44,casual viewer
CUST_01120,0.713837515,1,none,retired individual,standard,high,427.86,family viewer
CUST_01121,0.726258455,1,no time to watch,school student,standard,medium,405.14,news junkie
CUST_01123,0.926553499,1,too expensive,working professional,premium,high,775.11,casual viewer
CUST_01124,0.748948814,1,no time to watch,working professional,basic,high,226.33,sports enthusiast
CUST_01125,0.935239349,1,too expensive,working professional,standard,low,435.07,sports enthusiast
CUST_01126,0.872532735,1,no time to watch,working professional,basic,medium,246.96,news junkie
CUST_01127,0.779262434,1,too expensive,school student,premium,medium,702.08,news junkie
CUST_01128,0.8546984,1,too expensive,retired individual,premium,medium,683.97,binge watcher
CUST_01131,0.76046061,1,too expensive,college student,premium,medium,681.04,family viewer
CUST_01132,0.828923399,1,none,college student,basic,high,151.02,binge watcher
CUST_01133,0.71695043,1,technical issues,retired individual,standard,medium,380.2,news junkie
CUST_01135,0.71248454,1,technical issues,retired individual,standard,medium,403.07,binge watcher
CUST_01136,0.819944335,1,too expensive,retired individual,premium,medium,726.22,casual viewer
CUST_01137,0.726334928,1,switched to competitor,school student,basic,high,202.22,news junkie
CUST_01138,0.800926136,1,switched to competitor,retired individual,standard,high,419.44,news junkie
CUST_01139,0.773240087,1,technical issues,college student,standard,medium,354.66,binge watcher
CUST_01140,0.844851157,1,technical issues,retired individual,standard,low,367.27,sports enthusiast
CUST_01141,0.844562537,1,technical issues,college student,basic,low,267.21,binge watcher
CUST_01142,0.928918566,1,too expensive,working professional,premium,low,793.59,sports enthusiast
CUST_01144,0.94126619,1,too expensive,college student,premium,low,729.38,news junkie
CUST_01146,0.850743038,1,too expensive,retired individual,standard,medium,435.55,casual viewer
CUST_01147,0.929836336,1,too expensive,school student,standard,low,351.99,casual viewer
CUST_01148,0.806071073,1,no time to watch,working professional,standard,high,425.3,family viewer
CUST_01149,0.839664706,1,technical issues,retired individual,basic,low,197.36,news junkie
CUST_01151,0.916450313,1,no time to watch,working professional,basic,medium,203,sports enthusiast
CUST_01152,0.930469485,1,too expensive,retired individual,standard,medium,399.36,family viewer
CUST_01153,0.911493744,1,too expensive,working professional,standard,high,379.13,casual viewer
CUST_01154,0.7368112,1,technical issues,college student,basic,medium,213.79,casual viewer
CUST_01156,0.782584292,1,too expensive,retired individual,premium,medium,713.31,casual viewer
CUST_01157,0.893049666,1,technical issues,retired individual,basic,medium,182.3,casual viewer
CUST_01158,0.849161237,1,too expensive,retired individual,basic,low,190.02,binge watcher
CUST_01159,0.882866121,1,too expensive,retired individual,basic,medium,185.15,sports enthusiast
CUST_01160,0.80220901,1,switched to competitor,retired individual,basic,high,151.01,casual viewer
CUST_01161,0.907225749,1,too expensive,retired individual,standard,medium,392.01,news junkie
CUST_01162,0.85757636,1,content not interesting,school student,basic,high,209.2,family viewer
CUST_01163,0.77160426,1,too expensive,working professional,premium,high,670.1,news junkie
CUST_01164,0.89000962,1,too expensive,retired individual,basic,low,250.86,sports enthusiast
CUST_01165,0.801719424,1,too expensive,college student,basic,medium,156.37,binge watcher
CUST_01166,0.79056179,1,too expensive,retired individual,premium,medium,714.6,sports enthusiast
CUST_01168,0.846138287,1,none,working professional,basic,medium,223.83,casual viewer
CUST_01169,0.728424881,1,too expensive,school student,premium,high,738.26,family viewer
CUST_01170,0.877825234,1,too expensive,retired individual,premium,medium,726.52,binge watcher
CUST_01171,0.837989795,1,too expensive,college student,premium,medium,661.39,sports enthusiast
CUST_01172,0.849379185,1,too expensive,retired individual,premium,high,652.04,sports enthusiast
CUST_01173,0.810071325,1,none,college student,premium,high,795.17,binge watcher
CUST_01174,0.7627998,1,switched to competitor,college student,standard,high,366.57,sports enthusiast
CUST_01175,0.891963704,1,too expensive,working professional,standard,high,387.16,casual viewer
CUST_01176,0.916174041,1,none,college student,standard,low,421.4,binge watcher
CUST_01177,0.905318709,1,none,college student,premium,low,747.83,binge watcher
CUST_01178,0.786307347,1,technical issues,working professional,basic,medium,193.7,family viewer
CUST_01179,0.941986055,1,too expensive,working professional,basic,low,201.98,casual viewer
CUST_01180,0.73587388,1,too expensive,retired individual,premium,medium,668.94,news junkie
CUST_01181,0.721139242,1,no time to watch,school student,standard,high,350.15,casual viewer
CUST_01182,0.890792154,1,too expensive,school student,standard,high,422.29,binge watcher
CUST_01183,0.859814103,1,too expensive,college student,premium,high,618.44,binge watcher
CUST_01184,0.80548805,1,none,college student,basic,high,212.45,binge watcher
CUST_01186,0.867180277,1,too expensive,retired individual,premium,high,709.12,news junkie
CUST_01187,0.879341151,1,too expensive,school student,standard,low,389.01,family viewer
CUST_01188,0.831526904,1,too expensive,working professional,standard,high,356.94,family viewer
CUST_01189,0.712180678,1,technical issues,school student,basic,medium,159.43,news junkie
CUST_01190,0.836214539,1,too expensive,working professional,standard,medium,310.41,news junkie
CUST_01191,0.939724271,1,none,working professional,standard,low,395.64,family viewer
CUST_01192,0.838792084,1,too expensive,working professional,basic,high,168.69,news junkie
CUST_01193,0.945140717,1,too expensive,working professional,basic,medium,242.4,sports enthusiast
CUST_01194,0.94306844,1,too expensive,working professional,premium,low,771.93,sports enthusiast
CUST_01195,0.80977677,1,none,retired individual,basic,medium,210.47,sports enthusiast
CUST_01196,0.821251565,1,too expensive,college student,standard,medium,402.83,casual viewer
CUST_01197,0.742883369,1,none,school student,standard,high,359.76,news junkie
CUST_01198,0.70432093,1,no time to watch,working professional,basic,medium,223.56,sports enthusiast
CUST_01199,0.782616058,1,too expensive,school student,premium,high,781.07,news junkie
CUST_01200,0.714562437,1,none,working professional,premium,high,743.2,news junkie
CUST_01201,0.705123507,1,none,college student,standard,medium,423.06,family viewer
CUST_01202,0.782736061,1,too expensive,retired individual,standard,medium,323.25,family viewer
CUST_01203,0.754051504,1,too expensive,working professional,standard,high,345.66,casual viewer
CUST_01204,0.852960389,1,too expensive,school student,standard,high,403.12,news junkie
CUST_01205,0.869476366,1,too expensive,retired individual,premium,medium,764.14,sports enthusiast
CUST_01206,0.711807576,1,none,school student,standard,high,361.55,family viewer
CUST_01207,0.894531285,1,too expensive,working professional,premium,low,755.21,sports enthusiast
CUST_01208,0.805878034,1,none,college student,premium,medium,720.68,family viewer
CUST_01209,0.891778521,1,too expensive,working professional,premium,low,658.23,binge watcher
CUST_01211,0.863173541,1,too expensive,college student,premium,low,752.16,sports enthusiast
CUST_01212,0.798841223,1,too expensive,working professional,premium,high,688.9,family viewer
CUST_01215,0.795263773,1,too expensive,college student,standard,medium,358.72,news junkie
CUST_01217,0.795424577,1,too expensive,college student,premium,high,697.38,news junkie
CUST_01218,0.916449437,1,too expensive,retired individual,standard,high,439.02,news junkie
CUST_01219,0.823337417,1,too expensive,college student,standard,medium,400.2,sports enthusiast
CUST_01220,0.880523495,1,no time to watch,working professional,standard,low,449.57,casual viewer
CUST_01222,0.73369957,1,none,college student,basic,high,170.68,sports enthusiast
CUST_01223,0.818436052,1,none,college student,premium,low,669.93,casual viewer
CUST_01224,0.711486411,1,too expensive,retired individual,premium,medium,684.55,family viewer
CUST_01225,0.739517009,1,too expensive,college student,basic,high,151.96,binge watcher
CUST_01226,0.787873983,1,switched to competitor,working professional,basic,high,183.1,casual viewer
CUST_01227,0.849971002,1,none,retired individual,standard,medium,420.51,sports enthusiast
CUST_01228,0.870044425,1,too expensive,retired individual,premium,high,748.5,casual viewer
CUST_01229,0.73262342,1,switched to competitor,school student,standard,high,420.45,sports enthusiast
CUST_01230,0.798779197,1,too expensive,retired individual,premium,high,790.96,sports enthusiast
CUST_01231,0.842476476,1,none,retired individual,basic,high,212.3,sports enthusiast
CUST_01232,0.773807361,1,too expensive,retired individual,basic,high,169.12,casual viewer
CUST_01233,0.834413879,1,none,working professional,basic,low,196.77,family viewer
CUST_01234,0.809883327,1,none,college student,standard,medium,412.52,sports enthusiast
CUST_01235,0.721206756,1,switched to competitor,college student,standard,high,383.32,family viewer
CUST_01236,0.826200269,1,technical issues,college student,standard,low,370.73,family viewer
CUST_01238,0.823490746,1,too expensive,retired individual,premium,low,696.98,family viewer
CUST_01239,0.790919852,1,no time to watch,working professional,basic,high,217.11,family viewer
CUST_01241,0.782562385,1,technical issues,college student,standard,low,440.15,binge watcher
CUST_01243,0.704932153,1,no time to watch,working professional,basic,high,211.87,family viewer
CUST_01244,0.772491241,1,no time to watch,college student,basic,low,243.22,sports enthusiast
CUST_01245,0.897226017,1,too expensive,retired individual,standard,high,330.32,casual viewer
CUST_01247,0.879742813,1,too expensive,college student,premium,medium,715.25,sports enthusiast
CUST_01248,0.767283644,1,none,college student,premium,high,752.51,family viewer
CUST_01249,0.80354759,1,technical issues,retired individual,standard,medium,351.85,binge watcher
CUST_01250,0.950197799,1,too expensive,working professional,basic,low,186.25,casual viewer
CUST_01251,0.825925203,1,too expensive,retired individual,standard,high,382.34,family viewer
CUST_01252,0.816005707,1,switched to competitor,working professional,standard,high,440,family viewer
CUST_01253,0.873083568,1,too expensive,school student,premium,low,783.32,news junkie
CUST_01254,0.809532258,1,too expensive,working professional,basic,high,148.38,news junkie
CUST_01255,0.876313944,1,too expensive,college student,premium,high,616.51,sports enthusiast
CUST_01257,0.79430575,1,no time to watch,working professional,basic,high,168.78,casual viewer
CUST_01258,0.898913463,1,technical issues,retired individual,standard,low,411.25,binge watcher
CUST_01259,0.734992173,1,too expensive,working professional,premium,high,708.28,casual viewer
CUST_01260,0.916012255,1,technical issues,working professional,standard,low,397.5,casual viewer
CUST_01262,0.852910712,1,too expensive,retired individual,standard,high,387.79,binge watcher
CUST_01263,0.848619139,1,too expensive,college student,premium,low,698.32,news junkie
CUST_01264,0.713739264,1,no time to watch,college student,standard,medium,373.12,family viewer
CUST_01265,0.889744349,1,too expensive,working professional,basic,high,186.51,casual viewer
CUST_01266,0.83835637,1,switched to competitor,college student,standard,high,391.14,binge watcher
CUST_01268,0.868904741,1,content not interesting,college student,basic,high,171.68,sports enthusiast
CUST_01269,0.791210735,1,technical issues,college student,standard,medium,344.13,family viewer
CUST_01270,0.839422586,1,no time to watch,working professional,basic,high,223.97,casual viewer
CUST_01272,0.713317116,1,content not interesting,college student,standard,high,342.43,news junkie
CUST_01275,0.825466052,1,too expensive,retired individual,basic,high,179.12,casual viewer
CUST_01276,0.807810168,1,technical issues,college student,basic,low,165.79,sports enthusiast
CUST_01277,0.774594306,1,no time to watch,school student,standard,medium,418.83,news junkie
CUST_01278,0.782437378,1,switched to competitor,college student,basic,high,196.32,casual viewer
CUST_01279,0.911537281,1,none,college student,basic,medium,187.29,sports enthusiast
CUST_01281,0.889547297,1,too expensive,retired individual,standard,low,426.63,binge watcher
CUST_01283,0.801813479,1,none,college student,premium,high,673.55,news junkie
CUST_01284,0.725554942,1,none,school student,basic,high,222.38,binge watcher
CUST_01285,0.960864808,1,none,working professional,standard,low,347.13,sports enthusiast
CUST_01287,0.723884485,1,too expensive,retired individual,premium,low,717.09,sports enthusiast
CUST_01288,0.783088532,1,none,college student,standard,high,447.6,binge watcher
CUST_01289,0.821717922,1,technical issues,college student,standard,low,431.89,news junkie
CUST_01290,0.791413059,1,no time to watch,college student,basic,high,191.77,binge watcher
CUST_01291,0.836149447,1,too expensive,retired individual,premium,medium,691.47,news junkie
CUST_01293,0.854048422,1,too expensive,working professional,standard,medium,433.09,news junkie
CUST_01294,0.841707656,1,too expensive,college student,standard,medium,385.66,casual viewer
CUST_01295,0.906453713,1,none,working professional,standard,high,434.01,family viewer
CUST_01296,0.814530093,1,no time to watch,retired individual,standard,low,388.17,news junkie
CUST_01298,0.816656809,1,content not interesting,working professional,basic,high,187.45,binge watcher
CUST_01299,0.801319026,1,none,working professional,premium,low,669.87,binge watcher
CUST_01300,0.779948586,1,no time to watch,college student,basic,high,184.39,binge watcher
CUST_01301,0.777287956,1,none,college student,premium,high,765.87,casual viewer
CUST_01303,0.727927906,1,technical issues,college student,basic,medium,208.32,binge watcher
CUST_01304,0.809046858,1,technical issues,college student,standard,low,412.39,family viewer
CUST_01305,0.870116495,1,none,working professional,premium,high,636.25,binge watcher
CUST_01306,0.703743397,1,no time to watch,retired individual,standard,high,339.04,news junkie
CUST_01307,0.87464624,1,too expensive,retired individual,standard,medium,347.02,casual viewer
CUST_01308,0.908170612,1,too expensive,retired individual,premium,low,666.31,news junkie
CUST_01309,0.75574429,1,switched to competitor,college student,standard,high,490.33,sports enthusiast
CUST_01310,0.849498571,1,technical issues,college student,basic,medium,182.04,binge watcher
CUST_01311,0.87130809,1,too expensive,college student,standard,high,413.78,family viewer
CUST_01312,0.773366675,1,no time to watch,retired individual,standard,medium,383.36,family viewer
CUST_01313,0.87310886,1,no time to watch,working professional,standard,medium,410.64,news junkie
CUST_01314,0.718224368,1,too expensive,working professional,premium,low,719.95,news junkie
CUST_01315,0.886785407,1,too expensive,retired individual,premium,medium,696,news junkie
CUST_01316,0.847401869,1,none,working professional,standard,high,434.55,casual viewer
CUST_01318,0.906110609,1,too expensive,working professional,basic,medium,213.47,binge watcher
CUST_01319,0.738434063,1,switched to competitor,college student,basic,high,253.12,news junkie
CUST_01320,0.868790338,1,too expensive,college student,premium,low,629.47,sports enthusiast
CUST_01321,0.867762494,1,too expensive,college student,premium,high,703.15,casual viewer
CUST_01323,0.86534292,1,too expensive,college student,standard,medium,349.11,binge watcher
CUST_01324,0.820662968,1,no time to watch,retired individual,standard,high,407.47,news junkie
CUST_01325,0.833713412,1,none,college student,premium,high,670.45,casual viewer
CUST_01326,0.777839294,1,switched to competitor,college student,standard,high,398.49,news junkie
CUST_01327,0.865566645,1,too expensive,college student,premium,medium,720.92,news junkie
CUST_01328,0.766032677,1,too expensive,working professional,premium,medium,619.46,binge watcher
CUST_01329,0.797874832,1,too expensive,retired individual,standard,low,390.69,news junkie
CUST_01330,0.950126982,1,no time to watch,working professional,premium,low,598.69,casual viewer
CUST_01331,0.728150158,1,technical issues,college student,standard,medium,396.77,binge watcher
CUST_01332,0.899800212,1,too expensive,working professional,basic,high,184.89,binge watcher
CUST_01334,0.835951693,1,too expensive,college student,premium,low,618.93,binge watcher
CUST_01335,0.733846903,1,none,working professional,premium,high,669,family viewer
CUST_01336,0.918244801,1,too expensive,working professional,basic,low,235.74,family viewer
CUST_01337,0.789544735,1,none,college student,basic,low,188.27,binge watcher
CUST_01339,0.728269651,1,none,working professional,standard,low,399.56,sports enthusiast
CUST_01340,0.863547075,1,too expensive,college student,standard,medium,398.05,binge watcher
CUST_01341,0.838298895,1,none,retired individual,standard,high,345.91,casual viewer
CUST_01342,0.804106411,1,too expensive,working professional,standard,high,459.66,news junkie
CUST_01343,0.896552971,1,technical issues,school student,standard,low,349.1,casual viewer
CUST_01346,0.9119251,1,too expensive,working professional,premium,high,694.56,sports enthusiast
CUST_01347,0.821111462,1,too expensive,college student,premium,medium,772.48,news junkie
CUST_01348,0.890398448,1,none,college student,premium,medium,699.52,family viewer
CUST_01351,0.892013122,1,too expensive,college student,premium,medium,735.65,casual viewer
CUST_01352,0.821674699,1,too expensive,working professional,premium,medium,707.58,sports enthusiast
CUST_01354,0.839811144,1,none,college student,premium,low,729.3,sports enthusiast
CUST_01355,0.879979825,1,too expensive,college student,standard,medium,434.95,casual viewer
CUST_01356,0.753894965,1,too expensive,college student,premium,high,706.13,family viewer
CUST_01358,0.748929385,1,no time to watch,working professional,standard,medium,424.09,sports enthusiast
CUST_01360,0.791754331,1,none,school student,basic,medium,183.05,casual viewer
CUST_01361,0.878979645,1,too expensive,college student,premium,low,763.16,sports enthusiast
CUST_01363,0.718984553,1,too expensive,retired individual,premium,medium,641.12,casual viewer
CUST_01366,0.832084164,1,content not interesting,college student,basic,high,223.39,sports enthusiast
CUST_01367,0.866997812,1,technical issues,retired individual,basic,low,215.45,binge watcher
CUST_01368,0.882059522,1,none,working professional,standard,low,379.93,family viewer
CUST_01369,0.765749463,1,none,retired individual,standard,high,362.52,binge watcher
CUST_01370,0.719703095,1,switched to competitor,school student,basic,high,201.71,news junkie
CUST_01371,0.76122561,1,technical issues,college student,standard,medium,333.94,sports enthusiast
CUST_01372,0.765892015,1,too expensive,college student,premium,medium,622.93,casual viewer
CUST_01373,0.82558332,1,too expensive,college student,premium,high,628.67,sports enthusiast
CUST_01374,0.735586531,1,technical issues,school student,standard,low,473.11,sports enthusiast
CUST_01376,0.808717926,1,no time to watch,working professional,standard,low,346.77,news junkie
CUST_01377,0.863100293,1,technical issues,college student,standard,medium,361.98,casual viewer
CUST_01378,0.833760939,1,too expensive,working professional,basic,high,187.82,binge watcher
CUST_01379,0.773400404,1,too expensive,retired individual,premium,low,721.47,casual viewer
CUST_01381,0.853195431,1,no time to watch,working professional,standard,high,413.29,news junkie
CUST_01382,0.856374795,1,too expensive,school student,basic,medium,243.17,binge watcher
CUST_01383,0.75782057,1,no time to watch,working professional,basic,high,208.99,sports enthusiast
CUST_01384,0.78880192,1,too expensive,working professional,basic,high,200.35,news junkie
CUST_01385,0.746150352,1,technical issues,retired individual,standard,medium,338.65,sports enthusiast
CUST_01386,0.885523032,1,too expensive,college student,premium,high,760.46,family viewer
CUST_01387,0.731389916,1,technical issues,school student,standard,medium,374.48,sports enthusiast
CUST_01388,0.890777912,1,too expensive,college student,premium,medium,775.31,casual viewer
CUST_01389,0.928612004,1,too expensive,working professional,standard,low,374.33,family viewer
CUST_01391,0.710038816,1,too expensive,school student,premium,high,600.82,binge watcher
CUST_01393,0.8487723,1,too expensive,college student,premium,low,685.1,news junkie
CUST_01394,0.886390605,1,none,college student,standard,low,357.18,news junkie
CUST_01395,0.734164523,1,no time to watch,working professional,standard,high,445.4,family viewer
CUST_01396,0.737063548,1,too expensive,school student,premium,medium,706.62,news junkie
CUST_01398,0.832299733,1,too expensive,college student,premium,high,716.29,family viewer
CUST_01399,0.757148238,1,none,college student,basic,high,244.7,sports enthusiast
CUST_01400,0.790443583,1,too expensive,college student,premium,medium,632.84,sports enthusiast
CUST_01405,0.72229057,1,switched to competitor,college student,standard,high,328.77,family viewer
CUST_01406,0.705669107,1,no time to watch,college student,standard,high,401.94,casual viewer
CUST_01407,0.76430119,1,too expensive,retired individual,premium,medium,710.48,news junkie
CUST_01408,0.822951825,1,no time to watch,college student,standard,medium,435.27,news junkie
CUST_01409,0.886443055,1,too expensive,school student,basic,high,214.47,casual viewer
CUST_01410,0.846590853,1,too expensive,college student,basic,high,189.39,sports enthusiast
CUST_01411,0.795794076,1,technical issues,college student,standard,medium,355.28,casual viewer
CUST_01412,0.83660764,1,too expensive,college student,premium,high,643.85,binge watcher
CUST_01413,0.796465699,1,too expensive,school student,premium,medium,696.38,news junkie
CUST_01414,0.732554372,1,no time to watch,college student,standard,low,341.33,news junkie
CUST_01415,0.901707177,1,too expensive,college student,basic,high,180.11,binge watcher
CUST_01417,0.711683096,1,technical issues,college student,standard,medium,415.72,sports enthusiast
CUST_01418,0.89523296,1,too expensive,working professional,basic,high,138.53,family viewer
CUST_01419,0.784728912,1,none,retired individual,basic,medium,212.34,family viewer
CUST_01420,0.885407822,1,too expensive,working professional,premium,medium,775.37,news junkie
CUST_01421,0.708194301,1,too expensive,college student,basic,high,143.65,casual viewer
CUST_01422,0.827937235,1,too expensive,retired individual,premium,high,630.05,news junkie
CUST_01423,0.810917764,1,too expensive,college student,premium,low,603.06,binge watcher
CUST_01424,0.856036984,1,too expensive,retired individual,standard,high,415.81,news junkie
CUST_01425,0.731801175,1,technical issues,college student,basic,medium,129.53,family viewer
CUST_01426,0.760987979,1,none,school student,premium,high,731.53,sports enthusiast
CUST_01427,0.897054795,1,too expensive,school student,standard,low,348.02,sports enthusiast
CUST_01428,0.826667641,1,technical issues,college student,basic,low,228,casual viewer
CUST_01429,0.706918318,1,too expensive,college student,premium,high,710.34,news junkie
CUST_01430,0.812383663,1,none,college student,basic,medium,143.89,binge watcher
CUST_01431,0.805303162,1,none,retired individual,premium,high,783.1,casual viewer
CUST_01432,0.756250949,1,switched to competitor,college student,standard,high,463.29,family viewer
CUST_01433,0.789375389,1,technical issues,retired individual,standard,medium,428.24,news junkie
CUST_01434,0.738048035,1,none,college student,basic,high,189.47,sports enthusiast
CUST_01435,0.886883531,1,too expensive,college student,standard,medium,382.77,news junkie
CUST_01436,0.834354909,1,too expensive,college student,premium,high,702.89,binge watcher
CUST_01437,0.915788764,1,too expensive,working professional,premium,high,790.65,casual viewer
CUST_01438,0.750476585,1,content not interesting,retired individual,standard,high,453.69,binge watcher
CUST_01439,0.82684653,1,too expensive,working professional,premium,high,744.05,family viewer
CUST_01441,0.76805286,1,no time to watch,college student,standard,high,375.09,casual viewer
CUST_01442,0.900615658,1,too expensive,college student,basic,low,180.28,news junkie
CUST_01443,0.761194697,1,technical issues,college student,basic,low,222.64,binge watcher
CUST_01444,0.747675183,1,too expensive,school student,basic,medium,155.4,binge watcher
CUST_01445,0.907738415,1,too expensive,college student,premium,low,701.15,binge watcher
CUST_01446,0.894333821,1,no time to watch,working professional,basic,medium,222.41,casual viewer
CUST_01447,0.711903596,1,content not interesting,college student,basic,high,181.26,news junkie
CUST_01452,0.815068093,1,technical issues,college student,basic,medium,209.29,casual viewer
CUST_01454,0.851218591,1,too expensive,retired individual,basic,high,216.65,casual viewer
CUST_01455,0.836912774,1,technical issues,working professional,basic,medium,197.9,news junkie
CUST_01456,0.918217121,1,none,working professional,basic,low,189.57,sports enthusiast
CUST_01457,0.820842524,1,too expensive,retired individual,premium,high,620.7,sports enthusiast
CUST_01458,0.839314116,1,too expensive,college student,premium,high,799.45,binge watcher
CUST_01459,0.863283314,1,too expensive,college student,premium,medium,616.36,binge watcher
CUST_01460,0.84609769,1,technical issues,school student,basic,low,206.59,sports enthusiast
CUST_01461,0.815633908,1,technical issues,working professional,standard,medium,399.45,binge watcher
CUST_01462,0.880932093,1,content not interesting,working professional,basic,high,226.16,casual viewer
CUST_01463,0.883624613,1,none,college student,basic,medium,203.48,binge watcher
CUST_01464,0.847553663,1,technical issues,college student,basic,medium,176.4,family viewer
CUST_01465,0.839452814,1,no time to watch,working professional,standard,high,458.4,casual viewer
CUST_01466,0.806696625,1,content not interesting,retired individual,basic,high,195.45,casual viewer
CUST_01467,0.778411629,1,switched to competitor,college student,standard,high,435.67,sports enthusiast
CUST_01469,0.813391368,1,too expensive,college student,premium,low,704.86,casual viewer
CUST_01470,0.857926153,1,technical issues,retired individual,standard,low,440.99,news junkie
CUST_01471,0.791914493,1,no time to watch,working professional,standard,medium,381.94,casual viewer
CUST_01472,0.851115295,1,technical issues,retired individual,basic,medium,196.58,sports enthusiast
CUST_01473,0.77294491,1,too expensive,working professional,premium,medium,773.72,news junkie
CUST_01474,0.810458108,1,too expensive,college student,standard,high,441.6,casual viewer
CUST_01475,0.719862693,1,too expensive,working professional,premium,high,724.91,binge watcher
CUST_01477,0.851658929,1,too expensive,college student,premium,high,764.68,sports enthusiast
CUST_01478,0.92841146,1,too expensive,college student,basic,low,194.82,binge watcher
CUST_01479,0.85480765,1,no time to watch,working professional,standard,medium,359.28,casual viewer
CUST_01480,0.835539198,1,too expensive,school student,premium,high,720.44,news junkie
CUST_01481,0.848012382,1,none,retired individual,premium,medium,760.28,news junkie
CUST_01482,0.839825627,1,too expensive,college student,premium,high,606.38,news junkie
CUST_01483,0.803339916,1,too expensive,retired individual,premium,low,617.36,binge watcher
CUST_01484,0.810030079,1,no time to watch,working professional,basic,low,216.03,news junkie
CUST_01485,0.871192692,1,technical issues,college student,standard,low,430.16,casual viewer
CUST_01487,0.880612195,1,no time to watch,working professional,basic,low,154.29,family viewer
CUST_01488,0.868732137,1,too expensive,retired individual,premium,medium,714.61,binge watcher
CUST_01489,0.764027358,1,none,working professional,premium,high,635.98,casual viewer
CUST_01491,0.921681329,1,too expensive,retired individual,standard,low,407.07,family viewer
CUST_01492,0.786514707,1,switched to competitor,retired individual,basic,high,219.1,sports enthusiast
CUST_01493,0.814998152,1,none,working professional,standard,high,424.25,binge watcher
CUST_01494,0.913051866,1,too expensive,school student,premium,medium,665.52,binge watcher
CUST_01496,0.785376203,1,none,college student,premium,medium,783.39,casual viewer
CUST_01497,0.798401035,1,switched to competitor,college student,standard,high,431.16,news junkie
CUST_01498,0.926347577,1,too expensive,college student,basic,medium,182.8,binge watcher
CUST_01499,0.826095561,1,too expensive,college student,premium,high,668.2,sports enthusiast
CUST_01500,0.836469922,1,none,college student,standard,high,381.3,casual viewer
CUST_01501,0.828998613,1,too expensive,college student,basic,high,195.75,binge watcher
CUST_01502,0.856932425,1,too expensive,working professional,basic,high,144.93,family viewer
CUST_01503,0.84914195,1,too expensive,school student,premium,medium,688.24,binge watcher
CUST_01504,0.87277398,1,too expensive,working professional,basic,high,217.44,binge watcher
CUST_01505,0.818444831,1,switched to competitor,college student,basic,high,171.2,casual viewer
CUST_01507,0.752486934,1,none,working professional,premium,high,613.19,sports enthusiast
CUST_01509,0.818777831,1,none,college student,standard,medium,413.53,news junkie
CUST_01510,0.760623712,1,none,working professional,standard,high,366.44,binge watcher
CUST_01511,0.812751771,1,too expensive,college student,basic,low,212.91,casual viewer
CUST_01512,0.792753435,1,switched to competitor,retired individual,standard,high,362.87,sports enthusiast
CUST_01513,0.829502542,1,too expensive,retired individual,standard,high,484.29,binge watcher
CUST_01514,0.767100927,1,none,college student,standard,high,408.66,news junkie
CUST_01515,0.706397691,1,technical issues,college student,standard,medium,376.36,news junkie
CUST_01517,0.750273027,1,switched to competitor,college student,standard,high,379.37,casual viewer
CUST_01518,0.82961541,1,switched to competitor,retired individual,basic,high,189.11,sports enthusiast
CUST_01519,0.786160742,1,too expensive,working professional,basic,medium,217.36,casual viewer
CUST_01521,0.802703974,1,too expensive,college student,basic,high,202.99,news junkie
CUST_01522,0.712512286,1,no time to watch,working professional,basic,high,198.81,binge watcher
CUST_01523,0.853370578,1,none,retired individual,standard,high,420.77,family viewer
CUST_01524,0.959086296,1,too expensive,college student,premium,low,641.15,casual viewer
CUST_01525,0.859050393,1,none,college student,basic,high,183.41,family viewer
CUST_01526,0.715206469,1,too expensive,retired individual,premium,medium,678.07,news junkie
CUST_01527,0.914603779,1,too expensive,retired individual,basic,low,224.26,sports enthusiast
CUST_01528,0.895715188,1,technical issues,college student,basic,low,226.35,sports enthusiast
CUST_01529,0.821275657,1,none,retired individual,basic,medium,200.76,family viewer
CUST_01530,0.816199271,1,switched to competitor,working professional,standard,high,358.52,binge watcher
CUST_01532,0.86482825,1,none,retired individual,basic,medium,200.49,casual viewer
CUST_01533,0.810105868,1,technical issues,retired individual,standard,medium,445.72,family viewer
CUST_01534,0.783153767,1,content not interesting,college student,basic,high,170.56,casual viewer
CUST_01535,0.760385927,1,too expensive,college student,premium,medium,669.58,news junkie
CUST_01536,0.817641415,1,too expensive,college student,premium,high,743.83,news junkie
CUST_01537,0.861021076,1,too expensive,school student,basic,medium,194.1,family viewer
CUST_01538,0.817093536,1,too expensive,retired individual,basic,high,178.58,binge watcher
CUST_01540,0.864814262,1,too expensive,working professional,premium,medium,623.89,family viewer
CUST_01541,0.886057832,1,too expensive,school student,standard,low,332.67,news junkie
CUST_01542,0.878648348,1,too expensive,working professional,premium,low,675.01,family viewer
CUST_01543,0.707044108,1,none,school student,basic,medium,186.58,family viewer
CUST_01544,0.795129682,1,no time to watch,working professional,standard,high,473.19,binge watcher
CUST_01545,0.768878055,1,technical issues,college student,standard,medium,350.97,news junkie
CUST_01546,0.891069468,1,too expensive,retired individual,basic,medium,245.01,sports enthusiast
CUST_01547,0.750050908,1,none,retired individual,premium,high,761.57,family viewer
CUST_01550,0.818998809,1,too expensive,college student,basic,high,241.54,family viewer
CUST_01551,0.75497652,1,too expensive,college student,premium,medium,643.45,sports enthusiast
CUST_01552,0.860362872,1,none,college student,standard,high,332.98,casual viewer
CUST_01553,0.809957639,1,technical issues,college student,standard,medium,432.9,sports enthusiast
CUST_01554,0.782659159,1,switched to competitor,retired individual,basic,high,200.29,news junkie
CUST_01555,0.785412804,1,none,working professional,standard,high,399.64,binge watcher
CUST_01557,0.928337567,1,too expensive,working professional,standard,medium,423.24,casual viewer
CUST_01558,0.794716386,1,too expensive,retired individual,premium,low,727.18,family viewer
CUST_01559,0.808665272,1,too expensive,college student,premium,low,783.66,news junkie
CUST_01560,0.700232699,1,switched to competitor,retired individual,standard,high,420.68,family viewer
CUST_01561,0.857174043,1,too expensive,retired individual,premium,high,616.58,family viewer
CUST_01562,0.732494119,1,too expensive,college student,basic,high,208.29,family viewer
CUST_01564,0.875256882,1,too expensive,college student,standard,medium,365.26,sports enthusiast
CUST_01565,0.787309386,1,technical issues,retired individual,basic,low,235.86,sports enthusiast
CUST_01566,0.790344835,1,technical issues,college student,standard,medium,475.65,casual viewer
CUST_01567,0.909828728,1,too expensive,working professional,basic,high,239.01,binge watcher
CUST_01568,0.774758452,1,too expensive,school student,premium,medium,768.82,news junkie
CUST_01569,0.732234591,1,too expensive,school student,premium,low,670.86,casual viewer
CUST_01570,0.802391914,1,too expensive,retired individual,standard,high,378.98,binge watcher
CUST_01572,0.90214691,1,technical issues,school student,basic,low,210.66,binge watcher
CUST_01573,0.860221195,1,no time to watch,retired individual,basic,low,224.34,news junkie
CUST_01574,0.865462641,1,too expensive,retired individual,basic,low,192.25,casual viewer
CUST_01576,0.74620189,1,switched to competitor,college student,standard,high,328.42,sports enthusiast
CUST_01577,0.829427847,1,none,college student,basic,medium,179.43,sports enthusiast
CUST_01578,0.824864563,1,technical issues,working professional,basic,medium,189.54,news junkie
CUST_01579,0.926636063,1,none,working professional,standard,low,437.23,family viewer
CUST_01580,0.827046943,1,too expensive,school student,premium,high,642.88,binge watcher
CUST_01581,0.793354756,1,too expensive,school student,premium,medium,621.37,casual viewer
CUST_01582,0.789565376,1,switched to competitor,retired individual,standard,high,466.1,news junkie
CUST_01583,0.738216268,1,none,college student,premium,high,643.1,news junkie
CUST_01584,0.809951779,1,too expensive,college student,standard,high,452.31,sports enthusiast
CUST_01585,0.759416549,1,none,school student,standard,high,387.29,binge watcher
CUST_01586,0.791931456,1,none,college student,basic,medium,212.19,sports enthusiast
CUST_01587,0.700689655,1,none,college student,standard,low,451.27,news junkie
CUST_01590,0.873648426,1,too expensive,working professional,premium,medium,790.32,binge watcher
CUST_01591,0.847003682,1,too expensive,school student,standard,high,401.77,binge watcher
CUST_01592,0.889626805,1,too expensive,college student,standard,low,396.44,news junkie
CUST_01594,0.896980389,1,too expensive,working professional,premium,medium,777.85,family viewer
CUST_01595,0.748578306,1,switched to competitor,working professional,basic,high,176.9,casual viewer
CUST_01596,0.740367669,1,switched to competitor,retired individual,standard,high,408.27,casual viewer
CUST_01597,0.85068253,1,too expensive,working professional,premium,low,786.67,sports enthusiast
CUST_01598,0.740696195,1,switched to competitor,retired individual,basic,high,170.64,binge watcher
CUST_01599,0.891391328,1,too expensive,college student,standard,low,424.47,family viewer
CUST_01600,0.825226084,1,no time to watch,school student,standard,high,490.07,sports enthusiast
CUST_01601,0.788737361,1,technical issues,college student,basic,low,259.21,family viewer
CUST_01602,0.817375821,1,too expensive,school student,standard,medium,404.89,sports enthusiast
CUST_01603,0.826386597,1,none,working professional,premium,high,609.08,casual viewer
CUST_01604,0.766823381,1,too expensive,college student,premium,high,762.62,binge watcher
CUST_01605,0.783065386,1,no time to watch,working professional,standard,low,355.38,family viewer
CUST_01606,0.800077997,1,too expensive,college student,basic,medium,208.53,binge watcher
CUST_01607,0.895311492,1,none,working professional,basic,high,213.75,family viewer
CUST_01608,0.856448143,1,switched to competitor,college student,standard,high,467.9,binge watcher
CUST_01609,0.878378979,1,too expensive,working professional,basic,high,243.03,news junkie
CUST_01610,0.70746317,1,none,retired individual,basic,high,167.69,binge watcher
CUST_01611,0.949287066,1,too expensive,working professional,premium,medium,764.24,sports enthusiast
CUST_01612,0.707575039,1,no time to watch,working professional,basic,high,244.06,family viewer
CUST_01613,0.850226957,1,too expensive,college student,premium,low,696.07,family viewer
CUST_01614,0.852897859,1,too expensive,college student,standard,high,366.4,binge watcher
CUST_01616,0.7119995,1,none,retired individual,premium,high,717.69,family viewer
CUST_01617,0.798256784,1,too expensive,retired individual,basic,high,184.36,sports enthusiast
CUST_01618,0.870492367,1,too expensive,retired individual,premium,high,620.44,news junkie
CUST_01620,0.875908583,1,content not interesting,working professional,basic,high,160.24,news junkie
CUST_01621,0.808295724,1,technical issues,college student,standard,medium,452.25,family viewer
CUST_01623,0.749774585,1,too expensive,college student,premium,high,639.03,news junkie
CUST_01624,0.926488538,1,too expensive,working professional,standard,high,363.64,family viewer
CUST_01626,0.829588416,1,too expensive,working professional,standard,medium,347.78,family viewer
CUST_01627,0.766998494,1,none,retired individual,standard,medium,467.83,binge watcher
CUST_01628,0.90710738,1,too expensive,college student,standard,high,467.53,binge watcher
CUST_01630,0.903383945,1,technical issues,retired individual,basic,medium,220.09,sports enthusiast
CUST_01631,0.724952862,1,too expensive,working professional,premium,high,707.02,family viewer
CUST_01632,0.757953184,1,technical issues,college student,standard,medium,451.48,casual viewer
CUST_01633,0.94717208,1,too expensive,retired individual,standard,low,381.48,news junkie
CUST_01634,0.899245713,1,too expensive,college student,standard,medium,432.99,casual viewer
CUST_01635,0.840760961,1,none,retired individual,premium,medium,648.89,sports enthusiast
CUST_01636,0.732653678,1,none,working professional,premium,low,674.75,sports enthusiast
CUST_01637,0.783620872,1,too expensive,working professional,premium,medium,719.57,family viewer
CUST_01638,0.828397135,1,too expensive,working professional,premium,medium,750.41,news junkie
CUST_01640,0.8294868,1,none,school student,standard,high,434.43,casual viewer
CUST_01641,0.838590795,1,none,retired individual,basic,medium,189.99,casual viewer
CUST_01642,0.776951284,1,none,working professional,premium,high,793.47,family viewer
CUST_01644,0.917202157,1,too expensive,retired individual,premium,low,634.06,binge watcher
CUST_01646,0.879131163,1,too expensive,retired individual,basic,high,177.74,casual viewer
CUST_01647,0.80892836,1,too expensive,retired individual,basic,high,189.45,casual viewer
CUST_01648,0.793137447,1,switched to competitor,working professional,standard,high,364.85,binge watcher
CUST_01649,0.835482879,1,technical issues,college student,standard,low,422.97,casual viewer
CUST_01652,0.79155343,1,technical issues,school student,basic,medium,211.84,casual viewer
CUST_01653,0.895919702,1,too expensive,retired individual,premium,medium,732.21,casual viewer
CUST_01654,0.720211944,1,technical issues,college student,standard,low,351.49,binge watcher
CUST_01655,0.893797504,1,technical issues,college student,standard,medium,365.14,casual viewer
CUST_01656,0.824021527,1,too expensive,college student,basic,low,191.63,news junkie
CUST_01658,0.891078421,1,technical issues,college student,basic,low,211.12,sports enthusiast
CUST_01659,0.750758599,1,too expensive,retired individual,basic,high,189.31,family viewer
CUST_01660,0.896367388,1,too expensive,working professional,standard,high,370.16,sports enthusiast
CUST_01661,0.806567972,1,technical issues,college student,basic,medium,200.23,family viewer
CUST_01663,0.783560775,1,none,college student,premium,medium,777.71,family viewer
CUST_01664,0.848679796,1,too expensive,retired individual,standard,high,395.91,casual viewer
CUST_01665,0.796366521,1,technical issues,college student,basic,medium,148.81,binge watcher
CUST_01666,0.748105156,1,switched to competitor,working professional,standard,high,363.26,family viewer
CUST_01667,0.851992088,1,technical issues,working professional,basic,medium,174.02,news junkie
CUST_01668,0.880773881,1,too expensive,college student,standard,high,431.77,sports enthusiast
CUST_01669,0.912542257,1,too expensive,college student,premium,medium,619.36,sports enthusiast
CUST_01670,0.879135308,1,too expensive,retired individual,standard,high,386.02,family viewer
CUST_01671,0.804655533,1,too expensive,college student,basic,medium,258.86,news junkie
CUST_01672,0.915216256,1,no time to watch,working professional,standard,medium,396.21,news junkie
CUST_01673,0.761168531,1,too expensive,college student,premium,high,746.63,family viewer
CUST_01674,0.806417987,1,no time to watch,working professional,standard,medium,439.49,sports enthusiast
CUST_01675,0.745553744,1,content not interesting,working professional,standard,high,424.1,binge watcher
CUST_01676,0.799771974,1,content not interesting,retired individual,standard,high,395.72,news junkie
CUST_01677,0.806895369,1,too expensive,school student,standard,high,405.77,binge watcher
CUST_01678,0.912004592,1,too expensive,college student,standard,low,386.88,family viewer
CUST_01679,0.940971334,1,too expensive,retired individual,standard,low,405.72,sports enthusiast
CUST_01681,0.867901592,1,none,college student,standard,high,443.41,casual viewer
CUST_01683,0.725943961,1,none,college student,premium,medium,773,sports enthusiast
CUST_01684,0.857161802,1,switched to competitor,working professional,standard,high,438.47,binge watcher
CUST_01685,0.880412115,1,no time to watch,retired individual,standard,high,427.21,sports enthusiast
CUST_01686,0.92438216,1,too expensive,working professional,basic,medium,161.55,casual viewer
CUST_01687,0.726499891,1,switched to competitor,college student,basic,high,196.74,family viewer
CUST_01688,0.872423323,1,too expensive,college student,premium,high,616.92,sports enthusiast
CUST_01689,0.819659907,1,no time to watch,retired individual,standard,medium,396.68,sports enthusiast
CUST_01690,0.727685764,1,too expensive,retired individual,premium,high,717.96,binge watcher
CUST_01692,0.720923922,1,no time to watch,working professional,basic,high,207.83,sports enthusiast
CUST_01693,0.801908227,1,too expensive,working professional,standard,medium,407.43,binge watcher
CUST_01694,0.841601042,1,no time to watch,retired individual,standard,low,380.42,family viewer
CUST_01695,0.905081637,1,technical issues,college student,basic,medium,159.44,news junkie
CUST_01698,0.731600893,1,none,school student,basic,high,173.31,casual viewer
CUST_01699,0.806779955,1,too expensive,working professional,standard,high,368.43,binge watcher
CUST_01700,0.902556502,1,too expensive,working professional,premium,low,769.75,binge watcher
CUST_01701,0.847485416,1,technical issues,college student,basic,medium,218.09,binge watcher
CUST_01702,0.732454353,1,none,school student,standard,high,427.44,news junkie
CUST_01703,0.764261341,1,technical issues,college student,standard,medium,363.93,sports enthusiast
CUST_01704,0.778628433,1,technical issues,college student,standard,low,393.29,sports enthusiast
CUST_01705,0.8923762,1,content not interesting,college student,basic,high,179.75,sports enthusiast
CUST_01706,0.79222127,1,none,school student,premium,high,635.59,sports enthusiast
CUST_01707,0.756330468,1,too expensive,school student,basic,low,149.75,news junkie
CUST_01708,0.875707714,1,too expensive,college student,premium,high,682.03,casual viewer
CUST_01709,0.798840143,1,technical issues,school student,standard,low,455.05,family viewer
CUST_01710,0.888100931,1,too expensive,college student,standard,low,369.45,family viewer
CUST_01711,0.806859806,1,too expensive,retired individual,premium,high,679.92,family viewer
CUST_01712,0.776832345,1,too expensive,college student,premium,high,729.62,binge watcher
CUST_01713,0.823373984,1,content not interesting,college student,basic,high,195.08,binge watcher
CUST_01714,0.856884234,1,content not interesting,school student,standard,high,376.55,binge watcher
CUST_01715,0.714491529,1,technical issues,school student,standard,medium,398.14,binge watcher
CUST_01716,0.731556123,1,switched to competitor,retired individual,standard,high,468.88,binge watcher
CUST_01717,0.935565698,1,technical issues,working professional,basic,low,167.18,sports enthusiast
CUST_01719,0.860492638,1,too expensive,college student,premium,medium,704.06,news junkie
CUST_01720,0.823898023,1,technical issues,school student,standard,medium,431.68,sports enthusiast
CUST_01721,0.832742832,1,technical issues,retired individual,basic,medium,185.51,news junkie
CUST_01722,0.745345299,1,no time to watch,working professional,standard,high,356.82,news junkie
CUST_01723,0.873518432,1,no time to watch,college student,basic,low,211.8,family viewer
CUST_01724,0.872155211,1,technical issues,college student,standard,low,436.81,binge watcher
CUST_01725,0.879737189,1,none,college student,basic,medium,183.76,binge watcher
CUST_01726,0.874547384,1,technical issues,college student,standard,low,427.69,sports enthusiast
CUST_01727,0.913163148,1,none,college student,standard,low,440.98,sports enthusiast
CUST_01729,0.730322344,1,technical issues,college student,standard,low,399.51,casual viewer
CUST_01730,0.793932665,1,technical issues,retired individual,basic,medium,229.6,sports enthusiast
CUST_01731,0.7745109,1,switched to competitor,college student,standard,high,370.29,casual viewer
CUST_01732,0.830079483,1,no time to watch,retired individual,standard,high,438.77,sports enthusiast
CUST_01733,0.889816509,1,too expensive,college student,standard,low,423.19,news junkie
CUST_01734,0.874399252,1,too expensive,college student,basic,low,176.36,family viewer
CUST_01735,0.880966615,1,too expensive,working professional,premium,high,647.67,casual viewer
CUST_01737,0.953564979,1,technical issues,working professional,standard,low,395.78,binge watcher
CUST_01738,0.941150605,1,none,retired individual,premium,high,640.23,casual viewer
CUST_01739,0.926029813,1,too expensive,college student,standard,low,402.44,news junkie
CUST_01740,0.779437853,1,switched to competitor,working professional,standard,high,452.21,binge watcher
CUST_01741,0.920818925,1,too expensive,retired individual,premium,medium,760.73,family viewer
CUST_01743,0.83805884,1,too expensive,college student,premium,high,714.53,binge watcher
CUST_01744,0.884906657,1,technical issues,working professional,basic,low,186.8,sports enthusiast
CUST_01746,0.846482639,1,technical issues,retired individual,basic,medium,225.41,news junkie
CUST_01747,0.838957884,1,no time to watch,college student,basic,high,205.93,news junkie
CUST_01750,0.888311798,1,too expensive,retired individual,premium,high,593.22,family viewer
CUST_01751,0.778822245,1,none,college student,standard,high,372.02,news junkie
CUST_01752,0.893711365,1,no time to watch,school student,basic,low,208.79,news junkie
CUST_01754,0.928733242,1,too expensive,college student,basic,low,217.26,news junkie
CUST_01756,0.921185144,1,too expensive,working professional,basic,medium,165.02,casual viewer
CUST_01757,0.765599106,1,none,retired individual,standard,high,358.98,family viewer
CUST_01758,0.70542872,1,switched to competitor,school student,standard,high,364.12,news junkie
CUST_01759,0.765061361,1,too expensive,college student,premium,high,679.88,binge watcher
CUST_01760,0.804779046,1,none,working professional,standard,medium,439.3,sports enthusiast
CUST_01761,0.886039393,1,too expensive,college student,premium,high,715.21,family viewer
CUST_01762,0.827883989,1,none,college student,premium,medium,773.49,binge watcher
CUST_01763,0.816908901,1,none,college student,basic,low,219.75,casual viewer
CUST_01764,0.821144361,1,too expensive,working professional,premium,high,755.45,binge watcher
CUST_01765,0.744557495,1,too expensive,college student,premium,high,633.44,binge watcher
CUST_01766,0.705270319,1,switched to competitor,retired individual,basic,high,190.19,casual viewer
CUST_01767,0.808638722,1,too expensive,college student,premium,low,616.65,binge watcher
CUST_01768,0.932936774,1,too expensive,school student,premium,low,694.3,binge watcher
CUST_01769,0.86412752,1,none,retired individual,premium,low,673.49,news junkie
CUST_01770,0.713341153,1,none,retired individual,standard,high,384.28,sports enthusiast
CUST_01771,0.792582062,1,no time to watch,school student,premium,high,587.55,binge watcher
CUST_01772,0.838479716,1,content not interesting,retired individual,standard,high,432.81,family viewer
CUST_01773,0.886889489,1,too expensive,retired individual,basic,high,208.54,sports enthusiast
CUST_01775,0.79230837,1,too expensive,retired individual,premium,medium,685.97,binge watcher
CUST_01776,0.894893036,1,too expensive,college student,premium,high,720.62,casual viewer
CUST_01777,0.853559125,1,none,college student,premium,low,677.55,casual viewer
CUST_01778,0.890395885,1,too expensive,school student,premium,high,638.38,sports enthusiast
CUST_01779,0.883172669,1,too expensive,college student,premium,low,707.03,family viewer
CUST_01780,0.889821517,1,too expensive,retired individual,basic,high,150.33,family viewer
CUST_01781,0.871736621,1,too expensive,retired individual,basic,medium,238.52,casual viewer
CUST_01782,0.818127933,1,technical issues,retired individual,standard,medium,396.17,binge watcher
CUST_01783,0.72554317,1,too expensive,working professional,premium,high,662.07,news junkie
CUST_01784,0.795055321,1,too expensive,college student,standard,high,464.89,casual viewer
CUST_01785,0.84026108,1,too expensive,college student,premium,medium,652.11,binge watcher
CUST_01786,0.841646083,1,too expensive,college student,premium,high,709.77,sports enthusiast
CUST_01787,0.889359363,1,too expensive,college student,standard,high,401.33,news junkie
CUST_01788,0.83626336,1,none,college student,standard,medium,351.3,sports enthusiast
CUST_01789,0.892127892,1,none,working professional,premium,medium,625.97,news junkie
CUST_01791,0.790543695,1,technical issues,college student,standard,low,414.6,family viewer
CUST_01792,0.9243264,1,too expensive,working professional,premium,low,749.19,casual viewer
CUST_01793,0.779441042,1,technical issues,college student,basic,medium,220.36,news junkie
CUST_01795,0.733212763,1,none,retired individual,basic,medium,167.08,sports enthusiast
CUST_01796,0.714276846,1,no time to watch,college student,basic,high,206.01,sports enthusiast
CUST_01797,0.829139644,1,no time to watch,retired individual,standard,high,449.56,family viewer
CUST_01798,0.82980842,1,technical issues,college student,standard,medium,402.89,binge watcher
CUST_01799,0.899943693,1,too expensive,school student,basic,medium,198.75,binge watcher
CUST_01800,0.722600839,1,too expensive,retired individual,premium,high,658.3,casual viewer
CUST_01801,0.794137388,1,too expensive,school student,basic,medium,204.7,sports enthusiast
CUST_01802,0.842335591,1,none,college student,standard,medium,407.12,news junkie
CUST_01803,0.849706131,1,none,school student,basic,low,235.71,family viewer
CUST_01804,0.811944999,1,none,working professional,standard,high,440.25,sports enthusiast
CUST_01805,0.785107988,1,too expensive,retired individual,premium,medium,608.87,sports enthusiast
CUST_01807,0.771696465,1,too expensive,college student,standard,high,377.49,binge watcher
CUST_01808,0.81478322,1,too expensive,retired individual,standard,medium,408.66,news junkie
CUST_01809,0.849279261,1,technical issues,school student,standard,low,457.68,news junkie
CUST_01810,0.890381108,1,no time to watch,working professional,basic,medium,253.71,casual viewer
CUST_01811,0.871798183,1,too expensive,working professional,premium,high,686.95,sports enthusiast
CUST_01812,0.934295715,1,too expensive,college student,premium,low,777.71,casual viewer
CUST_01813,0.905688687,1,too expensive,working professional,basic,medium,216.28,binge watcher
CUST_01814,0.84620457,1,none,college student,premium,high,769.95,news junkie
CUST_01815,0.917082168,1,technical issues,college student,standard,low,456.78,casual viewer
CUST_01816,0.81115248,1,too expensive,retired individual,standard,low,429.53,family viewer
CUST_01817,0.738579475,1,none,college student,standard,high,377.38,news junkie
CUST_01818,0.740473448,1,none,college student,basic,high,176.84,casual viewer
CUST_01819,0.718733258,1,technical issues,school student,basic,medium,214.33,casual viewer
CUST_01821,0.777126946,1,too expensive,college student,premium,high,766.7,binge watcher
CUST_01822,0.70108214,1,switched to competitor,school student,standard,high,374.16,sports enthusiast
CUST_01823,0.857431749,1,technical issues,retired individual,standard,low,445.06,casual viewer
CUST_01824,0.840447478,1,too expensive,working professional,basic,high,169.12,news junkie
CUST_01825,0.783790643,1,technical issues,college student,standard,medium,416.35,sports enthusiast
CUST_01826,0.79908932,1,too expensive,college student,premium,medium,622.6,sports enthusiast
CUST_01827,0.768536694,1,too expensive,retired individual,premium,medium,770.04,binge watcher
CUST_01828,0.890845105,1,technical issues,college student,standard,low,373.67,casual viewer
CUST_01829,0.889483705,1,no time to watch,retired individual,basic,low,187.08,casual viewer
CUST_01830,0.854109305,1,content not interesting,working professional,basic,high,161.24,sports enthusiast
CUST_01831,0.731351254,1,too expensive,retired individual,premium,high,681.4,news junkie
CUST_01832,0.940298871,1,too expensive,college student,premium,medium,800.78,casual viewer
CUST_01833,0.948731399,1,too expensive,college student,basic,low,230.11,casual viewer
CUST_01834,0.881929893,1,too expensive,college student,premium,high,625.73,casual viewer
CUST_01835,0.743085716,1,switched to competitor,working professional,standard,high,406.18,news junkie
CUST_01837,0.853883952,1,too expensive,working professional,premium,medium,642.49,sports enthusiast
CUST_01838,0.805244933,1,switched to competitor,college student,standard,high,426.1,news junkie
CUST_01840,0.934038212,1,too expensive,college student,premium,medium,775.72,news junkie
CUST_01842,0.837824074,1,switched to competitor,college student,basic,high,156.87,casual viewer
CUST_01843,0.748789062,1,too expensive,school student,premium,high,640.67,binge watcher
CUST_01845,0.836551149,1,too expensive,retired individual,premium,medium,705.93,casual viewer
CUST_01846,0.908655431,1,too expensive,working professional,basic,high,195.62,casual viewer
CUST_01847,0.733088357,1,switched to competitor,working professional,standard,high,369.79,family viewer
CUST_01848,0.767519291,1,switched to competitor,retired individual,basic,high,177.94,news junkie
CUST_01849,0.933466199,1,no time to watch,working professional,standard,high,342.2,sports enthusiast
CUST_01850,0.822272342,1,too expensive,college student,basic,high,173.54,binge watcher
CUST_01851,0.757155832,1,no time to watch,working professional,standard,high,332.1,binge watcher
CUST_01852,0.840028064,1,no time to watch,working professional,standard,high,344.96,news junkie
CUST_01853,0.765942983,1,switched to competitor,retired individual,standard,high,468.13,sports enthusiast
CUST_01854,0.831170975,1,technical issues,retired individual,standard,medium,409.09,binge watcher
CUST_01856,0.749201629,1,none,college student,standard,high,356.67,sports enthusiast
CUST_01857,0.835361976,1,too expensive,college student,standard,medium,450.99,sports enthusiast
CUST_01858,0.877899333,1,none,college student,basic,medium,238.71,family viewer
CUST_01859,0.773815305,1,too expensive,college student,premium,high,794.42,casual viewer
CUST_01860,0.704914961,1,too expensive,working professional,standard,high,454.18,family viewer
CUST_01861,0.719971487,1,no time to watch,working professional,basic,high,181.17,news junkie
CUST_01862,0.732718708,1,technical issues,working professional,basic,low,183.23,casual viewer
CUST_01863,0.887714811,1,no time to watch,working professional,basic,medium,210.63,casual viewer
CUST_01864,0.770204944,1,too expensive,retired individual,premium,low,622.03,binge watcher
CUST_01866,0.86203689,1,none,retired individual,basic,high,214.37,sports enthusiast
CUST_01868,0.799888957,1,none,college student,standard,high,420.96,sports enthusiast
CUST_01869,0.816287955,1,too expensive,retired individual,premium,medium,691.93,casual viewer
CUST_01870,0.899366956,1,too expensive,working professional,premium,medium,784.13,binge watcher
CUST_01871,0.904644267,1,no time to watch,working professional,basic,high,199,binge watcher
CUST_01872,0.725063468,1,technical issues,retired individual,standard,medium,410.54,news junkie
CUST_01875,0.835528501,1,too expensive,school student,premium,medium,680.9,sports enthusiast
CUST_01877,0.800620914,1,too expensive,working professional,premium,high,611.58,news junkie
CUST_01878,0.815355347,1,too expensive,school student,premium,medium,762.41,sports enthusiast
CUST_01881,0.885677795,1,none,college student,basic,low,187.04,sports enthusiast
CUST_01882,0.87995855,1,too expensive,college student,standard,high,359.21,news junkie
CUST_01884,0.900101345,1,too expensive,college student,basic,low,168.91,casual viewer
CUST_01885,0.862755522,1,too expensive,retired individual,standard,high,476.13,binge watcher
CUST_01886,0.818042239,1,none,working professional,standard,high,377.13,family viewer
CUST_01887,0.793052061,1,switched to competitor,college student,standard,high,407.73,sports enthusiast
CUST_01888,0.823720823,1,switched to competitor,working professional,standard,high,425.45,family viewer
CUST_01889,0.858058852,1,too expensive,working professional,premium,medium,690.29,news junkie
CUST_01890,0.934363266,1,no time to watch,college student,basic,low,186.16,binge watcher
CUST_01892,0.86656989,1,none,working professional,standard,high,397.07,news junkie
CUST_01893,0.877251364,1,content not interesting,college student,standard,high,429.73,family viewer
CUST_01894,0.70926398,1,switched to competitor,retired individual,basic,high,196.31,binge watcher
CUST_01895,0.732622691,1,technical issues,college student,standard,medium,334.87,family viewer
CUST_01897,0.879738092,1,no time to watch,working professional,basic,medium,164.91,sports enthusiast
CUST_01899,0.894141856,1,too expensive,college student,basic,high,160.58,news junkie
CUST_01900,0.773464432,1,too expensive,school student,standard,medium,434.83,news junkie
CUST_01902,0.859321146,1,no time to watch,college student,standard,medium,349.98,family viewer
CUST_01903,0.850933189,1,too expensive,retired individual,premium,high,687.88,sports enthusiast
CUST_01904,0.774428503,1,no time to watch,working professional,standard,medium,448.25,casual viewer
CUST_01905,0.763871969,1,too expensive,working professional,premium,high,649.88,binge watcher
CUST_01906,0.814216458,1,no time to watch,retired individual,basic,high,232.22,binge watcher
CUST_01907,0.90195586,1,no time to watch,working professional,basic,low,224.38,binge watcher
CUST_01908,0.784481212,1,switched to competitor,college student,basic,high,200.55,sports enthusiast
CUST_01909,0.893086297,1,none,retired individual,basic,medium,252.38,sports enthusiast
CUST_01911,0.807798242,1,too expensive,retired individual,basic,medium,210.58,family viewer
CUST_01912,0.803989567,1,too expensive,retired individual,standard,medium,334.47,sports enthusiast
CUST_01913,0.778819322,1,none,college student,premium,low,639.39,binge watcher
CUST_01914,0.922208525,1,too expensive,retired individual,standard,medium,391.12,family viewer
CUST_01915,0.749198318,1,technical issues,college student,standard,medium,397.09,news junkie
CUST_01916,0.730247073,1,too expensive,retired individual,standard,high,406.96,family viewer
CUST_01917,0.714845657,1,none,retired individual,premium,medium,683.99,family viewer
CUST_01918,0.708503298,1,none,college student,basic,low,151.92,casual viewer
CUST_01919,0.716274382,1,no time to watch,college student,basic,high,226.48,binge watcher
CUST_01920,0.934744211,1,too expensive,retired individual,premium,medium,727.45,casual viewer
CUST_01921,0.883039758,1,technical issues,working professional,basic,low,215.24,casual viewer
CUST_01922,0.821465282,1,too expensive,college student,basic,high,189.91,binge watcher
CUST_01923,0.884199089,1,too expensive,school student,premium,medium,728.65,binge watcher
CUST_01924,0.860241628,1,too expensive,college student,premium,high,705.75,sports enthusiast
CUST_01925,0.700526656,1,switched to competitor,college student,basic,high,183.73,casual viewer
CUST_01926,0.814874046,1,too expensive,college student,premium,high,617.33,casual viewer
CUST_01927,0.801018427,1,none,retired individual,premium,high,695.85,binge watcher
CUST_01929,0.842865253,1,too expensive,working professional,standard,high,380.52,binge watcher
CUST_01930,0.726700683,1,too expensive,working professional,premium,low,642.01,news junkie
CUST_01932,0.700975464,1,switched to competitor,college student,basic,high,222.99,family viewer
CUST_01933,0.713931828,1,none,college student,standard,high,415.65,binge watcher
CUST_01935,0.753913577,1,technical issues,school student,basic,low,234.24,news junkie
CUST_01936,0.924323665,1,too expensive,working professional,premium,high,763.06,sports enthusiast
CUST_01937,0.905525757,1,too expensive,school student,standard,medium,404.1,binge watcher
CUST_01938,0.840502116,1,too expensive,college student,basic,medium,195.58,sports enthusiast
CUST_01939,0.927180703,1,no time to watch,college student,basic,low,171.11,casual viewer
CUST_01941,0.909462223,1,no time to watch,retired individual,standard,low,386.32,binge watcher
CUST_01943,0.754719514,1,no time to watch,working professional,basic,medium,259.29,casual viewer
CUST_01944,0.778335427,1,technical issues,retired individual,standard,low,431.73,casual viewer
CUST_01945,0.831551447,1,no time to watch,working professional,basic,high,186.96,binge watcher
CUST_01947,0.820388622,1,too expensive,school student,premium,high,642.51,family viewer
CUST_01950,0.895832916,1,too expensive,college student,premium,high,671.08,binge watcher
CUST_01951,0.882393259,1,too expensive,retired individual,premium,low,713.87,binge watcher
CUST_01953,0.86465087,1,technical issues,retired individual,basic,medium,213.81,casual viewer
CUST_01954,0.917287424,1,too expensive,working professional,standard,low,341.85,news junkie
CUST_01955,0.747253248,1,switched to competitor,school student,basic,high,190.06,family viewer
CUST_01957,0.720638073,1,none,college student,basic,low,197.69,news junkie
CUST_01958,0.826954289,1,too expensive,working professional,premium,high,700.78,casual viewer
CUST_01959,0.730764285,1,too expensive,retired individual,premium,medium,648.87,news junkie
CUST_01960,0.895350872,1,too expensive,school student,basic,high,223.9,casual viewer
CUST_01961,0.854586019,1,none,college student,premium,high,690.69,family viewer
CUST_01962,0.843846805,1,too expensive,retired individual,basic,high,173.56,sports enthusiast
CUST_01963,0.85997521,1,too expensive,college student,premium,low,776.25,casual viewer
CUST_01964,0.787174148,1,content not interesting,retired individual,standard,high,374.39,family viewer
CUST_01965,0.914307213,1,no time to watch,working professional,standard,high,488.25,casual viewer
CUST_01966,0.908506529,1,too expensive,working professional,standard,high,460.55,casual viewer
CUST_01967,0.916974075,1,no time to watch,retired individual,basic,low,234.13,sports enthusiast
CUST_01968,0.858716083,1,too expensive,working professional,premium,low,781.84,news junkie
CUST_01969,0.916433681,1,too expensive,college student,premium,low,745.11,binge watcher
CUST_01970,0.891372406,1,too expensive,college student,standard,medium,400.46,family viewer
CUST_01971,0.815860636,1,none,working professional,basic,medium,212.23,sports enthusiast
CUST_01972,0.81109945,1,too expensive,retired individual,premium,medium,771.19,sports enthusiast
CUST_01973,0.784865246,1,too expensive,college student,premium,medium,624.55,family viewer
CUST_01974,0.890878946,1,no time to watch,working professional,standard,high,428.31,binge watcher
CUST_01975,0.854761411,1,technical issues,college student,basic,low,175.02,sports enthusiast
CUST_01976,0.864247817,1,too expensive,working professional,premium,high,669.93,binge watcher
CUST_01977,0.911363028,1,too expensive,college student,basic,high,189.83,casual viewer
CUST_01978,0.723461183,1,no time to watch,working professional,standard,low,453.84,sports enthusiast
CUST_01979,0.884688918,1,none,working professional,premium,medium,631.66,sports enthusiast
CUST_01980,0.848501319,1,none,college student,basic,low,215.81,news junkie
CUST_01981,0.817207979,1,no time to watch,college student,basic,high,193.43,family viewer
CUST_01984,0.907289572,1,no time to watch,working professional,standard,high,430.94,news junkie
CUST_01985,0.885866415,1,technical issues,working professional,standard,medium,355.17,casual viewer
CUST_01986,0.77311957,1,switched to competitor,working professional,standard,high,420.37,news junkie
CUST_01987,0.862076093,1,too expensive,school student,basic,high,209.81,binge watcher
CUST_01988,0.771772304,1,none,college student,basic,low,222.06,sports enthusiast
CUST_01989,0.81657579,1,none,working professional,standard,high,357.83,news junkie
CUST_01990,0.766188107,1,none,retired individual,basic,high,155.63,binge watcher
CUST_01991,0.894497924,1,too expensive,college student,standard,medium,422.19,sports enthusiast
CUST_01993,0.76202263,1,too expensive,college student,premium,high,718.34,binge watcher
CUST_01994,0.850529447,1,too expensive,college student,premium,high,753.57,news junkie
CUST_01996,0.72114482,1,too expensive,college student,basic,high,244.41,news junkie
CUST_01997,0.765013716,1,none,retired individual,basic,high,167.67,family viewer
CUST_01999,0.892276115,1,none,retired individual,standard,low,433.36,sports enthusiast
CUST_02000,0.893754847,1,technical issues,college student,standard,low,472.2,news junkie
CUST_02001,0.821864306,1,switched to competitor,retired individual,basic,high,175.21,news junkie
CUST_02002,0.742049564,1,none,college student,standard,high,362.29,news junkie
CUST_02003,0.795110684,1,no time to watch,retired individual,standard,high,325.97,news junkie
CUST_02005,0.850713776,1,too expensive,school student,premium,medium,791.22,news junkie
CUST_02006,0.792076018,1,none,retired individual,premium,low,695.61,news junkie
CUST_02007,0.891859988,1,too expensive,working professional,premium,high,763.86,casual viewer
CUST_02008,0.743203271,1,content not interesting,retired individual,basic,high,167.66,news junkie
CUST_02009,0.760867039,1,none,college student,premium,high,635.73,sports enthusiast
CUST_02011,0.892880126,1,too expensive,working professional,premium,low,746,sports enthusiast
CUST_02013,0.785726495,1,technical issues,college student,basic,low,187.38,family viewer
CUST_02014,0.757704308,1,technical issues,college student,basic,medium,156.34,news junkie
CUST_02015,0.782562797,1,too expensive,retired individual,basic,high,203.74,family viewer
CUST_02016,0.917255131,1,too expensive,college student,premium,medium,617.66,news junkie
CUST_02017,0.836267389,1,none,working professional,standard,high,381.81,casual viewer
CUST_02018,0.92391623,1,too expensive,working professional,standard,low,433.93,binge watcher
CUST_02019,0.903899875,1,too expensive,retired individual,premium,medium,706.65,sports enthusiast
CUST_02020,0.888691129,1,none,college student,basic,high,170.81,family viewer
CUST_02021,0.747060682,1,technical issues,college student,standard,medium,353.72,casual viewer
CUST_02022,0.759468886,1,too expensive,college student,premium,high,655.94,sports enthusiast
CUST_02023,0.901101808,1,too expensive,college student,standard,medium,422.08,binge watcher
CUST_02025,0.817746815,1,too expensive,college student,premium,high,612.25,news junkie
CUST_02026,0.876303882,1,too expensive,retired individual,premium,medium,785.72,news junkie
CUST_02027,0.808527365,1,switched to competitor,retired individual,basic,high,166.37,binge watcher
CUST_02029,0.918618287,1,technical issues,working professional,standard,low,408.31,binge watcher
CUST_02030,0.800711338,1,content not interesting,working professional,standard,high,427.59,family viewer
CUST_02031,0.804203335,1,no time to watch,retired individual,basic,medium,236.44,binge watcher
CUST_02033,0.890942828,1,no time to watch,working professional,standard,low,373.61,casual viewer
CUST_02035,0.894982871,1,too expensive,retired individual,standard,high,381.64,family viewer
CUST_02036,0.748311385,1,none,working professional,standard,high,451.66,family viewer
CUST_02037,0.942552818,1,no time to watch,working professional,standard,medium,427.41,binge watcher
CUST_02038,0.94587876,1,too expensive,college student,basic,medium,207.88,casual viewer
CUST_02039,0.704449962,1,too expensive,school student,basic,high,193.74,casual viewer
CUST_02040,0.800043797,1,technical issues,college student,basic,low,197.2,binge watcher
CUST_02041,0.810511481,1,none,working professional,basic,low,213.25,binge watcher
CUST_02042,0.845934765,1,no time to watch,retired individual,standard,medium,480,casual viewer
CUST_02043,0.814771621,1,too expensive,working professional,premium,low,689.16,news junkie
CUST_02044,0.823413091,1,content not interesting,college student,standard,high,364.39,binge watcher
CUST_02045,0.792507024,1,content not interesting,working professional,standard,high,399.6,family viewer
CUST_02046,0.735990646,1,technical issues,college student,standard,medium,452.35,news junkie
CUST_02048,0.707745482,1,none,retired individual,standard,high,386.92,news junkie
CUST_02049,0.901339779,1,too expensive,retired individual,premium,high,617.66,news junkie
CUST_02050,0.831424313,1,too expensive,college student,premium,medium,738.5,family viewer
CUST_02051,0.844751802,1,technical issues,college student,standard,medium,362.26,casual viewer
CUST_02052,0.908777396,1,too expensive,working professional,premium,medium,616.95,news junkie
CUST_02053,0.829943414,1,too expensive,college student,basic,high,195.58,casual viewer
CUST_02054,0.870552102,1,too expensive,working professional,premium,high,644.93,binge watcher
CUST_02055,0.901067572,1,too expensive,retired individual,premium,high,631.9,family viewer
CUST_02056,0.831243487,1,too expensive,college student,basic,high,194.47,binge watcher
CUST_02057,0.719557261,1,switched to competitor,college student,basic,high,166,news junkie
CUST_02058,0.900759623,1,technical issues,college student,standard,low,414.49,binge watcher
CUST_02059,0.906910903,1,too expensive,working professional,basic,low,175.43,news junkie
CUST_02060,0.739046541,1,none,school student,premium,medium,602.2,binge watcher
CUST_02061,0.783103151,1,content not interesting,college student,standard,high,397.46,news junkie
CUST_02062,0.763796831,1,switched to competitor,school student,standard,high,434.09,binge watcher
CUST_02063,0.908055397,1,none,working professional,standard,low,398.93,binge watcher
CUST_02064,0.912234596,1,too expensive,working professional,premium,high,629.51,casual viewer
CUST_02065,0.8910988,1,too expensive,working professional,premium,medium,647.02,sports enthusiast
CUST_02066,0.780754596,1,none,retired individual,basic,high,236.65,casual viewer
CUST_02067,0.846689416,1,none,working professional,premium,high,699.81,sports enthusiast
CUST_02069,0.76346068,1,content not interesting,college student,standard,high,444.08,sports enthusiast
CUST_02070,0.876720221,1,too expensive,school student,basic,low,204.63,family viewer
CUST_02072,0.824686959,1,no time to watch,working professional,standard,low,448.47,family viewer
CUST_02073,0.770136881,1,no time to watch,working professional,standard,high,408.37,sports enthusiast
CUST_02074,0.857034236,1,too expensive,school student,basic,high,175.56,news junkie
CUST_02075,0.86645146,1,too expensive,college student,standard,high,410.93,binge watcher
CUST_02076,0.71624354,1,too expensive,college student,premium,high,805.3,news junkie
CUST_02077,0.881954376,1,no time to watch,working professional,basic,medium,185.27,casual viewer
CUST_02078,0.880159667,1,too expensive,retired individual,premium,low,703.64,sports enthusiast
CUST_02079,0.872421074,1,too expensive,school student,standard,medium,393.38,news junkie
CUST_02080,0.704639364,1,too expensive,college student,premium,medium,616.13,family viewer
CUST_02081,0.741859739,1,none,college student,basic,high,190.64,sports enthusiast
CUST_02083,0.838868623,1,technical issues,retired individual,basic,low,198.16,casual viewer
CUST_02084,0.710916494,1,too expensive,college student,premium,high,718.22,binge watcher
CUST_02085,0.850061131,1,no time to watch,college student,standard,medium,473.2,casual viewer
CUST_02086,0.782699893,1,switched to competitor,college student,basic,high,193.12,family viewer
CUST_02087,0.79106966,1,too expensive,school student,standard,high,382.95,sports enthusiast
CUST_02088,0.878445423,1,too expensive,college student,premium,high,676.27,family viewer
CUST_02089,0.874225396,1,too expensive,retired individual,standard,medium,397.99,family viewer
CUST_02090,0.82671634,1,too expensive,retired individual,standard,high,322.73,family viewer
CUST_02091,0.809930205,1,switched to competitor,school student,basic,high,230.09,news junkie
CUST_02092,0.811415316,1,switched to competitor,working professional,standard,high,455.31,binge watcher
CUST_02093,0.914469706,1,too expensive,working professional,basic,low,136.91,binge watcher
CUST_02095,0.857640204,1,too expensive,working professional,premium,high,644.72,casual viewer
CUST_02096,0.802399075,1,switched to competitor,college student,standard,high,384.81,sports enthusiast
CUST_02097,0.74454052,1,too expensive,college student,premium,high,772.45,family viewer
CUST_02098,0.812820713,1,technical issues,college student,basic,low,181.52,news junkie
CUST_02099,0.812977502,1,too expensive,retired individual,premium,low,661.61,casual viewer
CUST_02100,0.854614279,1,technical issues,school student,basic,medium,196.83,sports enthusiast
CUST_02101,0.841547706,1,technical issues,college student,standard,medium,360.34,binge watcher
CUST_02102,0.708251865,1,none,college student,basic,medium,166.06,binge watcher
CUST_02105,0.903462367,1,technical issues,college student,standard,low,399.92,casual viewer
CUST_02106,0.749885915,1,too expensive,working professional,premium,high,703.35,casual viewer
CUST_02107,0.862364079,1,too expensive,school student,basic,low,189.17,casual viewer
CUST_02108,0.833011841,1,no time to watch,working professional,basic,low,161.28,news junkie
CUST_02109,0.846881621,1,no time to watch,college student,standard,low,424.41,family viewer
CUST_02110,0.735306835,1,too expensive,college student,premium,high,683.17,binge watcher
CUST_02112,0.75054319,1,none,college student,basic,high,225.95,binge watcher
CUST_02113,0.866769729,1,too expensive,college student,standard,high,309.61,news junkie
CUST_02114,0.817091442,1,none,college student,premium,high,663.65,family viewer
CUST_02115,0.702923718,1,no time to watch,retired individual,standard,high,435.23,casual viewer
CUST_02117,0.763722676,1,no time to watch,working professional,standard,medium,362.99,casual viewer
CUST_02120,0.852406648,1,no time to watch,retired individual,basic,high,164.89,casual viewer
CUST_02122,0.759345564,1,no time to watch,working professional,standard,low,413.88,news junkie
CUST_02123,0.863318377,1,too expensive,school student,standard,high,387.77,sports enthusiast
CUST_02124,0.826999653,1,no time to watch,working professional,basic,low,203.89,news junkie
CUST_02125,0.778805328,1,switched to competitor,college student,standard,high,418.07,binge watcher
CUST_02126,0.768520695,1,content not interesting,retired individual,standard,high,350.01,casual viewer
CUST_02127,0.89778709,1,none,retired individual,premium,low,615.23,casual viewer
CUST_02129,0.83611142,1,too expensive,retired individual,standard,high,410.88,news junkie
CUST_02130,0.853463952,1,technical issues,working professional,standard,low,428.6,family viewer
CUST_02131,0.872847372,1,too expensive,retired individual,standard,medium,436.39,casual viewer
CUST_02132,0.83262702,1,technical issues,college student,standard,low,439.94,casual viewer
CUST_02133,0.701453731,1,content not interesting,college student,basic,high,224.7,binge watcher
CUST_02134,0.914526481,1,too expensive,working professional,premium,medium,720.81,family viewer
CUST_02135,0.733537968,1,none,college student,premium,high,766.37,sports enthusiast
CUST_02136,0.914588924,1,too expensive,college student,standard,low,436.84,sports enthusiast
CUST_02137,0.770088339,1,none,college student,basic,high,202.82,sports enthusiast
CUST_02138,0.857426479,1,too expensive,working professional,premium,high,661.75,binge watcher
CUST_02139,0.86587435,1,technical issues,retired individual,standard,low,438.81,binge watcher
CUST_02140,0.763369117,1,none,working professional,premium,high,652.71,casual viewer
CUST_02141,0.822394352,1,technical issues,working professional,standard,medium,388.26,casual viewer
CUST_02142,0.862483669,1,too expensive,college student,premium,medium,735.69,news junkie
CUST_02143,0.846715245,1,too expensive,working professional,premium,medium,692.72,casual viewer
CUST_02144,0.820783398,1,too expensive,college student,premium,high,751.48,news junkie
CUST_02145,0.790112593,1,too expensive,college student,premium,high,708.89,sports enthusiast
CUST_02146,0.881862304,1,too expensive,working professional,premium,low,669.32,news junkie
CUST_02147,0.718879935,1,too expensive,college student,standard,high,354.28,news junkie
CUST_02148,0.800861846,1,none,college student,basic,high,196.98,binge watcher
CUST_02150,0.905673917,1,too expensive,retired individual,premium,medium,686.13,casual viewer
CUST_02151,0.845342683,1,too expensive,college student,standard,medium,368.6,family viewer
CUST_02153,0.704325589,1,too expensive,college student,premium,high,639.5,casual viewer
CUST_02154,0.830691155,1,too expensive,working professional,basic,high,216.57,news junkie
CUST_02155,0.875915702,1,content not interesting,working professional,standard,high,403.68,news junkie
CUST_02156,0.804324695,1,too expensive,working professional,standard,medium,438.23,family viewer
CUST_02157,0.774339215,1,too expensive,retired individual,premium,medium,798.24,news junkie
CUST_02158,0.835698883,1,technical issues,college student,standard,medium,461.04,casual viewer
CUST_02159,0.755889626,1,none,college student,basic,high,226.75,news junkie
CUST_02160,0.850097163,1,too expensive,school student,premium,low,667.52,casual viewer
CUST_02161,0.792637526,1,technical issues,college student,standard,low,405.16,news junkie
CUST_02162,0.739963485,1,none,college student,premium,medium,664.25,sports enthusiast
CUST_02163,0.899276386,1,technical issues,college student,basic,medium,168.63,binge watcher
CUST_02164,0.893897644,1,technical issues,school student,basic,medium,176.75,binge watcher
CUST_02165,0.910445685,1,too expensive,working professional,standard,medium,372.3,binge watcher
CUST_02167,0.751517788,1,no time to watch,working professional,standard,medium,359.67,casual viewer
CUST_02169,0.838342162,1,too expensive,working professional,premium,medium,757.59,news junkie
CUST_02170,0.805533778,1,technical issues,retired individual,standard,medium,370.38,binge watcher
CUST_02171,0.72385923,1,too expensive,college student,premium,medium,629.13,sports enthusiast
CUST_02173,0.752750281,1,switched to competitor,school student,standard,high,351.36,family viewer
CUST_02174,0.851400749,1,too expensive,college student,premium,medium,760.5,binge watcher
CUST_02175,0.718572002,1,switched to competitor,school student,standard,high,362.68,casual viewer
CUST_02176,0.862803839,1,switched to competitor,working professional,standard,high,439.2,news junkie
CUST_02177,0.825084263,1,too expensive,college student,premium,high,631.03,binge watcher
CUST_02178,0.878531192,1,too expensive,college student,basic,high,226,sports enthusiast
CUST_02179,0.923250404,1,too expensive,working professional,standard,low,386.45,binge watcher
CUST_02180,0.83546948,1,too expensive,college student,premium,medium,702.11,binge watcher
CUST_02182,0.882569201,1,too expensive,retired individual,premium,low,616.36,sports enthusiast
CUST_02183,0.85903288,1,too expensive,school student,premium,low,606.05,sports enthusiast
CUST_02184,0.910306031,1,too expensive,college student,standard,high,481.96,family viewer
CUST_02185,0.913668012,1,too expensive,working professional,standard,high,431.98,sports enthusiast
CUST_02186,0.847878005,1,too expensive,retired individual,standard,medium,476.72,family viewer
CUST_02187,0.79069165,1,too expensive,school student,premium,medium,745.26,sports enthusiast
CUST_02189,0.70395395,1,content not interesting,school student,standard,high,369.39,binge watcher
CUST_02190,0.733102201,1,switched to competitor,school student,basic,high,179.42,sports enthusiast
CUST_02191,0.78308568,1,none,college student,standard,high,417.59,family viewer
CUST_02192,0.840347276,1,too expensive,college student,premium,high,781.47,binge watcher
CUST_02193,0.865137197,1,none,college student,standard,high,375.75,family viewer
CUST_02194,0.842900566,1,technical issues,college student,standard,medium,379.35,binge watcher
CUST_02195,0.752799135,1,technical issues,working professional,standard,low,369.06,family viewer
CUST_02196,0.711972849,1,none,college student,basic,medium,214.4,family viewer
CUST_02197,0.881906203,1,no time to watch,college student,standard,high,386.91,binge watcher
CUST_02198,0.796802293,1,no time to watch,working professional,basic,high,172.46,sports enthusiast
CUST_02199,0.931453998,1,too expensive,working professional,premium,medium,778.87,casual viewer
CUST_02200,0.834860154,1,none,college student,standard,low,367.24,news junkie
CUST_02201,0.942991425,1,too expensive,college student,standard,low,383.85,news junkie
CUST_02202,0.739878672,1,too expensive,working professional,standard,high,363.47,news junkie
CUST_02204,0.962232364,1,too expensive,retired individual,standard,low,407.82,news junkie
CUST_02205,0.702156571,1,content not interesting,retired individual,standard,high,418.89,family viewer
CUST_02206,0.837408225,1,none,retired individual,basic,medium,238.03,news junkie
CUST_02209,0.746381505,1,too expensive,college student,premium,high,736.77,family viewer
CUST_02210,0.903894635,1,no time to watch,working professional,basic,high,207.25,casual viewer
CUST_02212,0.900114818,1,technical issues,working professional,standard,low,452.33,casual viewer
CUST_02213,0.828413171,1,technical issues,working professional,standard,medium,437.96,family viewer
CUST_02214,0.855616692,1,none,retired individual,premium,high,638.81,binge watcher
CUST_02215,0.892872961,1,none,retired individual,basic,low,164.49,news junkie
CUST_02216,0.806807029,1,none,retired individual,standard,low,400.84,casual viewer
CUST_02217,0.781959003,1,too expensive,college student,standard,high,448.78,sports enthusiast
CUST_02218,0.917043876,1,too expensive,school student,standard,medium,440.29,sports enthusiast
CUST_02219,0.766462054,1,technical issues,retired individual,basic,low,218.72,news junkie
CUST_02220,0.747469656,1,technical issues,retired individual,standard,medium,423.01,casual viewer
CUST_02221,0.936570284,1,too expensive,working professional,basic,medium,184.91,news junkie
CUST_02222,0.899063181,1,too expensive,working professional,basic,high,243.81,binge watcher
CUST_02223,0.883800075,1,too expensive,retired individual,premium,medium,721.4,family viewer
CUST_02224,0.726914196,1,technical issues,college student,standard,medium,415.44,news junkie
CUST_02225,0.89062178,1,too expensive,school student,premium,low,619.55,casual viewer
CUST_02226,0.768531768,1,none,college student,premium,high,606.85,casual viewer
CUST_02227,0.815992192,1,too expensive,retired individual,standard,high,409.66,news junkie
CUST_02229,0.888071815,1,too expensive,retired individual,standard,medium,454.94,news junkie
CUST_02230,0.71252307,1,none,college student,standard,high,390.46,news junkie
CUST_02232,0.800923583,1,technical issues,retired individual,standard,medium,356.31,casual viewer
CUST_02234,0.765154829,1,none,college student,basic,medium,223.18,binge watcher
CUST_02235,0.808762885,1,none,college student,basic,low,199.69,casual viewer
CUST_02236,0.800862099,1,none,working professional,premium,low,753.93,news junkie
CUST_02238,0.845002167,1,too expensive,college student,standard,low,467.47,news junkie
CUST_02240,0.895087175,1,too expensive,working professional,standard,high,335.19,news junkie
CUST_02241,0.734794825,1,too expensive,college student,premium,high,617.16,news junkie
CUST_02242,0.896415268,1,technical issues,retired individual,standard,low,324.83,binge watcher
CUST_02244,0.85853816,1,technical issues,working professional,basic,medium,150.05,news junkie
CUST_02245,0.845339561,1,content not interesting,college student,basic,high,207.13,family viewer
CUST_02246,0.867530343,1,no time to watch,college student,basic,medium,235.18,casual viewer
CUST_02247,0.833569468,1,no time to watch,retired individual,basic,medium,179.84,family viewer
CUST_02248,0.747903989,1,too expensive,retired individual,standard,high,378.56,family viewer
CUST_02249,0.722395309,1,none,working professional,premium,high,742.66,casual viewer
CUST_02250,0.904763641,1,too expensive,college student,premium,low,687.85,family viewer
CUST_02252,0.823970687,1,too expensive,retired individual,basic,high,192.28,binge watcher
CUST_02253,0.794710677,1,switched to competitor,college student,basic,high,217.82,news junkie
CUST_02254,0.82423855,1,too expensive,college student,premium,medium,682.77,sports enthusiast
CUST_02256,0.847485153,1,no time to watch,college student,basic,high,225.56,binge watcher
CUST_02258,0.86324227,1,no time to watch,working professional,standard,high,424.48,binge watcher
CUST_02259,0.79170509,1,technical issues,working professional,basic,low,226.95,news junkie
CUST_02260,0.734377856,1,none,school student,basic,high,222.7,family viewer
CUST_02261,0.891376228,1,too expensive,working professional,standard,high,373.2,casual viewer
CUST_02262,0.824017567,1,technical issues,retired individual,standard,medium,439.28,casual viewer
CUST_02265,0.901248906,1,too expensive,college student,standard,low,427.36,news junkie
CUST_02266,0.869078969,1,too expensive,college student,premium,medium,612.05,news junkie
CUST_02267,0.866436996,1,no time to watch,working professional,standard,medium,331.4,family viewer
CUST_02268,0.897424631,1,no time to watch,working professional,basic,medium,263.73,casual viewer
CUST_02269,0.786706173,1,technical issues,school student,standard,medium,433.33,binge watcher
CUST_02270,0.864513087,1,content not interesting,college student,basic,high,206.84,casual viewer
CUST_02271,0.93440589,1,too expensive,college student,standard,low,442.23,news junkie
CUST_02272,0.775381706,1,too expensive,retired individual,premium,medium,618.71,binge watcher
CUST_02274,0.746382373,1,no time to watch,working professional,basic,high,197.49,casual viewer
CUST_02275,0.817855163,1,too expensive,retired individual,basic,high,194.3,family viewer
CUST_02276,0.835610924,1,none,college student,premium,low,688.61,sports enthusiast
CUST_02277,0.833391619,1,none,retired individual,basic,medium,217.59,sports enthusiast
CUST_02278,0.779781548,1,no time to watch,retired individual,basic,low,211.57,news junkie
CUST_02279,0.818872298,1,too expensive,working professional,premium,low,697.2,sports enthusiast
CUST_02280,0.817939312,1,no time to watch,college student,basic,high,208.42,family viewer
CUST_02281,0.746946643,1,none,college student,standard,high,414.85,news junkie
CUST_02282,0.949231365,1,too expensive,college student,standard,low,422.51,sports enthusiast
CUST_02283,0.754539057,1,too expensive,retired individual,premium,high,620.66,binge watcher
CUST_02284,0.935692518,1,no time to watch,working professional,standard,low,348.84,sports enthusiast
CUST_02285,0.79637695,1,none,college student,standard,high,394.68,news junkie
CUST_02288,0.82728266,1,none,college student,standard,medium,357.09,binge watcher
CUST_02289,0.897445474,1,none,school student,premium,medium,752.92,family viewer
CUST_02290,0.906886886,1,too expensive,working professional,standard,high,448.77,binge watcher
CUST_02291,0.714511244,1,too expensive,retired individual,premium,medium,612.87,casual viewer
CUST_02292,0.740314976,1,too expensive,college student,premium,medium,810.25,news junkie
CUST_02293,0.784535458,1,content not interesting,college student,standard,high,453.07,binge watcher
CUST_02294,0.703743583,1,switched to competitor,college student,basic,high,210.47,casual viewer
CUST_02295,0.741220059,1,technical issues,school student,basic,medium,187.2,binge watcher
CUST_02296,0.720174373,1,switched to competitor,college student,basic,high,205.19,news junkie
CUST_02297,0.810379529,1,no time to watch,school student,basic,medium,185.52,news junkie
CUST_02298,0.864664464,1,technical issues,retired individual,standard,low,433.93,casual viewer
CUST_02301,0.830816694,1,too expensive,school student,premium,medium,772.43,binge watcher
CUST_02302,0.768221984,1,too expensive,retired individual,premium,medium,754.84,binge watcher
CUST_02303,0.870518174,1,technical issues,retired individual,standard,medium,439.99,family viewer
CUST_02304,0.777858548,1,too expensive,school student,premium,high,690.32,sports enthusiast
CUST_02305,0.768226459,1,too expensive,college student,basic,high,185.53,family viewer
CUST_02306,0.764316365,1,technical issues,college student,standard,low,374.66,casual viewer
CUST_02307,0.71913429,1,switched to competitor,retired individual,standard,high,397.97,family viewer
CUST_02308,0.711383551,1,too expensive,retired individual,premium,medium,601.34,binge watcher
CUST_02309,0.728237685,1,too expensive,college student,premium,medium,609.77,news junkie
CUST_02312,0.794691017,1,too expensive,college student,premium,high,626.46,binge watcher
CUST_02314,0.844230651,1,too expensive,retired individual,premium,low,779.54,family viewer
CUST_02316,0.77117056,1,technical issues,retired individual,basic,medium,217.38,binge watcher
CUST_02317,0.904409339,1,too expensive,college student,premium,high,706.4,casual viewer
CUST_02318,0.863408195,1,technical issues,college student,standard,medium,347.69,sports enthusiast
CUST_02319,0.872826155,1,technical issues,college student,standard,medium,361.27,family viewer
CUST_02320,0.833327938,1,switched to competitor,school student,standard,high,462.92,binge watcher
CUST_02321,0.819175157,1,none,college student,basic,high,241.18,binge watcher
CUST_02322,0.711796996,1,too expensive,college student,basic,high,223.68,casual viewer
CUST_02323,0.758612454,1,none,college student,standard,high,324,news junkie
CUST_02325,0.759791325,1,none,retired individual,premium,high,781.71,binge watcher
CUST_02326,0.794365973,1,no time to watch,working professional,basic,high,186.42,news junkie
CUST_02327,0.814955731,1,too expensive,college student,premium,high,684.93,sports enthusiast
CUST_02328,0.898573411,1,no time to watch,working professional,basic,high,246.57,casual viewer
CUST_02329,0.788908256,1,none,college student,premium,medium,635.83,news junkie
CUST_02332,0.851173046,1,too expensive,working professional,premium,high,606.09,binge watcher
CUST_02333,0.705000508,1,none,school student,basic,high,192.32,sports enthusiast
CUST_02334,0.943920675,1,too expensive,retired individual,premium,high,653.66,family viewer
CUST_02335,0.736968581,1,none,college student,basic,high,242.58,casual viewer
CUST_02336,0.784388991,1,none,working professional,basic,high,171.78,sports enthusiast
CUST_02337,0.89353769,1,technical issues,college student,standard,low,406.12,family viewer
CUST_02338,0.716026529,1,too expensive,working professional,premium,high,743.88,family viewer
CUST_02340,0.930850092,1,technical issues,college student,basic,low,186.9,casual viewer
CUST_02341,0.715288796,1,none,retired individual,premium,high,630.07,family viewer
CUST_02342,0.738928622,1,none,retired individual,standard,high,376.26,sports enthusiast
CUST_02343,0.88044593,1,technical issues,school student,standard,medium,375.65,binge watcher
CUST_02345,0.829812085,1,too expensive,college student,premium,high,641.08,sports enthusiast
CUST_02346,0.756036697,1,switched to competitor,retired individual,basic,high,190.96,casual viewer
CUST_02347,0.849476694,1,too expensive,retired individual,premium,high,781.36,news junkie
CUST_02348,0.833250894,1,technical issues,college student,basic,medium,216.06,casual viewer
CUST_02349,0.820847844,1,too expensive,working professional,standard,high,360.2,family viewer
CUST_02351,0.809426473,1,too expensive,working professional,premium,high,605.85,news junkie
CUST_02352,0.731866917,1,too expensive,college student,standard,high,347.52,family viewer
CUST_02354,0.843680692,1,too expensive,college student,premium,high,754.55,news junkie
CUST_02356,0.894993901,1,no time to watch,retired individual,basic,medium,208.73,sports enthusiast
CUST_02357,0.850580113,1,technical issues,working professional,basic,medium,212.62,binge watcher
CUST_02358,0.842409651,1,no time to watch,college student,standard,high,425.94,casual viewer
CUST_02359,0.831058027,1,too expensive,retired individual,basic,medium,204.18,family viewer
CUST_02360,0.939777177,1,too expensive,working professional,standard,low,335.76,news junkie
CUST_02361,0.755414724,1,no time to watch,working professional,basic,medium,191.37,family viewer
CUST_02364,0.804720277,1,no time to watch,college student,basic,high,215.84,news junkie
CUST_02365,0.740243892,1,too expensive,retired individual,standard,high,388.94,news junkie
CUST_02366,0.827927037,1,none,college student,standard,medium,371.75,family viewer
CUST_02367,0.833125225,1,none,working professional,premium,high,600.46,family viewer
CUST_02369,0.8163582,1,technical issues,working professional,basic,low,181.22,sports enthusiast
CUST_02371,0.959933812,1,none,working professional,standard,low,396.51,news junkie
CUST_02373,0.729607706,1,none,college student,premium,low,705.13,family viewer
CUST_02374,0.774594055,1,no time to watch,working professional,basic,high,181.08,binge watcher
CUST_02375,0.824831974,1,no time to watch,working professional,basic,medium,200.76,sports enthusiast
CUST_02376,0.706680792,1,none,working professional,premium,medium,683.72,casual viewer
CUST_02378,0.824600615,1,none,college student,standard,medium,401.54,sports enthusiast
CUST_02379,0.723521238,1,no time to watch,college student,standard,medium,419.56,casual viewer
CUST_02380,0.888534448,1,technical issues,school student,standard,low,336.18,news junkie
CUST_02382,0.701961948,1,too expensive,college student,premium,high,681.15,family viewer
CUST_02383,0.897568351,1,too expensive,college student,standard,high,433.88,binge watcher
CUST_02384,0.850174751,1,too expensive,college student,premium,high,805.51,binge watcher
CUST_02385,0.889610378,1,too expensive,college student,premium,low,748.57,news junkie
CUST_02386,0.77887551,1,none,college student,premium,high,783.45,casual viewer
CUST_02387,0.838845536,1,none,working professional,standard,high,358.9,casual viewer
CUST_02388,0.822260745,1,too expensive,college student,premium,medium,712.22,binge watcher
CUST_02389,0.791154692,1,technical issues,college student,standard,medium,380.52,binge watcher
CUST_02390,0.883627518,1,no time to watch,working professional,standard,high,344.25,binge watcher
CUST_02391,0.845682099,1,technical issues,college student,basic,low,172.52,news junkie
CUST_02393,0.918379348,1,too expensive,retired individual,premium,high,671.46,family viewer
CUST_02394,0.957374486,1,too expensive,working professional,standard,low,441.4,family viewer
CUST_02395,0.816308159,1,none,working professional,standard,high,420.48,family viewer
CUST_02396,0.862618969,1,too expensive,retired individual,premium,high,598.37,family viewer
CUST_02397,0.834908737,1,no time to watch,school student,basic,medium,189.27,binge watcher
CUST_02398,0.797504121,1,technical issues,retired individual,standard,low,357.94,news junkie
CUST_02399,0.715460094,1,too expensive,college student,premium,medium,623.22,binge watcher
CUST_02400,0.923228851,1,too expensive,retired individual,premium,low,785.31,casual viewer
CUST_02401,0.856121641,1,technical issues,school student,basic,medium,209.81,casual viewer
CUST_02403,0.794041934,1,too expensive,school student,standard,high,424.47,family viewer
CUST_02404,0.767779887,1,none,college student,standard,medium,375.81,family viewer
CUST_02405,0.911181254,1,technical issues,retired individual,standard,medium,346.62,sports enthusiast
CUST_02406,0.960518222,1,too expensive,school student,basic,low,183.12,binge watcher
CUST_02407,0.770329942,1,technical issues,retired individual,basic,medium,177.36,family viewer
CUST_02408,0.909140372,1,too expensive,college student,standard,medium,433.44,news junkie
CUST_02409,0.830211894,1,too expensive,school student,standard,high,413.45,casual viewer
CUST_02410,0.732568071,1,switched to competitor,college student,basic,high,184.95,sports enthusiast
CUST_02411,0.864761972,1,too expensive,retired individual,premium,high,607.87,binge watcher
CUST_02412,0.857729817,1,too expensive,college student,premium,high,635.7,binge watcher
CUST_02413,0.797000729,1,too expensive,college student,basic,medium,220.41,binge watcher
CUST_02414,0.870098992,1,technical issues,retired individual,standard,low,440.86,family viewer
CUST_02416,0.882903481,1,switched to competitor,retired individual,basic,high,160.01,sports enthusiast
CUST_02417,0.885479069,1,too expensive,school student,premium,high,610.34,sports enthusiast
CUST_02418,0.824636762,1,too expensive,school student,premium,high,695.67,family viewer
CUST_02419,0.73211365,1,technical issues,school student,standard,medium,340.48,binge watcher
CUST_02420,0.764461305,1,technical issues,college student,standard,low,482.96,casual viewer
CUST_02421,0.864328984,1,content not interesting,college student,basic,high,217.57,family viewer
CUST_02422,0.710208851,1,none,college student,standard,high,423.64,sports enthusiast
CUST_02423,0.814089493,1,too expensive,school student,standard,high,384.56,binge watcher
CUST_02424,0.82642557,1,too expensive,college student,premium,high,756.93,family viewer
CUST_02425,0.786347206,1,technical issues,school student,basic,medium,154.47,family viewer
CUST_02428,0.831079293,1,none,college student,standard,high,373.89,casual viewer
CUST_02429,0.742030161,1,technical issues,college student,basic,medium,222.83,news junkie
CUST_02430,0.852843632,1,none,working professional,standard,medium,384.07,sports enthusiast
CUST_02431,0.900455418,1,too expensive,college student,premium,low,703.03,news junkie
CUST_02432,0.751891291,1,technical issues,college student,basic,medium,201.67,casual viewer
CUST_02433,0.915295284,1,no time to watch,working professional,basic,low,192.25,binge watcher
CUST_02434,0.751911726,1,none,college student,standard,high,372.98,news junkie
CUST_02435,0.857770074,1,switched to competitor,college student,basic,high,173.45,binge watcher
CUST_02437,0.872389043,1,too expensive,school student,basic,medium,199.09,family viewer
CUST_02438,0.706723522,1,none,college student,premium,medium,608.51,casual viewer
CUST_02439,0.822602974,1,none,working professional,standard,low,397.38,casual viewer
CUST_02440,0.807894521,1,too expensive,retired individual,standard,medium,374.28,binge watcher
CUST_02441,0.891426487,1,too expensive,college student,standard,high,388.21,family viewer
CUST_02442,0.834047022,1,too expensive,school student,standard,high,334.64,sports enthusiast
CUST_02443,0.930096769,1,technical issues,retired individual,standard,low,429.61,family viewer
CUST_02444,0.828672712,1,too expensive,retired individual,premium,medium,701.17,family viewer
CUST_02445,0.810438897,1,none,retired individual,standard,high,346.82,news junkie
CUST_02446,0.86131374,1,none,college student,standard,high,392.59,news junkie
CUST_02448,0.849954269,1,none,college student,standard,high,443.73,binge watcher
CUST_02449,0.81914395,1,too expensive,retired individual,premium,high,823.55,casual viewer
CUST_02450,0.722108141,1,too expensive,college student,premium,high,699.85,binge watcher
CUST_02451,0.828663932,1,none,college student,basic,medium,164.13,news junkie
CUST_02453,0.822052421,1,none,retired individual,basic,medium,209.5,casual viewer
CUST_02454,0.777876771,1,none,college student,basic,medium,181.6,casual viewer
CUST_02455,0.877772124,1,too expensive,retired individual,standard,medium,407.85,family viewer
CUST_02458,0.746469437,1,content not interesting,college student,standard,high,432.13,casual viewer
CUST_02459,0.844420735,1,technical issues,college student,standard,low,434.93,family viewer
CUST_02462,0.811189096,1,too expensive,college student,standard,medium,395.61,news junkie
CUST_02463,0.82912964,1,too expensive,working professional,premium,medium,686.57,news junkie
CUST_02464,0.782870354,1,none,retired individual,standard,low,342.43,family viewer
CUST_02465,0.958516969,1,too expensive,working professional,standard,low,366.25,casual viewer
CUST_02466,0.743294366,1,none,college student,basic,low,209.32,family viewer
CUST_02467,0.783500075,1,none,retired individual,premium,high,712.99,family viewer
CUST_02468,0.935511497,1,too expensive,retired individual,standard,high,380.25,family viewer
CUST_02469,0.896216256,1,too expensive,college student,basic,medium,198.36,news junkie
CUST_02470,0.729412297,1,none,working professional,basic,medium,186.16,sports enthusiast
CUST_02471,0.711734087,1,too expensive,college student,premium,high,672.94,news junkie
CUST_02472,0.930547438,1,too expensive,retired individual,premium,low,642.56,family viewer
CUST_02473,0.832221626,1,too expensive,college student,basic,medium,226.7,news junkie
CUST_02474,0.845805149,1,too expensive,school student,premium,medium,688.12,sports enthusiast
CUST_02475,0.935683861,1,too expensive,retired individual,premium,low,693.37,binge watcher
CUST_02476,0.711263192,1,switched to competitor,working professional,basic,high,234.64,family viewer
CUST_02477,0.90260034,1,too expensive,retired individual,standard,medium,407.56,casual viewer
CUST_02478,0.835130342,1,too expensive,college student,premium,medium,714.46,family viewer
CUST_02479,0.91994335,1,none,working professional,basic,low,184.23,binge watcher
CUST_02480,0.733452383,1,technical issues,school student,standard,medium,406.96,binge watcher
CUST_02481,0.769241667,1,too expensive,college student,premium,medium,796.24,binge watcher
CUST_02483,0.892653123,1,too expensive,working professional,standard,medium,350.94,casual viewer
CUST_02484,0.826387381,1,technical issues,school student,basic,medium,215,sports enthusiast
CUST_02486,0.741051783,1,too expensive,school student,premium,medium,632.8,sports enthusiast
CUST_02487,0.8698044,1,too expensive,retired individual,premium,high,694.03,casual viewer
CUST_02489,0.820434095,1,none,school student,standard,medium,362.58,sports enthusiast
CUST_02490,0.730719384,1,too expensive,college student,premium,medium,782.3,family viewer
CUST_02491,0.919099106,1,too expensive,working professional,premium,low,765.41,sports enthusiast
CUST_02492,0.88257551,1,technical issues,school student,basic,low,208.68,family viewer
CUST_02493,0.808473027,1,none,school student,basic,medium,224.07,sports enthusiast
CUST_02494,0.792612298,1,too expensive,college student,premium,low,694.01,family viewer
CUST_02495,0.857706631,1,technical issues,retired individual,basic,low,204.95,news junkie
CUST_02497,0.750954967,1,too expensive,retired individual,basic,medium,242.41,casual viewer
CUST_02498,0.805784126,1,no time to watch,retired individual,basic,high,168.92,sports enthusiast
CUST_02499,0.888371933,1,too expensive,retired individual,premium,low,660.19,news junkie
CUST_02500,0.745673052,1,too expensive,working professional,premium,high,607.63,news junkie
CUST_02501,0.883164839,1,too expensive,college student,premium,medium,645.18,casual viewer
CUST_02502,0.818424971,1,too expensive,college student,premium,low,759.97,family viewer
CUST_02503,0.824400893,1,technical issues,college student,basic,low,201.14,sports enthusiast
CUST_02504,0.840039727,1,none,college student,standard,medium,389.63,sports enthusiast
CUST_02507,0.731905161,1,too expensive,college student,premium,high,613.25,news junkie
CUST_02508,0.819434704,1,none,retired individual,standard,low,343.91,news junkie
CUST_02509,0.867942205,1,too expensive,working professional,basic,high,225.33,family viewer
CUST_02510,0.88548951,1,no time to watch,working professional,standard,medium,369.11,binge watcher
CUST_02511,0.905242803,1,no time to watch,working professional,standard,low,409.23,news junkie
CUST_02512,0.797644414,1,none,retired individual,standard,high,408.79,news junkie
CUST_02513,0.892788085,1,too expensive,retired individual,premium,medium,761.35,binge watcher
CUST_02514,0.868309129,1,too expensive,working professional,premium,medium,737.47,binge watcher
CUST_02515,0.906685,1,too expensive,college student,premium,low,634.28,news junkie
CUST_02516,0.934934957,1,too expensive,college student,basic,high,189.54,casual viewer
CUST_02517,0.840685968,1,too expensive,college student,standard,high,346.97,casual viewer
CUST_02520,0.769926686,1,no time to watch,college student,basic,high,195.24,sports enthusiast
CUST_02521,0.921192106,1,too expensive,retired individual,premium,low,748.6,casual viewer
CUST_02522,0.835443369,1,technical issues,college student,standard,medium,384.44,binge watcher
CUST_02523,0.906156478,1,content not interesting,working professional,basic,high,162.8,casual viewer
CUST_02525,0.851651628,1,too expensive,school student,premium,medium,636.2,family viewer
CUST_02526,0.842273952,1,technical issues,college student,standard,low,442.36,binge watcher
CUST_02527,0.786550405,1,technical issues,college student,standard,medium,401.16,sports enthusiast
CUST_02529,0.736704465,1,technical issues,college student,standard,low,422.03,casual viewer
CUST_02530,0.880691104,1,none,college student,basic,medium,199.96,sports enthusiast
CUST_02531,0.827991546,1,too expensive,college student,premium,high,632.7,sports enthusiast
CUST_02532,0.736365054,1,none,school student,premium,high,681.29,casual viewer
CUST_02533,0.727573876,1,no time to watch,working professional,standard,high,358.52,sports enthusiast
CUST_02534,0.707577551,1,content not interesting,retired individual,basic,high,177.29,news junkie
CUST_02536,0.896600128,1,no time to watch,retired individual,standard,low,347.91,news junkie
CUST_02537,0.822861331,1,no time to watch,college student,standard,medium,470.16,sports enthusiast
CUST_02538,0.742090203,1,no time to watch,working professional,basic,high,215.44,casual viewer
CUST_02539,0.912605196,1,too expensive,retired individual,premium,medium,628.29,binge watcher
CUST_02541,0.931613583,1,too expensive,working professional,premium,high,631.98,family viewer
CUST_02543,0.79706292,1,no time to watch,retired individual,basic,medium,197.18,family viewer
CUST_02545,0.812649696,1,too expensive,retired individual,basic,medium,181.15,binge watcher
CUST_02546,0.805969717,1,too expensive,school student,basic,high,211.47,news junkie
CUST_02547,0.767316394,1,switched to competitor,college student,standard,high,435.99,family viewer
CUST_02548,0.82507704,1,too expensive,working professional,premium,high,764.44,casual viewer
CUST_02549,0.76404282,1,too expensive,college student,premium,medium,693.44,sports enthusiast
CUST_02551,0.818668663,1,technical issues,college student,standard,low,461.34,news junkie
CUST_02552,0.919909557,1,too expensive,college student,standard,low,406.41,casual viewer
CUST_02553,0.821625237,1,too expensive,school student,basic,high,183.67,binge watcher
CUST_02554,0.859156699,1,no time to watch,college student,basic,high,213.77,sports enthusiast
CUST_02556,0.840457093,1,too expensive,college student,basic,high,212.97,binge watcher
CUST_02557,0.729113895,1,too expensive,college student,basic,medium,201.63,news junkie
CUST_02558,0.863438123,1,none,school student,standard,low,468.94,binge watcher
CUST_02559,0.918970361,1,too expensive,working professional,basic,high,167.21,news junkie
CUST_02562,0.730222821,1,none,school student,premium,low,590.54,news junkie
CUST_02563,0.791108042,1,too expensive,retired individual,premium,high,683.77,casual viewer
CUST_02565,0.756874428,1,technical issues,college student,basic,medium,184.23,family viewer
CUST_02566,0.73147151,1,technical issues,retired individual,standard,medium,352.26,sports enthusiast
CUST_02567,0.732540596,1,none,college student,premium,medium,704,family viewer
CUST_02568,0.794112559,1,technical issues,retired individual,standard,low,449.07,casual viewer
CUST_02569,0.76999978,1,too expensive,college student,premium,high,781.84,binge watcher
CUST_02571,0.884790502,1,technical issues,college student,standard,low,410.72,sports enthusiast
CUST_02572,0.917312195,1,too expensive,working professional,basic,medium,203.63,casual viewer
CUST_02573,0.72920718,1,content not interesting,college student,basic,high,194.36,sports enthusiast
CUST_02574,0.805316722,1,none,retired individual,standard,high,408.89,sports enthusiast
CUST_02575,0.793181547,1,too expensive,college student,premium,medium,789.53,news junkie
CUST_02576,0.838988536,1,no time to watch,working professional,standard,low,430.11,sports enthusiast
CUST_02578,0.802798293,1,technical issues,working professional,basic,low,140.42,binge watcher
CUST_02579,0.844930186,1,too expensive,working professional,premium,low,678.57,binge watcher
CUST_02580,0.755353082,1,too expensive,working professional,premium,medium,687.14,news junkie
CUST_02581,0.730209289,1,too expensive,working professional,premium,high,767.69,casual viewer
CUST_02582,0.791351258,1,too expensive,retired individual,basic,high,193.45,news junkie
CUST_02583,0.910721652,1,content not interesting,working professional,standard,high,351.29,news junkie
CUST_02584,0.794276222,1,too expensive,college student,premium,high,648.1,sports enthusiast
CUST_02585,0.77744083,1,too expensive,school student,standard,high,381.43,family viewer
CUST_02587,0.922968472,1,too expensive,school student,premium,high,729.83,sports enthusiast
CUST_02591,0.859547103,1,none,retired individual,standard,medium,408.17,sports enthusiast
CUST_02592,0.811385513,1,none,college student,premium,high,758.34,news junkie
CUST_02593,0.890085344,1,too expensive,college student,standard,low,419.48,binge watcher
CUST_02594,0.709514171,1,none,school student,standard,high,375.78,sports enthusiast
CUST_02595,0.808814764,1,no time to watch,working professional,standard,high,391.29,news junkie
CUST_02597,0.893655713,1,no time to watch,working professional,standard,medium,349.97,binge watcher
CUST_02598,0.777779053,1,no time to watch,retired individual,standard,high,443.62,family viewer
CUST_02599,0.758304126,1,none,retired individual,standard,low,396.07,sports enthusiast
CUST_02600,0.783730698,1,too expensive,college student,standard,high,407.63,binge watcher
CUST_02601,0.821609118,1,technical issues,working professional,standard,low,368.02,binge watcher
CUST_02602,0.731851638,1,none,college student,basic,high,210.05,news junkie
CUST_02604,0.81382062,1,technical issues,retired individual,standard,medium,417.78,binge watcher
CUST_02605,0.929352468,1,too expensive,working professional,basic,high,212.71,sports enthusiast
CUST_02607,0.829049563,1,none,working professional,basic,high,200.28,casual viewer
CUST_02610,0.844063856,1,too expensive,working professional,premium,medium,702.43,casual viewer
CUST_02611,0.806573532,1,too expensive,retired individual,premium,medium,708.88,family viewer
CUST_02613,0.940091128,1,too expensive,working professional,standard,low,384.92,family viewer
CUST_02614,0.729401838,1,no time to watch,college student,standard,medium,365.96,casual viewer
CUST_02617,0.791430159,1,none,retired individual,standard,high,417.22,news junkie
CUST_02618,0.843236772,1,none,college student,premium,high,714.04,sports enthusiast
CUST_02619,0.805659693,1,too expensive,college student,premium,high,675.35,sports enthusiast
CUST_02620,0.717834497,1,technical issues,college student,standard,medium,481.22,family viewer
CUST_02621,0.772651661,1,too expensive,college student,premium,medium,653.42,news junkie
CUST_02622,0.774805172,1,switched to competitor,college student,basic,high,220.27,binge watcher
CUST_02624,0.736461517,1,too expensive,school student,premium,medium,698.7,news junkie
CUST_02625,0.819496101,1,too expensive,college student,premium,high,750.66,news junkie
CUST_02626,0.767137752,1,too expensive,retired individual,basic,high,215.84,binge watcher
CUST_02629,0.883193207,1,too expensive,college student,standard,medium,418.06,sports enthusiast
CUST_02630,0.852404375,1,none,retired individual,basic,low,220.93,binge watcher
CUST_02631,0.821249329,1,technical issues,college student,basic,low,182.47,family viewer
CUST_02633,0.825442826,1,too expensive,working professional,premium,medium,771.53,family viewer
CUST_02634,0.859638076,1,no time to watch,working professional,standard,high,385.48,sports enthusiast
CUST_02635,0.853936856,1,too expensive,retired individual,basic,high,216.35,casual viewer
CUST_02636,0.711505172,1,too expensive,college student,premium,high,698.8,sports enthusiast
CUST_02637,0.756255503,1,too expensive,working professional,premium,low,830.07,family viewer
CUST_02639,0.844115193,1,technical issues,college student,standard,low,440.1,casual viewer
CUST_02640,0.810564504,1,too expensive,college student,premium,medium,716.31,casual viewer
CUST_02641,0.890948626,1,too expensive,college student,premium,low,669.57,family viewer
CUST_02642,0.925126174,1,too expensive,retired individual,premium,medium,708.14,sports enthusiast
CUST_02643,0.784940419,1,too expensive,working professional,premium,high,778.55,sports enthusiast
CUST_02644,0.752280719,1,too expensive,college student,premium,high,650.67,sports enthusiast
CUST_02646,0.753201831,1,technical issues,college student,standard,low,379.51,casual viewer
CUST_02647,0.847949879,1,no time to watch,college student,standard,medium,430.38,casual viewer
CUST_02648,0.778675434,1,technical issues,college student,basic,medium,252.82,sports enthusiast
CUST_02649,0.910134382,1,none,college student,premium,high,677.08,news junkie
CUST_02650,0.904957369,1,technical issues,school student,basic,low,230.32,news junkie
CUST_02651,0.857527894,1,too expensive,retired individual,premium,high,751.37,sports enthusiast
CUST_02653,0.789521248,1,too expensive,retired individual,basic,high,153.34,casual viewer
CUST_02654,0.860082677,1,too expensive,retired individual,premium,high,637.49,sports enthusiast
CUST_02655,0.818319527,1,technical issues,school student,basic,low,220.05,binge watcher
CUST_02656,0.884847557,1,no time to watch,college student,standard,medium,391.21,binge watcher
CUST_02657,0.784695635,1,none,retired individual,premium,high,746.9,family viewer
CUST_02658,0.791436279,1,none,college student,premium,high,788.76,news junkie
CUST_02659,0.9582912,1,too expensive,college student,basic,low,261.61,family viewer
CUST_02660,0.857464644,1,too expensive,school student,premium,low,690.54,news junkie
CUST_02662,0.823169218,1,none,retired individual,basic,low,255.34,family viewer
CUST_02663,0.71532166,1,too expensive,retired individual,premium,medium,793.55,sports enthusiast
CUST_02664,0.707949678,1,too expensive,college student,premium,high,649.81,news junkie
CUST_02665,0.85381239,1,none,college student,standard,low,396.09,family viewer
CUST_02666,0.920259928,1,too expensive,college student,premium,low,761.08,family viewer
CUST_02669,0.825402362,1,too expensive,college student,premium,low,755.87,news junkie
CUST_02670,0.849885972,1,too expensive,retired individual,standard,medium,377.16,sports enthusiast
CUST_02671,0.882191552,1,none,school student,standard,low,353.81,binge watcher
CUST_02672,0.766018368,1,too expensive,retired individual,standard,high,381.74,sports enthusiast
CUST_02673,0.869372684,1,too expensive,working professional,premium,medium,691.8,sports enthusiast
CUST_02674,0.801470613,1,none,retired individual,basic,medium,239.7,casual viewer
CUST_02675,0.787496127,1,technical issues,college student,standard,low,401.36,family viewer
CUST_02677,0.786458418,1,no time to watch,college student,standard,medium,400.22,sports enthusiast
CUST_02678,0.831601731,1,too expensive,college student,standard,medium,377.39,family viewer
CUST_02679,0.770872749,1,none,retired individual,premium,high,601.04,news junkie
CUST_02680,0.798269487,1,technical issues,college student,standard,medium,427.71,news junkie
CUST_02681,0.824620499,1,none,college student,standard,medium,357.95,casual viewer
CUST_02682,0.717861503,1,switched to competitor,retired individual,basic,high,194.26,sports enthusiast
CUST_02684,0.82261374,1,too expensive,retired individual,premium,high,687.85,binge watcher
CUST_02685,0.925697597,1,too expensive,college student,basic,low,170.91,family viewer
CUST_02686,0.798521182,1,switched to competitor,college student,basic,high,211.43,family viewer
CUST_02687,0.862415492,1,too expensive,retired individual,premium,medium,630.04,family viewer
CUST_02688,0.877397733,1,none,college student,premium,high,786.43,sports enthusiast
CUST_02689,0.810519382,1,none,college student,standard,low,427.38,sports enthusiast
CUST_02691,0.862124878,1,none,working professional,standard,high,443.37,binge watcher
CUST_02692,0.787163875,1,too expensive,college student,premium,high,698.88,casual viewer
CUST_02693,0.816357837,1,technical issues,college student,standard,medium,423.64,sports enthusiast
CUST_02695,0.786782657,1,too expensive,working professional,premium,high,635.57,sports enthusiast
CUST_02696,0.859243137,1,too expensive,working professional,premium,medium,669.18,sports enthusiast
CUST_02697,0.904605961,1,no time to watch,working professional,basic,low,182.44,family viewer
CUST_02698,0.784539226,1,none,college student,standard,high,413.03,family viewer
CUST_02699,0.859952599,1,technical issues,college student,standard,medium,401.85,family viewer
CUST_02700,0.728435145,1,too expensive,retired individual,premium,high,713.57,binge watcher
CUST_02702,0.948061886,1,too expensive,retired individual,basic,low,178.85,binge watcher
CUST_02703,0.920685515,1,technical issues,school student,standard,low,427.21,casual viewer
CUST_02704,0.721682419,1,none,retired individual,premium,medium,627.14,sports enthusiast
CUST_02706,0.948469212,1,too expensive,working professional,standard,low,422.19,casual viewer
CUST_02707,0.733197695,1,technical issues,retired individual,basic,medium,170.37,news junkie
CUST_02708,0.711554576,1,none,college student,premium,high,771.28,family viewer
CUST_02709,0.878416285,1,too expensive,retired individual,basic,high,220.64,news junkie
CUST_02710,0.931804943,1,too expensive,college student,standard,medium,419.67,binge watcher
CUST_02712,0.846261355,1,technical issues,working professional,basic,medium,234.1,sports enthusiast
CUST_02713,0.919692812,1,none,retired individual,premium,low,718.73,casual viewer
CUST_02714,0.900294035,1,too expensive,working professional,basic,medium,178.82,news junkie
CUST_02715,0.820973119,1,too expensive,retired individual,premium,high,628.56,sports enthusiast
CUST_02716,0.840354574,1,technical issues,college student,basic,medium,223.9,binge watcher
CUST_02717,0.823399459,1,content not interesting,college student,standard,high,453.76,binge watcher
CUST_02718,0.819981524,1,too expensive,retired individual,standard,medium,418.84,binge watcher
CUST_02720,0.798962075,1,technical issues,college student,standard,medium,442.79,news junkie
CUST_02721,0.875493453,1,too expensive,working professional,premium,medium,756.06,news junkie
CUST_02723,0.838813481,1,none,school student,basic,medium,198.01,news junkie
CUST_02724,0.808773525,1,too expensive,college student,premium,high,735.16,family viewer
CUST_02725,0.829605485,1,too expensive,college student,premium,medium,796.43,casual viewer
CUST_02726,0.831954336,1,no time to watch,college student,basic,low,175.96,family viewer
CUST_02728,0.869352585,1,technical issues,college student,basic,low,189.09,news junkie
CUST_02729,0.816801005,1,technical issues,college student,basic,medium,221.24,sports enthusiast
CUST_02730,0.885258498,1,too expensive,retired individual,basic,high,198.12,binge watcher
CUST_02731,0.875511442,1,no time to watch,working professional,basic,high,255.5,casual viewer
CUST_02732,0.8637617,1,technical issues,college student,standard,low,357.9,casual viewer
CUST_02733,0.858815631,1,too expensive,working professional,premium,high,663.51,family viewer
CUST_02734,0.805966089,1,no time to watch,working professional,basic,high,229.89,sports enthusiast
CUST_02735,0.895820608,1,none,school student,standard,high,418.77,casual viewer
CUST_02736,0.927137881,1,no time to watch,college student,basic,low,199.05,family viewer
CUST_02737,0.722723502,1,technical issues,retired individual,standard,medium,419.67,sports enthusiast
CUST_02738,0.880383181,1,too expensive,college student,standard,low,355.7,binge watcher
CUST_02739,0.806146027,1,no time to watch,college student,standard,high,392.08,binge watcher
CUST_02740,0.864015381,1,too expensive,college student,basic,high,195.18,binge watcher
CUST_02741,0.846057099,1,no time to watch,working professional,standard,medium,428.75,binge watcher
CUST_02742,0.913799593,1,too expensive,college student,standard,low,368.57,casual viewer
CUST_02743,0.738955491,1,none,retired individual,basic,medium,158.18,family viewer
CUST_02744,0.825704458,1,technical issues,retired individual,standard,medium,377.11,news junkie
CUST_02745,0.894563381,1,too expensive,school student,premium,medium,765.99,news junkie
CUST_02746,0.766928746,1,no time to watch,working professional,basic,medium,207.19,binge watcher
CUST_02747,0.78577086,1,none,working professional,premium,high,625.42,binge watcher
CUST_02748,0.84277728,1,too expensive,retired individual,basic,medium,220.21,news junkie
CUST_02749,0.827017073,1,technical issues,college student,standard,low,335.53,family viewer
CUST_02750,0.734246801,1,too expensive,retired individual,standard,high,453.06,casual viewer
CUST_02753,0.77426078,1,technical issues,retired individual,basic,medium,151.06,binge watcher
CUST_02755,0.764345563,1,too expensive,college student,premium,high,693.58,family viewer
CUST_02756,0.737510133,1,none,college student,premium,low,781.86,news junkie
CUST_02757,0.924057535,1,no time to watch,working professional,standard,low,420.57,binge watcher
CUST_02758,0.885423627,1,too expensive,retired individual,premium,high,653.02,casual viewer
CUST_02760,0.709739122,1,no time to watch,college student,standard,high,424.69,casual viewer
CUST_02762,0.910418204,1,no time to watch,working professional,standard,medium,422.94,casual viewer
CUST_02763,0.796641884,1,none,working professional,premium,medium,712.45,family viewer
CUST_02764,0.774042325,1,no time to watch,working professional,premium,high,598.44,news junkie
CUST_02766,0.883153408,1,too expensive,school student,standard,high,461.43,casual viewer
CUST_02767,0.782837987,1,switched to competitor,school student,standard,high,448.04,casual viewer
CUST_02768,0.826751129,1,switched to competitor,college student,standard,high,463.65,news junkie
CUST_02769,0.808601061,1,too expensive,working professional,premium,high,670.53,family viewer
CUST_02770,0.900293514,1,no time to watch,working professional,standard,low,416.64,sports enthusiast
CUST_02771,0.824929632,1,none,working professional,premium,high,798.83,casual viewer
CUST_02772,0.930923369,1,too expensive,working professional,standard,medium,396.56,family viewer
CUST_02773,0.871419542,1,technical issues,school student,standard,medium,329.85,news junkie
CUST_02774,0.889358507,1,too expensive,retired individual,premium,medium,763.94,family viewer
CUST_02775,0.870412888,1,too expensive,college student,basic,high,197.63,binge watcher
CUST_02776,0.929821449,1,too expensive,working professional,standard,medium,455.19,casual viewer
CUST_02778,0.865873748,1,too expensive,working professional,standard,high,384.75,news junkie
CUST_02779,0.710657172,1,switched to competitor,retired individual,standard,high,382.85,family viewer
CUST_02780,0.704690007,1,switched to competitor,retired individual,basic,high,215.56,casual viewer
CUST_02781,0.777525004,1,technical issues,college student,basic,low,210.17,family viewer
CUST_02783,0.839779133,1,none,retired individual,premium,low,798.58,binge watcher
CUST_02786,0.924129415,1,too expensive,retired individual,premium,high,799.1,sports enthusiast
CUST_02787,0.888602006,1,none,college student,standard,low,350.1,casual viewer
CUST_02788,0.776293845,1,no time to watch,college student,standard,high,388.18,casual viewer
CUST_02789,0.735284271,1,too expensive,college student,premium,high,653.92,family viewer
CUST_02790,0.805457855,1,switched to competitor,school student,standard,high,401.69,sports enthusiast
CUST_02791,0.957737815,1,too expensive,college student,standard,low,434.74,binge watcher
CUST_02792,0.705482199,1,too expensive,college student,premium,high,771.77,family viewer
CUST_02794,0.745149564,1,none,college student,premium,high,710.36,sports enthusiast
CUST_02795,0.889985425,1,too expensive,working professional,premium,high,637.55,binge watcher
CUST_02796,0.857663838,1,too expensive,college student,standard,low,380.52,casual viewer
CUST_02797,0.721049103,1,too expensive,retired individual,premium,high,678.11,family viewer
CUST_02798,0.762929697,1,too expensive,school student,premium,high,789.74,family viewer
CUST_02799,0.82407938,1,too expensive,retired individual,premium,low,668.3,casual viewer
CUST_02800,0.860816075,1,none,college student,standard,high,438.45,sports enthusiast
CUST_02801,0.765110642,1,too expensive,retired individual,premium,high,680.38,binge watcher
CUST_02803,0.892818135,1,too expensive,college student,premium,low,600.96,binge watcher
CUST_02804,0.877184973,1,technical issues,retired individual,basic,low,191.85,casual viewer
CUST_02805,0.768634217,1,too expensive,retired individual,premium,medium,751.55,sports enthusiast
CUST_02806,0.944174384,1,too expensive,working professional,basic,low,227.4,binge watcher
CUST_02807,0.935706631,1,too expensive,working professional,basic,low,252.52,binge watcher
CUST_02808,0.735628057,1,too expensive,school student,premium,high,766.36,family viewer
CUST_02810,0.78218462,1,too expensive,retired individual,premium,high,722.85,binge watcher
CUST_02811,0.862260821,1,no time to watch,working professional,basic,low,203.68,casual viewer
CUST_02812,0.882566042,1,too expensive,school student,premium,high,787.34,binge watcher
CUST_02813,0.901418039,1,too expensive,working professional,premium,low,766.99,sports enthusiast
CUST_02814,0.743167388,1,too expensive,school student,basic,high,242.57,sports enthusiast
CUST_02815,0.905194789,1,too expensive,working professional,premium,high,752.06,sports enthusiast
CUST_02816,0.86790124,1,too expensive,working professional,basic,high,137.69,casual viewer
CUST_02817,0.761307939,1,none,college student,basic,high,205.31,sports enthusiast
CUST_02818,0.875299489,1,too expensive,college student,premium,medium,591.23,casual viewer
CUST_02820,0.751056869,1,content not interesting,working professional,basic,high,174.92,casual viewer
CUST_02822,0.922113011,1,none,retired individual,standard,medium,489.21,casual viewer
CUST_02823,0.794860544,1,none,college student,standard,medium,427.11,news junkie
CUST_02824,0.781363786,1,none,college student,premium,high,697.74,casual viewer
CUST_02825,0.880604023,1,technical issues,college student,basic,low,190.82,binge watcher
CUST_02826,0.857024412,1,too expensive,college student,basic,medium,195.64,binge watcher
CUST_02828,0.830684528,1,too expensive,working professional,premium,high,641.16,family viewer
CUST_02829,0.719108627,1,too expensive,retired individual,standard,high,410.81,news junkie
CUST_02830,0.831192458,1,no time to watch,college student,standard,high,362.74,news junkie
CUST_02831,0.762379531,1,too expensive,college student,premium,high,624.92,sports enthusiast
CUST_02832,0.789651938,1,too expensive,college student,premium,low,771.08,news junkie
CUST_02833,0.754296689,1,too expensive,retired individual,premium,high,689.49,casual viewer
CUST_02834,0.752809305,1,no time to watch,working professional,basic,high,207.79,sports enthusiast
CUST_02836,0.860224275,1,none,retired individual,standard,low,389.26,casual viewer
CUST_02837,0.889957042,1,too expensive,college student,premium,low,755.36,news junkie
CUST_02839,0.869227288,1,too expensive,retired individual,basic,medium,191.76,news junkie
CUST_02840,0.774192123,1,too expensive,college student,standard,high,364.24,casual viewer
CUST_02841,0.925909316,1,too expensive,college student,standard,low,341.2,binge watcher
CUST_02842,0.705482757,1,content not interesting,college student,basic,high,207.51,casual viewer
CUST_02843,0.894887204,1,no time to watch,working professional,basic,high,164.51,sports enthusiast
CUST_02844,0.8869738,1,too expensive,college student,premium,low,746.79,news junkie
CUST_02845,0.943965512,1,no time to watch,college student,basic,low,185.78,casual viewer
CUST_02847,0.853464489,1,too expensive,working professional,premium,high,786.81,family viewer
CUST_02848,0.772427014,1,too expensive,college student,standard,high,396.14,casual viewer
CUST_02849,0.72349198,1,too expensive,retired individual,basic,high,202.85,binge watcher
CUST_02850,0.858904955,1,no time to watch,working professional,basic,high,178.27,sports enthusiast
CUST_02851,0.739642812,1,too expensive,college student,premium,high,720.45,sports enthusiast
CUST_02852,0.843163828,1,technical issues,college student,standard,low,427.66,news junkie
CUST_02853,0.845972035,1,none,working professional,standard,medium,430.91,news junkie
CUST_02855,0.841638842,1,too expensive,college student,basic,high,212.49,sports enthusiast
CUST_02856,0.835681937,1,technical issues,school student,standard,medium,417.14,sports enthusiast
CUST_02857,0.768393325,1,none,school student,basic,high,203.47,sports enthusiast
CUST_02858,0.770146641,1,too expensive,college student,standard,high,408.77,news junkie
CUST_02859,0.915970268,1,no time to watch,working professional,basic,low,194.89,family viewer
CUST_02860,0.743030525,1,too expensive,school student,premium,high,689.03,news junkie
CUST_02861,0.846620617,1,too expensive,school student,premium,high,649.26,news junkie
CUST_02862,0.829539364,1,none,retired individual,standard,high,372.07,family viewer
CUST_02865,0.858487984,1,too expensive,college student,premium,low,627.66,news junkie
CUST_02866,0.80714277,1,technical issues,college student,basic,medium,178.19,news junkie
CUST_02867,0.755534885,1,switched to competitor,school student,standard,high,365.94,family viewer
CUST_02869,0.741089826,1,no time to watch,working professional,basic,high,235.82,news junkie
CUST_02870,0.936939588,1,too expensive,college student,standard,high,351.78,binge watcher
CUST_02871,0.705795435,1,switched to competitor,school student,standard,high,346.6,family viewer
CUST_02874,0.839262428,1,too expensive,college student,standard,high,408.31,family viewer
CUST_02875,0.894905335,1,too expensive,working professional,premium,medium,620.33,binge watcher
CUST_02876,0.753677297,1,none,college student,standard,high,440.41,family viewer
CUST_02877,0.789798358,1,technical issues,retired individual,standard,low,433.67,news junkie
CUST_02878,0.726713632,1,none,school student,premium,high,607.57,binge watcher
CUST_02880,0.917468971,1,too expensive,college student,premium,high,642.19,news junkie
CUST_02883,0.815159877,1,no time to watch,college student,basic,medium,200.42,casual viewer
CUST_02884,0.873664553,1,no time to watch,retired individual,basic,low,178.09,news junkie
CUST_02885,0.834783626,1,content not interesting,school student,basic,high,153.72,casual viewer
CUST_02887,0.741750554,1,technical issues,retired individual,standard,low,407.92,casual viewer
CUST_02888,0.790205291,1,too expensive,working professional,premium,low,750.68,news junkie
CUST_02889,0.850843297,1,too expensive,retired individual,premium,high,749.69,news junkie
CUST_02890,0.897030763,1,too expensive,college student,basic,low,172.72,casual viewer
CUST_02891,0.71040023,1,switched to competitor,school student,basic,high,160.67,news junkie
CUST_02892,0.831510587,1,too expensive,college student,basic,high,199.15,binge watcher
CUST_02893,0.753567536,1,none,college student,standard,medium,325.58,news junkie
CUST_02895,0.867978961,1,technical issues,college student,standard,medium,422.38,binge watcher
CUST_02896,0.935689124,1,too expensive,working professional,standard,high,354.89,casual viewer
CUST_02897,0.872931643,1,content not interesting,retired individual,premium,high,589.85,family viewer
CUST_02898,0.91181684,1,too expensive,retired individual,standard,high,457.16,binge watcher
CUST_02899,0.792094592,1,too expensive,school student,premium,high,699.33,sports enthusiast
CUST_02900,0.735370675,1,too expensive,working professional,premium,medium,725.02,binge watcher
CUST_02901,0.885568432,1,too expensive,college student,premium,low,702.09,family viewer
CUST_02902,0.770305799,1,too expensive,retired individual,premium,high,712.08,casual viewer
CUST_02903,0.860194164,1,too expensive,working professional,standard,high,358.25,news junkie
CUST_02905,0.928052951,1,too expensive,working professional,basic,low,226.91,family viewer
CUST_02906,0.757909641,1,too expensive,retired individual,premium,medium,775.75,binge watcher
CUST_02907,0.931003555,1,too expensive,college student,basic,low,165.04,sports enthusiast
CUST_02908,0.78653008,1,too expensive,retired individual,premium,high,623.55,news junkie
CUST_02909,0.784699112,1,too expensive,college student,premium,high,820.67,casual viewer
CUST_02910,0.815177035,1,too expensive,working professional,basic,high,171.83,binge watcher
CUST_02911,0.76479615,1,switched to competitor,college student,standard,high,419.39,news junkie
CUST_02912,0.852656555,1,no time to watch,college student,basic,medium,197.59,casual viewer
CUST_02913,0.895952051,1,too expensive,retired individual,basic,low,155.83,casual viewer
CUST_02914,0.81486249,1,none,college student,basic,high,206.05,family viewer
CUST_02916,0.866377434,1,too expensive,retired individual,premium,high,729.23,sports enthusiast
CUST_02918,0.915979656,1,too expensive,college student,standard,low,424.1,binge watcher
CUST_02920,0.88204294,1,too expensive,retired individual,basic,high,212.01,sports enthusiast
CUST_02922,0.89046364,1,too expensive,retired individual,basic,high,225.81,news junkie
CUST_02923,0.885933139,1,no time to watch,college student,standard,medium,383.79,binge watcher
CUST_02924,0.829372923,1,too expensive,college student,basic,high,211.2,family viewer
CUST_02925,0.720243255,1,none,school student,standard,low,397.42,news junkie
CUST_02926,0.753739334,1,switched to competitor,college student,standard,high,458.97,sports enthusiast
CUST_02927,0.887465154,1,too expensive,working professional,standard,medium,424.11,casual viewer
CUST_02929,0.795752288,1,switched to competitor,retired individual,standard,high,384.51,binge watcher
CUST_02931,0.937235442,1,none,school student,standard,medium,379.06,family viewer
CUST_02933,0.825033239,1,too expensive,college student,basic,high,211.74,family viewer
CUST_02934,0.793276263,1,technical issues,school student,standard,medium,471.85,casual viewer
CUST_02935,0.957150798,1,too expensive,retired individual,basic,low,178.27,binge watcher
CUST_02936,0.826872017,1,too expensive,retired individual,basic,high,190.44,family viewer
CUST_02937,0.904707403,1,too expensive,working professional,basic,high,213.08,news junkie
CUST_02938,0.796076675,1,too expensive,retired individual,standard,high,419.31,casual viewer
CUST_02939,0.857832054,1,too expensive,retired individual,basic,medium,209.52,binge watcher
CUST_02941,0.87252024,1,none,working professional,premium,medium,626,binge watcher
CUST_02942,0.849505594,1,too expensive,retired individual,basic,low,214.25,binge watcher
CUST_02943,0.852062432,1,none,retired individual,basic,low,209.85,news junkie
CUST_02945,0.900725311,1,none,retired individual,basic,medium,191.94,casual viewer
CUST_02946,0.843937915,1,no time to watch,working professional,basic,low,226.4,news junkie
CUST_02947,0.83867625,1,no time to watch,college student,standard,high,362.45,casual viewer
CUST_02948,0.761858655,1,switched to competitor,retired individual,basic,high,201.39,family viewer
CUST_02949,0.917027336,1,too expensive,school student,standard,low,387.65,casual viewer
CUST_02950,0.758220232,1,too expensive,college student,standard,high,439.06,sports enthusiast
CUST_02952,0.923189658,1,too expensive,college student,premium,low,645.3,sports enthusiast
CUST_02953,0.853236039,1,technical issues,working professional,standard,low,357.11,sports enthusiast
CUST_02954,0.790978457,1,too expensive,working professional,standard,medium,378.45,casual viewer
CUST_02955,0.851601403,1,switched to competitor,working professional,standard,high,359.89,family viewer
CUST_02956,0.788179409,1,too expensive,college student,premium,high,697.59,sports enthusiast
CUST_02959,0.734358435,1,none,working professional,basic,low,161.3,binge watcher
CUST_02960,0.892896597,1,none,working professional,basic,low,174.56,casual viewer
CUST_02961,0.806249744,1,content not interesting,retired individual,standard,high,445.04,news junkie
CUST_02962,0.864098132,1,too expensive,working professional,basic,low,238.83,binge watcher
CUST_02963,0.833128,1,too expensive,school student,standard,high,376.31,casual viewer
CUST_02968,0.811009382,1,too expensive,college student,premium,low,764.52,sports enthusiast
CUST_02970,0.894368703,1,too expensive,college student,basic,medium,176.16,sports enthusiast
CUST_02971,0.709390134,1,none,school student,premium,medium,599.52,news junkie
CUST_02972,0.783120663,1,none,working professional,standard,high,345.66,casual viewer
CUST_02973,0.779970849,1,none,school student,premium,medium,597.34,binge watcher
CUST_02974,0.787285061,1,technical issues,college student,standard,medium,364.57,sports enthusiast
CUST_02975,0.815739029,1,too expensive,college student,premium,high,639.4,binge watcher
CUST_02976,0.70144383,1,none,college student,premium,low,759.14,news junkie
CUST_02977,0.779354202,1,technical issues,college student,basic,medium,202.44,sports enthusiast
CUST_02978,0.905575597,1,too expensive,college student,standard,low,455.89,binge watcher
CUST_02980,0.881161381,1,none,retired individual,basic,medium,200.3,casual viewer
CUST_02981,0.856369394,1,too expensive,retired individual,standard,high,377.18,sports enthusiast
CUST_02982,0.903300551,1,none,retired individual,premium,low,651.61,sports enthusiast
CUST_02984,0.861057652,1,too expensive,college student,standard,low,360.33,casual viewer
CUST_02985,0.891451316,1,too expensive,retired individual,premium,low,750.89,news junkie
CUST_02986,0.745567305,1,none,working professional,basic,high,178.64,news junkie
CUST_02987,0.866713228,1,technical issues,college student,basic,medium,256.56,sports enthusiast
CUST_02988,0.789068402,1,switched to competitor,school student,standard,high,437.22,sports enthusiast
CUST_02989,0.803068586,1,too expensive,working professional,premium,medium,707.78,sports enthusiast
CUST_02990,0.894102442,1,too expensive,working professional,premium,low,723.25,news junkie
CUST_02991,0.7786138,1,none,college student,standard,medium,364.38,sports enthusiast
CUST_02992,0.905967964,1,too expensive,school student,standard,low,384.07,family viewer
CUST_02993,0.847707331,1,no time to watch,working professional,standard,medium,384.86,sports enthusiast
CUST_02994,0.898490226,1,no time to watch,working professional,standard,medium,446.49,binge watcher
CUST_02996,0.712380979,1,technical issues,retired individual,standard,medium,465.88,news junkie
CUST_02997,0.885826589,1,too expensive,working professional,standard,high,386.79,news junkie
CUST_02998,0.896447461,1,technical issues,retired individual,standard,low,450.62,news junkie
CUST_02999,0.750712829,1,technical issues,school student,standard,medium,374.18,news junkie
CUST_03000,0.746761001,1,switched to competitor,school student,standard,high,485.86,family viewer
CUST_03001,0.83868371,1,too expensive,retired individual,basic,medium,234.43,binge watcher
CUST_03002,0.706139424,1,none,college student,premium,medium,617.08,news junkie
CUST_03003,0.856538903,1,no time to watch,working professional,standard,high,382.15,news junkie
CUST_03004,0.916197075,1,too expensive,working professional,standard,medium,337.31,binge watcher
CUST_03006,0.836790475,1,too expensive,retired individual,premium,high,755.54,sports enthusiast
CUST_03008,0.863133221,1,no time to watch,college student,standard,medium,411.16,family viewer
CUST_03010,0.710239737,1,technical issues,retired individual,standard,medium,430.74,news junkie
CUST_03011,0.737440385,1,too expensive,school student,standard,medium,455.3,binge watcher
CUST_03012,0.810825664,1,too expensive,college student,basic,high,162.7,news junkie
CUST_03013,0.85381401,1,none,college student,basic,high,235.34,family viewer
CUST_03015,0.755256467,1,none,retired individual,basic,high,213.72,family viewer
CUST_03016,0.92063653,1,too expensive,college student,basic,high,211.76,binge watcher
CUST_03017,0.813752129,1,none,retired individual,premium,medium,648.91,family viewer
CUST_03018,0.883205552,1,none,working professional,premium,high,731.31,binge watcher
CUST_03019,0.761754233,1,none,school student,basic,high,216.54,family viewer
CUST_03022,0.76314847,1,no time to watch,retired individual,basic,low,219.57,sports enthusiast
CUST_03023,0.867780855,1,too expensive,college student,basic,high,186.61,casual viewer
CUST_03024,0.731284596,1,no time to watch,college student,standard,medium,464.6,family viewer
CUST_03026,0.721138545,1,too expensive,retired individual,premium,high,735.99,sports enthusiast
CUST_03027,0.788904153,1,technical issues,college student,basic,low,205.31,news junkie
CUST_03028,0.777018611,1,none,retired individual,premium,low,752.54,news junkie
CUST_03030,0.797436131,1,content not interesting,college student,standard,high,434.04,binge watcher
CUST_03031,0.756650835,1,technical issues,school student,basic,medium,216.77,family viewer
CUST_03032,0.76511161,1,technical issues,retired individual,basic,medium,172.05,sports enthusiast
CUST_03033,0.849388256,1,no time to watch,working professional,basic,high,188.43,casual viewer
CUST_03034,0.892128926,1,too expensive,college student,premium,medium,751.83,casual viewer
CUST_03035,0.816243742,1,too expensive,college student,premium,low,705.38,casual viewer
CUST_03036,0.860594118,1,too expensive,school student,premium,low,642.35,binge watcher
CUST_03037,0.878510897,1,too expensive,college student,premium,low,707.11,family viewer
CUST_03038,0.892122603,1,too expensive,college student,standard,medium,416.52,binge watcher
CUST_03039,0.80001584,1,too expensive,college student,premium,low,651.07,news junkie
CUST_03041,0.903408409,1,no time to watch,working professional,basic,high,191.8,casual viewer
CUST_03042,0.867948863,1,too expensive,college student,standard,high,449.57,casual viewer
CUST_03044,0.806235114,1,technical issues,college student,basic,low,201.85,binge watcher
CUST_03045,0.749090031,1,none,working professional,basic,high,191.79,binge watcher
CUST_03048,0.896810264,1,too expensive,college student,basic,high,141.04,sports enthusiast
CUST_03049,0.730454383,1,none,school student,standard,high,410.2,news junkie
CUST_03050,0.906809573,1,none,college student,standard,medium,377.35,casual viewer
CUST_03051,0.934855733,1,no time to watch,working professional,premium,low,585.21,news junkie
CUST_03052,0.762225719,1,too expensive,school student,premium,high,691.51,casual viewer
CUST_03053,0.716255007,1,switched to competitor,working professional,basic,high,167.68,sports enthusiast
CUST_03054,0.876757713,1,too expensive,school student,standard,high,370.33,casual viewer
CUST_03055,0.726117184,1,none,retired individual,basic,high,137.75,news junkie
CUST_03056,0.770207727,1,too expensive,working professional,premium,high,811.23,news junkie
CUST_03057,0.906222329,1,content not interesting,college student,standard,high,383.38,news junkie
CUST_03058,0.823417196,1,too expensive,working professional,premium,high,621.27,sports enthusiast
CUST_03059,0.91128094,1,too expensive,school student,premium,low,760.9,family viewer
CUST_03061,0.872047397,1,none,working professional,standard,low,440.05,sports enthusiast
CUST_03062,0.711209776,1,content not interesting,college student,standard,high,368.78,binge watcher
CUST_03063,0.773930274,1,none,working professional,standard,high,398.92,binge watcher
CUST_03064,0.909862482,1,none,retired individual,standard,low,427.73,news junkie
CUST_03067,0.733905739,1,too expensive,school student,standard,medium,431.24,news junkie
CUST_03068,0.874221915,1,technical issues,retired individual,standard,medium,420.22,news junkie
CUST_03069,0.770013059,1,technical issues,college student,standard,low,465.81,family viewer
CUST_03070,0.885997617,1,too expensive,college student,basic,high,207.25,family viewer
CUST_03074,0.931297454,1,too expensive,working professional,premium,medium,733.39,casual viewer
CUST_03075,0.730852037,1,none,college student,premium,low,805.65,binge watcher
CUST_03076,0.912715194,1,no time to watch,working professional,standard,low,393.28,news junkie
CUST_03077,0.806481207,1,too expensive,retired individual,standard,medium,442.42,binge watcher
CUST_03078,0.85481494,1,none,college student,basic,medium,191.95,casual viewer
CUST_03079,0.794536077,1,technical issues,college student,standard,medium,369.51,sports enthusiast
CUST_03080,0.741390613,1,too expensive,college student,premium,high,612.27,casual viewer
CUST_03081,0.847465287,1,too expensive,working professional,premium,medium,708.81,sports enthusiast
CUST_03082,0.861039851,1,too expensive,working professional,premium,medium,695.64,news junkie
CUST_03083,0.812479982,1,too expensive,college student,basic,high,256.45,news junkie
CUST_03084,0.903901376,1,too expensive,college student,basic,high,194.47,family viewer
CUST_03085,0.839559361,1,too expensive,school student,standard,high,375.46,casual viewer
CUST_03086,0.714056791,1,too expensive,working professional,premium,high,785.09,casual viewer
CUST_03088,0.735601266,1,none,college student,premium,high,641.25,family viewer
CUST_03090,0.784391283,1,technical issues,retired individual,standard,medium,336.12,sports enthusiast
CUST_03091,0.833885346,1,none,working professional,standard,high,395.74,sports enthusiast
CUST_03092,0.887068239,1,technical issues,working professional,basic,medium,178.56,family viewer
CUST_03093,0.771973557,1,none,college student,premium,high,751.11,binge watcher
CUST_03094,0.785318224,1,too expensive,retired individual,premium,high,748.82,binge watcher
CUST_03095,0.715559805,1,switched to competitor,college student,standard,high,446.23,sports enthusiast
CUST_03096,0.811782747,1,no time to watch,working professional,basic,high,194.16,news junkie
CUST_03097,0.761678761,1,technical issues,school student,standard,low,318.14,sports enthusiast
CUST_03098,0.910840643,1,too expensive,retired individual,standard,high,361.54,binge watcher
CUST_03099,0.742334931,1,no time to watch,retired individual,basic,medium,219.04,family viewer
CUST_03100,0.860419056,1,too expensive,working professional,basic,high,248.35,binge watcher
CUST_03101,0.833834942,1,technical issues,college student,basic,low,189.89,binge watcher
CUST_03102,0.938435154,1,too expensive,working professional,standard,low,364.53,sports enthusiast
CUST_03103,0.826451544,1,technical issues,school student,standard,medium,437.23,sports enthusiast
CUST_03106,0.901189481,1,technical issues,retired individual,basic,low,217.67,news junkie
CUST_03107,0.896239447,1,too expensive,working professional,premium,medium,758.1,casual viewer
CUST_03108,0.802221101,1,technical issues,school student,standard,low,409.85,sports enthusiast
CUST_03110,0.700175072,1,too expensive,college student,premium,high,716.53,news junkie
CUST_03111,0.841186187,1,no time to watch,college student,standard,low,419.87,binge watcher
CUST_03112,0.759471742,1,technical issues,college student,basic,low,219.45,binge watcher
CUST_03113,0.876287841,1,technical issues,working professional,basic,low,195.43,binge watcher
CUST_03117,0.74483345,1,none,retired individual,standard,medium,388.62,binge watcher
CUST_03118,0.863004106,1,too expensive,college student,premium,medium,622.31,sports enthusiast
CUST_03119,0.809900862,1,too expensive,college student,premium,low,787.57,sports enthusiast
CUST_03120,0.794483073,1,none,retired individual,basic,low,166.06,casual viewer
CUST_03121,0.753436686,1,no time to watch,working professional,standard,low,401.69,family viewer
CUST_03122,0.792566313,1,none,working professional,standard,high,356.35,news junkie
CUST_03123,0.877255615,1,too expensive,working professional,standard,high,424.35,casual viewer
CUST_03124,0.890916638,1,technical issues,school student,premium,medium,594.21,sports enthusiast
CUST_03125,0.878974437,1,no time to watch,retired individual,standard,high,375.78,news junkie
CUST_03126,0.856581746,1,none,college student,premium,medium,658.36,family viewer
CUST_03127,0.79076972,1,too expensive,retired individual,basic,high,196.09,binge watcher
CUST_03128,0.853088054,1,too expensive,college student,premium,medium,630.59,sports enthusiast
CUST_03129,0.925612723,1,no time to watch,working professional,standard,medium,387.01,binge watcher
CUST_03130,0.716559694,1,too expensive,working professional,premium,medium,771.21,family viewer
CUST_03131,0.8899141,1,too expensive,school student,standard,low,499.63,casual viewer
CUST_03133,0.801995013,1,none,working professional,basic,low,141.8,family viewer
CUST_03134,0.826150757,1,switched to competitor,retired individual,premium,high,599.17,binge watcher
CUST_03135,0.823149926,1,technical issues,college student,standard,medium,427.16,casual viewer
CUST_03137,0.852066554,1,too expensive,school student,standard,high,337.18,binge watcher
CUST_03138,0.924450004,1,too expensive,working professional,standard,medium,423.92,casual viewer
CUST_03139,0.832788978,1,none,college student,basic,high,179.34,casual viewer
CUST_03140,0.935966732,1,too expensive,retired individual,basic,low,185.33,casual viewer
CUST_03141,0.79953869,1,too expensive,college student,standard,high,344,news junkie
CUST_03143,0.803823355,1,too expensive,working professional,premium,high,768.25,family viewer
CUST_03144,0.814550267,1,too expensive,working professional,standard,high,405.14,family viewer
CUST_03145,0.742491463,1,too expensive,college student,standard,high,439.67,sports enthusiast
CUST_03146,0.827315894,1,none,college student,basic,medium,207.76,casual viewer
CUST_03147,0.71780243,1,switched to competitor,college student,basic,high,144.59,family viewer
CUST_03148,0.908037891,1,none,retired individual,premium,medium,771.03,news junkie
CUST_03149,0.721916157,1,no time to watch,college student,basic,high,216.77,sports enthusiast
CUST_03150,0.89479922,1,too expensive,retired individual,premium,high,613.9,sports enthusiast
CUST_03151,0.803613147,1,too expensive,school student,premium,low,695.13,casual viewer
CUST_03152,0.721120036,1,too expensive,retired individual,standard,high,453.18,family viewer
CUST_03153,0.835512004,1,no time to watch,working professional,basic,low,221.74,sports enthusiast
CUST_03154,0.910276192,1,too expensive,working professional,basic,high,222.86,binge watcher
CUST_03155,0.723367317,1,content not interesting,college student,standard,high,378.05,sports enthusiast
CUST_03156,0.749146147,1,none,working professional,standard,high,390.23,binge watcher
CUST_03157,0.764897971,1,too expensive,college student,standard,high,426.95,family viewer
CUST_03158,0.800575631,1,too expensive,retired individual,premium,high,630.04,casual viewer
CUST_03159,0.832770826,1,technical issues,college student,standard,low,403.65,casual viewer
CUST_03160,0.899917554,1,none,college student,premium,medium,775.03,news junkie
CUST_03161,0.832274902,1,too expensive,college student,premium,high,786.63,sports enthusiast
CUST_03162,0.742332369,1,none,school student,basic,high,190.36,family viewer
CUST_03163,0.76384819,1,too expensive,college student,basic,high,148.35,family viewer
CUST_03164,0.775017115,1,none,college student,premium,high,623.87,family viewer
CUST_03166,0.812766085,1,none,retired individual,standard,high,423.91,family viewer
CUST_03167,0.819236633,1,too expensive,working professional,premium,high,762.95,casual viewer
CUST_03168,0.798017729,1,too expensive,college student,premium,high,648.51,binge watcher
CUST_03169,0.924500101,1,too expensive,working professional,basic,high,217.3,news junkie
CUST_03170,0.894809887,1,none,college student,basic,high,228.28,sports enthusiast
CUST_03171,0.814280998,1,too expensive,college student,standard,high,399.61,casual viewer
CUST_03172,0.805305198,1,switched to competitor,college student,basic,high,214.96,binge watcher
CUST_03174,0.702344289,1,none,retired individual,standard,medium,369.93,family viewer
CUST_03175,0.76212093,1,content not interesting,school student,basic,high,183.57,binge watcher
CUST_03176,0.850943861,1,too expensive,retired individual,premium,low,706.69,news junkie
CUST_03178,0.890731358,1,technical issues,college student,standard,medium,350.24,family viewer
CUST_03179,0.860667438,1,none,college student,standard,low,396.49,casual viewer
CUST_03180,0.718145479,1,no time to watch,working professional,basic,high,168.58,family viewer
CUST_03182,0.784219722,1,content not interesting,college student,standard,high,388.11,news junkie
CUST_03183,0.91222435,1,technical issues,retired individual,basic,low,164.05,sports enthusiast
CUST_03184,0.768202279,1,technical issues,working professional,basic,medium,182.07,news junkie
CUST_03185,0.84417573,1,too expensive,working professional,premium,medium,758.61,family viewer
CUST_03186,0.828658918,1,content not interesting,college student,basic,high,237.45,casual viewer
CUST_03187,0.706714743,1,too expensive,retired individual,premium,medium,625.84,binge watcher
CUST_03188,0.897982518,1,technical issues,school student,basic,medium,148.96,binge watcher
CUST_03190,0.708044893,1,too expensive,working professional,premium,high,694.22,family viewer
CUST_03191,0.794289888,1,no time to watch,retired individual,standard,high,354.86,binge watcher
CUST_03192,0.793783071,1,too expensive,college student,premium,low,703.07,sports enthusiast
CUST_03193,0.860535678,1,technical issues,retired individual,standard,medium,381.39,family viewer
CUST_03194,0.79349369,1,none,college student,basic,low,224.82,sports enthusiast
CUST_03195,0.839675276,1,no time to watch,college student,basic,high,198.23,binge watcher
CUST_03196,0.841366064,1,too expensive,college student,premium,medium,634.43,sports enthusiast
CUST_03197,0.878708369,1,technical issues,working professional,standard,medium,408.6,family viewer
CUST_03198,0.84130468,1,none,retired individual,basic,high,191.98,news junkie
CUST_03199,0.74752994,1,no time to watch,college student,basic,high,175.48,news junkie
CUST_03200,0.798747246,1,too expensive,college student,standard,medium,385.12,sports enthusiast
CUST_03201,0.901340337,1,too expensive,college student,premium,low,779.53,casual viewer
CUST_03203,0.869962306,1,too expensive,college student,basic,high,204.05,binge watcher
CUST_03204,0.774480786,1,content not interesting,retired individual,standard,high,435.26,binge watcher
CUST_03205,0.796053468,1,too expensive,college student,standard,medium,402.96,binge watcher
CUST_03206,0.722328115,1,none,college student,standard,high,396.86,family viewer
CUST_03207,0.800996262,1,no time to watch,working professional,standard,high,440.81,casual viewer
CUST_03208,0.902863534,1,too expensive,working professional,premium,high,757.26,news junkie
CUST_03209,0.819187541,1,too expensive,college student,premium,high,641.41,family viewer
CUST_03211,0.835312887,1,too expensive,college student,premium,high,756.01,binge watcher
CUST_03212,0.703041729,1,too expensive,working professional,premium,high,708.39,news junkie
CUST_03214,0.79021083,1,too expensive,working professional,standard,low,353.93,family viewer
CUST_03215,0.785356205,1,switched to competitor,working professional,standard,high,434.13,casual viewer
CUST_03216,0.821122899,1,too expensive,retired individual,basic,high,196.31,sports enthusiast
CUST_03217,0.91918878,1,no time to watch,working professional,basic,low,232.09,casual viewer
CUST_03219,0.80251491,1,no time to watch,working professional,standard,high,448.92,sports enthusiast
CUST_03220,0.823399603,1,too expensive,college student,premium,medium,631.73,family viewer
CUST_03221,0.858597489,1,too expensive,college student,premium,medium,712.66,binge watcher
CUST_03222,0.897385344,1,too expensive,retired individual,premium,low,639.35,family viewer
CUST_03223,0.870007982,1,too expensive,working professional,basic,high,183.95,binge watcher
CUST_03224,0.876545943,1,too expensive,working professional,premium,high,631.79,news junkie
CUST_03225,0.890194045,1,no time to watch,retired individual,standard,high,371.49,news junkie
CUST_03226,0.806001202,1,no time to watch,working professional,standard,high,376.11,casual viewer
CUST_03227,0.837878793,1,too expensive,working professional,premium,low,631.07,family viewer
CUST_03228,0.791756411,1,too expensive,college student,basic,low,176.81,news junkie
CUST_03229,0.832199965,1,too expensive,school student,standard,high,388.23,casual viewer
CUST_03230,0.84013018,1,no time to watch,working professional,standard,medium,427.18,binge watcher
CUST_03231,0.857949261,1,no time to watch,college student,standard,high,388.36,family viewer
CUST_03232,0.836272509,1,none,retired individual,basic,high,168.03,casual viewer
CUST_03233,0.876842256,1,too expensive,working professional,standard,high,461.2,sports enthusiast
CUST_03234,0.782542849,1,too expensive,school student,standard,medium,451.44,family viewer
CUST_03235,0.723389216,1,switched to competitor,college student,basic,high,214.82,binge watcher
CUST_03236,0.796323474,1,technical issues,retired individual,standard,medium,447.76,casual viewer
CUST_03237,0.800764725,1,too expensive,college student,standard,high,428.69,news junkie
CUST_03238,0.9256761,1,too expensive,retired individual,standard,medium,380.4,casual viewer
CUST_03240,0.734177307,1,too expensive,college student,premium,low,785.71,family viewer
CUST_03247,0.838810961,1,too expensive,working professional,premium,low,690.86,family viewer
CUST_03248,0.743272122,1,too expensive,college student,premium,medium,624.95,casual viewer
CUST_03249,0.853739562,1,none,college student,standard,medium,393.41,sports enthusiast
CUST_03250,0.741754122,1,switched to competitor,retired individual,standard,high,444.24,binge watcher
CUST_03251,0.881080976,1,too expensive,college student,standard,high,393.83,family viewer
CUST_03252,0.751983454,1,switched to competitor,college student,standard,high,374.29,family viewer
CUST_03254,0.723140622,1,too expensive,working professional,premium,high,711.79,sports enthusiast
CUST_03255,0.90079772,1,too expensive,school student,standard,medium,429.49,binge watcher
CUST_03256,0.717946028,1,switched to competitor,college student,standard,high,430.18,news junkie
CUST_03257,0.817081718,1,too expensive,working professional,premium,low,711.82,family viewer
CUST_03258,0.847621288,1,technical issues,college student,standard,medium,436.15,casual viewer
CUST_03259,0.860981234,1,technical issues,retired individual,standard,low,426.56,binge watcher
CUST_03260,0.813185751,1,too expensive,retired individual,basic,high,214.31,news junkie
CUST_03261,0.894105239,1,too expensive,college student,basic,medium,200.47,casual viewer
CUST_03262,0.802718255,1,content not interesting,college student,standard,high,387.61,casual viewer
CUST_03263,0.826755746,1,too expensive,retired individual,premium,low,722.04,sports enthusiast
CUST_03264,0.908300439,1,too expensive,college student,basic,medium,189.56,family viewer
CUST_03265,0.793466109,1,too expensive,college student,standard,medium,388.28,news junkie
CUST_03266,0.880517206,1,none,retired individual,standard,medium,332,news junkie
CUST_03269,0.815480471,1,too expensive,retired individual,standard,high,430.96,binge watcher
CUST_03270,0.748336613,1,too expensive,retired individual,premium,high,703.85,binge watcher
CUST_03271,0.823472167,1,no time to watch,college student,basic,high,218.9,news junkie
CUST_03272,0.860140007,1,technical issues,retired individual,standard,low,396.11,casual viewer
CUST_03273,0.828193398,1,too expensive,retired individual,standard,high,340.77,sports enthusiast
CUST_03274,0.873931988,1,too expensive,college student,basic,medium,214.9,binge watcher
CUST_03275,0.830319513,1,too expensive,college student,standard,high,359.4,casual viewer
CUST_03276,0.843929871,1,too expensive,retired individual,premium,low,681.35,sports enthusiast
CUST_03277,0.793420092,1,none,college student,basic,low,209.28,news junkie
CUST_03278,0.829133468,1,none,retired individual,standard,medium,385.34,casual viewer
CUST_03279,0.92772398,1,technical issues,school student,basic,low,161.7,news junkie
CUST_03280,0.811529276,1,technical issues,college student,basic,medium,203.42,casual viewer
CUST_03282,0.735609299,1,too expensive,working professional,premium,high,793.84,sports enthusiast
CUST_03283,0.717575167,1,none,retired individual,standard,high,383.61,news junkie
CUST_03284,0.722294734,1,none,college student,standard,medium,337.83,news junkie
CUST_03285,0.723761676,1,switched to competitor,retired individual,basic,high,217.41,binge watcher
CUST_03286,0.810412648,1,too expensive,school student,premium,medium,688.75,sports enthusiast
CUST_03287,0.913083102,1,too expensive,working professional,basic,low,165.31,casual viewer
CUST_03290,0.72773298,1,none,school student,standard,high,413.64,binge watcher
CUST_03291,0.803203934,1,none,working professional,basic,high,231.23,family viewer
CUST_03292,0.791095831,1,no time to watch,college student,standard,high,435.38,news junkie
CUST_03293,0.799699336,1,too expensive,college student,basic,high,172.67,news junkie
CUST_03294,0.792669429,1,switched to competitor,college student,basic,high,233.76,family viewer
CUST_03296,0.838289041,1,too expensive,working professional,basic,high,213.83,sports enthusiast
CUST_03298,0.888461296,1,technical issues,working professional,basic,medium,235.48,news junkie
CUST_03299,0.887693985,1,too expensive,working professional,standard,low,433.96,family viewer
CUST_03300,0.851751926,1,technical issues,college student,standard,low,350.6,news junkie
CUST_03301,0.879147773,1,none,college student,basic,high,190.4,family viewer
CUST_03304,0.747638408,1,no time to watch,college student,basic,high,194.34,news junkie
CUST_03305,0.882968697,1,technical issues,college student,basic,medium,215.9,family viewer
CUST_03306,0.939492055,1,too expensive,college student,premium,low,719.66,casual viewer
CUST_03307,0.7253516,1,too expensive,working professional,premium,high,762.67,family viewer
CUST_03309,0.778949919,1,technical issues,working professional,standard,low,403.35,binge watcher
CUST_03310,0.749093983,1,none,college student,basic,high,215,family viewer
CUST_03311,0.889341708,1,no time to watch,college student,standard,low,437.06,family viewer
CUST_03314,0.832661983,1,too expensive,school student,basic,high,221.86,sports enthusiast
CUST_03315,0.827820881,1,switched to competitor,retired individual,basic,high,211.03,binge watcher
CUST_03316,0.770744712,1,too expensive,college student,premium,high,696.09,news junkie
CUST_03318,0.74067548,1,too expensive,college student,premium,high,664.66,news junkie
CUST_03319,0.856100526,1,too expensive,college student,premium,medium,670.17,family viewer
CUST_03321,0.777694375,1,technical issues,retired individual,basic,medium,225.93,sports enthusiast
CUST_03322,0.731091945,1,none,working professional,premium,medium,707.04,family viewer
CUST_03324,0.884471376,1,none,working professional,basic,medium,168.43,sports enthusiast
CUST_03325,0.793310549,1,none,college student,premium,high,710.59,sports enthusiast
CUST_03326,0.726713211,1,technical issues,retired individual,standard,medium,370.88,family viewer
CUST_03327,0.78921177,1,none,college student,standard,low,358.48,family viewer
CUST_03328,0.903549443,1,no time to watch,retired individual,standard,high,375.83,casual viewer
CUST_03329,0.752132815,1,technical issues,college student,basic,medium,211.28,casual viewer
CUST_03330,0.901599756,1,too expensive,working professional,premium,high,755.15,news junkie
CUST_03331,0.840193535,1,technical issues,school student,standard,low,355.02,family viewer
CUST_03332,0.710392764,1,too expensive,retired individual,premium,high,776.17,sports enthusiast
CUST_03333,0.717621743,1,none,college student,basic,high,213.57,family viewer
CUST_03334,0.798996327,1,no time to watch,working professional,basic,medium,169.33,news junkie
CUST_03335,0.900588564,1,too expensive,college student,premium,high,761.45,family viewer
CUST_03336,0.927825532,1,too expensive,college student,premium,low,639.26,sports enthusiast
CUST_03337,0.8192499,1,none,college student,premium,medium,640.82,casual viewer
CUST_03338,0.78487927,1,none,college student,standard,high,428.97,family viewer
CUST_03340,0.822712551,1,no time to watch,school student,basic,medium,137.78,sports enthusiast
CUST_03341,0.819464465,1,too expensive,college student,premium,high,766.53,sports enthusiast
CUST_03342,0.807822097,1,too expensive,college student,premium,medium,699.46,casual viewer
CUST_03343,0.792659771,1,none,retired individual,standard,high,351.11,news junkie
CUST_03344,0.896714855,1,too expensive,working professional,standard,high,401.84,family viewer
CUST_03346,0.853303473,1,no time to watch,retired individual,basic,medium,217.63,binge watcher
CUST_03347,0.87720377,1,too expensive,college student,premium,medium,644.96,family viewer
CUST_03348,0.764709186,1,technical issues,college student,standard,low,451.74,news junkie
CUST_03349,0.880632684,1,too expensive,working professional,standard,high,403.81,binge watcher
CUST_03352,0.724128582,1,too expensive,retired individual,standard,high,394.88,binge watcher
CUST_03353,0.779781092,1,none,working professional,premium,high,754.05,casual viewer
CUST_03354,0.89166905,1,too expensive,retired individual,basic,medium,214.16,sports enthusiast
CUST_03355,0.799541568,1,none,school student,premium,high,689.04,binge watcher
CUST_03356,0.892001201,1,content not interesting,working professional,basic,high,166.35,casual viewer
CUST_03357,0.833806958,1,no time to watch,working professional,standard,high,476.55,binge watcher
CUST_03358,0.938085016,1,no time to watch,working professional,standard,low,450.17,binge watcher
CUST_03360,0.820599531,1,none,working professional,premium,low,777.24,sports enthusiast
CUST_03361,0.769820969,1,technical issues,college student,standard,medium,402.45,casual viewer
CUST_03362,0.841039697,1,too expensive,working professional,premium,medium,712.48,news junkie
CUST_03364,0.76122581,1,switched to competitor,working professional,basic,high,245.29,casual viewer
CUST_03365,0.802729961,1,too expensive,college student,premium,high,762.04,family viewer
CUST_03366,0.765684494,1,technical issues,working professional,basic,low,234.94,family viewer
CUST_03367,0.805443919,1,too expensive,college student,standard,medium,346.56,binge watcher
CUST_03368,0.824344241,1,content not interesting,college student,standard,high,363.08,binge watcher
CUST_03369,0.819962465,1,content not interesting,school student,standard,high,394.98,binge watcher
CUST_03370,0.852654888,1,too expensive,school student,premium,medium,787.06,sports enthusiast
CUST_03371,0.856025031,1,too expensive,college student,standard,medium,440.36,casual viewer
CUST_03373,0.819130514,1,none,college student,basic,high,183.75,news junkie
CUST_03374,0.748710075,1,too expensive,college student,basic,high,213.18,family viewer
CUST_03375,0.888759502,1,too expensive,school student,standard,medium,348.73,binge watcher
CUST_03376,0.721322404,1,none,college student,basic,high,190.3,binge watcher
CUST_03377,0.793548836,1,no time to watch,college student,standard,low,379.26,sports enthusiast
CUST_03378,0.866917957,1,no time to watch,retired individual,basic,medium,211.54,casual viewer
CUST_03380,0.871739914,1,none,college student,basic,high,226.84,binge watcher
CUST_03382,0.792737454,1,none,school student,premium,high,767.95,news junkie
CUST_03383,0.769018387,1,none,school student,standard,high,431.63,sports enthusiast
CUST_03384,0.917177681,1,too expensive,retired individual,standard,medium,432.24,sports enthusiast
CUST_03385,0.765324115,1,content not interesting,retired individual,basic,high,213.43,sports enthusiast
CUST_03387,0.904861849,1,too expensive,retired individual,basic,high,177.18,casual viewer
CUST_03388,0.919061988,1,none,college student,standard,high,404.18,casual viewer
CUST_03389,0.877583638,1,too expensive,working professional,premium,low,624.13,news junkie
CUST_03391,0.748452034,1,none,retired individual,standard,high,411.76,family viewer
CUST_03392,0.790243737,1,too expensive,retired individual,premium,medium,767.79,sports enthusiast
CUST_03393,0.941659647,1,too expensive,college student,premium,low,618.77,casual viewer
CUST_03394,0.79791039,1,too expensive,retired individual,premium,high,778.48,binge watcher
CUST_03395,0.856423302,1,no time to watch,working professional,standard,high,457.77,binge watcher
CUST_03398,0.82310621,1,too expensive,college student,premium,medium,671.87,news junkie
CUST_03399,0.777104041,1,too expensive,retired individual,standard,high,408.26,family viewer
CUST_03400,0.805323147,1,too expensive,working professional,basic,medium,212.47,sports enthusiast
CUST_03401,0.897242635,1,none,working professional,standard,medium,435.75,family viewer
CUST_03402,0.828472312,1,switched to competitor,college student,standard,high,406.28,casual viewer
CUST_03403,0.750118051,1,none,college student,premium,high,783.01,binge watcher
CUST_03404,0.82650628,1,too expensive,retired individual,premium,low,795.52,sports enthusiast
CUST_03405,0.898416082,1,too expensive,college student,premium,high,697.32,casual viewer
CUST_03406,0.75452529,1,too expensive,college student,premium,medium,738.21,family viewer
CUST_03407,0.801526332,1,too expensive,college student,basic,high,174.06,news junkie
CUST_03408,0.898057295,1,technical issues,college student,standard,low,396.03,binge watcher
CUST_03409,0.765135526,1,technical issues,working professional,basic,medium,157.19,sports enthusiast
CUST_03410,0.939918796,1,too expensive,working professional,premium,high,771.23,sports enthusiast
CUST_03411,0.744726463,1,too expensive,college student,premium,high,698.77,news junkie
CUST_03412,0.835564213,1,too expensive,retired individual,standard,high,412.34,binge watcher
CUST_03413,0.902768412,1,too expensive,working professional,basic,low,190.01,family viewer
CUST_03414,0.83414434,1,too expensive,working professional,premium,high,777.65,family viewer
CUST_03415,0.75526176,1,too expensive,college student,basic,medium,238.55,binge watcher
CUST_03416,0.729817217,1,switched to competitor,college student,standard,high,452.11,sports enthusiast
CUST_03417,0.797883012,1,too expensive,working professional,premium,medium,785.11,sports enthusiast
CUST_03418,0.806957313,1,too expensive,school student,standard,high,355.51,binge watcher
CUST_03419,0.872673603,1,too expensive,working professional,premium,low,720.51,news junkie
CUST_03420,0.703292362,1,too expensive,college student,premium,high,781.52,casual viewer
CUST_03421,0.806653337,1,technical issues,school student,basic,medium,226.1,sports enthusiast
CUST_03422,0.91833668,1,none,working professional,premium,low,732.21,news junkie
CUST_03423,0.704931666,1,content not interesting,college student,basic,high,177.97,family viewer
CUST_03424,0.824102317,1,too expensive,retired individual,standard,high,379.7,family viewer
CUST_03426,0.838749841,1,technical issues,school student,basic,medium,225.18,casual viewer
CUST_03427,0.835666445,1,too expensive,retired individual,standard,medium,419.74,news junkie
CUST_03430,0.709104402,1,switched to competitor,retired individual,basic,high,252.61,sports enthusiast
CUST_03431,0.895162536,1,too expensive,college student,premium,high,639.89,casual viewer
CUST_03433,0.901955144,1,too expensive,college student,basic,medium,228.24,binge watcher
CUST_03434,0.957515507,1,too expensive,school student,basic,low,241.5,sports enthusiast
CUST_03436,0.832049657,1,too expensive,college student,standard,low,386.38,family viewer
CUST_03437,0.866757608,1,too expensive,working professional,premium,medium,608.16,news junkie
CUST_03438,0.853224893,1,no time to watch,retired individual,basic,high,206.76,family viewer
CUST_03439,0.953712018,1,too expensive,working professional,premium,medium,597.81,binge watcher
CUST_03440,0.9534606,1,too expensive,college student,standard,low,424.14,casual viewer
CUST_03441,0.951251219,1,too expensive,college student,standard,low,384.27,news junkie
CUST_03443,0.886313369,1,too expensive,retired individual,premium,low,789.02,binge watcher
CUST_03444,0.811029232,1,too expensive,college student,standard,low,460.64,casual viewer
CUST_03445,0.836683081,1,too expensive,college student,premium,medium,650.84,news junkie
CUST_03447,0.732973005,1,too expensive,working professional,premium,medium,704.68,binge watcher
CUST_03448,0.727743181,1,none,college student,premium,high,619.81,news junkie
CUST_03449,0.801576909,1,too expensive,college student,premium,medium,674.27,family viewer
CUST_03450,0.732504546,1,none,retired individual,basic,high,224.62,sports enthusiast
CUST_03451,0.94373077,1,too expensive,school student,premium,low,752.35,sports enthusiast
CUST_03452,0.875279013,1,too expensive,school student,standard,high,352.46,news junkie
CUST_03453,0.941644597,1,too expensive,working professional,premium,medium,590.05,binge watcher
CUST_03455,0.815589986,1,too expensive,college student,standard,high,368.4,binge watcher
CUST_03456,0.860642761,1,too expensive,working professional,basic,high,217.24,casual viewer
CUST_03458,0.720742786,1,too expensive,college student,premium,high,696.81,casual viewer
CUST_03459,0.809263322,1,too expensive,college student,premium,low,632.08,family viewer
CUST_03460,0.873182116,1,too expensive,retired individual,premium,medium,761.37,casual viewer
CUST_03461,0.850862738,1,too expensive,working professional,basic,medium,216.33,family viewer
CUST_03462,0.832028594,1,too expensive,college student,standard,high,353.31,family viewer
CUST_03463,0.777596384,1,too expensive,working professional,premium,high,726,news junkie
CUST_03464,0.763237021,1,too expensive,school student,premium,low,694.26,binge watcher
CUST_03465,0.849077821,1,too expensive,college student,premium,medium,682.93,news junkie
CUST_03466,0.855080444,1,too expensive,college student,premium,high,684.6,news junkie
CUST_03469,0.713084763,1,none,college student,standard,high,402.06,binge watcher
CUST_03470,0.81186364,1,too expensive,retired individual,premium,medium,641.45,news junkie
CUST_03471,0.861293937,1,too expensive,retired individual,premium,low,731.36,sports enthusiast
CUST_03472,0.833597259,1,technical issues,working professional,standard,medium,412.97,casual viewer
CUST_03473,0.822763961,1,none,college student,standard,medium,393.33,sports enthusiast
CUST_03475,0.746756748,1,technical issues,retired individual,basic,medium,204.17,family viewer
CUST_03478,0.88071329,1,technical issues,college student,standard,low,401.18,casual viewer
CUST_03479,0.893473045,1,too expensive,working professional,premium,medium,737.3,family viewer
CUST_03480,0.729514426,1,none,working professional,basic,high,228.77,binge watcher
CUST_03481,0.910386468,1,technical issues,retired individual,basic,medium,186.81,casual viewer
CUST_03482,0.776867579,1,too expensive,college student,premium,high,615.51,news junkie
CUST_03483,0.888414288,1,too expensive,college student,premium,medium,769.06,family viewer
CUST_03484,0.909253021,1,too expensive,retired individual,premium,medium,698.49,casual viewer
CUST_03485,0.830741357,1,too expensive,college student,basic,low,187.55,binge watcher
CUST_03486,0.732420346,1,too expensive,school student,premium,low,625.78,family viewer
CUST_03487,0.778945135,1,technical issues,college student,standard,medium,402.08,casual viewer
CUST_03488,0.758126312,1,too expensive,school student,premium,high,712.24,sports enthusiast
CUST_03489,0.865187481,1,too expensive,college student,premium,medium,701.74,family viewer
CUST_03490,0.836107858,1,switched to competitor,college student,basic,high,156.06,casual viewer
CUST_03491,0.832424855,1,too expensive,retired individual,premium,medium,662.37,news junkie
CUST_03492,0.872797414,1,too expensive,college student,premium,medium,634.85,family viewer
CUST_03493,0.841355512,1,too expensive,college student,standard,medium,451.68,news junkie
CUST_03494,0.791779358,1,none,retired individual,standard,medium,395.3,family viewer
CUST_03495,0.911151436,1,too expensive,college student,standard,high,395.23,casual viewer
CUST_03496,0.836693515,1,no time to watch,school student,standard,medium,414.55,binge watcher
CUST_03498,0.828776757,1,too expensive,retired individual,premium,high,767.21,casual viewer
CUST_03499,0.818947319,1,switched to competitor,school student,basic,high,237.32,binge watcher
CUST_03500,0.830751814,1,none,retired individual,premium,low,613.73,casual viewer
CUST_03502,0.866869515,1,technical issues,college student,standard,low,452.55,casual viewer
CUST_03503,0.789399195,1,too expensive,retired individual,premium,high,780.66,casual viewer
CUST_03504,0.758400384,1,too expensive,school student,standard,medium,416.12,news junkie
CUST_03505,0.885318918,1,no time to watch,college student,basic,medium,210.67,binge watcher
CUST_03506,0.78785838,1,too expensive,college student,standard,high,327.81,family viewer
CUST_03507,0.712939573,1,none,school student,standard,high,359.76,family viewer
CUST_03508,0.844746339,1,technical issues,school student,standard,low,391.85,casual viewer
CUST_03509,0.909882982,1,too expensive,working professional,premium,high,619.64,sports enthusiast
CUST_03510,0.930549906,1,too expensive,college student,premium,low,770.83,casual viewer
CUST_03511,0.823580043,1,too expensive,working professional,premium,medium,762.2,news junkie
CUST_03513,0.70701951,1,none,retired individual,premium,high,691.23,sports enthusiast
CUST_03515,0.915223119,1,too expensive,college student,basic,medium,211.67,binge watcher
CUST_03516,0.896375157,1,too expensive,working professional,basic,medium,180.36,family viewer
CUST_03517,0.763073606,1,none,college student,standard,high,462.48,casual viewer
CUST_03518,0.864281859,1,technical issues,working professional,standard,low,403.96,casual viewer
CUST_03519,0.882599581,1,too expensive,school student,standard,medium,346.24,casual viewer
CUST_03520,0.768911491,1,no time to watch,college student,standard,medium,456.84,family viewer
CUST_03521,0.79667502,1,too expensive,retired individual,premium,low,695.9,sports enthusiast
CUST_03523,0.886926952,1,too expensive,college student,standard,low,385.7,casual viewer
CUST_03525,0.825563841,1,too expensive,school student,standard,medium,389.79,casual viewer
CUST_03526,0.857153771,1,too expensive,college student,premium,low,616.8,news junkie
CUST_03527,0.853823477,1,technical issues,college student,basic,low,194.99,sports enthusiast
CUST_03528,0.783588513,1,too expensive,college student,premium,medium,726.4,binge watcher
CUST_03529,0.944688063,1,no time to watch,working professional,standard,low,446.77,sports enthusiast
CUST_03531,0.912419155,1,no time to watch,working professional,standard,low,448.09,news junkie
CUST_03532,0.888884449,1,too expensive,working professional,standard,high,324.69,binge watcher
CUST_03533,0.75092715,1,none,college student,basic,high,242.93,sports enthusiast
CUST_03536,0.80149714,1,technical issues,retired individual,standard,medium,437.36,family viewer
CUST_03537,0.815136249,1,none,college student,standard,medium,321.47,binge watcher
CUST_03538,0.894758523,1,too expensive,working professional,standard,high,479.62,binge watcher
CUST_03539,0.894548623,1,too expensive,working professional,premium,high,606.64,sports enthusiast
CUST_03540,0.91444058,1,technical issues,retired individual,standard,low,375.37,binge watcher
CUST_03541,0.839868895,1,no time to watch,working professional,standard,low,411.69,family viewer
CUST_03542,0.705957946,1,too expensive,retired individual,basic,medium,230.08,sports enthusiast
CUST_03544,0.873443976,1,too expensive,working professional,standard,high,433.68,casual viewer
CUST_03546,0.768733263,1,no time to watch,retired individual,basic,high,183.56,casual viewer
CUST_03549,0.812179545,1,technical issues,college student,basic,medium,187.58,binge watcher
CUST_03550,0.746924441,1,none,working professional,standard,low,368.91,news junkie
CUST_03551,0.709609721,1,technical issues,school student,basic,medium,218.87,binge watcher
CUST_03552,0.877325514,1,too expensive,working professional,basic,high,176.04,binge watcher
CUST_03553,0.934697035,1,too expensive,retired individual,standard,low,446.35,family viewer
CUST_03554,0.778196666,1,too expensive,retired individual,premium,medium,684.05,binge watcher
CUST_03557,0.863801522,1,too expensive,college student,premium,low,616.05,family viewer
CUST_03558,0.700820774,1,switched to competitor,school student,standard,high,420.55,casual viewer
CUST_03559,0.798064699,1,technical issues,college student,basic,medium,175.04,news junkie
CUST_03560,0.869845481,1,technical issues,college student,standard,medium,315.56,binge watcher
CUST_03562,0.80151259,1,too expensive,working professional,premium,high,610.76,news junkie
CUST_03563,0.815748755,1,no time to watch,working professional,standard,high,441.56,news junkie
CUST_03564,0.790296122,1,too expensive,retired individual,premium,high,641.25,sports enthusiast
CUST_03565,0.772190755,1,no time to watch,school student,basic,medium,205.07,casual viewer
CUST_03566,0.885309786,1,too expensive,retired individual,standard,high,356.55,family viewer
CUST_03567,0.884420275,1,technical issues,college student,standard,low,442.65,binge watcher
CUST_03568,0.851933845,1,too expensive,working professional,standard,medium,472.35,family viewer
CUST_03570,0.729042137,1,none,college student,premium,medium,763.71,family viewer
CUST_03572,0.911857058,1,too expensive,college student,premium,low,725.97,binge watcher
CUST_03573,0.817084578,1,too expensive,college student,premium,high,604.94,casual viewer
CUST_03575,0.875388635,1,too expensive,college student,standard,medium,343.2,family viewer
CUST_03576,0.90620579,1,too expensive,retired individual,premium,low,679.11,binge watcher
CUST_03577,0.853314383,1,none,working professional,standard,low,378.43,casual viewer
CUST_03579,0.948576632,1,too expensive,working professional,standard,medium,398.09,casual viewer
CUST_03581,0.848964167,1,too expensive,working professional,basic,medium,193.99,sports enthusiast
CUST_03582,0.719352321,1,none,college student,premium,low,592.34,binge watcher
CUST_03583,0.799591477,1,too expensive,school student,premium,medium,707.39,sports enthusiast
CUST_03584,0.759768652,1,too expensive,retired individual,premium,medium,703.52,news junkie
CUST_03587,0.718276597,1,switched to competitor,college student,standard,high,362.26,sports enthusiast
CUST_03588,0.828073417,1,too expensive,college student,basic,high,211.12,binge watcher
CUST_03589,0.843303453,1,too expensive,college student,premium,high,628.39,casual viewer
CUST_03590,0.714074001,1,content not interesting,retired individual,standard,high,374.16,family viewer
CUST_03591,0.737851137,1,none,retired individual,standard,high,397.62,news junkie
CUST_03592,0.813816963,1,none,college student,standard,medium,422.94,casual viewer
CUST_03593,0.859554819,1,technical issues,school student,standard,low,426.02,binge watcher
CUST_03594,0.871064774,1,too expensive,working professional,premium,low,785.16,family viewer
CUST_03595,0.893395177,1,content not interesting,school student,standard,high,361.2,news junkie
CUST_03596,0.899407026,1,too expensive,working professional,standard,medium,347.81,family viewer
CUST_03597,0.827552047,1,too expensive,college student,standard,high,344.2,binge watcher
CUST_03598,0.890190099,1,content not interesting,working professional,standard,high,335.13,binge watcher
CUST_03599,0.826869599,1,too expensive,college student,premium,medium,693.85,news junkie
CUST_03600,0.841874803,1,no time to watch,working professional,basic,low,245.93,sports enthusiast
CUST_03601,0.865172989,1,too expensive,working professional,premium,medium,630.91,casual viewer
CUST_03602,0.868787894,1,too expensive,working professional,premium,high,770.61,casual viewer
CUST_03603,0.779144263,1,too expensive,school student,standard,high,446.35,casual viewer
CUST_03605,0.813259168,1,too expensive,college student,premium,high,800.37,sports enthusiast
CUST_03606,0.725638515,1,technical issues,college student,standard,medium,427.85,news junkie
CUST_03607,0.815442423,1,too expensive,college student,premium,high,706.97,family viewer
CUST_03608,0.776412168,1,too expensive,working professional,premium,low,679.78,family viewer
CUST_03609,0.862788214,1,too expensive,college student,standard,high,440.84,casual viewer
CUST_03610,0.704819984,1,too expensive,college student,premium,high,787.21,binge watcher
CUST_03611,0.881399545,1,technical issues,college student,standard,medium,374.65,family viewer
CUST_03613,0.911551422,1,too expensive,college student,standard,low,437.97,casual viewer
CUST_03614,0.893200768,1,too expensive,retired individual,standard,medium,442.67,news junkie
CUST_03615,0.903049499,1,none,college student,standard,low,459.84,news junkie
CUST_03616,0.729483917,1,no time to watch,school student,standard,high,410.59,binge watcher
CUST_03618,0.896996711,1,too expensive,retired individual,premium,high,685.01,casual viewer
CUST_03619,0.826051471,1,technical issues,college student,standard,low,408.43,binge watcher
CUST_03620,0.914811363,1,none,working professional,standard,medium,402.79,news junkie
CUST_03621,0.930733429,1,none,working professional,premium,low,683.93,family viewer
CUST_03622,0.726729819,1,content not interesting,retired individual,standard,high,334.53,news junkie
CUST_03623,0.771350277,1,none,college student,premium,high,752.04,news junkie
CUST_03625,0.889913593,1,too expensive,retired individual,premium,low,689.21,binge watcher
CUST_03627,0.849460495,1,none,college student,basic,medium,233.6,binge watcher
CUST_03629,0.837539696,1,too expensive,college student,premium,low,702.02,sports enthusiast
CUST_03631,0.834180779,1,too expensive,working professional,premium,high,647,casual viewer
CUST_03634,0.842963388,1,too expensive,retired individual,standard,medium,396.42,news junkie
CUST_03635,0.746001301,1,too expensive,college student,premium,medium,663.93,casual viewer
CUST_03637,0.803530138,1,too expensive,retired individual,premium,high,769.72,news junkie
CUST_03638,0.863546195,1,too expensive,college student,premium,low,609.7,sports enthusiast
CUST_03640,0.8429451,1,technical issues,college student,basic,low,230.32,casual viewer
CUST_03641,0.850899932,1,no time to watch,college student,standard,high,356.2,family viewer
CUST_03642,0.845588542,1,too expensive,working professional,premium,medium,710.84,sports enthusiast
CUST_03643,0.718258133,1,technical issues,working professional,standard,medium,421.86,news junkie
CUST_03644,0.909584306,1,too expensive,school student,premium,medium,767.96,family viewer
CUST_03645,0.840985711,1,none,retired individual,standard,low,345.48,casual viewer
CUST_03646,0.944118263,1,too expensive,school student,standard,low,447.74,family viewer
CUST_03647,0.883170123,1,no time to watch,working professional,basic,medium,229.84,casual viewer
CUST_03648,0.896036902,1,too expensive,college student,premium,low,704.28,news junkie
CUST_03649,0.888046674,1,too expensive,retired individual,premium,high,702.51,casual viewer
CUST_03650,0.714068472,1,technical issues,retired individual,standard,medium,395.17,casual viewer
CUST_03651,0.898054493,1,too expensive,retired individual,basic,medium,187.4,sports enthusiast
CUST_03652,0.824487566,1,no time to watch,working professional,standard,high,398.25,family viewer
CUST_03653,0.82983782,1,technical issues,retired individual,standard,medium,318.69,casual viewer
CUST_03654,0.826491301,1,content not interesting,college student,standard,high,449.01,news junkie
CUST_03656,0.803064292,1,none,college student,standard,low,386.19,sports enthusiast
CUST_03657,0.731837473,1,too expensive,working professional,premium,high,759.56,casual viewer
CUST_03658,0.90006551,1,too expensive,college student,standard,medium,449.61,family viewer
CUST_03659,0.92790622,1,technical issues,college student,basic,low,190.1,sports enthusiast
CUST_03660,0.845663279,1,technical issues,working professional,standard,medium,325.96,sports enthusiast
CUST_03662,0.908275853,1,too expensive,college student,premium,low,729.75,binge watcher
CUST_03663,0.749334064,1,none,college student,basic,high,260.81,binge watcher
CUST_03664,0.834374218,1,none,college student,premium,medium,611.32,sports enthusiast
CUST_03666,0.763551992,1,too expensive,retired individual,premium,high,803.16,sports enthusiast
CUST_03667,0.860743189,1,too expensive,college student,basic,high,169.24,sports enthusiast
CUST_03668,0.732762006,1,switched to competitor,college student,standard,high,403.3,news junkie
CUST_03669,0.857405031,1,no time to watch,retired individual,basic,medium,116.97,news junkie
CUST_03670,0.798037508,1,too expensive,retired individual,basic,low,179.3,sports enthusiast
CUST_03671,0.884006413,1,none,working professional,basic,high,179.42,casual viewer
CUST_03674,0.774619731,1,switched to competitor,school student,basic,high,158.18,casual viewer
CUST_03675,0.804187422,1,too expensive,working professional,premium,high,707.66,sports enthusiast
CUST_03677,0.743268859,1,none,working professional,premium,high,641.27,news junkie
CUST_03679,0.845881355,1,too expensive,working professional,basic,medium,191.08,casual viewer
CUST_03680,0.734546302,1,too expensive,college student,premium,medium,604.66,sports enthusiast
CUST_03681,0.755858808,1,too expensive,working professional,premium,high,783.92,family viewer
CUST_03683,0.902279474,1,none,working professional,standard,low,398.06,sports enthusiast
CUST_03684,0.757603941,1,content not interesting,school student,standard,high,432.14,news junkie
CUST_03685,0.794724819,1,none,school student,basic,medium,164.66,casual viewer
CUST_03687,0.865050378,1,too expensive,college student,premium,high,725.71,news junkie
CUST_03688,0.813729404,1,too expensive,school student,premium,medium,795.94,binge watcher
CUST_03689,0.716605931,1,switched to competitor,working professional,premium,high,592.17,sports enthusiast
CUST_03690,0.799408154,1,too expensive,college student,premium,medium,650.26,casual viewer
CUST_03691,0.790719015,1,too expensive,college student,basic,medium,222.57,sports enthusiast
CUST_03692,0.720698631,1,technical issues,school student,basic,medium,217.81,news junkie
CUST_03695,0.778782195,1,too expensive,working professional,premium,high,627.61,news junkie
CUST_03696,0.938818938,1,none,retired individual,premium,high,716.04,family viewer
CUST_03697,0.806858441,1,none,school student,standard,medium,446.65,news junkie
CUST_03698,0.82780168,1,too expensive,college student,premium,high,731.96,binge watcher
CUST_03699,0.730103561,1,no time to watch,college student,standard,high,404.65,casual viewer
CUST_03700,0.770273386,1,none,retired individual,standard,high,360.74,family viewer
CUST_03702,0.878084659,1,too expensive,college student,premium,low,635.49,sports enthusiast
CUST_03704,0.791704261,1,too expensive,college student,basic,medium,195.14,news junkie
CUST_03705,0.754207568,1,no time to watch,retired individual,standard,high,397.9,sports enthusiast
CUST_03706,0.80531045,1,too expensive,college student,premium,high,781.97,family viewer
CUST_03707,0.820238852,1,technical issues,retired individual,standard,medium,475.25,news junkie
CUST_03708,0.858475363,1,too expensive,working professional,premium,medium,749.45,news junkie
CUST_03709,0.869372646,1,too expensive,working professional,premium,low,687.34,news junkie
CUST_03710,0.915092877,1,none,school student,standard,high,453.41,family viewer
CUST_03711,0.735454964,1,too expensive,retired individual,basic,high,216.09,family viewer
CUST_03712,0.900222999,1,too expensive,working professional,premium,medium,774.76,casual viewer
CUST_03713,0.842438659,1,none,college student,basic,high,248.86,news junkie
CUST_03714,0.879682832,1,no time to watch,working professional,basic,low,217.6,binge watcher
CUST_03715,0.887564833,1,too expensive,college student,standard,low,370.59,binge watcher
CUST_03716,0.752066685,1,too expensive,retired individual,premium,medium,657.79,binge watcher
CUST_03717,0.764386399,1,none,college student,standard,high,356.38,family viewer
CUST_03718,0.744109049,1,none,school student,basic,high,204.73,binge watcher
CUST_03719,0.856014716,1,content not interesting,retired individual,basic,high,200.07,casual viewer
CUST_03720,0.94087985,1,too expensive,working professional,premium,high,703.8,family viewer
CUST_03722,0.873119447,1,too expensive,college student,basic,medium,173.94,binge watcher
CUST_03723,0.768798064,1,no time to watch,working professional,basic,medium,206.39,sports enthusiast
CUST_03724,0.759724647,1,too expensive,college student,premium,medium,706.78,news junkie
CUST_03727,0.816448798,1,content not interesting,retired individual,standard,high,395.05,family viewer
CUST_03728,0.832020062,1,none,college student,basic,high,196.38,casual viewer
CUST_03729,0.777329228,1,too expensive,school student,premium,medium,717,news junkie
CUST_03731,0.71867159,1,too expensive,working professional,premium,high,779.52,sports enthusiast
CUST_03732,0.866921384,1,too expensive,college student,premium,medium,625.18,casual viewer
CUST_03733,0.865854451,1,too expensive,college student,premium,medium,750.37,binge watcher
CUST_03734,0.74617173,1,too expensive,college student,premium,high,759.53,binge watcher
CUST_03735,0.852776156,1,no time to watch,working professional,basic,high,199.67,family viewer
CUST_03736,0.870618046,1,none,college student,standard,low,362.02,news junkie
CUST_03737,0.812401585,1,too expensive,college student,basic,high,219.64,sports enthusiast
CUST_03738,0.826093843,1,switched to competitor,working professional,basic,high,188.07,news junkie
CUST_03739,0.780375715,1,none,working professional,basic,medium,150.9,sports enthusiast
CUST_03740,0.932047074,1,too expensive,school student,premium,high,628.11,family viewer
CUST_03742,0.724082746,1,switched to competitor,working professional,standard,high,368.29,news junkie
CUST_03743,0.864740503,1,switched to competitor,college student,basic,high,192.74,news junkie
CUST_03744,0.873220738,1,too expensive,retired individual,premium,high,789.74,sports enthusiast
CUST_03745,0.832100671,1,technical issues,working professional,standard,medium,357.55,casual viewer
CUST_03746,0.748186801,1,no time to watch,working professional,basic,low,175.05,sports enthusiast
CUST_03748,0.81313315,1,too expensive,college student,standard,high,426.03,casual viewer
CUST_03749,0.771273606,1,none,retired individual,standard,medium,396.1,sports enthusiast
CUST_03751,0.764922012,1,switched to competitor,college student,standard,high,380.32,family viewer
CUST_03752,0.951099894,1,too expensive,college student,premium,low,637.71,family viewer
CUST_03753,0.799777869,1,switched to competitor,working professional,standard,high,332.8,news junkie
CUST_03754,0.871817636,1,no time to watch,college student,basic,high,206.48,casual viewer
CUST_03755,0.765739385,1,none,college student,premium,high,606.22,binge watcher
CUST_03756,0.729106794,1,switched to competitor,college student,basic,high,201.58,sports enthusiast
CUST_03757,0.901975462,1,none,college student,basic,low,212.67,sports enthusiast
CUST_03758,0.889321586,1,too expensive,retired individual,basic,high,207.71,casual viewer
CUST_03759,0.732186101,1,content not interesting,school student,standard,high,457.62,news junkie
CUST_03760,0.853578499,1,too expensive,college student,basic,high,182.31,news junkie
CUST_03761,0.871892475,1,too expensive,college student,basic,high,187.21,family viewer
CUST_03762,0.806474681,1,too expensive,retired individual,standard,high,414.05,binge watcher
CUST_03763,0.843871279,1,too expensive,working professional,basic,low,219.25,binge watcher
CUST_03764,0.873129582,1,none,college student,standard,high,342.83,casual viewer
CUST_03765,0.827678073,1,too expensive,retired individual,standard,high,381.98,casual viewer
CUST_03766,0.882813136,1,too expensive,retired individual,premium,low,677.87,sports enthusiast
CUST_03768,0.763271304,1,too expensive,school student,premium,medium,689.5,sports enthusiast
CUST_03769,0.812153835,1,none,college student,standard,low,438.49,binge watcher
CUST_03770,0.840446604,1,too expensive,retired individual,premium,high,622.9,news junkie
CUST_03771,0.747012904,1,switched to competitor,working professional,basic,high,235.95,news junkie
CUST_03772,0.779896372,1,too expensive,college student,premium,high,634.69,casual viewer
CUST_03773,0.808379514,1,too expensive,college student,premium,high,689.13,casual viewer
CUST_03774,0.868801717,1,technical issues,retired individual,standard,medium,328.62,family viewer
CUST_03775,0.80378101,1,too expensive,working professional,premium,high,747.72,binge watcher
CUST_03776,0.814160937,1,no time to watch,retired individual,standard,low,356,binge watcher
CUST_03777,0.865353616,1,too expensive,college student,standard,low,351.29,sports enthusiast
CUST_03778,0.807769662,1,none,college student,basic,low,159.76,news junkie
CUST_03779,0.924269128,1,too expensive,college student,premium,high,657.98,sports enthusiast
CUST_03780,0.780981924,1,technical issues,college student,basic,medium,172.94,binge watcher
CUST_03781,0.739224536,1,switched to competitor,college student,basic,high,210.55,binge watcher
CUST_03782,0.868993464,1,too expensive,retired individual,basic,low,229.27,family viewer
CUST_03783,0.808404426,1,none,college student,basic,medium,222.24,binge watcher
CUST_03784,0.854803906,1,too expensive,college student,basic,low,226.37,family viewer
CUST_03785,0.731147069,1,switched to competitor,school student,basic,high,218.99,sports enthusiast
CUST_03786,0.942391495,1,no time to watch,working professional,standard,high,441.62,family viewer
CUST_03787,0.920215654,1,none,college student,basic,high,228.37,binge watcher
CUST_03788,0.822207327,1,too expensive,college student,premium,low,778.09,family viewer
CUST_03789,0.868204861,1,too expensive,school student,premium,medium,725.47,family viewer
CUST_03790,0.819076525,1,technical issues,college student,standard,low,344.37,news junkie
CUST_03791,0.863544702,1,too expensive,working professional,basic,low,232.49,family viewer
CUST_03792,0.79380785,1,too expensive,college student,basic,medium,180.44,binge watcher
CUST_03794,0.888722739,1,too expensive,college student,basic,high,169.96,sports enthusiast
CUST_03795,0.801116333,1,none,retired individual,standard,low,411.98,family viewer
CUST_03796,0.740997486,1,content not interesting,school student,standard,high,330.37,news junkie
CUST_03797,0.840925394,1,too expensive,school student,premium,low,750.74,family viewer
CUST_03798,0.928968153,1,too expensive,working professional,standard,low,381.56,sports enthusiast
CUST_03799,0.84155123,1,too expensive,college student,basic,low,216.28,casual viewer
CUST_03800,0.77116383,1,switched to competitor,school student,standard,high,401.51,sports enthusiast
CUST_03801,0.791116611,1,too expensive,college student,premium,high,703.9,sports enthusiast
CUST_03802,0.856456958,1,no time to watch,college student,standard,medium,366.17,sports enthusiast
CUST_03803,0.781449083,1,switched to competitor,working professional,basic,high,215.25,binge watcher
CUST_03804,0.859041352,1,too expensive,school student,standard,high,346.11,news junkie
CUST_03805,0.8622781,1,too expensive,retired individual,basic,high,167.61,casual viewer
CUST_03806,0.849089265,1,no time to watch,retired individual,basic,medium,228.55,binge watcher
CUST_03807,0.839007719,1,too expensive,school student,basic,high,153.32,family viewer
CUST_03808,0.8773029,1,too expensive,college student,premium,high,774.7,family viewer
CUST_03809,0.760960664,1,switched to competitor,college student,standard,high,410.74,news junkie
CUST_03811,0.837729183,1,none,school student,standard,medium,448.29,news junkie
CUST_03813,0.874404454,1,technical issues,college student,standard,low,467.33,news junkie
CUST_03814,0.724705061,1,technical issues,school student,basic,medium,213.53,family viewer
CUST_03815,0.767477095,1,technical issues,college student,standard,medium,387.57,family viewer
CUST_03816,0.952159144,1,too expensive,college student,premium,low,706.57,binge watcher
CUST_03817,0.781018492,1,none,school student,basic,high,197.23,news junkie
CUST_03818,0.854513733,1,too expensive,retired individual,premium,high,715.4,binge watcher
CUST_03819,0.877016796,1,too expensive,retired individual,premium,low,642.17,family viewer
CUST_03821,0.900850271,1,too expensive,retired individual,premium,high,653.55,family viewer
CUST_03822,0.743068873,1,no time to watch,working professional,standard,medium,379.07,family viewer
CUST_03823,0.747351676,1,no time to watch,retired individual,basic,medium,206.75,family viewer
CUST_03825,0.826420854,1,too expensive,working professional,premium,high,781.66,casual viewer
CUST_03826,0.784504922,1,technical issues,retired individual,basic,medium,222.1,family viewer
CUST_03828,0.873956935,1,too expensive,school student,premium,medium,783.61,binge watcher
CUST_03829,0.82468259,1,none,college student,standard,medium,391.85,sports enthusiast
CUST_03831,0.890256863,1,too expensive,college student,standard,low,412.61,casual viewer
CUST_03832,0.791837111,1,no time to watch,college student,basic,medium,208.21,sports enthusiast
CUST_03833,0.859645907,1,technical issues,working professional,basic,low,187.35,sports enthusiast
CUST_03834,0.763815088,1,switched to competitor,college student,standard,high,451.1,casual viewer
CUST_03835,0.74667852,1,too expensive,college student,premium,high,705.19,family viewer
CUST_03836,0.923994587,1,too expensive,college student,basic,high,197.39,family viewer
CUST_03837,0.85853786,1,content not interesting,retired individual,standard,high,337.96,news junkie
CUST_03838,0.919809097,1,too expensive,college student,premium,medium,614.91,sports enthusiast
CUST_03839,0.88329141,1,too expensive,college student,premium,high,748.07,binge watcher
CUST_03840,0.841461677,1,no time to watch,working professional,standard,medium,410.21,news junkie
CUST_03841,0.761306972,1,too expensive,college student,premium,high,632.43,binge watcher
CUST_03842,0.805804238,1,too expensive,working professional,basic,high,194.67,sports enthusiast
CUST_03843,0.810351284,1,none,college student,standard,medium,339.44,sports enthusiast
CUST_03844,0.870520665,1,too expensive,school student,standard,medium,433.45,news junkie
CUST_03845,0.864471548,1,technical issues,college student,premium,low,584.29,casual viewer
CUST_03848,0.937350565,1,too expensive,college student,standard,low,348.13,sports enthusiast
CUST_03849,0.893480725,1,too expensive,working professional,premium,high,636.03,family viewer
CUST_03850,0.834358724,1,technical issues,working professional,standard,low,392.06,sports enthusiast
CUST_03851,0.836478432,1,too expensive,college student,standard,medium,441.03,binge watcher
CUST_03852,0.771957818,1,too expensive,college student,standard,high,414.67,binge watcher
CUST_03854,0.872861736,1,too expensive,school student,premium,low,771.3,news junkie
CUST_03855,0.827586407,1,no time to watch,college student,standard,medium,381.62,news junkie
CUST_03856,0.774475596,1,switched to competitor,working professional,standard,high,355.6,family viewer
CUST_03857,0.855975145,1,content not interesting,school student,standard,high,339.1,family viewer
CUST_03858,0.842173611,1,no time to watch,school student,standard,medium,479.8,family viewer
CUST_03859,0.827354359,1,too expensive,working professional,basic,high,214.41,family viewer
CUST_03861,0.72720482,1,none,college student,standard,high,367.82,sports enthusiast
CUST_03862,0.770909602,1,switched to competitor,college student,standard,high,445.11,binge watcher
CUST_03863,0.751662031,1,too expensive,school student,premium,high,792.38,binge watcher
CUST_03864,0.881595616,1,too expensive,working professional,basic,medium,177.71,binge watcher
CUST_03865,0.750239608,1,switched to competitor,college student,basic,high,205.53,binge watcher
CUST_03866,0.877982012,1,technical issues,retired individual,basic,low,188.59,news junkie
CUST_03867,0.790500503,1,no time to watch,working professional,standard,high,395.9,family viewer
CUST_03868,0.744317272,1,none,school student,standard,high,396.27,news junkie
CUST_03869,0.77597106,1,too expensive,college student,standard,high,444.62,binge watcher
CUST_03870,0.749172428,1,content not interesting,college student,standard,high,350.31,news junkie
CUST_03871,0.934196843,1,too expensive,retired individual,standard,low,347.9,sports enthusiast
CUST_03872,0.759494302,1,too expensive,working professional,premium,high,749.44,binge watcher
CUST_03873,0.732685328,1,content not interesting,retired individual,basic,high,196.28,casual viewer
CUST_03874,0.94715072,1,too expensive,college student,standard,medium,340.76,sports enthusiast
CUST_03875,0.864116723,1,too expensive,college student,basic,medium,207.88,casual viewer
CUST_03876,0.84958998,1,too expensive,school student,basic,high,200.12,family viewer
CUST_03878,0.787435277,1,too expensive,college student,premium,medium,667.53,news junkie
CUST_03879,0.757100338,1,none,college student,standard,high,404.86,casual viewer
CUST_03880,0.913887906,1,too expensive,working professional,premium,low,668.2,casual viewer
CUST_03881,0.7822488,1,too expensive,college student,premium,medium,763.46,sports enthusiast
CUST_03882,0.768288748,1,no time to watch,working professional,standard,high,428.5,casual viewer
CUST_03883,0.867876373,1,too expensive,college student,premium,medium,702.89,binge watcher
CUST_03884,0.890222606,1,too expensive,working professional,standard,medium,410.21,binge watcher
CUST_03885,0.868971899,1,too expensive,retired individual,basic,low,185.01,casual viewer
CUST_03886,0.874575361,1,too expensive,working professional,standard,high,332.62,casual viewer
CUST_03888,0.775919128,1,too expensive,school student,basic,high,171.13,family viewer
CUST_03889,0.879383033,1,none,college student,premium,high,605.57,family viewer
CUST_03891,0.883950888,1,too expensive,school student,premium,high,634.05,news junkie
CUST_03892,0.880761799,1,too expensive,college student,premium,low,693.95,news junkie
CUST_03893,0.804826649,1,content not interesting,college student,standard,high,410.27,sports enthusiast
CUST_03894,0.901873166,1,too expensive,working professional,standard,high,346.41,family viewer
CUST_03895,0.734395172,1,none,college student,basic,medium,197.97,family viewer
CUST_03896,0.894382802,1,technical issues,school student,standard,low,397.47,binge watcher
CUST_03897,0.845140341,1,technical issues,college student,standard,low,314.12,family viewer
CUST_03898,0.905017116,1,too expensive,working professional,standard,medium,392.33,casual viewer
CUST_03899,0.869116864,1,content not interesting,college student,basic,high,168.25,sports enthusiast
CUST_03900,0.920513125,1,no time to watch,working professional,standard,low,393.52,family viewer
CUST_03902,0.867455982,1,too expensive,school student,standard,high,406.21,family viewer
CUST_03904,0.834484794,1,none,retired individual,premium,high,693.57,family viewer
CUST_03905,0.795792244,1,too expensive,retired individual,basic,medium,199.1,news junkie
CUST_03906,0.826938023,1,too expensive,retired individual,premium,high,729.56,sports enthusiast
CUST_03907,0.915017734,1,too expensive,college student,premium,high,769.12,news junkie
CUST_03908,0.736687077,1,no time to watch,college student,basic,high,192.22,casual viewer
CUST_03909,0.736019859,1,too expensive,working professional,premium,medium,708.85,binge watcher
CUST_03910,0.863489425,1,no time to watch,retired individual,basic,medium,226.14,family viewer
CUST_03911,0.887711461,1,too expensive,retired individual,basic,low,210.62,sports enthusiast
CUST_03912,0.906315065,1,no time to watch,working professional,standard,medium,367.7,news junkie
CUST_03914,0.868264015,1,too expensive,working professional,premium,high,777.76,news junkie
CUST_03916,0.730685456,1,none,school student,standard,high,462.31,family viewer
CUST_03917,0.797926317,1,too expensive,college student,premium,high,775.78,news junkie
CUST_03918,0.83831786,1,switched to competitor,college student,standard,high,470.94,binge watcher
CUST_03920,0.719401695,1,no time to watch,retired individual,standard,high,452.3,family viewer
CUST_03921,0.760894328,1,too expensive,retired individual,premium,high,690.91,family viewer
CUST_03922,0.713183238,1,technical issues,school student,basic,low,248.38,casual viewer
CUST_03923,0.874999726,1,too expensive,working professional,premium,medium,724.94,sports enthusiast
CUST_03924,0.908216453,1,too expensive,working professional,basic,medium,233.45,binge watcher
CUST_03925,0.764240297,1,none,school student,standard,medium,363.46,casual viewer
CUST_03926,0.797532241,1,content not interesting,college student,standard,high,454.09,family viewer
CUST_03927,0.834437944,1,none,college student,basic,medium,192.58,news junkie
CUST_03928,0.874701896,1,too expensive,college student,premium,high,813.13,casual viewer
CUST_03929,0.791004014,1,too expensive,working professional,basic,high,199.11,casual viewer
CUST_03930,0.784464024,1,too expensive,college student,basic,high,186.41,family viewer
CUST_03931,0.931783659,1,too expensive,working professional,basic,high,193.27,casual viewer
CUST_03933,0.860705046,1,no time to watch,working professional,basic,high,206.89,casual viewer
CUST_03934,0.796041703,1,technical issues,college student,basic,medium,193.12,sports enthusiast
CUST_03935,0.854272645,1,too expensive,school student,standard,low,475.94,casual viewer
CUST_03936,0.72874829,1,none,working professional,standard,high,381.95,family viewer
CUST_03938,0.756687324,1,too expensive,school student,premium,high,727.66,casual viewer
CUST_03940,0.823162541,1,none,working professional,basic,medium,190.25,family viewer
CUST_03941,0.722426844,1,none,college student,basic,high,184.18,family viewer
CUST_03942,0.794952133,1,too expensive,working professional,standard,high,453.6,family viewer
CUST_03943,0.737644402,1,too expensive,school student,premium,medium,640.9,sports enthusiast
CUST_03944,0.870170573,1,too expensive,college student,standard,high,365.76,binge watcher
CUST_03945,0.899755785,1,no time to watch,working professional,standard,medium,400.63,family viewer
CUST_03946,0.850578317,1,too expensive,working professional,standard,medium,395.36,binge watcher
CUST_03949,0.919062004,1,too expensive,working professional,premium,medium,613.2,binge watcher
CUST_03950,0.797913617,1,too expensive,school student,premium,high,627.14,sports enthusiast
CUST_03951,0.893806138,1,too expensive,college student,standard,low,404.11,binge watcher
CUST_03952,0.805283352,1,too expensive,college student,standard,high,370.85,family viewer
CUST_03953,0.803366217,1,too expensive,working professional,premium,high,641.61,casual viewer
CUST_03954,0.838987788,1,too expensive,school student,basic,low,240.57,news junkie
CUST_03955,0.801430131,1,switched to competitor,school student,standard,high,405.37,casual viewer
CUST_03956,0.855780731,1,too expensive,retired individual,standard,medium,355.13,family viewer
CUST_03957,0.750968229,1,too expensive,school student,premium,medium,754.82,family viewer
CUST_03960,0.775845433,1,none,working professional,premium,high,730.96,family viewer
CUST_03961,0.84213059,1,no time to watch,retired individual,basic,high,240.73,news junkie
CUST_03962,0.838130175,1,technical issues,retired individual,basic,medium,194.27,news junkie
CUST_03963,0.91122262,1,too expensive,working professional,standard,high,362.65,sports enthusiast
CUST_03964,0.80794266,1,no time to watch,working professional,basic,low,237.71,casual viewer
CUST_03966,0.751303664,1,too expensive,college student,standard,high,434.82,binge watcher
CUST_03967,0.801300076,1,too expensive,retired individual,premium,high,756.8,casual viewer
CUST_03968,0.875202541,1,too expensive,college student,basic,high,236.83,sports enthusiast
CUST_03969,0.850353332,1,content not interesting,college student,standard,high,492.93,binge watcher
CUST_03970,0.887623839,1,too expensive,working professional,premium,high,716.86,casual viewer
CUST_03971,0.865570652,1,too expensive,working professional,standard,high,469.6,news junkie
CUST_03972,0.813898851,1,too expensive,working professional,premium,high,693.94,casual viewer
CUST_03973,0.912253738,1,too expensive,working professional,premium,high,735.85,news junkie
CUST_03974,0.797582359,1,content not interesting,retired individual,basic,high,193.38,binge watcher
CUST_03975,0.889040106,1,technical issues,college student,basic,low,164.2,news junkie
CUST_03976,0.903641427,1,too expensive,retired individual,basic,low,257.27,casual viewer
CUST_03977,0.783316503,1,too expensive,college student,premium,medium,683.04,binge watcher
CUST_03978,0.849361521,1,none,retired individual,premium,medium,798.06,casual viewer
CUST_03980,0.905495228,1,too expensive,college student,standard,medium,420.29,news junkie
CUST_03981,0.818509012,1,technical issues,college student,standard,medium,396.02,sports enthusiast
CUST_03984,0.768181112,1,none,college student,premium,high,746.77,sports enthusiast
CUST_03985,0.808915434,1,technical issues,retired individual,standard,low,412.86,sports enthusiast
CUST_03986,0.791870817,1,no time to watch,working professional,basic,low,193.51,family viewer
CUST_03987,0.735265817,1,too expensive,school student,premium,medium,775.36,sports enthusiast
CUST_03988,0.719397747,1,too expensive,college student,premium,medium,742.47,casual viewer
CUST_03990,0.724675944,1,too expensive,school student,premium,high,724.94,family viewer
CUST_03991,0.855750777,1,too expensive,retired individual,premium,medium,625.4,casual viewer
CUST_03993,0.742590943,1,too expensive,college student,premium,high,628.9,family viewer
CUST_03994,0.846007517,1,technical issues,retired individual,standard,medium,378.91,binge watcher
CUST_03995,0.79522139,1,too expensive,school student,premium,medium,755.18,binge watcher
CUST_03997,0.741511718,1,switched to competitor,retired individual,standard,high,443.45,sports enthusiast
CUST_03998,0.827885606,1,too expensive,college student,standard,high,366.93,casual viewer
CUST_03999,0.840020469,1,too expensive,college student,basic,high,174.83,news junkie
CUST_04000,0.820742215,1,no time to watch,retired individual,standard,high,398.88,news junkie
CUST_04001,0.954172937,1,too expensive,working professional,basic,low,180.11,family viewer
CUST_04002,0.785400666,1,switched to competitor,working professional,basic,high,232.65,binge watcher
CUST_04003,0.927669686,1,no time to watch,working professional,standard,low,444.48,casual viewer
CUST_04004,0.766935522,1,no time to watch,retired individual,basic,high,152.57,casual viewer
CUST_04005,0.859852,1,too expensive,working professional,premium,medium,764.05,casual viewer
CUST_04006,0.712457484,1,no time to watch,retired individual,standard,high,398.03,news junkie
CUST_04007,0.890959215,1,too expensive,retired individual,standard,high,385.32,news junkie
CUST_04008,0.874333723,1,content not interesting,school student,basic,high,182.23,binge watcher
CUST_04009,0.902277233,1,too expensive,retired individual,premium,low,735.55,sports enthusiast
CUST_04010,0.865786787,1,too expensive,working professional,standard,high,425.59,binge watcher
CUST_04012,0.889028572,1,too expensive,retired individual,basic,medium,182.63,casual viewer
CUST_04013,0.759257512,1,too expensive,college student,premium,medium,753.92,casual viewer
CUST_04014,0.839768729,1,no time to watch,college student,standard,high,366.35,casual viewer
CUST_04016,0.824057786,1,no time to watch,working professional,standard,high,321.05,binge watcher
CUST_04017,0.762330829,1,none,retired individual,basic,high,196.9,news junkie
CUST_04018,0.837956121,1,too expensive,college student,standard,medium,374.92,family viewer
CUST_04019,0.755629608,1,no time to watch,working professional,standard,high,355.64,sports enthusiast
CUST_04020,0.778957557,1,too expensive,college student,premium,medium,688.6,casual viewer
CUST_04021,0.832289629,1,technical issues,college student,basic,medium,232.38,casual viewer
CUST_04022,0.721776772,1,none,retired individual,standard,medium,358.58,binge watcher
CUST_04023,0.879649695,1,too expensive,working professional,standard,medium,445,casual viewer
CUST_04025,0.847865808,1,content not interesting,college student,basic,high,166.15,family viewer
CUST_04026,0.816299309,1,too expensive,working professional,premium,high,789.44,news junkie
CUST_04027,0.756508344,1,too expensive,college student,basic,high,186.93,sports enthusiast
CUST_04028,0.796161769,1,too expensive,working professional,premium,high,776.88,family viewer
CUST_04029,0.775436926,1,switched to competitor,college student,basic,high,200.85,casual viewer
CUST_04030,0.807455885,1,too expensive,working professional,premium,high,707.02,casual viewer
CUST_04031,0.81897741,1,no time to watch,working professional,basic,high,210.7,sports enthusiast
CUST_04032,0.762413729,1,content not interesting,retired individual,basic,high,188.1,family viewer
CUST_04033,0.875331572,1,too expensive,school student,premium,high,770.89,sports enthusiast
CUST_04034,0.954785353,1,too expensive,working professional,basic,low,226.99,binge watcher
CUST_04035,0.841063123,1,too expensive,college student,standard,low,363.84,news junkie
CUST_04039,0.832431263,1,technical issues,college student,premium,low,584.68,casual viewer
CUST_04040,0.928195908,1,too expensive,working professional,premium,low,763.95,family viewer
CUST_04041,0.900163516,1,too expensive,working professional,standard,high,468.62,casual viewer
CUST_04043,0.739166527,1,technical issues,college student,basic,low,164.4,family viewer
CUST_04044,0.727097604,1,switched to competitor,college student,premium,high,576.5,sports enthusiast
CUST_04048,0.839734123,1,technical issues,college student,standard,low,364.66,news junkie
CUST_04049,0.851990901,1,too expensive,working professional,premium,high,655.36,casual viewer
CUST_04050,0.909192335,1,too expensive,working professional,basic,low,203.53,news junkie
CUST_04051,0.826315402,1,none,retired individual,standard,medium,350.38,news junkie
CUST_04052,0.801753309,1,too expensive,college student,standard,high,395.22,binge watcher
CUST_04053,0.883103777,1,too expensive,college student,basic,high,251.32,news junkie
CUST_04054,0.760831751,1,none,working professional,standard,low,418.77,binge watcher
CUST_04055,0.871244823,1,no time to watch,retired individual,basic,medium,213.07,binge watcher
CUST_04057,0.879821758,1,too expensive,college student,basic,low,182.9,family viewer
CUST_04058,0.848025431,1,no time to watch,working professional,basic,high,171.35,sports enthusiast
CUST_04060,0.887037127,1,too expensive,working professional,standard,high,366.17,family viewer
CUST_04061,0.891040041,1,too expensive,college student,standard,low,361.49,news junkie
CUST_04062,0.911463911,1,none,college student,standard,high,423,casual viewer
CUST_04063,0.728585498,1,none,school student,standard,high,440.23,news junkie
CUST_04064,0.871494827,1,too expensive,college student,basic,high,179.82,casual viewer
CUST_04065,0.893760542,1,none,retired individual,standard,medium,419.15,casual viewer
CUST_04066,0.868813452,1,too expensive,working professional,premium,high,696.16,family viewer
CUST_04067,0.951708293,1,too expensive,working professional,basic,low,169.3,sports enthusiast
CUST_04068,0.782004175,1,too expensive,college student,premium,high,634.37,news junkie
CUST_04069,0.786228941,1,switched to competitor,school student,standard,high,408.36,casual viewer
CUST_04070,0.745545586,1,none,college student,premium,high,708.94,family viewer
CUST_04071,0.749631054,1,none,college student,standard,high,418.83,news junkie
CUST_04072,0.92258953,1,no time to watch,working professional,standard,low,380.92,sports enthusiast
CUST_04073,0.910268005,1,no time to watch,working professional,basic,medium,185.29,sports enthusiast
CUST_04074,0.851826769,1,too expensive,college student,standard,high,352.21,sports enthusiast
CUST_04075,0.706354523,1,switched to competitor,retired individual,basic,high,216.48,family viewer
CUST_04077,0.890421289,1,too expensive,college student,premium,medium,645.95,sports enthusiast
CUST_04079,0.837435899,1,too expensive,school student,premium,medium,758.21,sports enthusiast
CUST_04080,0.913557679,1,no time to watch,working professional,standard,low,407.8,sports enthusiast
CUST_04082,0.85043511,1,none,working professional,standard,high,420.65,sports enthusiast
CUST_04085,0.783079389,1,too expensive,school student,premium,low,731.28,news junkie
CUST_04086,0.83388697,1,content not interesting,college student,basic,high,209.91,binge watcher
CUST_04087,0.771367847,1,none,college student,premium,high,776.6,casual viewer
CUST_04088,0.721030998,1,none,retired individual,premium,high,661.59,casual viewer
CUST_04089,0.927437959,1,too expensive,college student,premium,low,649.55,sports enthusiast
CUST_04091,0.882475745,1,no time to watch,retired individual,basic,medium,167.15,family viewer
CUST_04092,0.712169361,1,switched to competitor,college student,basic,high,164.94,family viewer
CUST_04093,0.790017296,1,too expensive,working professional,standard,medium,403.24,family viewer
CUST_04094,0.871608109,1,too expensive,college student,premium,high,770.14,family viewer
CUST_04095,0.914039163,1,no time to watch,working professional,basic,medium,158.44,sports enthusiast
CUST_04096,0.819325318,1,too expensive,retired individual,premium,high,616.38,casual viewer
CUST_04097,0.739092217,1,too expensive,college student,premium,high,780.28,casual viewer
CUST_04098,0.887805454,1,too expensive,working professional,standard,medium,447.88,family viewer
CUST_04100,0.780532316,1,too expensive,college student,basic,medium,176.32,casual viewer
CUST_04101,0.732949079,1,too expensive,working professional,premium,high,695.58,sports enthusiast
CUST_04102,0.780485995,1,content not interesting,working professional,basic,high,191.41,sports enthusiast
CUST_04104,0.814411882,1,switched to competitor,retired individual,standard,high,354.16,binge watcher
CUST_04105,0.79763089,1,technical issues,working professional,basic,medium,158.73,casual viewer
CUST_04106,0.940709888,1,too expensive,working professional,premium,high,776.59,sports enthusiast
CUST_04107,0.925962551,1,none,college student,standard,low,436.57,casual viewer
CUST_04108,0.867481751,1,too expensive,school student,premium,medium,707.63,sports enthusiast
CUST_04109,0.832063125,1,no time to watch,working professional,standard,medium,367,sports enthusiast
CUST_04110,0.879452833,1,too expensive,college student,standard,high,390.04,binge watcher
CUST_04111,0.91529131,1,too expensive,retired individual,premium,low,677.92,casual viewer
CUST_04112,0.839036405,1,too expensive,school student,premium,high,764.12,casual viewer
CUST_04113,0.712079848,1,none,retired individual,standard,medium,353.33,family viewer
CUST_04114,0.706283282,1,technical issues,college student,basic,low,198.44,binge watcher
CUST_04115,0.790553613,1,technical issues,school student,standard,medium,420.82,news junkie
CUST_04116,0.815177559,1,none,college student,standard,medium,406.02,family viewer
CUST_04117,0.750545115,1,too expensive,school student,premium,medium,612.69,casual viewer
CUST_04118,0.816561069,1,too expensive,college student,basic,medium,194.78,casual viewer
CUST_04120,0.796087493,1,content not interesting,working professional,basic,high,188.25,sports enthusiast
CUST_04121,0.802131579,1,switched to competitor,school student,basic,high,204.7,binge watcher
CUST_04122,0.725613293,1,no time to watch,working professional,standard,medium,350.71,news junkie
CUST_04123,0.780087687,1,switched to competitor,college student,basic,high,163.08,casual viewer
CUST_04125,0.799408019,1,too expensive,college student,standard,medium,323.36,news junkie
CUST_04126,0.799051121,1,too expensive,working professional,premium,high,662.73,binge watcher
CUST_04127,0.857386706,1,too expensive,college student,premium,high,588.34,binge watcher
CUST_04129,0.877816495,1,no time to watch,retired individual,premium,low,589.14,news junkie
CUST_04130,0.80897908,1,too expensive,retired individual,standard,high,393.72,sports enthusiast
CUST_04131,0.834535513,1,too expensive,college student,premium,high,767.26,family viewer
CUST_04132,0.865068428,1,no time to watch,working professional,standard,high,386.99,casual viewer
CUST_04133,0.853314137,1,none,retired individual,standard,medium,429.12,news junkie
CUST_04134,0.956755388,1,too expensive,working professional,standard,medium,396.54,sports enthusiast
CUST_04135,0.763865118,1,no time to watch,college student,standard,high,398.15,binge watcher
CUST_04136,0.736665613,1,none,working professional,basic,high,173.34,binge watcher
CUST_04137,0.900281204,1,no time to watch,working professional,basic,high,175.95,sports enthusiast
CUST_04138,0.889507759,1,too expensive,college student,premium,low,612.75,family viewer
CUST_04139,0.821238231,1,too expensive,retired individual,premium,medium,660.97,casual viewer
CUST_04140,0.827487246,1,too expensive,retired individual,premium,medium,763.33,sports enthusiast
CUST_04141,0.765062243,1,too expensive,college student,premium,high,639.46,family viewer
CUST_04142,0.767228813,1,none,school student,premium,high,727.13,sports enthusiast
CUST_04143,0.962488502,1,too expensive,college student,premium,low,769.4,casual viewer
CUST_04145,0.727741788,1,too expensive,retired individual,premium,medium,703.45,sports enthusiast
CUST_04146,0.797442089,1,too expensive,retired individual,premium,medium,693.33,news junkie
CUST_04147,0.782867746,1,technical issues,college student,standard,medium,393.96,news junkie
CUST_04148,0.917181321,1,too expensive,college student,premium,medium,755.56,news junkie
CUST_04150,0.701512306,1,none,retired individual,basic,low,177,casual viewer
CUST_04151,0.858677503,1,none,working professional,standard,medium,395.07,binge watcher
CUST_04152,0.915361604,1,no time to watch,working professional,standard,medium,443.9,sports enthusiast
CUST_04153,0.731692889,1,none,working professional,premium,high,640.08,sports enthusiast
CUST_04154,0.914771927,1,no time to watch,working professional,standard,low,406.53,news junkie
CUST_04155,0.805322946,1,no time to watch,working professional,standard,low,450.58,casual viewer
CUST_04156,0.897086941,1,too expensive,working professional,premium,high,738.04,casual viewer
CUST_04157,0.892940958,1,no time to watch,college student,basic,high,204.88,sports enthusiast
CUST_04160,0.715080847,1,none,working professional,standard,low,421.33,sports enthusiast
CUST_04161,0.921156485,1,none,college student,basic,high,183.74,news junkie
CUST_04162,0.70060551,1,too expensive,college student,premium,high,722.82,binge watcher
CUST_04163,0.887175725,1,no time to watch,working professional,standard,low,445.56,family viewer
CUST_04164,0.918676983,1,too expensive,school student,standard,medium,416.64,casual viewer
CUST_04165,0.912647488,1,no time to watch,working professional,standard,medium,420.17,sports enthusiast
CUST_04166,0.834787582,1,too expensive,school student,premium,medium,705.55,sports enthusiast
CUST_04167,0.88400866,1,content not interesting,retired individual,standard,high,383.89,family viewer
CUST_04168,0.891959688,1,too expensive,college student,standard,high,437.75,binge watcher
CUST_04169,0.739302016,1,none,retired individual,premium,medium,690.84,sports enthusiast
CUST_04170,0.796268616,1,none,retired individual,basic,high,195.27,sports enthusiast
CUST_04171,0.858430589,1,too expensive,college student,premium,high,700.97,casual viewer
CUST_04172,0.784296428,1,technical issues,school student,basic,medium,158.51,family viewer
CUST_04173,0.906908982,1,too expensive,working professional,premium,low,645.61,casual viewer
CUST_04174,0.746956865,1,content not interesting,college student,standard,high,348.38,casual viewer
CUST_04175,0.866829567,1,too expensive,school student,premium,medium,758.53,binge watcher
CUST_04176,0.851080293,1,too expensive,college student,standard,medium,448.93,sports enthusiast
CUST_04177,0.834644274,1,too expensive,working professional,standard,medium,395.15,family viewer
CUST_04178,0.843400735,1,too expensive,college student,standard,low,349.52,binge watcher
CUST_04179,0.788698412,1,too expensive,college student,premium,high,687.84,sports enthusiast
CUST_04180,0.807600906,1,switched to competitor,retired individual,basic,high,133.25,casual viewer
CUST_04181,0.842418834,1,none,college student,basic,medium,196.65,family viewer
CUST_04183,0.856323044,1,too expensive,college student,standard,high,399.97,casual viewer
CUST_04184,0.809782532,1,content not interesting,college student,standard,high,455.41,casual viewer
CUST_04185,0.791962643,1,switched to competitor,retired individual,standard,high,355,casual viewer
CUST_04186,0.854681246,1,none,retired individual,premium,low,761.66,sports enthusiast
CUST_04187,0.843170117,1,none,working professional,standard,low,387.28,sports enthusiast
CUST_04188,0.782581759,1,technical issues,working professional,standard,low,447.58,binge watcher
CUST_04189,0.918365253,1,too expensive,college student,basic,low,186.42,family viewer
CUST_04190,0.88849071,1,too expensive,retired individual,premium,medium,762.59,binge watcher
CUST_04191,0.818894833,1,no time to watch,working professional,standard,medium,345.73,family viewer
CUST_04192,0.860517553,1,no time to watch,working professional,standard,high,367.3,family viewer
CUST_04193,0.92681793,1,too expensive,college student,standard,low,425.2,family viewer
CUST_04194,0.802634494,1,none,college student,premium,high,767.29,casual viewer
CUST_04195,0.899792626,1,no time to watch,working professional,standard,medium,435.25,family viewer
CUST_04196,0.7121667,1,none,retired individual,basic,medium,179.61,family viewer
CUST_04197,0.880454456,1,technical issues,college student,basic,low,174.3,sports enthusiast
CUST_04198,0.766567286,1,too expensive,college student,standard,high,388.09,news junkie
CUST_04199,0.80558538,1,technical issues,school student,standard,medium,419.16,binge watcher
CUST_04200,0.812568663,1,no time to watch,college student,standard,low,437.48,sports enthusiast
CUST_04201,0.788448432,1,technical issues,college student,standard,low,382.84,casual viewer
CUST_04202,0.750183898,1,content not interesting,college student,basic,high,219.85,family viewer
CUST_04203,0.792327542,1,none,retired individual,standard,low,425.63,sports enthusiast
CUST_04205,0.764919222,1,none,college student,basic,high,227.08,family viewer
CUST_04206,0.727768762,1,switched to competitor,retired individual,basic,high,208.86,binge watcher
CUST_04207,0.878340956,1,technical issues,working professional,standard,medium,372.78,family viewer
CUST_04208,0.838324908,1,too expensive,working professional,premium,high,696.19,news junkie
CUST_04209,0.912172425,1,too expensive,working professional,premium,low,700.46,casual viewer
CUST_04210,0.757800875,1,none,college student,standard,high,418.54,news junkie
CUST_04211,0.940084168,1,too expensive,college student,standard,low,351.59,binge watcher
CUST_04212,0.924465258,1,too expensive,retired individual,premium,low,604.34,casual viewer
CUST_04213,0.920339929,1,technical issues,college student,basic,medium,196.03,family viewer
CUST_04214,0.907768385,1,technical issues,retired individual,standard,low,361.28,casual viewer
CUST_04215,0.91723603,1,technical issues,college student,standard,medium,456.16,news junkie
CUST_04216,0.779984739,1,too expensive,retired individual,basic,high,176.67,family viewer
CUST_04217,0.894589751,1,too expensive,retired individual,standard,medium,424.35,sports enthusiast
CUST_04218,0.930290713,1,too expensive,working professional,premium,high,634.54,sports enthusiast
CUST_04220,0.870228101,1,technical issues,working professional,basic,low,196.9,binge watcher
CUST_04221,0.857174129,1,too expensive,college student,standard,high,353.24,family viewer
CUST_04222,0.786170932,1,too expensive,working professional,basic,high,212.57,family viewer
CUST_04223,0.868818838,1,too expensive,college student,standard,high,447.76,casual viewer
CUST_04224,0.8147429,1,too expensive,college student,standard,medium,434.55,family viewer
CUST_04227,0.806869785,1,too expensive,college student,standard,medium,404.68,family viewer
CUST_04228,0.719891129,1,too expensive,school student,premium,high,605.4,family viewer
CUST_04229,0.819228753,1,no time to watch,college student,standard,medium,386.29,news junkie
CUST_04230,0.814466318,1,none,school student,premium,medium,765.38,binge watcher
CUST_04231,0.878772228,1,too expensive,college student,basic,medium,216.08,sports enthusiast
CUST_04233,0.859818111,1,too expensive,school student,basic,high,200.8,sports enthusiast
CUST_04234,0.720491546,1,switched to competitor,college student,standard,high,403.2,binge watcher
CUST_04235,0.7608198,1,too expensive,retired individual,premium,low,754.76,news junkie
CUST_04237,0.80544171,1,no time to watch,working professional,basic,high,199.22,news junkie
CUST_04238,0.832514805,1,too expensive,college student,premium,low,646.4,family viewer
CUST_04239,0.837239832,1,too expensive,working professional,premium,high,711.32,binge watcher
CUST_04241,0.831379722,1,too expensive,college student,standard,high,461.88,news junkie
CUST_04242,0.923190746,1,too expensive,college student,standard,high,364.01,family viewer
CUST_04243,0.715932137,1,no time to watch,college student,standard,medium,348.87,sports enthusiast
CUST_04244,0.792329197,1,too expensive,college student,premium,high,706.11,news junkie
CUST_04245,0.874896715,1,no time to watch,working professional,basic,high,234.06,casual viewer
CUST_04246,0.794316763,1,none,school student,basic,high,145.69,casual viewer
CUST_04247,0.777348108,1,technical issues,college student,basic,medium,169.05,family viewer
CUST_04248,0.774754409,1,none,retired individual,basic,high,195.37,casual viewer
CUST_04249,0.716556966,1,none,college student,premium,high,669.6,casual viewer
CUST_04250,0.897982015,1,too expensive,college student,premium,high,741.7,casual viewer
CUST_04251,0.731375844,1,technical issues,retired individual,standard,medium,436.46,news junkie
CUST_04253,0.920024139,1,too expensive,working professional,standard,medium,362.84,family viewer
CUST_04254,0.736316096,1,switched to competitor,college student,standard,high,343.81,casual viewer
CUST_04256,0.839069773,1,too expensive,retired individual,basic,high,204.8,family viewer
CUST_04257,0.856321012,1,no time to watch,college student,standard,low,354.38,family viewer
CUST_04258,0.712764204,1,technical issues,retired individual,standard,low,473.84,news junkie
CUST_04260,0.806831796,1,none,college student,standard,medium,428.3,sports enthusiast
CUST_04261,0.829847652,1,none,college student,premium,high,786.26,family viewer
CUST_04262,0.821434132,1,none,retired individual,standard,high,415.22,family viewer
CUST_04263,0.833837412,1,too expensive,college student,premium,high,767.81,sports enthusiast
CUST_04265,0.812642665,1,too expensive,school student,premium,medium,635.3,casual viewer
CUST_04266,0.79013933,1,none,retired individual,premium,medium,700,casual viewer
CUST_04267,0.801166982,1,none,college student,standard,low,345.42,binge watcher
CUST_04268,0.94493404,1,too expensive,working professional,premium,high,726.99,sports enthusiast
CUST_04269,0.92784296,1,no time to watch,working professional,basic,medium,153.07,sports enthusiast
CUST_04270,0.916139855,1,too expensive,working professional,standard,high,438.15,casual viewer
CUST_04271,0.855237614,1,too expensive,working professional,premium,medium,748.35,family viewer
CUST_04272,0.924176946,1,no time to watch,working professional,basic,medium,220.65,sports enthusiast
CUST_04273,0.802330877,1,none,retired individual,basic,high,236.51,family viewer
CUST_04274,0.766591406,1,too expensive,school student,premium,low,638.41,family viewer
CUST_04275,0.875171225,1,content not interesting,working professional,standard,high,365.58,casual viewer
CUST_04276,0.848392933,1,too expensive,college student,standard,high,387.59,news junkie
CUST_04277,0.798969523,1,switched to competitor,working professional,basic,high,170.1,sports enthusiast
CUST_04279,0.862972031,1,no time to watch,working professional,basic,medium,191.31,news junkie
CUST_04280,0.900040307,1,technical issues,college student,standard,low,461.45,news junkie
CUST_04281,0.846812291,1,too expensive,retired individual,basic,medium,224.55,binge watcher
CUST_04282,0.731130414,1,none,retired individual,standard,medium,312.53,casual viewer
CUST_04283,0.738227875,1,too expensive,college student,premium,high,690.55,news junkie
CUST_04284,0.814312641,1,too expensive,college student,standard,high,444.38,binge watcher
CUST_04285,0.901087016,1,no time to watch,retired individual,standard,high,408.04,family viewer
CUST_04286,0.803232469,1,too expensive,college student,premium,high,628.13,news junkie
CUST_04287,0.874370715,1,technical issues,retired individual,standard,low,408.08,casual viewer
CUST_04288,0.858474635,1,no time to watch,college student,basic,high,280.23,sports enthusiast
CUST_04289,0.824314897,1,too expensive,college student,standard,high,445.56,family viewer
CUST_04290,0.815107647,1,no time to watch,retired individual,standard,medium,338.8,sports enthusiast
CUST_04291,0.781124528,1,none,college student,standard,high,478.72,binge watcher
CUST_04292,0.839854344,1,switched to competitor,school student,basic,high,157.6,family viewer
CUST_04293,0.919834612,1,too expensive,retired individual,basic,medium,255.87,sports enthusiast
CUST_04294,0.803192879,1,too expensive,college student,standard,medium,358.21,binge watcher
CUST_04295,0.850393861,1,no time to watch,school student,basic,high,234.3,sports enthusiast
CUST_04296,0.739691433,1,too expensive,retired individual,basic,medium,184.94,casual viewer
CUST_04297,0.868645707,1,too expensive,retired individual,premium,high,709.58,casual viewer
CUST_04298,0.913366107,1,too expensive,working professional,premium,high,731.42,family viewer
CUST_04300,0.73808898,1,too expensive,college student,premium,medium,725.37,casual viewer
CUST_04301,0.833411609,1,technical issues,retired individual,standard,medium,418.43,sports enthusiast
CUST_04302,0.832505605,1,no time to watch,working professional,basic,high,200.79,sports enthusiast
CUST_04303,0.732388075,1,none,working professional,standard,medium,372.02,family viewer
CUST_04304,0.737750251,1,none,school student,basic,high,198.01,news junkie
CUST_04308,0.875695249,1,too expensive,working professional,premium,medium,714.74,news junkie
CUST_04309,0.714133984,1,none,working professional,basic,high,211.59,sports enthusiast
CUST_04310,0.76360715,1,no time to watch,college student,basic,high,210.39,binge watcher
CUST_04311,0.84018274,1,technical issues,college student,basic,low,181.04,casual viewer
CUST_04312,0.75549931,1,none,college student,premium,high,760.22,family viewer
CUST_04313,0.910145172,1,no time to watch,school student,standard,low,349.29,sports enthusiast
CUST_04314,0.844056616,1,too expensive,school student,premium,low,635.27,family viewer
CUST_04315,0.916763889,1,too expensive,college student,premium,low,761.23,casual viewer
CUST_04317,0.834660532,1,technical issues,retired individual,standard,low,368.16,sports enthusiast
CUST_04318,0.863565089,1,too expensive,retired individual,standard,medium,388.49,sports enthusiast
CUST_04319,0.890191551,1,technical issues,college student,basic,low,208.35,casual viewer
CUST_04320,0.808817504,1,technical issues,retired individual,basic,medium,213.19,news junkie
CUST_04321,0.947385473,1,no time to watch,college student,basic,low,246.75,sports enthusiast
CUST_04322,0.725114671,1,switched to competitor,college student,standard,high,486.19,casual viewer
CUST_04323,0.720318455,1,none,college student,standard,medium,461.27,news junkie
CUST_04324,0.918745491,1,too expensive,retired individual,premium,low,704.63,sports enthusiast
CUST_04325,0.846973819,1,too expensive,working professional,premium,high,592,news junkie
CUST_04327,0.789541351,1,too expensive,retired individual,standard,medium,412.37,binge watcher
CUST_04328,0.931555389,1,too expensive,working professional,standard,high,369.07,sports enthusiast
CUST_04329,0.835484962,1,technical issues,school student,standard,medium,390.5,news junkie
CUST_04330,0.833026026,1,too expensive,school student,premium,low,774.02,news junkie
CUST_04331,0.862631063,1,no time to watch,college student,basic,high,191.93,casual viewer
CUST_04333,0.731278586,1,too expensive,college student,premium,high,683.88,family viewer
CUST_04334,0.800061017,1,too expensive,working professional,premium,medium,640.81,casual viewer
CUST_04335,0.911053649,1,too expensive,school student,premium,low,690.03,binge watcher
CUST_04336,0.796063491,1,too expensive,college student,standard,high,391.3,binge watcher
CUST_04338,0.873342566,1,none,college student,basic,high,220.43,casual viewer
CUST_04339,0.902844933,1,technical issues,working professional,standard,low,381.43,news junkie
CUST_04341,0.913269598,1,too expensive,college student,premium,low,706.08,sports enthusiast
CUST_04342,0.842071202,1,none,school student,premium,high,737.7,sports enthusiast
CUST_04343,0.893468846,1,none,retired individual,basic,high,221.8,binge watcher
CUST_04344,0.823183223,1,none,school student,standard,high,394.19,sports enthusiast
CUST_04345,0.708973265,1,too expensive,retired individual,premium,low,628.38,news junkie
CUST_04346,0.702286201,1,none,retired individual,premium,high,720.92,sports enthusiast
CUST_04347,0.768908068,1,switched to competitor,retired individual,standard,high,439.73,family viewer
CUST_04348,0.877860217,1,none,working professional,basic,low,207.74,news junkie
CUST_04349,0.799124104,1,too expensive,college student,premium,low,624.52,sports enthusiast
CUST_04350,0.852705022,1,too expensive,school student,standard,high,365.18,binge watcher
CUST_04351,0.743139477,1,technical issues,college student,basic,low,198.84,news junkie
CUST_04352,0.888987238,1,technical issues,college student,standard,low,432.35,binge watcher
CUST_04353,0.911920782,1,none,retired individual,premium,low,751.26,news junkie
CUST_04354,0.84881065,1,too expensive,retired individual,basic,medium,174.61,sports enthusiast
CUST_04355,0.891539838,1,too expensive,college student,basic,medium,139.49,news junkie
CUST_04356,0.762499683,1,too expensive,retired individual,premium,high,603.92,news junkie
CUST_04357,0.917525021,1,too expensive,college student,standard,low,374.8,casual viewer
CUST_04358,0.805819163,1,too expensive,college student,basic,high,219.52,family viewer
CUST_04359,0.848582107,1,technical issues,school student,standard,medium,375.89,binge watcher
CUST_04360,0.842334277,1,too expensive,working professional,premium,medium,728.27,family viewer
CUST_04361,0.874679485,1,too expensive,school student,premium,high,789.51,sports enthusiast
CUST_04362,0.810408928,1,none,college student,standard,high,360.89,casual viewer
CUST_04363,0.857102891,1,too expensive,college student,basic,medium,189.24,family viewer
CUST_04364,0.8273643,1,technical issues,college student,basic,low,201.73,binge watcher
CUST_04366,0.845070129,1,none,working professional,standard,medium,388.15,sports enthusiast
CUST_04367,0.920762819,1,too expensive,college student,premium,high,749.91,binge watcher
CUST_04368,0.875924273,1,technical issues,college student,standard,medium,439.97,news junkie
CUST_04369,0.833612104,1,too expensive,working professional,basic,high,205.68,casual viewer
CUST_04370,0.887816655,1,none,school student,basic,medium,221.7,casual viewer
CUST_04371,0.915498036,1,too expensive,college student,premium,medium,616.84,family viewer
CUST_04372,0.772340932,1,switched to competitor,school student,standard,high,398.95,casual viewer
CUST_04373,0.785811384,1,none,working professional,premium,low,732.08,family viewer
CUST_04374,0.731883055,1,switched to competitor,working professional,basic,high,192.82,binge watcher
CUST_04375,0.871913683,1,too expensive,college student,standard,low,385.5,binge watcher
CUST_04376,0.775944337,1,content not interesting,college student,standard,high,321.73,casual viewer
CUST_04377,0.847415223,1,none,working professional,standard,high,397,news junkie
CUST_04379,0.814185737,1,technical issues,school student,standard,medium,466,binge watcher
CUST_04380,0.837881726,1,too expensive,retired individual,premium,medium,608.02,news junkie
CUST_04381,0.726796265,1,too expensive,college student,premium,medium,600.29,family viewer
CUST_04382,0.908519608,1,too expensive,retired individual,standard,high,400.41,sports enthusiast
CUST_04383,0.882008054,1,too expensive,college student,standard,high,423.45,sports enthusiast
CUST_04384,0.903650769,1,no time to watch,college student,standard,medium,420.48,family viewer
CUST_04385,0.867092776,1,too expensive,working professional,premium,low,773.9,binge watcher
CUST_04386,0.828344097,1,no time to watch,retired individual,basic,low,181.52,binge watcher
CUST_04387,0.744997333,1,switched to competitor,working professional,standard,high,404.55,sports enthusiast
CUST_04389,0.843034586,1,too expensive,college student,premium,high,712.93,casual viewer
CUST_04391,0.706375907,1,too expensive,college student,basic,medium,228.47,family viewer
CUST_04392,0.804077018,1,none,working professional,premium,high,659.39,sports enthusiast
CUST_04395,0.87014716,1,no time to watch,working professional,basic,medium,192.45,family viewer
CUST_04396,0.855277955,1,too expensive,working professional,basic,high,171.37,sports enthusiast
CUST_04397,0.891829059,1,none,retired individual,premium,medium,632.27,casual viewer
CUST_04398,0.861146285,1,technical issues,retired individual,standard,medium,421.24,casual viewer
CUST_04399,0.757350952,1,content not interesting,retired individual,basic,high,207.18,binge watcher
CUST_04401,0.729114992,1,switched to competitor,school student,basic,high,185.38,news junkie
CUST_04404,0.898708504,1,too expensive,working professional,premium,medium,769.52,sports enthusiast
CUST_04405,0.843658243,1,too expensive,school student,premium,medium,642.46,sports enthusiast
CUST_04406,0.701805826,1,none,school student,standard,medium,429.99,binge watcher
CUST_04407,0.870259752,1,too expensive,working professional,premium,medium,770.98,casual viewer
CUST_04408,0.884866218,1,too expensive,college student,basic,low,158.89,binge watcher
CUST_04409,0.947824574,1,none,working professional,premium,high,750.22,sports enthusiast
CUST_04411,0.711146783,1,none,college student,basic,high,194.36,binge watcher
CUST_04412,0.922019762,1,too expensive,working professional,premium,medium,692.27,sports enthusiast
CUST_04413,0.783947322,1,none,retired individual,basic,high,206.35,sports enthusiast
CUST_04414,0.830327929,1,too expensive,school student,premium,medium,705.21,sports enthusiast
CUST_04415,0.720202563,1,none,retired individual,basic,high,198.93,binge watcher
CUST_04416,0.731417626,1,none,retired individual,standard,medium,397.76,news junkie
CUST_04417,0.856411248,1,none,college student,basic,high,238.04,binge watcher
CUST_04419,0.815538253,1,too expensive,retired individual,standard,high,395.28,family viewer
CUST_04420,0.887034649,1,technical issues,college student,basic,low,167,news junkie
CUST_04422,0.773830607,1,technical issues,college student,standard,medium,387.01,binge watcher
CUST_04423,0.890067015,1,too expensive,college student,standard,low,389.49,family viewer
CUST_04424,0.914630105,1,too expensive,retired individual,premium,low,610.14,sports enthusiast
CUST_04425,0.720009499,1,none,college student,premium,high,772.35,family viewer
CUST_04426,0.928143449,1,too expensive,college student,standard,low,459.06,casual viewer
CUST_04427,0.72360822,1,none,school student,premium,high,684.56,family viewer
CUST_04428,0.816560065,1,too expensive,retired individual,premium,high,715.36,sports enthusiast
CUST_04429,0.889297301,1,too expensive,college student,basic,low,211.61,news junkie
CUST_04430,0.848868922,1,too expensive,retired individual,standard,low,375.53,sports enthusiast
CUST_04431,0.941850704,1,too expensive,college student,premium,low,756.84,sports enthusiast
CUST_04432,0.819790881,1,too expensive,working professional,standard,high,350.18,sports enthusiast
CUST_04434,0.932815866,1,too expensive,retired individual,standard,low,379.35,news junkie
CUST_04436,0.905759786,1,too expensive,college student,standard,low,359.47,sports enthusiast
CUST_04437,0.785058858,1,none,college student,standard,high,427.93,news junkie
CUST_04438,0.90986974,1,too expensive,working professional,basic,low,223.85,sports enthusiast
CUST_04439,0.79921216,1,no time to watch,working professional,basic,medium,224.32,binge watcher
CUST_04440,0.790283857,1,too expensive,retired individual,standard,high,441.93,sports enthusiast
CUST_04441,0.749230667,1,technical issues,school student,standard,medium,368.93,casual viewer
CUST_04442,0.769255344,1,too expensive,working professional,standard,high,442.05,family viewer
CUST_04443,0.846735078,1,too expensive,college student,standard,medium,323.49,binge watcher
CUST_04444,0.73802131,1,none,school student,basic,medium,193.54,binge watcher
CUST_04445,0.878022107,1,too expensive,college student,standard,high,336.94,binge watcher
CUST_04446,0.798374507,1,none,working professional,standard,medium,391.21,sports enthusiast
CUST_04448,0.8689768,1,too expensive,college student,premium,high,736.22,binge watcher
CUST_04450,0.772295459,1,none,college student,standard,medium,426.49,binge watcher
CUST_04451,0.746145599,1,too expensive,working professional,basic,high,171.85,family viewer
CUST_04452,0.923922403,1,technical issues,school student,standard,low,447.38,binge watcher
CUST_04453,0.912210469,1,none,college student,standard,low,363.98,casual viewer
CUST_04454,0.725425979,1,none,school student,premium,high,728.87,news junkie
CUST_04455,0.786013108,1,content not interesting,college student,basic,high,193.71,news junkie
CUST_04456,0.902903454,1,too expensive,school student,premium,low,768.22,sports enthusiast
CUST_04457,0.794983055,1,content not interesting,working professional,basic,high,221.38,news junkie
CUST_04458,0.727877961,1,too expensive,college student,standard,medium,443.42,news junkie
CUST_04459,0.824660863,1,technical issues,college student,standard,low,323.91,casual viewer
CUST_04460,0.873201177,1,none,working professional,standard,high,409.51,news junkie
CUST_04462,0.794209471,1,too expensive,college student,basic,high,186.95,family viewer
CUST_04464,0.866320043,1,too expensive,college student,standard,high,468.23,binge watcher
CUST_04465,0.846436409,1,too expensive,working professional,basic,high,174.89,news junkie
CUST_04466,0.778684757,1,too expensive,college student,premium,high,664.13,news junkie
CUST_04468,0.758042749,1,no time to watch,retired individual,standard,low,363.46,binge watcher
CUST_04469,0.738023622,1,too expensive,school student,premium,medium,759.93,sports enthusiast
CUST_04470,0.791075936,1,none,college student,basic,low,221.65,family viewer
CUST_04472,0.885800854,1,too expensive,retired individual,standard,medium,362.52,news junkie
CUST_04473,0.92937149,1,no time to watch,working professional,standard,high,404.68,casual viewer
CUST_04474,0.833218536,1,no time to watch,college student,basic,medium,181.72,casual viewer
CUST_04475,0.841310336,1,technical issues,working professional,basic,medium,206.43,news junkie
CUST_04476,0.752186304,1,no time to watch,college student,basic,medium,195.05,binge watcher
CUST_04477,0.783932034,1,no time to watch,retired individual,standard,high,432.64,sports enthusiast
CUST_04479,0.803296423,1,none,working professional,basic,high,236.1,binge watcher
CUST_04480,0.707583682,1,none,college student,standard,high,434.01,sports enthusiast
CUST_04482,0.840813622,1,too expensive,working professional,premium,medium,623.74,family viewer
CUST_04483,0.838015858,1,too expensive,retired individual,premium,high,733.69,family viewer
CUST_04484,0.741601861,1,none,college student,standard,high,385.21,news junkie
CUST_04485,0.842495643,1,no time to watch,retired individual,standard,high,413.94,sports enthusiast
CUST_04486,0.842810973,1,too expensive,college student,standard,low,362.81,binge watcher
CUST_04487,0.80837214,1,switched to competitor,working professional,standard,high,446.9,casual viewer
CUST_04488,0.765087432,1,none,working professional,premium,high,741.76,sports enthusiast
CUST_04489,0.92033542,1,no time to watch,college student,standard,low,460.79,casual viewer
CUST_04490,0.92361921,1,too expensive,working professional,standard,low,335.99,sports enthusiast
CUST_04491,0.877298728,1,none,working professional,basic,low,219.34,binge watcher
CUST_04492,0.891099917,1,none,working professional,standard,medium,387.26,casual viewer
CUST_04493,0.730461327,1,content not interesting,college student,standard,high,406.11,family viewer
CUST_04494,0.882570143,1,too expensive,college student,basic,medium,209.26,casual viewer
CUST_04495,0.820192491,1,too expensive,retired individual,premium,high,707.57,casual viewer
CUST_04496,0.864940482,1,too expensive,working professional,premium,high,687.06,casual viewer
CUST_04497,0.882350051,1,content not interesting,working professional,basic,high,194.28,binge watcher
CUST_04498,0.912065537,1,too expensive,working professional,premium,high,612.88,casual viewer
CUST_04499,0.892759272,1,too expensive,college student,standard,high,383.83,binge watcher
CUST_04500,0.788469574,1,none,working professional,basic,high,199.06,casual viewer
CUST_04501,0.911488426,1,too expensive,working professional,premium,high,701.72,family viewer
CUST_04502,0.919536736,1,too expensive,retired individual,basic,medium,193.69,binge watcher
CUST_04503,0.748787948,1,none,college student,basic,low,210.08,binge watcher
CUST_04504,0.784554539,1,no time to watch,retired individual,basic,high,182.66,sports enthusiast
CUST_04505,0.768314031,1,technical issues,working professional,basic,medium,198.88,casual viewer
CUST_04506,0.916748363,1,too expensive,retired individual,premium,high,738.43,family viewer
CUST_04507,0.824236196,1,content not interesting,retired individual,basic,high,224.73,sports enthusiast
CUST_04508,0.847321199,1,no time to watch,college student,standard,high,432.37,sports enthusiast
CUST_04509,0.834583951,1,technical issues,college student,basic,low,212.75,sports enthusiast
CUST_04510,0.75879231,1,too expensive,school student,premium,low,763.1,sports enthusiast
CUST_04511,0.730349995,1,content not interesting,college student,standard,high,424.14,casual viewer
CUST_04512,0.922553082,1,too expensive,retired individual,standard,low,408.63,family viewer
CUST_04513,0.834290487,1,none,retired individual,premium,high,567.7,family viewer
CUST_04514,0.90891725,1,too expensive,retired individual,basic,low,141.2,news junkie
CUST_04515,0.791675266,1,too expensive,retired individual,premium,low,755.15,sports enthusiast
CUST_04516,0.812539735,1,technical issues,college student,standard,medium,379.75,casual viewer
CUST_04517,0.811360417,1,no time to watch,college student,standard,high,398.57,binge watcher
CUST_04519,0.788848432,1,too expensive,school student,premium,low,662.86,binge watcher
CUST_04520,0.862387065,1,too expensive,college student,premium,medium,686.91,binge watcher
CUST_04521,0.956613729,1,too expensive,school student,standard,low,345.74,news junkie
CUST_04522,0.811887349,1,too expensive,college student,standard,high,390.1,news junkie
CUST_04523,0.825638622,1,too expensive,working professional,premium,medium,695.73,news junkie
CUST_04524,0.82906672,1,technical issues,college student,basic,medium,234.58,sports enthusiast
CUST_04525,0.90992761,1,too expensive,college student,premium,medium,772.79,news junkie
CUST_04527,0.708826088,1,technical issues,college student,basic,medium,204.43,family viewer
CUST_04528,0.83803579,1,too expensive,retired individual,standard,high,330.61,family viewer
CUST_04529,0.915488853,1,too expensive,college student,premium,medium,697.23,binge watcher
CUST_04530,0.855632896,1,no time to watch,working professional,standard,high,342.06,news junkie
CUST_04531,0.816197124,1,content not interesting,college student,standard,high,474.71,sports enthusiast
CUST_04532,0.785793536,1,none,working professional,premium,low,689.19,sports enthusiast
CUST_04534,0.870375281,1,too expensive,school student,standard,medium,417.08,news junkie
CUST_04535,0.734096281,1,switched to competitor,retired individual,basic,high,173.22,family viewer
CUST_04536,0.729272847,1,technical issues,retired individual,standard,low,447.87,casual viewer
CUST_04537,0.938892816,1,too expensive,college student,premium,high,651.4,casual viewer
CUST_04538,0.758016121,1,too expensive,school student,premium,high,623.14,news junkie
CUST_04539,0.753101335,1,content not interesting,college student,basic,high,162.86,family viewer
CUST_04540,0.845478937,1,technical issues,college student,basic,low,183.58,news junkie
CUST_04541,0.892348099,1,too expensive,retired individual,premium,medium,618.5,sports enthusiast
CUST_04542,0.717122066,1,none,retired individual,basic,high,206.21,family viewer
CUST_04543,0.841642434,1,no time to watch,retired individual,basic,medium,221.88,binge watcher
CUST_04545,0.881897738,1,too expensive,college student,premium,low,610.88,family viewer
CUST_04546,0.867151562,1,too expensive,working professional,premium,high,646.04,news junkie
CUST_04547,0.857968936,1,none,retired individual,standard,low,466.51,news junkie
CUST_04548,0.768742381,1,too expensive,college student,basic,high,206.5,sports enthusiast
CUST_04549,0.79930499,1,none,school student,premium,medium,779.7,casual viewer
CUST_04550,0.757993736,1,too expensive,college student,premium,medium,704.52,casual viewer
CUST_04551,0.762763275,1,switched to competitor,school student,basic,high,230.16,binge watcher
CUST_04552,0.763796937,1,switched to competitor,college student,basic,high,227.95,family viewer
CUST_04553,0.824480112,1,too expensive,school student,premium,high,617.42,family viewer
CUST_04554,0.950225907,1,too expensive,college student,standard,low,389.18,family viewer
CUST_04555,0.761712364,1,switched to competitor,college student,basic,high,205.27,binge watcher
CUST_04556,0.792150318,1,none,college student,premium,high,763.2,news junkie
CUST_04557,0.764289787,1,too expensive,college student,premium,high,697.64,family viewer
CUST_04558,0.775888418,1,switched to competitor,retired individual,standard,high,390.99,binge watcher
CUST_04559,0.906068134,1,no time to watch,school student,standard,low,464.09,binge watcher
CUST_04560,0.825033108,1,too expensive,retired individual,standard,high,384.31,casual viewer
CUST_04561,0.89957967,1,too expensive,retired individual,standard,medium,417.25,news junkie
CUST_04562,0.86490595,1,too expensive,retired individual,premium,low,758.82,binge watcher
CUST_04563,0.886716253,1,too expensive,school student,premium,medium,733.48,news junkie
CUST_04564,0.761579846,1,technical issues,retired individual,basic,low,193.22,news junkie
CUST_04565,0.897344377,1,none,working professional,premium,medium,769.6,binge watcher
CUST_04566,0.883274423,1,too expensive,college student,premium,low,629.22,sports enthusiast
CUST_04567,0.713734372,1,content not interesting,retired individual,basic,high,199.35,binge watcher
CUST_04568,0.849032069,1,too expensive,college student,premium,high,629.94,sports enthusiast
CUST_04569,0.811087255,1,too expensive,college student,standard,high,383.26,sports enthusiast
CUST_04570,0.915392397,1,too expensive,college student,standard,low,325.04,binge watcher
CUST_04571,0.8229315,1,technical issues,college student,standard,low,397.46,binge watcher
CUST_04572,0.785576294,1,too expensive,retired individual,standard,low,410.82,casual viewer
CUST_04573,0.884369269,1,too expensive,working professional,basic,medium,210.83,casual viewer
CUST_04576,0.942983141,1,too expensive,college student,standard,low,471.75,family viewer
CUST_04577,0.889274763,1,too expensive,college student,basic,medium,197.18,family viewer
CUST_04578,0.790923259,1,no time to watch,working professional,basic,low,227.64,sports enthusiast
CUST_04579,0.830284503,1,too expensive,retired individual,standard,medium,363.89,family viewer
CUST_04580,0.858997579,1,too expensive,college student,standard,high,428.37,sports enthusiast
CUST_04581,0.900569449,1,too expensive,college student,premium,high,768.87,sports enthusiast
CUST_04582,0.730463352,1,too expensive,retired individual,basic,high,222.15,sports enthusiast
CUST_04583,0.77623593,1,switched to competitor,working professional,standard,high,462.61,sports enthusiast
CUST_04584,0.768846897,1,none,retired individual,basic,high,238.97,family viewer
CUST_04585,0.899136126,1,too expensive,school student,premium,low,612.28,sports enthusiast
CUST_04586,0.803327635,1,no time to watch,college student,basic,high,170.72,sports enthusiast
CUST_04588,0.76139942,1,content not interesting,college student,basic,high,166.61,sports enthusiast
CUST_04589,0.879348373,1,too expensive,college student,standard,high,363.86,family viewer
CUST_04590,0.886920724,1,too expensive,working professional,basic,high,226.32,binge watcher
CUST_04591,0.705794843,1,switched to competitor,school student,standard,high,403.46,family viewer
CUST_04592,0.800384387,1,switched to competitor,working professional,standard,high,362.32,news junkie
CUST_04595,0.774401,1,too expensive,school student,basic,medium,181.09,casual viewer
CUST_04596,0.807468664,1,none,college student,basic,medium,217.11,casual viewer
CUST_04597,0.740134501,1,too expensive,college student,premium,high,607.48,news junkie
CUST_04598,0.83558692,1,none,retired individual,basic,high,197.54,news junkie
CUST_04600,0.773952738,1,no time to watch,college student,standard,medium,378.15,sports enthusiast
CUST_04603,0.802943973,1,too expensive,college student,standard,high,436.06,binge watcher
CUST_04604,0.81068954,1,too expensive,retired individual,premium,low,783.93,sports enthusiast
CUST_04605,0.793316519,1,technical issues,college student,standard,medium,386.89,family viewer
CUST_04606,0.728584795,1,technical issues,college student,standard,medium,464.05,binge watcher
CUST_04607,0.76046616,1,switched to competitor,college student,standard,high,471.5,casual viewer
CUST_04608,0.740527246,1,too expensive,working professional,premium,high,701.05,binge watcher
CUST_04609,0.87022701,1,too expensive,retired individual,premium,high,720.25,sports enthusiast
CUST_04610,0.812483334,1,too expensive,college student,premium,high,756.41,news junkie
CUST_04611,0.789001848,1,switched to competitor,college student,standard,high,363.49,news junkie
CUST_04612,0.747882143,1,too expensive,retired individual,premium,high,606.15,news junkie
CUST_04613,0.922860556,1,too expensive,working professional,premium,low,755.53,family viewer
CUST_04614,0.712784529,1,switched to competitor,school student,basic,high,251.38,binge watcher
CUST_04615,0.797630025,1,too expensive,college student,premium,high,652.48,family viewer
CUST_04616,0.734675573,1,too expensive,college student,premium,high,771.74,sports enthusiast
CUST_04617,0.717564257,1,none,college student,premium,low,678.38,binge watcher
CUST_04618,0.73171312,1,none,working professional,standard,medium,410.01,binge watcher
CUST_04619,0.811600877,1,too expensive,college student,premium,high,616,casual viewer
CUST_04620,0.874346099,1,none,working professional,standard,medium,411.63,family viewer
CUST_04621,0.793795565,1,no time to watch,school student,basic,medium,207.54,news junkie
CUST_04622,0.934104684,1,too expensive,working professional,premium,medium,684.41,news junkie
CUST_04623,0.723879822,1,none,college student,standard,medium,390.23,news junkie
CUST_04624,0.720317381,1,too expensive,working professional,standard,high,413.52,news junkie
CUST_04625,0.825465207,1,too expensive,working professional,premium,medium,656,family viewer
CUST_04626,0.858376385,1,too expensive,retired individual,premium,medium,792.82,family viewer
CUST_04627,0.734235509,1,switched to competitor,college student,standard,high,436.27,sports enthusiast
CUST_04628,0.752141152,1,none,college student,basic,high,167.27,news junkie
CUST_04630,0.88548452,1,none,retired individual,basic,high,148.37,sports enthusiast
CUST_04632,0.829188005,1,no time to watch,college student,basic,high,205.9,binge watcher
CUST_04633,0.725062153,1,technical issues,retired individual,basic,medium,184.66,casual viewer
CUST_04634,0.885204958,1,too expensive,working professional,basic,high,186.82,casual viewer
CUST_04636,0.932073374,1,too expensive,retired individual,standard,low,352.58,sports enthusiast
CUST_04637,0.815186976,1,no time to watch,working professional,standard,low,332.33,family viewer
CUST_04638,0.707176722,1,none,retired individual,standard,high,385.08,sports enthusiast
CUST_04639,0.933129858,1,too expensive,working professional,basic,low,204.26,news junkie
CUST_04640,0.852404767,1,none,college student,basic,high,201.07,casual viewer
CUST_04641,0.711791147,1,switched to competitor,working professional,standard,high,485.36,binge watcher
CUST_04642,0.760242394,1,content not interesting,college student,basic,high,221.25,binge watcher
CUST_04644,0.763011418,1,too expensive,working professional,basic,medium,219.8,family viewer
CUST_04645,0.826615258,1,no time to watch,school student,standard,low,414.14,news junkie
CUST_04646,0.836165819,1,content not interesting,retired individual,standard,high,443.02,family viewer
CUST_04647,0.8651556,1,too expensive,school student,basic,high,211.92,family viewer
CUST_04650,0.830460821,1,content not interesting,college student,premium,high,596.74,binge watcher
CUST_04652,0.808773357,1,no time to watch,college student,basic,high,234.52,binge watcher
CUST_04654,0.880841737,1,technical issues,college student,standard,medium,414.8,family viewer
CUST_04655,0.734675137,1,none,working professional,basic,high,220.08,news junkie
CUST_04656,0.848382171,1,too expensive,college student,standard,high,333.83,casual viewer
CUST_04657,0.921940742,1,too expensive,retired individual,standard,low,417.91,casual viewer
CUST_04658,0.825252303,1,none,college student,premium,low,749.78,sports enthusiast
CUST_04659,0.879980746,1,too expensive,retired individual,premium,low,660.55,binge watcher
CUST_04660,0.831194243,1,no time to watch,college student,standard,low,350.31,news junkie
CUST_04661,0.862912472,1,none,college student,premium,low,750.07,news junkie
CUST_04662,0.853068794,1,too expensive,college student,basic,low,222.22,sports enthusiast
CUST_04663,0.909563339,1,no time to watch,college student,standard,low,415.77,sports enthusiast
CUST_04664,0.763925037,1,too expensive,working professional,premium,medium,662.18,casual viewer
CUST_04665,0.885549939,1,too expensive,college student,premium,medium,715.43,binge watcher
CUST_04666,0.762069462,1,too expensive,retired individual,standard,high,334.75,sports enthusiast
CUST_04667,0.880965563,1,technical issues,college student,standard,medium,468.01,family viewer
CUST_04668,0.793734323,1,technical issues,college student,standard,medium,389.18,news junkie
CUST_04669,0.893492792,1,too expensive,working professional,premium,medium,717.18,sports enthusiast
CUST_04670,0.860565669,1,none,retired individual,basic,medium,177.21,binge watcher
CUST_04671,0.826497126,1,none,college student,basic,medium,192.33,casual viewer
CUST_04672,0.729323831,1,too expensive,college student,premium,high,672.31,news junkie
CUST_04673,0.856373484,1,content not interesting,college student,standard,high,490.8,news junkie
CUST_04674,0.720612198,1,none,working professional,premium,medium,745.87,news junkie
CUST_04675,0.86475483,1,none,school student,premium,medium,648.08,family viewer
CUST_04677,0.889851884,1,no time to watch,working professional,standard,low,384.46,news junkie
CUST_04678,0.915996978,1,too expensive,college student,premium,low,664.11,news junkie
CUST_04679,0.929419533,1,too expensive,working professional,standard,medium,424.16,family viewer
CUST_04680,0.736196896,1,switched to competitor,college student,basic,high,172.13,casual viewer
CUST_04681,0.909936291,1,too expensive,college student,premium,high,605.12,family viewer
CUST_04682,0.87113771,1,too expensive,retired individual,premium,high,701.42,casual viewer
CUST_04683,0.848387584,1,technical issues,school student,standard,low,417.49,casual viewer
CUST_04684,0.749674535,1,none,college student,premium,high,749.68,binge watcher
CUST_04685,0.852496366,1,technical issues,retired individual,standard,medium,408.58,binge watcher
CUST_04686,0.929256626,1,too expensive,college student,standard,low,403.61,news junkie
CUST_04688,0.943508533,1,too expensive,working professional,premium,low,664.99,casual viewer
CUST_04689,0.745289482,1,too expensive,working professional,basic,high,168.11,binge watcher
CUST_04691,0.84723876,1,too expensive,working professional,basic,high,190.48,news junkie
CUST_04692,0.85451035,1,too expensive,college student,premium,medium,663.58,family viewer
CUST_04694,0.831129984,1,switched to competitor,college student,standard,high,389.08,binge watcher
CUST_04695,0.816044214,1,none,college student,basic,medium,194.53,news junkie
CUST_04696,0.811921863,1,content not interesting,college student,standard,high,410.81,casual viewer
CUST_04697,0.729325205,1,switched to competitor,retired individual,basic,high,188.57,casual viewer
CUST_04699,0.812849523,1,switched to competitor,college student,standard,high,394.71,sports enthusiast
CUST_04700,0.852090397,1,no time to watch,working professional,standard,low,392.79,binge watcher
CUST_04701,0.905291986,1,too expensive,school student,premium,low,673.52,binge watcher
CUST_04702,0.872979874,1,no time to watch,working professional,basic,high,205.05,binge watcher
CUST_04703,0.866050427,1,too expensive,retired individual,standard,medium,356.27,casual viewer
CUST_04704,0.869913771,1,too expensive,college student,standard,high,423.39,binge watcher
CUST_04705,0.738349778,1,none,retired individual,basic,high,174.5,binge watcher
CUST_04706,0.90338423,1,technical issues,college student,basic,low,191.62,casual viewer
CUST_04707,0.775209101,1,none,school student,premium,medium,646.96,binge watcher
CUST_04708,0.896374879,1,too expensive,college student,standard,low,395.21,family viewer
CUST_04709,0.806114955,1,too expensive,retired individual,premium,medium,643.97,casual viewer
CUST_04710,0.810728626,1,switched to competitor,working professional,standard,high,355.05,family viewer
CUST_04711,0.779700109,1,technical issues,college student,basic,medium,194.64,casual viewer
CUST_04713,0.884064012,1,technical issues,retired individual,basic,low,170.02,sports enthusiast
CUST_04715,0.809384698,1,technical issues,working professional,basic,medium,229.42,family viewer
CUST_04716,0.943794314,1,technical issues,working professional,standard,low,343.22,family viewer
CUST_04717,0.933283773,1,too expensive,college student,premium,medium,624.49,news junkie
CUST_04718,0.765557506,1,too expensive,college student,premium,high,703.1,news junkie
CUST_04719,0.887936942,1,too expensive,college student,standard,low,367.21,sports enthusiast
CUST_04720,0.89078562,1,too expensive,college student,basic,high,137.41,binge watcher
CUST_04721,0.804142796,1,technical issues,college student,basic,medium,222.26,casual viewer
CUST_04722,0.825644108,1,no time to watch,retired individual,standard,low,425.99,family viewer
CUST_04724,0.793510896,1,no time to watch,working professional,basic,medium,185.73,sports enthusiast
CUST_04725,0.759864022,1,too expensive,college student,premium,high,622.14,sports enthusiast
CUST_04726,0.878879007,1,too expensive,school student,standard,medium,378.35,binge watcher
CUST_04728,0.9007746,1,too expensive,working professional,standard,medium,427.92,casual viewer
CUST_04729,0.929871722,1,too expensive,working professional,standard,low,369.16,sports enthusiast
CUST_04730,0.922661141,1,too expensive,college student,premium,medium,751.98,casual viewer
CUST_04731,0.921800947,1,technical issues,college student,basic,low,247.66,casual viewer
CUST_04732,0.901895917,1,too expensive,working professional,basic,high,212.31,family viewer
CUST_04733,0.810892771,1,too expensive,working professional,premium,low,639.58,casual viewer
CUST_04734,0.884550762,1,none,retired individual,basic,high,198.14,news junkie
CUST_04735,0.903740458,1,too expensive,college student,premium,medium,699.86,binge watcher
CUST_04736,0.86732388,1,too expensive,working professional,premium,medium,749.47,sports enthusiast
CUST_04737,0.75584389,1,too expensive,working professional,premium,high,773.5,binge watcher
CUST_04738,0.832714646,1,none,college student,premium,high,752.2,news junkie
CUST_04739,0.810685516,1,too expensive,school student,premium,low,671.52,binge watcher
CUST_04740,0.892764985,1,too expensive,working professional,premium,medium,750.77,sports enthusiast
CUST_04741,0.750538744,1,technical issues,college student,standard,low,383.41,family viewer
CUST_04742,0.848893435,1,too expensive,college student,premium,medium,783.23,sports enthusiast
CUST_04743,0.746448671,1,technical issues,working professional,standard,medium,432.79,casual viewer
CUST_04744,0.877235211,1,too expensive,retired individual,premium,high,707.59,sports enthusiast
CUST_04745,0.835707821,1,none,working professional,basic,high,154.4,binge watcher
CUST_04746,0.861834022,1,technical issues,college student,standard,medium,375.25,casual viewer
CUST_04747,0.846239156,1,too expensive,retired individual,premium,low,761.99,news junkie
CUST_04748,0.745382746,1,technical issues,college student,basic,medium,219.79,news junkie
CUST_04749,0.860134921,1,too expensive,college student,premium,medium,609.68,binge watcher
CUST_04750,0.773904631,1,none,school student,basic,high,186.96,family viewer
CUST_04751,0.75110189,1,too expensive,college student,premium,medium,758.33,sports enthusiast
CUST_04752,0.84316987,1,too expensive,working professional,premium,medium,767.58,sports enthusiast
CUST_04753,0.822316399,1,content not interesting,retired individual,basic,high,225.15,binge watcher
CUST_04756,0.850489669,1,technical issues,school student,premium,low,599.48,sports enthusiast
CUST_04757,0.812594522,1,too expensive,college student,standard,high,379.48,casual viewer
CUST_04758,0.708701757,1,too expensive,college student,premium,high,759.28,family viewer
CUST_04759,0.721015748,1,no time to watch,working professional,standard,medium,418.78,family viewer
CUST_04763,0.78393177,1,too expensive,working professional,premium,high,718.83,sports enthusiast
CUST_04764,0.868422825,1,too expensive,school student,premium,low,621.11,casual viewer
CUST_04765,0.888825774,1,too expensive,college student,standard,high,362.35,casual viewer
CUST_04767,0.762627714,1,too expensive,retired individual,premium,high,620.49,sports enthusiast
CUST_04768,0.806806507,1,too expensive,working professional,premium,medium,652.59,casual viewer
CUST_04770,0.902434683,1,too expensive,retired individual,standard,high,379.09,casual viewer
CUST_04771,0.873375337,1,technical issues,retired individual,basic,low,184.98,news junkie
CUST_04772,0.82585093,1,content not interesting,college student,basic,high,174.01,family viewer
CUST_04773,0.896571025,1,too expensive,retired individual,premium,high,704.62,news junkie
CUST_04774,0.881313745,1,too expensive,college student,basic,low,207.51,sports enthusiast
CUST_04775,0.73506597,1,no time to watch,college student,basic,high,191.13,family viewer
CUST_04776,0.806311002,1,too expensive,college student,standard,high,355.25,news junkie
CUST_04777,0.802996382,1,technical issues,retired individual,basic,low,143.59,casual viewer
CUST_04778,0.874184309,1,content not interesting,retired individual,standard,high,393.68,casual viewer
CUST_04779,0.848723884,1,none,working professional,basic,high,147.74,family viewer
CUST_04780,0.844217423,1,no time to watch,working professional,standard,low,451.89,family viewer
CUST_04782,0.842041138,1,too expensive,retired individual,standard,high,334.32,news junkie
CUST_04783,0.712550389,1,too expensive,college student,basic,high,217.26,family viewer
CUST_04785,0.789803904,1,none,retired individual,basic,high,179.01,sports enthusiast
CUST_04786,0.757517651,1,technical issues,working professional,standard,low,432.01,binge watcher
CUST_04787,0.731004783,1,content not interesting,school student,basic,high,212.83,binge watcher
CUST_04788,0.915573562,1,too expensive,school student,premium,medium,621.16,casual viewer
CUST_04789,0.845309482,1,too expensive,retired individual,premium,high,805.54,binge watcher
CUST_04790,0.760425014,1,too expensive,working professional,standard,high,418.84,binge watcher
CUST_04791,0.803091822,1,no time to watch,college student,standard,high,424.99,sports enthusiast
CUST_04792,0.737683696,1,switched to competitor,working professional,basic,high,176.94,sports enthusiast
CUST_04795,0.742927519,1,none,college student,basic,medium,244.89,binge watcher
CUST_04796,0.879628184,1,too expensive,college student,premium,high,600.65,sports enthusiast
CUST_04799,0.846454487,1,content not interesting,college student,basic,high,197.85,news junkie
CUST_04800,0.784999905,1,no time to watch,retired individual,standard,high,393.32,news junkie
CUST_04802,0.926142829,1,too expensive,working professional,basic,low,231.61,casual viewer
CUST_04803,0.837577664,1,too expensive,college student,premium,medium,680.69,casual viewer
CUST_04805,0.701996508,1,none,working professional,basic,high,190.5,news junkie
CUST_04806,0.788446521,1,too expensive,working professional,premium,high,658.39,sports enthusiast
CUST_04807,0.811259005,1,technical issues,school student,basic,low,203.94,family viewer
CUST_04809,0.738038673,1,none,school student,standard,medium,459.07,binge watcher
CUST_04810,0.890798155,1,none,working professional,standard,medium,375.11,news junkie
CUST_04811,0.8169736,1,none,working professional,basic,high,189.69,sports enthusiast
CUST_04812,0.912778822,1,none,college student,premium,high,624.28,sports enthusiast
CUST_04813,0.913430405,1,too expensive,retired individual,premium,low,613.24,family viewer
CUST_04815,0.834624499,1,content not interesting,retired individual,basic,high,167.9,casual viewer
CUST_04816,0.709105718,1,too expensive,working professional,premium,high,687.87,binge watcher
CUST_04817,0.811110339,1,technical issues,college student,basic,medium,233.2,binge watcher
CUST_04818,0.918862145,1,too expensive,school student,standard,low,342.75,news junkie
CUST_04819,0.749743513,1,switched to competitor,college student,standard,high,367.24,family viewer
CUST_04820,0.850342359,1,technical issues,retired individual,basic,medium,211.33,binge watcher
CUST_04823,0.859702058,1,too expensive,college student,basic,low,211.41,binge watcher
CUST_04825,0.87025683,1,technical issues,retired individual,basic,low,200.25,sports enthusiast
CUST_04826,0.920455027,1,too expensive,college student,standard,high,373.19,binge watcher
CUST_04827,0.896768637,1,too expensive,college student,premium,medium,706.5,casual viewer
CUST_04828,0.850793693,1,none,working professional,standard,high,425.85,news junkie
CUST_04829,0.81256952,1,technical issues,college student,standard,low,472.11,sports enthusiast
CUST_04830,0.809624292,1,none,college student,premium,high,658.34,binge watcher
CUST_04831,0.799897491,1,none,retired individual,standard,high,444.35,sports enthusiast
CUST_04832,0.897666434,1,too expensive,working professional,premium,low,679.43,casual viewer
CUST_04834,0.801091215,1,too expensive,college student,premium,high,757.02,sports enthusiast
CUST_04835,0.859445478,1,none,college student,basic,low,193.57,sports enthusiast
CUST_04836,0.759445427,1,no time to watch,working professional,basic,high,189.74,casual viewer
CUST_04837,0.805496136,1,none,college student,premium,medium,632.82,sports enthusiast
CUST_04839,0.839779497,1,no time to watch,working professional,standard,medium,464.93,binge watcher
CUST_04840,0.745352048,1,switched to competitor,college student,standard,high,390.13,sports enthusiast
CUST_04841,0.749393045,1,switched to competitor,retired individual,standard,high,435.31,family viewer
CUST_04842,0.856341543,1,technical issues,college student,basic,medium,191.05,sports enthusiast
CUST_04843,0.75945266,1,too expensive,retired individual,premium,medium,758.83,casual viewer
CUST_04844,0.818658493,1,too expensive,working professional,premium,medium,777.21,casual viewer
CUST_04845,0.838029209,1,no time to watch,college student,standard,high,356.35,casual viewer
CUST_04846,0.938810342,1,too expensive,school student,basic,high,210.63,family viewer
CUST_04847,0.807236873,1,too expensive,college student,premium,high,703.8,casual viewer
CUST_04848,0.800046575,1,technical issues,school student,standard,medium,382.22,casual viewer
CUST_04850,0.937838775,1,too expensive,college student,basic,low,172.89,news junkie
CUST_04851,0.724243202,1,technical issues,college student,basic,low,159.67,casual viewer
CUST_04852,0.879898868,1,too expensive,college student,premium,high,756.66,news junkie
CUST_04853,0.91196027,1,too expensive,college student,premium,high,747.45,casual viewer
CUST_04854,0.899693442,1,too expensive,college student,premium,medium,664.62,casual viewer
CUST_04855,0.882882458,1,too expensive,college student,premium,medium,701.82,casual viewer
CUST_04856,0.767396426,1,too expensive,college student,standard,high,390.2,sports enthusiast
CUST_04857,0.800832444,1,too expensive,college student,premium,medium,634.7,sports enthusiast
CUST_04858,0.777861303,1,technical issues,retired individual,basic,medium,200.53,sports enthusiast
CUST_04859,0.714271631,1,technical issues,college student,standard,medium,448.56,news junkie
CUST_04860,0.781770059,1,none,college student,premium,high,691.41,family viewer
CUST_04861,0.891967975,1,too expensive,school student,basic,low,166.25,news junkie
CUST_04862,0.714065066,1,no time to watch,college student,basic,high,176.64,binge watcher
CUST_04863,0.922251796,1,technical issues,college student,standard,low,441.12,casual viewer
CUST_04864,0.759343833,1,switched to competitor,school student,standard,high,413.09,news junkie
CUST_04865,0.893392199,1,none,school student,basic,high,222.12,sports enthusiast
CUST_04866,0.89805766,1,no time to watch,working professional,standard,low,413.21,sports enthusiast
CUST_04867,0.849983948,1,too expensive,working professional,standard,high,347.55,news junkie
CUST_04868,0.806341952,1,too expensive,college student,basic,high,135.44,news junkie
CUST_04869,0.894409292,1,too expensive,college student,premium,medium,768.55,sports enthusiast
CUST_04870,0.812619522,1,too expensive,retired individual,premium,low,724.92,sports enthusiast
CUST_04872,0.854986333,1,too expensive,retired individual,standard,low,443.55,news junkie
CUST_04873,0.774626074,1,technical issues,school student,standard,medium,379.93,news junkie
CUST_04874,0.879035071,1,too expensive,college student,premium,medium,651.09,family viewer
CUST_04876,0.905255011,1,too expensive,working professional,basic,medium,211.41,sports enthusiast
CUST_04877,0.937642715,1,too expensive,working professional,basic,medium,172.27,family viewer
CUST_04878,0.864709045,1,none,retired individual,premium,low,657.44,casual viewer
CUST_04879,0.826176824,1,technical issues,working professional,basic,medium,201.07,news junkie
CUST_04880,0.716805811,1,no time to watch,working professional,standard,high,380.31,family viewer
CUST_04881,0.828154381,1,too expensive,working professional,standard,medium,353.39,binge watcher
CUST_04882,0.871484823,1,too expensive,school student,premium,medium,816.02,sports enthusiast
CUST_04883,0.758272588,1,none,school student,standard,high,377.34,sports enthusiast
CUST_04884,0.713446716,1,too expensive,retired individual,standard,medium,380.63,binge watcher
CUST_04885,0.741221829,1,too expensive,college student,premium,high,735.35,family viewer
CUST_04887,0.831540901,1,no time to watch,working professional,standard,low,472.97,news junkie
CUST_04888,0.863162805,1,too expensive,college student,standard,medium,463.95,family viewer
CUST_04889,0.832909016,1,too expensive,college student,premium,medium,672.46,news junkie
CUST_04891,0.941105844,1,too expensive,working professional,standard,medium,472.27,casual viewer
CUST_04893,0.858094151,1,too expensive,working professional,basic,medium,154.14,casual viewer
CUST_04894,0.811772703,1,none,retired individual,premium,high,711.69,sports enthusiast
CUST_04895,0.803769577,1,none,college student,basic,medium,201.3,casual viewer
CUST_04896,0.869995034,1,too expensive,college student,basic,medium,255.75,casual viewer
CUST_04897,0.900704236,1,none,working professional,basic,medium,200.02,sports enthusiast
CUST_04899,0.761955577,1,switched to competitor,retired individual,standard,high,417.02,casual viewer
CUST_04901,0.89893208,1,no time to watch,retired individual,standard,high,352.78,sports enthusiast
CUST_04902,0.850024402,1,too expensive,college student,standard,high,410.05,family viewer
CUST_04904,0.792897881,1,technical issues,college student,standard,medium,421.82,casual viewer
CUST_04905,0.869649529,1,content not interesting,working professional,standard,high,327.36,binge watcher
CUST_04906,0.865916102,1,too expensive,college student,premium,medium,615.38,binge watcher
CUST_04907,0.801022551,1,none,college student,standard,medium,409.28,casual viewer
CUST_04908,0.722089803,1,technical issues,retired individual,standard,low,430.16,casual viewer
CUST_04910,0.708200249,1,none,school student,basic,high,172.82,news junkie
CUST_04911,0.825190014,1,no time to watch,working professional,standard,high,368.18,binge watcher
CUST_04912,0.75389498,1,none,college student,standard,medium,410.58,binge watcher
CUST_04913,0.835648522,1,too expensive,working professional,premium,low,684.96,sports enthusiast
CUST_04914,0.763688168,1,too expensive,college student,premium,high,695.7,casual viewer
CUST_04916,0.893594082,1,too expensive,college student,premium,low,620.79,family viewer
CUST_04918,0.83148208,1,too expensive,college student,premium,low,694.91,family viewer
CUST_04919,0.779262552,1,technical issues,college student,basic,medium,169.69,news junkie
CUST_04920,0.876813399,1,technical issues,college student,basic,medium,155.09,sports enthusiast
CUST_04921,0.89328986,1,too expensive,retired individual,premium,low,768.84,news junkie
CUST_04922,0.86148247,1,too expensive,college student,premium,high,624.05,casual viewer
CUST_04923,0.920175935,1,technical issues,college student,standard,low,399.93,casual viewer
CUST_04924,0.803872945,1,no time to watch,working professional,basic,high,227.84,family viewer
CUST_04925,0.889769935,1,too expensive,retired individual,premium,medium,700.25,casual viewer
CUST_04926,0.833200822,1,technical issues,college student,standard,low,404.77,news junkie
CUST_04927,0.827632457,1,too expensive,college student,premium,medium,775.46,casual viewer
CUST_04929,0.811367374,1,content not interesting,retired individual,basic,high,186.74,family viewer
CUST_04930,0.934819279,1,too expensive,retired individual,premium,low,644.77,casual viewer
CUST_04931,0.717880275,1,switched to competitor,school student,standard,high,380.17,family viewer
CUST_04932,0.799148908,1,technical issues,working professional,standard,medium,343.28,family viewer
CUST_04934,0.859851124,1,too expensive,retired individual,standard,medium,321.5,binge watcher
CUST_04936,0.777125671,1,too expensive,college student,premium,low,792.34,news junkie
CUST_04937,0.880220064,1,too expensive,school student,premium,medium,715.38,casual viewer
CUST_04939,0.84432708,1,too expensive,college student,premium,low,773.2,casual viewer
CUST_04941,0.911632562,1,too expensive,college student,premium,medium,706.21,sports enthusiast
CUST_04942,0.747506244,1,none,school student,standard,high,448.49,sports enthusiast
CUST_04945,0.879084456,1,too expensive,working professional,premium,high,601.36,family viewer
CUST_04946,0.789087188,1,none,working professional,premium,high,625.95,casual viewer
CUST_04947,0.821154248,1,technical issues,working professional,basic,medium,229.86,news junkie
CUST_04948,0.71789258,1,too expensive,college student,premium,high,805.79,sports enthusiast
CUST_04949,0.835984091,1,too expensive,working professional,basic,high,217.92,binge watcher
CUST_04950,0.835423334,1,too expensive,college student,standard,medium,416.8,news junkie
CUST_04952,0.752993157,1,too expensive,college student,premium,low,738.98,binge watcher
CUST_04953,0.879114664,1,switched to competitor,working professional,standard,high,439.46,casual viewer
CUST_04954,0.777663538,1,technical issues,working professional,standard,medium,438.83,casual viewer
CUST_04955,0.827778538,1,no time to watch,working professional,standard,medium,367.38,casual viewer
CUST_04957,0.828943272,1,none,college student,standard,high,410.7,binge watcher
CUST_04958,0.743582665,1,too expensive,retired individual,premium,high,751.85,news junkie
CUST_04959,0.828593305,1,technical issues,college student,standard,low,342.48,news junkie
CUST_04960,0.880296461,1,none,working professional,premium,high,793.86,family viewer
CUST_04962,0.759063131,1,switched to competitor,college student,standard,high,441.25,sports enthusiast
CUST_04963,0.791942438,1,too expensive,retired individual,standard,high,406.31,binge watcher
CUST_04964,0.751206364,1,none,retired individual,standard,high,444.15,binge watcher
CUST_04965,0.878044832,1,none,working professional,standard,high,445.96,casual viewer
CUST_04966,0.805009611,1,technical issues,retired individual,basic,low,197.71,sports enthusiast
CUST_04967,0.750350597,1,switched to competitor,college student,standard,high,334.43,news junkie
CUST_04968,0.91636393,1,none,working professional,basic,medium,189.47,sports enthusiast
CUST_04969,0.805866296,1,switched to competitor,working professional,basic,high,206.15,casual viewer
CUST_04972,0.754808303,1,technical issues,college student,standard,medium,456,casual viewer
CUST_04973,0.868040417,1,too expensive,working professional,premium,high,711.6,binge watcher
CUST_04974,0.824873109,1,none,retired individual,standard,high,400.56,casual viewer
CUST_04975,0.865847558,1,too expensive,college student,premium,medium,649.18,binge watcher
CUST_04977,0.848616755,1,too expensive,working professional,premium,high,747.67,sports enthusiast
CUST_04978,0.762880131,1,too expensive,retired individual,premium,high,687.58,casual viewer
CUST_04980,0.825309498,1,too expensive,working professional,premium,high,633.5,family viewer
CUST_04981,0.78327258,1,technical issues,college student,basic,medium,189.36,news junkie
CUST_04982,0.7083619,1,none,retired individual,basic,medium,211.74,binge watcher
CUST_04983,0.897136525,1,too expensive,retired individual,basic,low,231.38,casual viewer
CUST_04984,0.708855408,1,too expensive,working professional,premium,medium,690.12,binge watcher
CUST_04985,0.857451295,1,too expensive,retired individual,premium,high,644,family viewer
CUST_04986,0.887048902,1,too expensive,college student,basic,high,226.24,news junkie
CUST_04987,0.863797354,1,too expensive,retired individual,standard,low,457.31,sports enthusiast
CUST_04988,0.876816163,1,too expensive,college student,standard,high,374.55,sports enthusiast
CUST_04989,0.791388165,1,none,school student,basic,high,192.67,sports enthusiast
CUST_04990,0.952648602,1,too expensive,working professional,premium,medium,757.47,sports enthusiast
CUST_04991,0.9219139,1,too expensive,college student,standard,high,428.56,news junkie
CUST_04992,0.930318472,1,too expensive,working professional,basic,low,219.73,sports enthusiast
CUST_04993,0.861061233,1,no time to watch,working professional,standard,low,376.26,casual viewer
CUST_04994,0.772145134,1,too expensive,retired individual,standard,high,475.74,casual viewer
CUST_04995,0.802641525,1,switched to competitor,college student,basic,high,194.14,casual viewer
CUST_04996,0.73768129,1,none,college student,basic,medium,248.81,news junkie
CUST_04997,0.835723822,1,no time to watch,retired individual,basic,high,164.17,casual viewer
CUST_04998,0.793916911,1,switched to competitor,working professional,basic,high,202.41,binge watcher
CUST_04999,0.949813289,1,too expensive,retired individual,basic,low,236.94,binge watcher
CUST_05000,0.847258388,1,technical issues,college student,standard,low,352.41,sports enthusiast
CUST_05001,0.878389737,1,too expensive,working professional,premium,medium,778.87,binge watcher
CUST_05003,0.849836246,1,none,working professional,premium,low,658.61,family viewer
CUST_05004,0.879591993,1,too expensive,working professional,premium,high,791.37,casual viewer
CUST_05006,0.739451234,1,none,college student,premium,low,606.55,binge watcher
CUST_05007,0.702396972,1,too expensive,college student,premium,high,751.74,casual viewer
CUST_05008,0.89427658,1,none,working professional,standard,medium,366.79,binge watcher
CUST_05010,0.734692078,1,switched to competitor,retired individual,standard,high,470.16,news junkie
CUST_05011,0.750716251,1,content not interesting,college student,standard,high,379.47,family viewer
CUST_05012,0.785768152,1,none,school student,basic,medium,214.45,casual viewer
CUST_05013,0.753210093,1,none,retired individual,premium,low,687.55,news junkie
CUST_05014,0.871948492,1,too expensive,retired individual,standard,low,345.64,casual viewer
CUST_05015,0.868711343,1,too expensive,retired individual,basic,high,197.98,casual viewer
CUST_05016,0.862564717,1,content not interesting,college student,standard,high,391.79,sports enthusiast
CUST_05020,0.786949787,1,too expensive,working professional,basic,high,195.19,sports enthusiast
CUST_05021,0.794000453,1,switched to competitor,school student,standard,high,399.78,family viewer
CUST_05022,0.846801764,1,technical issues,college student,standard,low,441.96,sports enthusiast
CUST_05023,0.753243099,1,too expensive,college student,basic,high,187.46,family viewer
CUST_05024,0.767184189,1,too expensive,retired individual,premium,high,778.03,casual viewer
CUST_05025,0.824226686,1,none,college student,premium,high,720.69,binge watcher
CUST_05027,0.750904035,1,technical issues,retired individual,standard,low,395.34,news junkie
CUST_05028,0.801576042,1,too expensive,working professional,basic,medium,221.06,sports enthusiast
CUST_05029,0.840627882,1,too expensive,school student,standard,low,413.5,family viewer
CUST_05030,0.893677574,1,too expensive,working professional,standard,low,463.17,family viewer
CUST_05031,0.817711299,1,none,working professional,premium,high,785.14,casual viewer
CUST_05032,0.718824033,1,technical issues,school student,standard,medium,386.65,family viewer
CUST_05034,0.79389188,1,technical issues,college student,standard,medium,436.96,family viewer
CUST_05035,0.796939966,1,none,working professional,basic,low,161.38,sports enthusiast
CUST_05036,0.760631472,1,too expensive,retired individual,premium,high,614.6,sports enthusiast
CUST_05037,0.779215892,1,too expensive,retired individual,premium,medium,631.49,casual viewer
CUST_05038,0.755859287,1,none,college student,basic,high,197.96,casual viewer
CUST_05039,0.855625556,1,too expensive,college student,premium,medium,613.77,family viewer
CUST_05040,0.85432052,1,too expensive,college student,basic,high,212.47,news junkie
CUST_05041,0.737500703,1,too expensive,college student,premium,high,626.39,news junkie
CUST_05042,0.733792533,1,technical issues,college student,basic,medium,238.68,family viewer
CUST_05043,0.773917717,1,no time to watch,working professional,standard,high,383.38,casual viewer
CUST_05044,0.888230161,1,too expensive,retired individual,premium,low,642.6,news junkie
CUST_05046,0.788230046,1,too expensive,retired individual,basic,high,214.69,sports enthusiast
CUST_05047,0.828255229,1,content not interesting,college student,standard,high,410.27,binge watcher
CUST_05048,0.916418905,1,too expensive,working professional,premium,medium,782.73,binge watcher
CUST_05050,0.841959044,1,technical issues,college student,basic,medium,212.95,binge watcher
CUST_05051,0.892039341,1,too expensive,college student,premium,low,715.25,binge watcher
CUST_05052,0.823235052,1,too expensive,working professional,premium,medium,604.82,sports enthusiast
CUST_05053,0.751908732,1,too expensive,college student,premium,high,699.13,binge watcher
CUST_05055,0.804201388,1,too expensive,working professional,premium,low,635.22,family viewer
CUST_05056,0.844031303,1,none,school student,standard,high,414.03,family viewer
CUST_05057,0.896302722,1,too expensive,retired individual,premium,low,641.64,family viewer
CUST_05058,0.815036024,1,technical issues,college student,basic,medium,169.33,casual viewer
CUST_05060,0.762199225,1,none,college student,premium,high,691.44,casual viewer
CUST_05061,0.917819664,1,none,school student,standard,low,335.04,binge watcher
CUST_05062,0.778755095,1,too expensive,college student,premium,medium,750.81,sports enthusiast
CUST_05063,0.879568411,1,too expensive,college student,premium,medium,803.02,casual viewer
CUST_05064,0.775757143,1,content not interesting,college student,standard,high,385,casual viewer
CUST_05065,0.79882364,1,none,college student,premium,high,766.09,family viewer
CUST_05066,0.741829728,1,switched to competitor,college student,standard,high,419.58,news junkie
CUST_05067,0.904421106,1,too expensive,school student,standard,medium,340,news junkie
CUST_05068,0.87899483,1,too expensive,retired individual,premium,medium,756.82,sports enthusiast
CUST_05069,0.818482709,1,no time to watch,school student,standard,medium,418.16,family viewer
CUST_05071,0.923409868,1,too expensive,college student,basic,low,215.62,sports enthusiast
CUST_05073,0.883081685,1,too expensive,retired individual,standard,low,449.03,news junkie
CUST_05074,0.815974453,1,no time to watch,college student,standard,low,442.24,family viewer
CUST_05075,0.837058308,1,technical issues,school student,basic,low,217.8,binge watcher
CUST_05076,0.789300733,1,technical issues,school student,standard,low,400.19,news junkie
CUST_05077,0.851573176,1,too expensive,college student,basic,high,170.79,news junkie
CUST_05078,0.724101596,1,switched to competitor,college student,standard,high,365.8,news junkie
CUST_05079,0.845408418,1,none,retired individual,basic,high,228.04,sports enthusiast
CUST_05080,0.872796809,1,too expensive,working professional,standard,low,353,binge watcher
CUST_05081,0.788337164,1,none,college student,standard,medium,341.3,binge watcher
CUST_05082,0.700788426,1,none,retired individual,standard,high,444.39,binge watcher
CUST_05083,0.79454627,1,too expensive,college student,premium,medium,693.37,sports enthusiast
CUST_05084,0.879167634,1,none,working professional,premium,medium,791.01,news junkie
CUST_05086,0.818565939,1,content not interesting,college student,standard,high,408.75,family viewer
CUST_05087,0.825620651,1,too expensive,college student,basic,high,237.37,news junkie
CUST_05089,0.767334202,1,technical issues,working professional,basic,medium,211.25,family viewer
CUST_05090,0.878141283,1,too expensive,school student,premium,high,771.84,casual viewer
CUST_05091,0.75383259,1,content not interesting,college student,standard,high,360.99,family viewer
CUST_05093,0.793824023,1,too expensive,college student,premium,high,625.48,binge watcher
CUST_05094,0.708651126,1,switched to competitor,college student,standard,high,438.97,news junkie
CUST_05096,0.718531877,1,too expensive,college student,premium,high,702.14,sports enthusiast
CUST_05097,0.79626653,1,switched to competitor,working professional,standard,high,407.58,family viewer
CUST_05098,0.740317725,1,too expensive,college student,basic,high,201.46,sports enthusiast
CUST_05099,0.895102114,1,too expensive,college student,premium,low,749.51,sports enthusiast
CUST_05100,0.890657712,1,none,college student,standard,medium,356.75,binge watcher
CUST_05101,0.720437797,1,switched to competitor,retired individual,standard,high,409.4,news junkie
CUST_05102,0.848383426,1,technical issues,college student,standard,medium,432.09,binge watcher
CUST_05105,0.745286222,1,too expensive,retired individual,premium,high,631.92,family viewer
CUST_05106,0.806068521,1,too expensive,working professional,basic,high,226.82,sports enthusiast
CUST_05108,0.845482947,1,technical issues,school student,standard,low,342.12,binge watcher
CUST_05110,0.85731882,1,technical issues,working professional,standard,medium,399.23,news junkie
CUST_05111,0.895771441,1,no time to watch,working professional,basic,low,213.05,casual viewer
CUST_05112,0.799104996,1,technical issues,college student,standard,low,338.06,sports enthusiast
CUST_05113,0.860323025,1,technical issues,college student,standard,low,360.45,sports enthusiast
CUST_05114,0.82847081,1,switched to competitor,school student,standard,high,438.37,casual viewer
CUST_05115,0.778180473,1,no time to watch,college student,basic,high,169.4,family viewer
CUST_05117,0.733021034,1,none,college student,basic,high,152.14,binge watcher
CUST_05118,0.852140001,1,none,working professional,standard,high,405.13,family viewer
CUST_05119,0.749183644,1,content not interesting,working professional,basic,high,214.22,family viewer
CUST_05120,0.844361156,1,too expensive,retired individual,basic,low,234.81,family viewer
CUST_05121,0.912207683,1,too expensive,working professional,basic,high,181.84,sports enthusiast
CUST_05122,0.776731406,1,too expensive,college student,premium,high,778.77,binge watcher
CUST_05123,0.767347115,1,switched to competitor,school student,standard,high,385.93,casual viewer
CUST_05126,0.810397998,1,too expensive,retired individual,standard,medium,351.79,binge watcher
CUST_05127,0.889566431,1,too expensive,working professional,standard,high,374.99,sports enthusiast
CUST_05128,0.827940595,1,too expensive,retired individual,standard,medium,390.48,family viewer
CUST_05129,0.742131136,1,none,college student,standard,high,372.41,casual viewer
CUST_05130,0.731667278,1,no time to watch,retired individual,standard,high,373,sports enthusiast
CUST_05131,0.722725122,1,none,college student,standard,high,420.71,family viewer
CUST_05132,0.809202493,1,too expensive,college student,standard,high,342.66,news junkie
CUST_05133,0.808400703,1,too expensive,college student,premium,medium,715.71,casual viewer
CUST_05134,0.779495716,1,too expensive,retired individual,premium,high,706.33,binge watcher
CUST_05135,0.790854088,1,technical issues,college student,standard,medium,389.74,family viewer
CUST_05136,0.917150464,1,no time to watch,working professional,standard,high,396.37,casual viewer
CUST_05137,0.807816248,1,too expensive,retired individual,premium,low,787.1,family viewer
CUST_05138,0.782588912,1,no time to watch,school student,standard,medium,420.03,casual viewer
CUST_05139,0.705957676,1,switched to competitor,working professional,basic,high,187.42,binge watcher
CUST_05140,0.755528346,1,none,working professional,standard,high,345.65,binge watcher
CUST_05142,0.842274072,1,no time to watch,working professional,basic,high,145.36,news junkie
CUST_05143,0.914155518,1,too expensive,school student,premium,medium,742.45,casual viewer
CUST_05145,0.839542558,1,too expensive,college student,standard,high,466.96,sports enthusiast
CUST_05146,0.83230098,1,none,college student,standard,medium,442.75,family viewer
CUST_05147,0.849113808,1,no time to watch,working professional,standard,low,436.35,family viewer
CUST_05148,0.786367019,1,none,college student,basic,high,231.01,news junkie
CUST_05149,0.86574828,1,none,retired individual,standard,high,387.32,casual viewer
CUST_05151,0.805594168,1,too expensive,college student,standard,high,346.52,binge watcher
CUST_05153,0.72758018,1,technical issues,college student,basic,medium,252.01,sports enthusiast
CUST_05154,0.825191665,1,too expensive,college student,premium,high,658.41,family viewer
CUST_05155,0.880414061,1,too expensive,college student,basic,high,216.77,sports enthusiast
CUST_05156,0.871417273,1,too expensive,college student,basic,medium,189.76,sports enthusiast
CUST_05157,0.769919871,1,none,retired individual,premium,medium,632.83,sports enthusiast
CUST_05158,0.713798244,1,too expensive,college student,premium,high,686.11,news junkie
CUST_05159,0.737607568,1,switched to competitor,retired individual,standard,high,357.59,binge watcher
CUST_05162,0.896232582,1,too expensive,working professional,premium,medium,720.27,news junkie
CUST_05163,0.721407008,1,technical issues,college student,basic,medium,195.7,family viewer
CUST_05164,0.757226156,1,none,college student,premium,medium,779.56,binge watcher
CUST_05166,0.77492424,1,too expensive,retired individual,premium,medium,677.92,family viewer
CUST_05167,0.813680753,1,none,college student,basic,high,213,casual viewer
CUST_05168,0.871592646,1,technical issues,retired individual,standard,medium,378.6,casual viewer
CUST_05170,0.783080133,1,no time to watch,working professional,standard,high,378.08,news junkie
CUST_05172,0.815780046,1,technical issues,college student,standard,medium,345.89,binge watcher
CUST_05173,0.898101701,1,too expensive,retired individual,premium,medium,619.57,binge watcher
CUST_05174,0.914508551,1,no time to watch,college student,basic,low,188.32,casual viewer
CUST_05175,0.842671836,1,too expensive,school student,premium,high,709.83,news junkie
CUST_05176,0.881333519,1,too expensive,college student,basic,medium,186.19,casual viewer
CUST_05177,0.91009974,1,too expensive,retired individual,premium,medium,774.66,binge watcher
CUST_05178,0.890699047,1,too expensive,college student,premium,high,644.92,news junkie
CUST_05179,0.925429406,1,no time to watch,retired individual,standard,medium,431.83,sports enthusiast
CUST_05180,0.808650813,1,technical issues,college student,basic,low,221.37,sports enthusiast
CUST_05181,0.802801458,1,too expensive,retired individual,premium,medium,638.74,news junkie
CUST_05182,0.88136242,1,technical issues,college student,basic,medium,168.66,news junkie
CUST_05183,0.755041527,1,none,college student,standard,high,416.69,news junkie
CUST_05184,0.870853195,1,too expensive,college student,standard,high,448.89,news junkie
CUST_05185,0.785925327,1,none,college student,basic,high,208.06,binge watcher
CUST_05186,0.798537149,1,switched to competitor,retired individual,standard,high,440.98,news junkie
CUST_05187,0.888462364,1,no time to watch,working professional,basic,low,202.84,casual viewer
CUST_05188,0.72623542,1,none,retired individual,standard,low,443.24,binge watcher
CUST_05189,0.822119146,1,technical issues,school student,standard,medium,420.12,family viewer
CUST_05191,0.798881233,1,content not interesting,school student,standard,high,343.79,sports enthusiast
CUST_05192,0.908894051,1,too expensive,retired individual,premium,medium,685.2,sports enthusiast
CUST_05193,0.84631938,1,none,working professional,basic,low,176.19,family viewer
CUST_05194,0.886607967,1,too expensive,working professional,premium,high,633.29,news junkie
CUST_05195,0.761673276,1,too expensive,college student,standard,medium,419.9,news junkie
CUST_05198,0.850794872,1,too expensive,retired individual,standard,medium,353.36,sports enthusiast
CUST_05201,0.808578558,1,too expensive,college student,premium,high,677.51,casual viewer
CUST_05202,0.917104343,1,technical issues,school student,standard,medium,369.35,news junkie
CUST_05203,0.834171901,1,too expensive,retired individual,premium,high,626.33,sports enthusiast
CUST_05204,0.819127579,1,technical issues,school student,basic,medium,222.44,news junkie
CUST_05205,0.864798611,1,no time to watch,college student,standard,low,416.21,sports enthusiast
CUST_05206,0.794842387,1,switched to competitor,retired individual,basic,high,231.43,news junkie
CUST_05207,0.895667974,1,too expensive,college student,standard,high,432.09,family viewer
CUST_05208,0.837978163,1,technical issues,retired individual,basic,low,235.31,casual viewer
CUST_05209,0.81913106,1,too expensive,retired individual,premium,high,667.92,binge watcher
CUST_05211,0.83144609,1,no time to watch,working professional,basic,high,224.68,casual viewer
CUST_05212,0.874696736,1,too expensive,retired individual,premium,high,743.77,sports enthusiast
CUST_05214,0.855886728,1,technical issues,working professional,basic,medium,209.45,binge watcher
CUST_05215,0.848005148,1,none,retired individual,premium,high,690.47,sports enthusiast
CUST_05216,0.869884883,1,too expensive,college student,basic,high,206.6,news junkie
CUST_05217,0.931510832,1,too expensive,college student,basic,low,195.41,casual viewer
CUST_05218,0.836266322,1,too expensive,retired individual,standard,medium,416.32,casual viewer
CUST_05219,0.88484765,1,none,school student,premium,medium,804.12,casual viewer
CUST_05220,0.896746459,1,too expensive,retired individual,standard,medium,361.5,binge watcher
CUST_05221,0.792918163,1,none,college student,basic,medium,207.81,family viewer
CUST_05222,0.870312701,1,too expensive,college student,premium,medium,714.69,family viewer
CUST_05223,0.859953589,1,no time to watch,working professional,basic,low,212.96,casual viewer
CUST_05224,0.87731391,1,too expensive,retired individual,standard,medium,384.52,family viewer
CUST_05225,0.752856784,1,none,school student,standard,high,375.49,family viewer
CUST_05226,0.830482256,1,too expensive,college student,premium,low,685.38,binge watcher
CUST_05227,0.894806533,1,too expensive,college student,premium,high,784.47,casual viewer
CUST_05228,0.812080457,1,too expensive,working professional,premium,medium,628.79,binge watcher
CUST_05229,0.83215038,1,none,retired individual,standard,high,446.2,sports enthusiast
CUST_05230,0.834914344,1,too expensive,college student,premium,low,677.97,family viewer
CUST_05231,0.851103281,1,technical issues,retired individual,basic,low,167.87,family viewer
CUST_05232,0.746535741,1,none,retired individual,standard,high,443.01,news junkie
CUST_05233,0.809660724,1,too expensive,college student,standard,high,394.03,sports enthusiast
CUST_05235,0.874008791,1,no time to watch,college student,basic,medium,200.52,family viewer
CUST_05237,0.773530706,1,too expensive,retired individual,standard,high,406.13,binge watcher
CUST_05238,0.768108278,1,switched to competitor,college student,basic,high,219.59,binge watcher
CUST_05239,0.796366328,1,no time to watch,college student,basic,high,157.83,casual viewer
CUST_05240,0.814159288,1,none,retired individual,standard,low,357.53,sports enthusiast
CUST_05241,0.928725475,1,too expensive,college student,basic,low,166.93,family viewer
CUST_05242,0.807400616,1,too expensive,school student,premium,medium,693.53,casual viewer
CUST_05243,0.795678143,1,none,college student,premium,medium,695.48,family viewer
CUST_05245,0.813857909,1,switched to competitor,college student,basic,high,199.21,binge watcher
CUST_05246,0.789128308,1,none,retired individual,standard,medium,415.51,family viewer
CUST_05248,0.917522413,1,none,school student,standard,low,413.34,casual viewer
CUST_05249,0.898677692,1,too expensive,college student,basic,high,209.05,casual viewer
CUST_05250,0.864646581,1,too expensive,college student,premium,high,638.19,news junkie
CUST_05252,0.7411789,1,none,school student,premium,high,669.43,casual viewer
CUST_05254,0.847870058,1,technical issues,college student,standard,medium,358.66,family viewer
CUST_05256,0.842699739,1,no time to watch,working professional,basic,medium,185.51,sports enthusiast
CUST_05257,0.75517189,1,too expensive,working professional,premium,medium,661.67,casual viewer
CUST_05258,0.924262693,1,too expensive,working professional,standard,high,345.61,news junkie
CUST_05259,0.890667396,1,too expensive,retired individual,premium,low,702.22,news junkie
CUST_05260,0.847405805,1,no time to watch,college student,standard,high,361.52,binge watcher
CUST_05261,0.911439166,1,too expensive,college student,standard,medium,381.41,sports enthusiast
CUST_05262,0.871377904,1,none,retired individual,premium,medium,762.43,casual viewer
CUST_05263,0.830154546,1,none,retired individual,standard,low,376.29,news junkie
CUST_05265,0.745050735,1,too expensive,retired individual,premium,high,630.48,family viewer
CUST_05266,0.848063986,1,technical issues,college student,basic,low,212.61,family viewer
CUST_05267,0.830146117,1,switched to competitor,retired individual,basic,high,223.18,news junkie
CUST_05268,0.721745161,1,switched to competitor,retired individual,basic,high,238.43,sports enthusiast
CUST_05269,0.812878979,1,none,retired individual,standard,high,488.87,family viewer
CUST_05271,0.783627487,1,too expensive,school student,premium,medium,702.47,news junkie
CUST_05272,0.827987132,1,too expensive,retired individual,premium,high,729.73,casual viewer
CUST_05273,0.727791723,1,none,school student,standard,medium,442.42,family viewer
CUST_05274,0.905528246,1,too expensive,working professional,standard,low,361.74,family viewer
CUST_05275,0.861410234,1,too expensive,school student,premium,medium,704.15,casual viewer
CUST_05276,0.854972254,1,too expensive,working professional,premium,medium,779.41,family viewer
CUST_05278,0.909533856,1,too expensive,retired individual,standard,high,362.06,sports enthusiast
CUST_05279,0.896667204,1,no time to watch,working professional,standard,low,417.53,casual viewer
CUST_05280,0.751043122,1,switched to competitor,retired individual,standard,high,403.42,casual viewer
CUST_05281,0.729325526,1,technical issues,school student,standard,low,422.88,family viewer
CUST_05282,0.74907652,1,none,college student,basic,high,214.45,family viewer
CUST_05283,0.853853744,1,too expensive,school student,standard,medium,351.05,binge watcher
CUST_05284,0.926563759,1,too expensive,working professional,premium,medium,753.78,family viewer
CUST_05286,0.708109318,1,too expensive,college student,premium,high,710.26,family viewer
CUST_05287,0.865857993,1,technical issues,school student,basic,medium,178.4,family viewer
CUST_05288,0.804236414,1,none,retired individual,basic,low,201.76,casual viewer
CUST_05289,0.781883409,1,content not interesting,retired individual,basic,high,205.72,casual viewer
CUST_05290,0.866670867,1,too expensive,college student,basic,high,184.17,binge watcher
CUST_05291,0.807319754,1,too expensive,college student,premium,low,631.37,family viewer
CUST_05292,0.80396638,1,too expensive,retired individual,premium,low,747.28,sports enthusiast
CUST_05293,0.764208854,1,content not interesting,working professional,basic,high,260.41,sports enthusiast
CUST_05294,0.800013573,1,none,college student,premium,medium,725.27,news junkie
CUST_05295,0.86737339,1,too expensive,retired individual,basic,high,212.47,binge watcher
CUST_05296,0.818520651,1,too expensive,working professional,premium,low,617.28,news junkie
CUST_05299,0.714133239,1,too expensive,retired individual,basic,high,227.44,sports enthusiast
CUST_05300,0.835866655,1,too expensive,college student,standard,high,330.45,sports enthusiast
CUST_05301,0.732767074,1,technical issues,college student,standard,medium,378.34,casual viewer
CUST_05302,0.858994505,1,technical issues,college student,basic,medium,215.01,sports enthusiast
CUST_05303,0.870826378,1,too expensive,retired individual,premium,low,617.32,casual viewer
CUST_05304,0.805450702,1,too expensive,working professional,standard,high,352.74,family viewer
CUST_05305,0.876309026,1,too expensive,college student,premium,high,772.3,news junkie
CUST_05306,0.798583207,1,switched to competitor,college student,standard,high,479.18,sports enthusiast
CUST_05307,0.896901633,1,content not interesting,working professional,basic,high,200.76,news junkie
CUST_05308,0.797432739,1,too expensive,retired individual,premium,medium,615.19,news junkie
CUST_05309,0.893069549,1,too expensive,working professional,premium,low,622.56,casual viewer
CUST_05310,0.733902118,1,none,working professional,standard,high,311.49,casual viewer
CUST_05311,0.940855924,1,too expensive,working professional,basic,medium,192.04,sports enthusiast
CUST_05313,0.702079458,1,none,college student,standard,low,367.86,news junkie
CUST_05314,0.717854033,1,none,retired individual,standard,high,369.26,sports enthusiast
CUST_05315,0.825962398,1,content not interesting,college student,basic,high,233.21,casual viewer
CUST_05316,0.785707533,1,no time to watch,college student,basic,high,183.06,family viewer
CUST_05318,0.769937082,1,none,college student,premium,high,751.62,binge watcher
CUST_05320,0.764406564,1,none,retired individual,basic,medium,229.88,sports enthusiast
CUST_05321,0.817341586,1,technical issues,college student,basic,medium,217.7,casual viewer
CUST_05322,0.708293678,1,none,retired individual,premium,high,706.78,sports enthusiast
CUST_05323,0.872172123,1,too expensive,retired individual,premium,low,646.76,casual viewer
CUST_05325,0.833166787,1,technical issues,working professional,standard,medium,348,binge watcher
CUST_05326,0.766464079,1,too expensive,retired individual,premium,medium,784.4,news junkie
CUST_05327,0.794010304,1,no time to watch,retired individual,basic,low,173.93,news junkie
CUST_05328,0.748295367,1,too expensive,working professional,premium,high,632.44,sports enthusiast
CUST_05329,0.821103893,1,no time to watch,retired individual,basic,low,229.84,sports enthusiast
CUST_05330,0.836196603,1,technical issues,working professional,standard,medium,445.68,news junkie
CUST_05331,0.763412543,1,switched to competitor,school student,standard,high,427.41,family viewer
CUST_05332,0.763085377,1,technical issues,working professional,basic,medium,161.51,casual viewer
CUST_05333,0.896729211,1,none,college student,premium,medium,629.17,family viewer
CUST_05335,0.950169628,1,too expensive,retired individual,standard,medium,366.55,binge watcher
CUST_05336,0.785253089,1,technical issues,retired individual,basic,medium,215.29,binge watcher
CUST_05337,0.809110944,1,too expensive,college student,basic,high,175.06,casual viewer
CUST_05338,0.84811444,1,technical issues,working professional,standard,medium,422.17,binge watcher
CUST_05339,0.864387535,1,too expensive,working professional,standard,medium,414.81,family viewer
CUST_05340,0.872915478,1,too expensive,college student,premium,low,660.49,binge watcher
CUST_05341,0.918946068,1,too expensive,working professional,standard,high,423.79,family viewer
CUST_05342,0.905822574,1,none,working professional,premium,low,641.94,casual viewer
CUST_05343,0.891163102,1,too expensive,college student,premium,low,620.95,family viewer
CUST_05345,0.84467442,1,technical issues,college student,basic,medium,183.06,binge watcher
CUST_05346,0.898136928,1,too expensive,working professional,premium,high,778.24,family viewer
CUST_05347,0.728946321,1,switched to competitor,college student,basic,high,161.05,family viewer
CUST_05348,0.904337775,1,too expensive,college student,standard,low,407.45,sports enthusiast
CUST_05349,0.838375787,1,too expensive,college student,premium,high,748.74,news junkie
CUST_05350,0.789240554,1,technical issues,college student,standard,low,358.97,news junkie
CUST_05351,0.837054655,1,too expensive,retired individual,premium,high,630.14,news junkie
CUST_05352,0.831053404,1,technical issues,college student,basic,medium,224.04,casual viewer
CUST_05353,0.754611882,1,too expensive,working professional,premium,high,616.78,binge watcher
CUST_05354,0.787729607,1,none,college student,standard,medium,369.31,news junkie
CUST_05355,0.864062714,1,too expensive,college student,standard,high,383.85,family viewer
CUST_05356,0.889909939,1,too expensive,college student,standard,high,446.75,news junkie
CUST_05358,0.900897722,1,none,college student,premium,low,662.02,binge watcher
CUST_05359,0.806257746,1,no time to watch,retired individual,basic,medium,196.91,sports enthusiast
CUST_05360,0.790798414,1,too expensive,retired individual,premium,medium,775.94,casual viewer
CUST_05361,0.902614901,1,no time to watch,retired individual,basic,low,188.72,family viewer
CUST_05362,0.924886293,1,too expensive,working professional,basic,high,188.1,family viewer
CUST_05363,0.832078014,1,too expensive,school student,standard,medium,375.79,binge watcher
CUST_05364,0.707867664,1,too expensive,college student,standard,high,410.65,news junkie
CUST_05366,0.752476357,1,technical issues,college student,basic,low,209.57,news junkie
CUST_05367,0.726976634,1,none,working professional,premium,high,635.1,news junkie
CUST_05368,0.785570163,1,no time to watch,working professional,standard,low,377.33,news junkie
CUST_05369,0.846457368,1,technical issues,working professional,premium,medium,594.94,sports enthusiast
CUST_05370,0.891160231,1,too expensive,working professional,standard,medium,419.12,family viewer
CUST_05371,0.832869649,1,too expensive,college student,premium,high,688.82,casual viewer
CUST_05372,0.77395856,1,too expensive,college student,premium,high,781.47,sports enthusiast
CUST_05373,0.754169543,1,switched to competitor,retired individual,basic,high,152.55,family viewer
CUST_05374,0.755240703,1,switched to competitor,retired individual,basic,high,239.65,family viewer
CUST_05376,0.874363751,1,too expensive,retired individual,basic,high,217.58,family viewer
CUST_05377,0.707227238,1,content not interesting,college student,standard,high,405.29,family viewer
CUST_05378,0.857931359,1,no time to watch,college student,standard,high,446.93,sports enthusiast
CUST_05379,0.857565787,1,too expensive,college student,premium,low,651.78,family viewer
CUST_05381,0.732196279,1,too expensive,working professional,basic,medium,191.9,binge watcher
CUST_05382,0.737470954,1,no time to watch,college student,standard,medium,367.42,sports enthusiast
CUST_05383,0.735558079,1,technical issues,college student,basic,medium,192.1,binge watcher
CUST_05384,0.881989483,1,too expensive,college student,basic,high,188.25,casual viewer
CUST_05385,0.835466771,1,too expensive,retired individual,standard,low,391.34,family viewer
CUST_05387,0.887598483,1,too expensive,working professional,basic,high,161.76,casual viewer
CUST_05388,0.8572977,1,too expensive,college student,standard,high,456.88,news junkie
CUST_05389,0.752913713,1,switched to competitor,college student,basic,high,181.88,sports enthusiast
CUST_05390,0.929167169,1,too expensive,working professional,basic,medium,162.9,binge watcher
CUST_05391,0.807544143,1,no time to watch,college student,standard,medium,363.41,binge watcher
CUST_05392,0.860392041,1,no time to watch,working professional,basic,high,237.15,family viewer
CUST_05393,0.824989336,1,too expensive,working professional,standard,medium,406.99,family viewer
CUST_05394,0.879904542,1,technical issues,college student,standard,low,414.64,family viewer
CUST_05395,0.816171113,1,no time to watch,college student,standard,low,386.58,news junkie
CUST_05396,0.884909712,1,too expensive,college student,premium,medium,725.37,news junkie
CUST_05398,0.921299469,1,too expensive,college student,premium,low,742.69,casual viewer
CUST_05399,0.824851132,1,too expensive,college student,premium,high,624.14,news junkie
CUST_05400,0.882265941,1,too expensive,college student,standard,high,351.91,casual viewer
CUST_05401,0.887168654,1,none,retired individual,premium,low,611.89,sports enthusiast
CUST_05402,0.839469678,1,technical issues,college student,standard,medium,362.15,family viewer
CUST_05403,0.891907643,1,too expensive,college student,standard,low,328.62,casual viewer
CUST_05404,0.813632513,1,too expensive,working professional,standard,high,409.69,news junkie
CUST_05405,0.75759813,1,too expensive,college student,premium,medium,612.64,casual viewer
CUST_05407,0.866388544,1,too expensive,college student,basic,high,193.26,binge watcher
CUST_05408,0.853519772,1,too expensive,working professional,basic,high,184.53,news junkie
CUST_05409,0.867614399,1,too expensive,working professional,premium,high,693.22,sports enthusiast
CUST_05411,0.732136524,1,no time to watch,working professional,standard,high,369.87,family viewer
CUST_05412,0.854200882,1,too expensive,working professional,premium,medium,624.14,casual viewer
CUST_05414,0.778727606,1,too expensive,retired individual,premium,medium,712.36,news junkie
CUST_05415,0.874141355,1,no time to watch,working professional,basic,medium,165.9,sports enthusiast
CUST_05416,0.84326805,1,too expensive,retired individual,standard,low,363.97,binge watcher
CUST_05417,0.896912259,1,technical issues,college student,premium,medium,595.42,sports enthusiast
CUST_05418,0.895494317,1,too expensive,working professional,basic,low,248.4,news junkie
CUST_05420,0.717409006,1,none,school student,standard,medium,421.92,family viewer
CUST_05421,0.722873412,1,content not interesting,college student,basic,high,180.46,news junkie
CUST_05422,0.833696866,1,no time to watch,retired individual,standard,low,391.81,family viewer
CUST_05423,0.727761051,1,none,college student,premium,high,627.15,news junkie
CUST_05424,0.812871117,1,none,college student,basic,high,139.19,family viewer
CUST_05425,0.876532703,1,too expensive,working professional,premium,medium,759.46,news junkie
CUST_05427,0.809893118,1,none,working professional,standard,medium,398.6,family viewer
CUST_05431,0.794078279,1,none,college student,standard,high,414.24,sports enthusiast
CUST_05432,0.877322695,1,too expensive,working professional,premium,high,625.07,binge watcher
CUST_05433,0.777177968,1,technical issues,retired individual,basic,low,199.08,sports enthusiast
CUST_05434,0.833265065,1,too expensive,college student,standard,high,385.23,casual viewer
CUST_05435,0.708862467,1,none,retired individual,basic,medium,176.38,news junkie
CUST_05436,0.87304524,1,too expensive,college student,standard,high,382.62,binge watcher
CUST_05437,0.834178887,1,content not interesting,working professional,standard,high,369.74,binge watcher
CUST_05438,0.762418964,1,too expensive,college student,premium,medium,625.19,news junkie
CUST_05439,0.848453048,1,no time to watch,college student,premium,medium,599.91,casual viewer
CUST_05440,0.800129969,1,switched to competitor,retired individual,standard,high,371.41,news junkie
CUST_05441,0.766765663,1,switched to competitor,school student,standard,high,435.82,binge watcher
CUST_05442,0.81003373,1,technical issues,working professional,basic,low,193.74,family viewer
CUST_05443,0.891809754,1,none,working professional,basic,medium,231.28,family viewer
CUST_05444,0.866723867,1,too expensive,retired individual,premium,high,705.39,casual viewer
CUST_05446,0.914117188,1,too expensive,working professional,premium,low,755.23,casual viewer
CUST_05447,0.7073421,1,no time to watch,college student,standard,high,347.25,news junkie
CUST_05448,0.868225611,1,too expensive,college student,basic,high,205.37,casual viewer
CUST_05449,0.776673228,1,technical issues,college student,standard,low,429.74,casual viewer
CUST_05451,0.903800373,1,too expensive,working professional,basic,medium,215.18,binge watcher
CUST_05452,0.823088752,1,content not interesting,college student,standard,high,436.8,binge watcher
CUST_05455,0.94998211,1,too expensive,college student,standard,low,413.36,family viewer
CUST_05456,0.719073611,1,too expensive,working professional,premium,medium,695.19,family viewer
CUST_05457,0.904826359,1,technical issues,school student,standard,low,427.3,sports enthusiast
CUST_05459,0.736985482,1,too expensive,college student,standard,high,359.63,binge watcher
CUST_05460,0.713053301,1,switched to competitor,college student,standard,high,393.42,sports enthusiast
CUST_05461,0.914004772,1,no time to watch,retired individual,basic,low,208.74,family viewer
CUST_05462,0.790212032,1,too expensive,working professional,standard,high,412.8,binge watcher
CUST_05463,0.9407467,1,too expensive,retired individual,basic,low,203.71,casual viewer
CUST_05464,0.860076703,1,technical issues,college student,basic,medium,177.16,family viewer
CUST_05466,0.7915776,1,too expensive,school student,premium,low,766.38,binge watcher
CUST_05467,0.765904323,1,too expensive,college student,standard,high,473.52,binge watcher
CUST_05468,0.871773333,1,too expensive,college student,basic,medium,199.75,casual viewer
CUST_05469,0.913885079,1,no time to watch,working professional,basic,low,209.66,casual viewer
CUST_05470,0.768114669,1,technical issues,retired individual,standard,low,404.88,casual viewer
CUST_05471,0.911878241,1,too expensive,college student,standard,low,436.06,family viewer
CUST_05472,0.857754522,1,too expensive,working professional,premium,high,792.31,sports enthusiast
CUST_05474,0.89079694,1,too expensive,working professional,premium,medium,755,binge watcher
CUST_05475,0.878559552,1,none,working professional,premium,high,636.22,sports enthusiast
CUST_05476,0.865058452,1,too expensive,college student,basic,high,178.21,binge watcher
CUST_05477,0.837244413,1,technical issues,school student,basic,medium,190.63,news junkie
CUST_05478,0.77124598,1,technical issues,working professional,standard,medium,406.89,binge watcher
CUST_05480,0.851115339,1,none,college student,premium,low,678.17,news junkie
CUST_05481,0.85816175,1,switched to competitor,retired individual,basic,high,201.48,binge watcher
CUST_05484,0.852950948,1,too expensive,retired individual,basic,medium,217.59,news junkie
CUST_05485,0.816946877,1,too expensive,school student,premium,low,624.62,binge watcher
CUST_05486,0.849671103,1,too expensive,school student,standard,medium,440.64,binge watcher
CUST_05487,0.815236921,1,none,working professional,basic,medium,236.91,sports enthusiast
CUST_05488,0.845418372,1,switched to competitor,retired individual,standard,high,418.73,family viewer
CUST_05489,0.870887837,1,too expensive,working professional,standard,high,379.4,family viewer
CUST_05491,0.843789213,1,too expensive,college student,standard,high,367.15,news junkie
CUST_05492,0.836249734,1,too expensive,retired individual,premium,high,743.3,news junkie
CUST_05493,0.708906456,1,content not interesting,retired individual,standard,high,385.46,news junkie
CUST_05496,0.834426608,1,no time to watch,working professional,basic,medium,243.49,news junkie
CUST_05497,0.797127332,1,technical issues,college student,standard,medium,358.02,sports enthusiast
CUST_05498,0.909819994,1,no time to watch,working professional,standard,low,378.46,family viewer
CUST_05500,0.884908551,1,too expensive,college student,standard,high,377.45,news junkie
CUST_05501,0.749261483,1,switched to competitor,school student,standard,high,345.38,family viewer
CUST_05503,0.8861239,1,too expensive,retired individual,basic,medium,166.74,casual viewer
CUST_05505,0.910687228,1,no time to watch,retired individual,standard,low,361.29,sports enthusiast
CUST_05506,0.838433199,1,none,working professional,premium,high,703.61,binge watcher
CUST_05507,0.732130402,1,too expensive,college student,standard,medium,340.93,family viewer
CUST_05508,0.762811992,1,none,working professional,standard,high,411.45,binge watcher
CUST_05509,0.819083911,1,none,retired individual,premium,high,701.28,sports enthusiast
CUST_05510,0.788751715,1,no time to watch,working professional,standard,high,467.27,news junkie
CUST_05511,0.789553062,1,too expensive,working professional,basic,high,215.61,family viewer
CUST_05512,0.866127713,1,technical issues,college student,basic,low,211.77,casual viewer
CUST_05513,0.894670471,1,too expensive,working professional,premium,medium,718.29,casual viewer
CUST_05514,0.78646823,1,none,college student,standard,low,371.07,casual viewer
CUST_05515,0.887617891,1,technical issues,working professional,standard,medium,370.82,casual viewer
CUST_05516,0.786125885,1,too expensive,working professional,premium,medium,707.36,binge watcher
CUST_05517,0.819123532,1,too expensive,college student,basic,high,200.97,family viewer
CUST_05518,0.909141512,1,too expensive,working professional,basic,medium,149.25,casual viewer
CUST_05519,0.815194993,1,content not interesting,college student,basic,high,162.88,family viewer
CUST_05520,0.795122899,1,too expensive,retired individual,standard,high,439.91,casual viewer
CUST_05521,0.837361272,1,too expensive,working professional,premium,high,642.06,casual viewer
CUST_05522,0.706614101,1,none,college student,basic,medium,205.09,family viewer
CUST_05523,0.818785157,1,no time to watch,working professional,standard,low,440.16,sports enthusiast
CUST_05524,0.872372664,1,too expensive,college student,basic,high,207.72,news junkie
CUST_05526,0.818693765,1,too expensive,school student,standard,high,387.32,sports enthusiast
CUST_05527,0.767325505,1,too expensive,school student,standard,high,394.22,news junkie
CUST_05528,0.791398443,1,no time to watch,college student,basic,high,181.08,sports enthusiast
CUST_05529,0.796986788,1,content not interesting,retired individual,basic,high,242.46,binge watcher
CUST_05530,0.92112961,1,no time to watch,working professional,basic,low,169.26,family viewer
CUST_05531,0.805742689,1,no time to watch,working professional,basic,medium,212.34,casual viewer
CUST_05532,0.787772588,1,no time to watch,college student,standard,high,339.81,casual viewer
CUST_05533,0.765509969,1,too expensive,college student,standard,high,439.76,sports enthusiast
CUST_05534,0.865660237,1,too expensive,college student,premium,high,799.01,family viewer
CUST_05535,0.829824904,1,too expensive,college student,standard,high,428.18,family viewer
CUST_05536,0.916651939,1,too expensive,working professional,premium,low,622.68,family viewer
CUST_05537,0.783672567,1,too expensive,college student,basic,high,199.42,binge watcher
CUST_05538,0.825879289,1,too expensive,school student,standard,high,365.18,news junkie
CUST_05539,0.856533631,1,switched to competitor,retired individual,basic,high,259.64,casual viewer
CUST_05540,0.828917695,1,switched to competitor,working professional,basic,high,202.69,news junkie
CUST_05541,0.885506539,1,too expensive,college student,standard,low,344.4,family viewer
CUST_05542,0.919959116,1,too expensive,retired individual,premium,low,763.52,binge watcher
CUST_05543,0.732923111,1,technical issues,college student,basic,low,189.19,casual viewer
CUST_05544,0.876286176,1,none,working professional,basic,high,202.78,sports enthusiast
CUST_05545,0.885441203,1,no time to watch,working professional,basic,high,204.64,sports enthusiast
CUST_05546,0.726553704,1,too expensive,retired individual,premium,medium,678.84,family viewer
CUST_05547,0.805334151,1,too expensive,working professional,premium,low,637.22,casual viewer
CUST_05548,0.767086912,1,technical issues,school student,standard,low,407.71,binge watcher
CUST_05549,0.812392292,1,too expensive,college student,basic,high,236.72,binge watcher
CUST_05550,0.74969533,1,switched to competitor,school student,basic,high,182.22,family viewer
CUST_05551,0.78926534,1,none,college student,standard,high,378.17,sports enthusiast
CUST_05552,0.799482391,1,too expensive,college student,premium,high,635.71,binge watcher
CUST_05555,0.860383167,1,none,working professional,basic,high,207.29,family viewer
CUST_05556,0.913859853,1,too expensive,school student,basic,medium,204.47,casual viewer
CUST_05557,0.813027488,1,too expensive,retired individual,premium,high,767.84,sports enthusiast
CUST_05558,0.826401537,1,no time to watch,working professional,standard,medium,390.21,news junkie
CUST_05560,0.933717621,1,too expensive,working professional,standard,low,351.7,family viewer
CUST_05562,0.775958571,1,too expensive,college student,standard,medium,412.48,news junkie
CUST_05563,0.871135613,1,no time to watch,working professional,standard,high,345.5,sports enthusiast
CUST_05565,0.907981378,1,too expensive,retired individual,basic,high,177.12,binge watcher
CUST_05566,0.873269068,1,no time to watch,college student,standard,medium,446.04,sports enthusiast
CUST_05567,0.761879695,1,switched to competitor,college student,basic,high,192.53,sports enthusiast
CUST_05568,0.740883861,1,switched to competitor,retired individual,standard,high,393.19,news junkie
CUST_05569,0.895999141,1,too expensive,college student,premium,high,811.49,family viewer
CUST_05570,0.89164995,1,too expensive,retired individual,standard,high,358.51,binge watcher
CUST_05571,0.800329255,1,too expensive,retired individual,premium,medium,789.19,family viewer
CUST_05572,0.903006851,1,technical issues,college student,standard,low,425.69,family viewer
CUST_05573,0.781260917,1,none,working professional,basic,high,219.96,family viewer
CUST_05574,0.835111376,1,none,college student,standard,medium,399.21,news junkie
CUST_05575,0.872907154,1,technical issues,retired individual,standard,low,380.41,family viewer
CUST_05576,0.819539627,1,none,college student,standard,medium,387.02,news junkie
CUST_05578,0.813275313,1,no time to watch,retired individual,standard,medium,396.19,casual viewer
CUST_05579,0.86103661,1,too expensive,working professional,premium,medium,746.47,sports enthusiast
CUST_05580,0.712143485,1,switched to competitor,college student,standard,high,406.07,casual viewer
CUST_05581,0.785069491,1,too expensive,school student,standard,medium,377.16,family viewer
CUST_05582,0.762968084,1,switched to competitor,school student,standard,high,434.65,binge watcher
CUST_05584,0.791108388,1,technical issues,retired individual,basic,medium,251.54,news junkie
CUST_05587,0.847981608,1,none,college student,basic,medium,260.12,casual viewer
CUST_05588,0.780289739,1,none,college student,standard,low,355.32,casual viewer
CUST_05589,0.746294596,1,too expensive,college student,standard,high,433.66,casual viewer
CUST_05590,0.952655971,1,too expensive,working professional,basic,medium,239.1,family viewer
CUST_05591,0.805365489,1,too expensive,working professional,standard,high,367.04,binge watcher
CUST_05592,0.864003997,1,too expensive,school student,standard,medium,353.74,casual viewer
CUST_05593,0.810247788,1,none,school student,standard,high,358.4,binge watcher
CUST_05594,0.81470706,1,none,college student,basic,medium,222.69,binge watcher
CUST_05595,0.843177096,1,too expensive,school student,basic,high,216.63,news junkie
CUST_05596,0.819596566,1,technical issues,working professional,standard,low,440.9,news junkie
CUST_05597,0.801847989,1,too expensive,college student,standard,high,447.85,sports enthusiast
CUST_05598,0.858182735,1,too expensive,working professional,premium,medium,747.66,sports enthusiast
CUST_05599,0.732510522,1,none,retired individual,standard,low,393.99,binge watcher
CUST_05601,0.872067279,1,none,retired individual,basic,low,235.93,binge watcher
CUST_05604,0.955534253,1,too expensive,college student,standard,high,369.47,news junkie
CUST_05605,0.860104559,1,too expensive,working professional,standard,high,415.61,casual viewer
CUST_05606,0.806671878,1,too expensive,college student,premium,high,718.08,news junkie
CUST_05607,0.851920002,1,too expensive,college student,standard,high,418.82,family viewer
CUST_05608,0.813656033,1,none,retired individual,basic,high,136.62,casual viewer
CUST_05609,0.821017384,1,switched to competitor,retired individual,standard,high,447.38,news junkie
CUST_05610,0.83069857,1,too expensive,retired individual,premium,low,641.9,family viewer
CUST_05611,0.936282339,1,too expensive,working professional,standard,low,354.83,binge watcher
CUST_05612,0.798254922,1,technical issues,college student,standard,medium,402.7,family viewer
CUST_05613,0.763457036,1,content not interesting,college student,standard,high,377.51,family viewer
CUST_05614,0.929357198,1,too expensive,school student,basic,low,212.42,binge watcher
CUST_05615,0.790458897,1,none,college student,standard,medium,433.58,news junkie
CUST_05617,0.783067272,1,technical issues,college student,standard,medium,407.96,sports enthusiast
CUST_05619,0.726759424,1,none,school student,standard,medium,437.68,family viewer
CUST_05620,0.722594166,1,technical issues,college student,basic,medium,190.44,casual viewer
CUST_05621,0.900550788,1,too expensive,retired individual,standard,high,347.43,binge watcher
CUST_05622,0.853642686,1,too expensive,retired individual,premium,low,719.78,sports enthusiast
CUST_05623,0.925454421,1,too expensive,working professional,standard,low,351.19,binge watcher
CUST_05624,0.817190255,1,switched to competitor,college student,standard,high,416.3,news junkie
CUST_05625,0.771115438,1,too expensive,school student,premium,high,713.93,news junkie
CUST_05627,0.803533463,1,technical issues,college student,standard,low,408.76,family viewer
CUST_05629,0.810600542,1,too expensive,working professional,premium,medium,781.4,binge watcher
CUST_05630,0.871029499,1,too expensive,retired individual,basic,high,196.56,family viewer
CUST_05631,0.885248221,1,no time to watch,retired individual,basic,medium,228.94,news junkie
CUST_05632,0.830871234,1,content not interesting,working professional,standard,high,418.23,casual viewer
CUST_05634,0.771756229,1,technical issues,college student,basic,medium,203.54,sports enthusiast
CUST_05635,0.847268684,1,none,college student,basic,high,201.37,casual viewer
CUST_05636,0.887330118,1,too expensive,college student,premium,high,771.92,casual viewer
CUST_05637,0.854297415,1,none,college student,standard,high,449.98,family viewer
CUST_05638,0.885743113,1,technical issues,school student,basic,medium,238.74,sports enthusiast
CUST_05641,0.742036829,1,too expensive,college student,premium,high,633.47,sports enthusiast
CUST_05642,0.721156675,1,none,retired individual,standard,medium,395.76,casual viewer
CUST_05643,0.903645157,1,no time to watch,college student,standard,high,359.28,casual viewer
CUST_05644,0.936449485,1,too expensive,retired individual,basic,high,189.67,family viewer
CUST_05645,0.83109856,1,switched to competitor,school student,standard,high,448.77,family viewer
CUST_05646,0.830418007,1,none,college student,basic,high,233.07,family viewer
CUST_05648,0.884034426,1,too expensive,college student,basic,medium,198.9,sports enthusiast
CUST_05649,0.847642833,1,too expensive,school student,premium,medium,699.07,family viewer
CUST_05650,0.853995266,1,technical issues,college student,standard,medium,432.51,family viewer
CUST_05651,0.828495759,1,too expensive,retired individual,premium,medium,750.37,news junkie
CUST_05653,0.849563832,1,no time to watch,working professional,standard,low,436.19,binge watcher
CUST_05654,0.894367528,1,too expensive,retired individual,basic,low,222.32,sports enthusiast
CUST_05655,0.74930803,1,switched to competitor,retired individual,standard,high,359.47,family viewer
CUST_05656,0.876544561,1,too expensive,college student,premium,high,692.2,news junkie
CUST_05657,0.81746326,1,too expensive,retired individual,basic,medium,147.77,sports enthusiast
CUST_05658,0.856261727,1,no time to watch,retired individual,standard,medium,445.43,sports enthusiast
CUST_05659,0.89699336,1,content not interesting,working professional,standard,high,355.34,casual viewer
CUST_05660,0.839979059,1,too expensive,school student,premium,high,624.34,news junkie
CUST_05661,0.872411175,1,too expensive,retired individual,basic,high,189.91,sports enthusiast
CUST_05662,0.847292594,1,none,retired individual,basic,low,190.7,family viewer
CUST_05663,0.839160957,1,no time to watch,college student,standard,low,441.65,news junkie
CUST_05664,0.771065128,1,too expensive,working professional,premium,medium,693.92,sports enthusiast
CUST_05666,0.713403452,1,too expensive,retired individual,premium,medium,631.3,news junkie
CUST_05667,0.871734767,1,too expensive,school student,basic,high,214.62,sports enthusiast
CUST_05668,0.844747691,1,too expensive,school student,basic,high,195.45,news junkie
CUST_05669,0.717332656,1,too expensive,college student,premium,high,722.75,casual viewer
CUST_05670,0.853915437,1,too expensive,college student,premium,medium,655.36,news junkie
CUST_05671,0.863830517,1,too expensive,working professional,premium,low,776.47,casual viewer
CUST_05672,0.875709931,1,too expensive,retired individual,premium,low,786.81,sports enthusiast
CUST_05673,0.894520165,1,too expensive,retired individual,basic,low,145.91,casual viewer
CUST_05676,0.792281389,1,too expensive,college student,standard,high,379.88,news junkie
CUST_05677,0.811112137,1,none,school student,standard,high,471.13,news junkie
CUST_05678,0.732791565,1,switched to competitor,college student,basic,high,238.01,binge watcher
CUST_05679,0.936173183,1,too expensive,college student,basic,low,218.9,sports enthusiast
CUST_05680,0.880844392,1,too expensive,college student,basic,high,221.76,binge watcher
CUST_05681,0.973579708,1,too expensive,college student,basic,low,257.72,binge watcher
CUST_05682,0.751699392,1,switched to competitor,retired individual,basic,high,241.6,family viewer
CUST_05683,0.745746245,1,switched to competitor,school student,standard,high,450.13,family viewer
CUST_05684,0.937546482,1,too expensive,college student,basic,low,177.3,binge watcher
CUST_05685,0.724122127,1,technical issues,college student,standard,medium,407.38,casual viewer
CUST_05686,0.909794809,1,none,college student,standard,medium,412.47,casual viewer
CUST_05687,0.814465974,1,none,school student,premium,low,663.86,news junkie
CUST_05688,0.865063036,1,too expensive,college student,basic,high,218.59,casual viewer
CUST_05689,0.75597161,1,too expensive,college student,premium,high,756.06,casual viewer
CUST_05690,0.916351001,1,too expensive,college student,premium,low,770.11,news junkie
CUST_05691,0.770378256,1,switched to competitor,retired individual,standard,high,365.77,binge watcher
CUST_05692,0.916995024,1,too expensive,retired individual,premium,low,720.23,binge watcher
CUST_05693,0.780471226,1,none,retired individual,standard,medium,413.2,news junkie
CUST_05694,0.852258995,1,too expensive,retired individual,basic,medium,219.58,casual viewer
CUST_05695,0.793626098,1,too expensive,college student,basic,high,217.85,news junkie
CUST_05696,0.861791797,1,none,school student,standard,medium,382.79,binge watcher
CUST_05698,0.823587327,1,content not interesting,college student,basic,high,161.49,binge watcher
CUST_05699,0.81102164,1,content not interesting,retired individual,standard,high,397.56,sports enthusiast
CUST_05700,0.710623459,1,too expensive,school student,premium,high,712.26,news junkie
CUST_05702,0.895174483,1,technical issues,college student,standard,medium,458.88,casual viewer
CUST_05703,0.853429624,1,no time to watch,college student,basic,low,165.84,casual viewer
CUST_05704,0.930311758,1,too expensive,working professional,standard,high,360.76,binge watcher
CUST_05705,0.76693512,1,none,working professional,premium,high,718.48,binge watcher
CUST_05706,0.721661082,1,switched to competitor,retired individual,standard,high,404.21,binge watcher
CUST_05707,0.879166053,1,no time to watch,retired individual,standard,medium,380.54,binge watcher
CUST_05708,0.771157399,1,none,college student,basic,high,215.87,binge watcher
CUST_05709,0.843146781,1,switched to competitor,retired individual,standard,high,346.88,family viewer
CUST_05710,0.743946835,1,no time to watch,working professional,standard,high,368.79,sports enthusiast
CUST_05711,0.923677852,1,too expensive,working professional,standard,low,340.07,casual viewer
CUST_05712,0.808392793,1,technical issues,retired individual,premium,low,585.9,binge watcher
CUST_05713,0.787221303,1,none,college student,standard,medium,368.22,casual viewer
CUST_05714,0.910364396,1,no time to watch,working professional,standard,low,385.54,sports enthusiast
CUST_05715,0.905686722,1,no time to watch,college student,basic,medium,184.56,casual viewer
CUST_05716,0.753760688,1,too expensive,school student,premium,medium,713.69,casual viewer
CUST_05717,0.731840853,1,technical issues,retired individual,standard,medium,334.3,sports enthusiast
CUST_05718,0.744527441,1,too expensive,working professional,standard,high,386.76,binge watcher
CUST_05719,0.774028378,1,too expensive,college student,premium,high,742.86,sports enthusiast
CUST_05722,0.880110856,1,too expensive,college student,standard,medium,427.42,binge watcher
CUST_05723,0.819365234,1,technical issues,college student,premium,low,587.29,sports enthusiast
CUST_05724,0.934601067,1,too expensive,college student,basic,low,178.96,sports enthusiast
CUST_05725,0.924618677,1,too expensive,college student,premium,high,631.53,sports enthusiast
CUST_05726,0.943535632,1,too expensive,working professional,premium,low,771.47,casual viewer
CUST_05727,0.924076085,1,too expensive,working professional,standard,medium,429.23,sports enthusiast
CUST_05729,0.832974327,1,none,retired individual,premium,low,628.28,casual viewer
CUST_05730,0.865804594,1,too expensive,college student,premium,low,601.06,casual viewer
CUST_05731,0.703906099,1,too expensive,college student,premium,high,700.14,news junkie
CUST_05732,0.753674541,1,too expensive,retired individual,premium,low,633.01,family viewer
CUST_05733,0.807790773,1,no time to watch,working professional,basic,medium,206.37,sports enthusiast
CUST_05734,0.889574237,1,too expensive,working professional,premium,high,788.39,sports enthusiast
CUST_05735,0.925087791,1,too expensive,school student,standard,medium,350.86,sports enthusiast
CUST_05737,0.797524123,1,too expensive,college student,premium,low,696.89,binge watcher
CUST_05738,0.852373751,1,content not interesting,retired individual,basic,high,211.78,news junkie
CUST_05739,0.790733236,1,none,retired individual,basic,medium,242.29,news junkie
CUST_05740,0.852570899,1,too expensive,college student,standard,medium,372.42,sports enthusiast
CUST_05741,0.823261866,1,too expensive,college student,standard,medium,384.63,casual viewer
CUST_05742,0.889150923,1,too expensive,college student,basic,low,190.81,casual viewer
CUST_05743,0.800637311,1,too expensive,retired individual,premium,high,676.71,binge watcher
CUST_05744,0.700095598,1,too expensive,retired individual,basic,high,193.05,sports enthusiast
CUST_05746,0.754234946,1,too expensive,college student,premium,high,680.25,casual viewer
CUST_05747,0.836181813,1,technical issues,working professional,basic,medium,205.37,family viewer
CUST_05748,0.766892493,1,switched to competitor,working professional,standard,high,378.97,sports enthusiast
CUST_05749,0.762496934,1,technical issues,retired individual,premium,low,589.63,news junkie
CUST_05750,0.786958978,1,no time to watch,working professional,basic,low,221.65,family viewer
CUST_05751,0.890109551,1,too expensive,college student,basic,medium,209.57,casual viewer
CUST_05752,0.76220489,1,too expensive,college student,basic,high,264.38,news junkie
CUST_05754,0.756987947,1,no time to watch,retired individual,standard,medium,435.51,casual viewer
CUST_05755,0.906867128,1,no time to watch,retired individual,standard,high,380.73,binge watcher
CUST_05756,0.746793952,1,too expensive,college student,premium,high,602.81,family viewer
CUST_05758,0.835160342,1,too expensive,retired individual,standard,high,329.56,casual viewer
CUST_05759,0.890525045,1,none,working professional,standard,high,388.49,news junkie
CUST_05760,0.925702176,1,no time to watch,working professional,basic,medium,190.67,family viewer
CUST_05761,0.88138902,1,too expensive,retired individual,premium,low,770.9,news junkie
CUST_05763,0.834208029,1,no time to watch,working professional,standard,high,398.88,casual viewer
CUST_05764,0.864688289,1,too expensive,college student,standard,low,419.98,sports enthusiast
CUST_05765,0.800991626,1,no time to watch,working professional,basic,high,242.04,news junkie
CUST_05766,0.840325383,1,too expensive,retired individual,basic,medium,174.44,family viewer
CUST_05767,0.742374882,1,no time to watch,working professional,basic,high,180.83,family viewer
CUST_05768,0.806647115,1,none,working professional,premium,high,714.25,sports enthusiast
CUST_05771,0.928577353,1,too expensive,college student,standard,low,440.51,casual viewer
CUST_05772,0.844604509,1,too expensive,college student,standard,high,450.13,family viewer
CUST_05773,0.860095244,1,too expensive,working professional,premium,high,765.51,news junkie
CUST_05775,0.840711564,1,too expensive,college student,standard,high,348.37,family viewer
CUST_05776,0.866747435,1,no time to watch,retired individual,standard,low,415.71,family viewer
CUST_05777,0.930162869,1,too expensive,working professional,standard,low,385.2,family viewer
CUST_05778,0.931628622,1,technical issues,retired individual,standard,medium,412.91,binge watcher
CUST_05780,0.826478187,1,switched to competitor,school student,standard,high,376.1,casual viewer
CUST_05781,0.799341942,1,technical issues,retired individual,basic,medium,196.96,news junkie
CUST_05782,0.74194801,1,switched to competitor,retired individual,standard,high,423.81,family viewer
CUST_05784,0.808790434,1,none,working professional,standard,high,405.21,binge watcher
CUST_05785,0.786095968,1,too expensive,working professional,premium,high,707.61,binge watcher
CUST_05786,0.755898945,1,no time to watch,retired individual,standard,medium,450.42,family viewer
CUST_05787,0.928686205,1,no time to watch,working professional,standard,low,432.7,casual viewer
CUST_05788,0.733282848,1,too expensive,working professional,premium,high,657.82,family viewer
CUST_05789,0.782718747,1,technical issues,college student,standard,medium,418.14,binge watcher
CUST_05790,0.903240572,1,too expensive,working professional,standard,low,405.05,news junkie
CUST_05791,0.937741235,1,too expensive,school student,standard,low,413.3,casual viewer
CUST_05793,0.817551201,1,none,retired individual,basic,high,208.14,family viewer
CUST_05794,0.779243469,1,switched to competitor,college student,basic,high,196.63,casual viewer
CUST_05795,0.824614096,1,too expensive,college student,standard,high,405.76,casual viewer
CUST_05796,0.858570817,1,too expensive,college student,premium,high,771.36,binge watcher
CUST_05797,0.719229681,1,too expensive,retired individual,premium,high,685.63,sports enthusiast
CUST_05799,0.824597396,1,too expensive,working professional,standard,low,474.7,sports enthusiast
CUST_05800,0.837475858,1,none,college student,premium,high,779.78,binge watcher
CUST_05801,0.810942178,1,technical issues,college student,standard,low,366.24,binge watcher
CUST_05802,0.821133028,1,switched to competitor,college student,standard,high,429.69,news junkie
CUST_05803,0.927138777,1,too expensive,college student,standard,low,432.16,casual viewer
CUST_05804,0.79903153,1,technical issues,retired individual,basic,low,127.66,casual viewer
CUST_05806,0.845764718,1,too expensive,retired individual,basic,medium,184,binge watcher
CUST_05807,0.747364171,1,none,college student,basic,high,243.09,family viewer
CUST_05808,0.821837941,1,too expensive,college student,premium,high,718.59,sports enthusiast
CUST_05809,0.839523491,1,too expensive,college student,premium,high,720.55,sports enthusiast
CUST_05810,0.762544321,1,none,college student,standard,high,364.89,casual viewer
CUST_05811,0.797426181,1,none,working professional,basic,high,236.28,news junkie
CUST_05812,0.809032777,1,technical issues,school student,basic,low,214.3,sports enthusiast
CUST_05813,0.940750783,1,too expensive,college student,standard,low,425.51,binge watcher
CUST_05815,0.724091829,1,none,retired individual,standard,medium,442.99,sports enthusiast
CUST_05816,0.70676469,1,switched to competitor,college student,basic,high,225.45,casual viewer
CUST_05819,0.723443343,1,technical issues,college student,standard,low,433.03,binge watcher
CUST_05820,0.761764027,1,technical issues,retired individual,basic,medium,276.75,sports enthusiast
CUST_05821,0.86263,1,no time to watch,working professional,standard,high,335.95,sports enthusiast
CUST_05822,0.902254815,1,no time to watch,working professional,standard,low,368.43,casual viewer
CUST_05823,0.710569365,1,technical issues,working professional,standard,medium,382.41,sports enthusiast
CUST_05824,0.778827526,1,content not interesting,college student,standard,high,429.27,binge watcher
CUST_05826,0.786134383,1,too expensive,school student,standard,high,408.23,binge watcher
CUST_05829,0.810812238,1,too expensive,college student,premium,high,623.1,binge watcher
CUST_05830,0.850775309,1,technical issues,retired individual,standard,low,380,casual viewer
CUST_05831,0.794849744,1,technical issues,college student,basic,medium,167.58,sports enthusiast
CUST_05832,0.780081764,1,technical issues,school student,basic,medium,176.02,casual viewer
CUST_05833,0.794747793,1,none,working professional,basic,high,210.64,casual viewer
CUST_05834,0.873915287,1,too expensive,working professional,basic,high,193.54,casual viewer
CUST_05835,0.839784555,1,none,retired individual,standard,high,350.31,news junkie
CUST_05836,0.900699711,1,too expensive,school student,premium,low,701.15,casual viewer
CUST_05839,0.814376292,1,too expensive,college student,standard,low,390.22,sports enthusiast
CUST_05840,0.814634272,1,technical issues,college student,basic,medium,243.5,sports enthusiast
CUST_05841,0.861153967,1,too expensive,retired individual,basic,low,216.12,casual viewer
CUST_05842,0.735760514,1,too expensive,retired individual,premium,medium,686.11,news junkie
CUST_05844,0.711235527,1,switched to competitor,college student,standard,high,359.43,sports enthusiast
CUST_05845,0.852901028,1,too expensive,retired individual,basic,high,217.53,family viewer
CUST_05848,0.711170797,1,none,college student,premium,high,778.6,casual viewer
CUST_05849,0.739174739,1,too expensive,retired individual,premium,high,685.21,news junkie
CUST_05850,0.708491341,1,none,college student,standard,high,400.65,casual viewer
CUST_05851,0.766011119,1,none,college student,standard,high,386.31,binge watcher
CUST_05852,0.862670802,1,too expensive,working professional,basic,high,173.57,binge watcher
CUST_05853,0.827417395,1,no time to watch,working professional,standard,high,438.5,sports enthusiast
CUST_05855,0.832290554,1,none,working professional,standard,high,451.18,binge watcher
CUST_05856,0.78405453,1,none,working professional,standard,medium,450.47,casual viewer
CUST_05857,0.930964862,1,no time to watch,college student,standard,low,385.55,casual viewer
CUST_05859,0.706289265,1,no time to watch,working professional,standard,high,351.06,family viewer
CUST_05861,0.839246476,1,switched to competitor,retired individual,basic,high,209.2,news junkie
CUST_05863,0.700413356,1,technical issues,school student,basic,medium,273.42,family viewer
CUST_05864,0.803700834,1,technical issues,college student,basic,low,170.78,sports enthusiast
CUST_05865,0.846437011,1,too expensive,college student,premium,low,630.02,binge watcher
CUST_05867,0.894863507,1,too expensive,college student,premium,medium,770.11,binge watcher
CUST_05869,0.851457673,1,too expensive,college student,premium,high,690.58,binge watcher
CUST_05870,0.875691776,1,too expensive,working professional,premium,medium,610.66,news junkie
CUST_05871,0.737742106,1,switched to competitor,school student,standard,high,330.91,casual viewer
CUST_05872,0.851989918,1,technical issues,retired individual,standard,medium,399.58,casual viewer
CUST_05873,0.918748422,1,too expensive,retired individual,basic,low,218.89,news junkie
CUST_05874,0.813564202,1,too expensive,college student,premium,medium,736.33,sports enthusiast
CUST_05875,0.809217464,1,technical issues,retired individual,standard,medium,491.28,sports enthusiast
CUST_05876,0.798081646,1,none,college student,standard,high,334.89,family viewer
CUST_05877,0.86688808,1,none,retired individual,premium,high,651.5,binge watcher
CUST_05878,0.834504253,1,too expensive,school student,premium,high,612.2,binge watcher
CUST_05879,0.751632232,1,too expensive,college student,premium,high,681.8,family viewer
CUST_05880,0.856310613,1,technical issues,college student,basic,low,157.47,binge watcher
CUST_05883,0.818462255,1,technical issues,retired individual,basic,medium,194.05,binge watcher
CUST_05884,0.855556527,1,technical issues,school student,standard,medium,395.67,family viewer
CUST_05885,0.791819187,1,technical issues,school student,basic,low,215.88,binge watcher
CUST_05886,0.851879609,1,none,working professional,standard,high,352.17,casual viewer
CUST_05887,0.733058586,1,too expensive,college student,standard,high,384.92,sports enthusiast
CUST_05888,0.847181378,1,none,working professional,basic,high,195.04,casual viewer
CUST_05889,0.896575172,1,technical issues,school student,standard,low,456.48,family viewer
CUST_05890,0.727894219,1,technical issues,college student,standard,medium,405.31,sports enthusiast
CUST_05891,0.926393416,1,content not interesting,college student,basic,high,193.3,sports enthusiast
CUST_05892,0.933078255,1,too expensive,college student,premium,high,649.66,family viewer
CUST_05893,0.747125817,1,too expensive,school student,premium,high,621.06,casual viewer
CUST_05894,0.915775164,1,no time to watch,working professional,standard,low,360.06,casual viewer
CUST_05895,0.880252994,1,technical issues,retired individual,standard,low,341.44,sports enthusiast
CUST_05896,0.816615642,1,too expensive,retired individual,standard,medium,404.08,news junkie
CUST_05897,0.784676423,1,no time to watch,retired individual,standard,low,376.26,casual viewer
CUST_05898,0.861890065,1,none,college student,basic,low,168.95,binge watcher
CUST_05899,0.828105583,1,no time to watch,college student,basic,low,235.69,news junkie
CUST_05900,0.827548699,1,none,retired individual,premium,medium,780.77,family viewer
CUST_05901,0.877772322,1,too expensive,retired individual,standard,low,422.23,binge watcher
CUST_05904,0.712235754,1,none,retired individual,basic,medium,194.08,news junkie
CUST_05906,0.755673832,1,technical issues,college student,standard,medium,412.33,casual viewer
CUST_05908,0.793238605,1,technical issues,working professional,standard,medium,387.89,casual viewer
CUST_05909,0.871848918,1,too expensive,working professional,standard,high,378.62,binge watcher
CUST_05910,0.855099897,1,too expensive,college student,premium,high,781.96,family viewer
CUST_05911,0.787942025,1,none,college student,premium,high,708.96,family viewer
CUST_05912,0.826209373,1,too expensive,retired individual,premium,high,737.62,sports enthusiast
CUST_05913,0.850771191,1,too expensive,retired individual,standard,medium,386.73,sports enthusiast
CUST_05915,0.848737625,1,technical issues,college student,basic,low,189.36,casual viewer
CUST_05916,0.861615316,1,no time to watch,retired individual,basic,low,244.4,news junkie
CUST_05917,0.898783373,1,no time to watch,working professional,basic,low,193.11,sports enthusiast
CUST_05919,0.737521832,1,too expensive,college student,basic,high,217.82,casual viewer
CUST_05920,0.892602206,1,too expensive,retired individual,basic,medium,178.16,family viewer
CUST_05921,0.804038022,1,technical issues,college student,standard,medium,381.62,sports enthusiast
CUST_05922,0.826088113,1,none,college student,standard,high,379.91,binge watcher
CUST_05923,0.925968151,1,too expensive,school student,standard,low,362,binge watcher
CUST_05924,0.828372135,1,too expensive,retired individual,standard,high,407.06,family viewer
CUST_05925,0.70020674,1,none,college student,standard,medium,427.9,news junkie
CUST_05926,0.869489017,1,none,working professional,standard,high,400.14,binge watcher
CUST_05927,0.911752233,1,too expensive,working professional,basic,high,195.12,casual viewer
CUST_05929,0.855389489,1,too expensive,college student,premium,high,719.71,binge watcher
CUST_05930,0.728278635,1,technical issues,working professional,basic,medium,201.8,casual viewer
CUST_05931,0.822679285,1,technical issues,college student,standard,medium,349.32,casual viewer
CUST_05932,0.856237264,1,too expensive,college student,premium,low,643.08,news junkie
CUST_05933,0.833946389,1,too expensive,retired individual,premium,medium,622.44,family viewer
CUST_05936,0.854443005,1,content not interesting,working professional,standard,high,366.94,binge watcher
CUST_05937,0.901833287,1,too expensive,retired individual,premium,low,613.86,binge watcher
CUST_05939,0.847514931,1,none,retired individual,standard,high,403.14,binge watcher
CUST_05940,0.764687524,1,no time to watch,college student,standard,low,405.31,binge watcher
CUST_05941,0.824422127,1,technical issues,school student,basic,low,212.26,family viewer
CUST_05942,0.718164142,1,none,college student,standard,medium,419.36,family viewer
CUST_05943,0.701660374,1,none,college student,standard,high,389.52,news junkie
CUST_05945,0.905226882,1,too expensive,school student,standard,medium,407.23,family viewer
CUST_05946,0.812346596,1,none,working professional,standard,high,418.58,binge watcher
CUST_05947,0.801389026,1,no time to watch,college student,standard,low,367.7,binge watcher
CUST_05948,0.865699636,1,too expensive,school student,standard,low,361.5,news junkie
CUST_05949,0.813303911,1,too expensive,college student,premium,medium,723.63,binge watcher
CUST_05950,0.748849257,1,too expensive,college student,basic,high,207.13,binge watcher
CUST_05953,0.852664468,1,none,college student,standard,high,343.01,news junkie
CUST_05955,0.768008951,1,technical issues,school student,standard,medium,389.84,family viewer
CUST_05956,0.796567849,1,too expensive,working professional,premium,medium,638.9,binge watcher
CUST_05957,0.813956729,1,too expensive,working professional,basic,high,198.66,news junkie
CUST_05958,0.805435939,1,too expensive,college student,basic,high,217.46,news junkie
CUST_05960,0.806863463,1,too expensive,retired individual,premium,high,709.98,sports enthusiast
CUST_05963,0.915146068,1,too expensive,working professional,premium,high,793.58,binge watcher
CUST_05964,0.701506284,1,switched to competitor,college student,basic,high,226.05,binge watcher
CUST_05965,0.887041584,1,too expensive,college student,premium,low,606.17,binge watcher
CUST_05966,0.781817279,1,switched to competitor,retired individual,standard,high,366.64,binge watcher
CUST_05967,0.915362357,1,too expensive,college student,premium,medium,713.25,sports enthusiast
CUST_05968,0.866062863,1,too expensive,working professional,basic,medium,173.19,news junkie
CUST_05969,0.757895166,1,technical issues,retired individual,basic,medium,164.13,news junkie
CUST_05971,0.700284046,1,none,college student,standard,high,446.81,binge watcher
CUST_05972,0.929193742,1,too expensive,college student,standard,low,422.49,binge watcher
CUST_05973,0.789383655,1,none,college student,premium,high,596.74,casual viewer
CUST_05974,0.890275595,1,none,working professional,premium,high,745.87,news junkie
CUST_05976,0.805299352,1,technical issues,retired individual,standard,medium,374.91,casual viewer
CUST_05977,0.832269507,1,none,working professional,premium,high,610.8,sports enthusiast
CUST_05978,0.832145664,1,technical issues,retired individual,basic,medium,175.36,sports enthusiast
CUST_05980,0.890615662,1,too expensive,college student,premium,medium,753.83,binge watcher
CUST_05981,0.754773021,1,too expensive,college student,premium,high,745.83,casual viewer
CUST_05982,0.712225576,1,too expensive,college student,premium,high,781.52,family viewer
CUST_05983,0.902198397,1,too expensive,retired individual,premium,low,702.44,binge watcher
CUST_05984,0.808385053,1,technical issues,retired individual,standard,low,448.48,family viewer
CUST_05985,0.811441803,1,switched to competitor,working professional,basic,high,201.24,news junkie
CUST_05986,0.845545668,1,too expensive,working professional,premium,high,650.51,casual viewer
CUST_05987,0.856783703,1,no time to watch,college student,standard,high,364.05,casual viewer
CUST_05990,0.794957033,1,too expensive,college student,basic,low,203.63,casual viewer
CUST_05992,0.801956375,1,too expensive,retired individual,standard,high,423.92,binge watcher
CUST_05993,0.729026043,1,none,college student,basic,high,186.14,binge watcher
CUST_05994,0.906945233,1,too expensive,college student,premium,high,755.22,news junkie
CUST_05995,0.790531989,1,none,working professional,premium,medium,618.13,family viewer
CUST_05996,0.709608349,1,switched to competitor,working professional,basic,high,209.32,news junkie
CUST_05997,0.890853602,1,no time to watch,working professional,standard,high,476.33,news junkie
CUST_05998,0.89963703,1,too expensive,working professional,basic,medium,163.78,family viewer
CUST_05999,0.885959148,1,too expensive,retired individual,premium,medium,622.5,casual viewer
CUST_06000,0.804298657,1,too expensive,college student,premium,high,640.08,binge watcher
CUST_06001,0.856787074,1,too expensive,college student,basic,high,206.52,casual viewer
CUST_06002,0.812617562,1,no time to watch,working professional,standard,high,348.68,sports enthusiast
CUST_06003,0.876975543,1,none,retired individual,premium,medium,634.96,sports enthusiast
CUST_06004,0.92348576,1,too expensive,college student,standard,medium,390.25,sports enthusiast
CUST_06005,0.761381989,1,too expensive,retired individual,basic,medium,220.26,sports enthusiast
CUST_06006,0.851244068,1,too expensive,retired individual,premium,low,757.42,family viewer
CUST_06007,0.923073085,1,too expensive,retired individual,basic,low,223.78,sports enthusiast
CUST_06008,0.870187914,1,none,working professional,standard,high,447.66,family viewer
CUST_06009,0.790541168,1,too expensive,college student,standard,medium,349.87,news junkie
CUST_06010,0.807320056,1,technical issues,college student,basic,medium,176.29,sports enthusiast
CUST_06012,0.916221986,1,no time to watch,college student,standard,medium,435.17,casual viewer
CUST_06013,0.831309015,1,none,school student,standard,medium,462.74,casual viewer
CUST_06014,0.748308394,1,no time to watch,college student,standard,high,386.18,news junkie
CUST_06015,0.94189314,1,no time to watch,retired individual,basic,low,206.47,binge watcher
CUST_06016,0.880930677,1,no time to watch,retired individual,basic,low,229.14,sports enthusiast
CUST_06017,0.751010038,1,switched to competitor,retired individual,basic,high,246.95,binge watcher
CUST_06018,0.803976943,1,too expensive,retired individual,premium,high,694.95,casual viewer
CUST_06019,0.8891244,1,too expensive,retired individual,standard,medium,446.17,family viewer
CUST_06020,0.856257442,1,too expensive,college student,basic,medium,173.78,binge watcher
CUST_06023,0.763445283,1,technical issues,college student,basic,low,233.07,binge watcher
CUST_06024,0.91720809,1,too expensive,retired individual,basic,low,198.51,binge watcher
CUST_06025,0.903259394,1,none,school student,premium,medium,769.31,sports enthusiast
CUST_06026,0.797673797,1,technical issues,retired individual,basic,low,211.18,casual viewer
CUST_06027,0.747594143,1,technical issues,college student,standard,medium,374.45,family viewer
CUST_06028,0.821543625,1,too expensive,college student,premium,medium,795.46,binge watcher
CUST_06029,0.776771443,1,none,retired individual,premium,high,766.41,binge watcher
CUST_06031,0.828960763,1,no time to watch,retired individual,standard,low,429,binge watcher
CUST_06032,0.793584032,1,none,college student,basic,high,200.9,casual viewer
CUST_06033,0.763784757,1,none,college student,standard,high,458.33,family viewer
CUST_06034,0.726294698,1,too expensive,school student,standard,medium,417.38,casual viewer
CUST_06035,0.91898773,1,too expensive,retired individual,standard,low,402.21,casual viewer
CUST_06036,0.924503928,1,too expensive,working professional,basic,low,240.47,binge watcher
CUST_06037,0.945635612,1,too expensive,retired individual,premium,low,667.15,sports enthusiast
CUST_06038,0.775101712,1,too expensive,college student,standard,high,360.57,sports enthusiast
CUST_06039,0.738199739,1,too expensive,school student,premium,medium,797.95,news junkie
CUST_06041,0.826511063,1,none,working professional,premium,high,683.98,news junkie
CUST_06042,0.889260574,1,technical issues,college student,basic,medium,204.61,casual viewer
CUST_06043,0.7127958,1,none,college student,standard,medium,383.92,binge watcher
CUST_06044,0.890691661,1,too expensive,college student,premium,high,694.05,sports enthusiast
CUST_06045,0.839457453,1,no time to watch,college student,basic,high,165.13,binge watcher
CUST_06046,0.887924487,1,too expensive,school student,premium,medium,694.95,family viewer
CUST_06047,0.824514506,1,too expensive,retired individual,basic,high,222.44,news junkie
CUST_06048,0.79416588,1,none,school student,standard,medium,443.13,binge watcher
CUST_06050,0.858691697,1,too expensive,school student,premium,low,768.51,casual viewer
CUST_06052,0.882066789,1,too expensive,college student,premium,low,643.89,family viewer
CUST_06053,0.871985645,1,technical issues,retired individual,basic,low,215.11,news junkie
CUST_06054,0.855430498,1,technical issues,college student,basic,low,195.94,binge watcher
CUST_06055,0.750018738,1,too expensive,college student,premium,high,753.22,sports enthusiast
CUST_06057,0.842378043,1,too expensive,school student,standard,high,428.94,news junkie
CUST_06058,0.934058818,1,too expensive,retired individual,premium,medium,654.2,family viewer
CUST_06059,0.892951598,1,too expensive,college student,basic,low,205.44,casual viewer
CUST_06060,0.930829864,1,too expensive,working professional,basic,low,232.43,sports enthusiast
CUST_06061,0.7273622,1,none,college student,basic,high,184.75,binge watcher
CUST_06062,0.892992535,1,no time to watch,working professional,standard,low,426.77,sports enthusiast
CUST_06063,0.910935876,1,too expensive,working professional,standard,low,437.58,family viewer
CUST_06065,0.84732457,1,too expensive,college student,standard,high,452.87,news junkie
CUST_06066,0.778810963,1,too expensive,school student,premium,medium,720.89,family viewer
CUST_06067,0.702565375,1,content not interesting,school student,basic,high,194.87,news junkie
CUST_06068,0.775451803,1,too expensive,school student,basic,high,201.12,news junkie
CUST_06069,0.87214228,1,too expensive,working professional,standard,high,452.61,casual viewer
CUST_06070,0.876515011,1,too expensive,retired individual,basic,high,172.92,casual viewer
CUST_06071,0.741293752,1,none,college student,standard,high,397,binge watcher
CUST_06072,0.896419026,1,too expensive,college student,standard,medium,371.33,sports enthusiast
CUST_06073,0.920493902,1,no time to watch,working professional,basic,low,193.79,casual viewer
CUST_06074,0.805387084,1,too expensive,school student,premium,high,631.46,sports enthusiast
CUST_06075,0.84276151,1,too expensive,school student,standard,high,377.58,sports enthusiast
CUST_06076,0.832717205,1,too expensive,college student,premium,high,763.53,binge watcher
CUST_06077,0.898249047,1,technical issues,college student,standard,low,407.7,casual viewer
CUST_06078,0.746905983,1,too expensive,retired individual,premium,high,612.4,news junkie
CUST_06079,0.765334751,1,switched to competitor,college student,standard,high,374,family viewer
CUST_06080,0.83708818,1,too expensive,college student,premium,high,793.84,family viewer
CUST_06081,0.930729373,1,too expensive,college student,premium,low,784.86,binge watcher
CUST_06082,0.747328735,1,no time to watch,college student,standard,high,365.2,casual viewer
CUST_06083,0.936670252,1,too expensive,college student,basic,low,170.51,casual viewer
CUST_06084,0.901366618,1,too expensive,college student,basic,low,244.33,casual viewer
CUST_06086,0.739354638,1,none,working professional,basic,medium,151.31,family viewer
CUST_06087,0.871171783,1,too expensive,college student,premium,high,658.39,sports enthusiast
CUST_06088,0.906183005,1,too expensive,working professional,premium,high,628.71,binge watcher
CUST_06089,0.901975856,1,too expensive,school student,premium,medium,716.88,binge watcher
CUST_06090,0.849822366,1,too expensive,working professional,premium,medium,604.88,binge watcher
CUST_06091,0.840845957,1,technical issues,college student,basic,low,186.45,sports enthusiast
CUST_06092,0.874228845,1,none,working professional,standard,high,395.24,family viewer
CUST_06094,0.831525295,1,too expensive,college student,premium,low,771.21,news junkie
CUST_06095,0.918321166,1,technical issues,college student,standard,low,399.5,binge watcher
CUST_06096,0.882239983,1,technical issues,school student,standard,low,416.03,binge watcher
CUST_06097,0.797008669,1,none,college student,basic,low,216.77,binge watcher
CUST_06099,0.787771785,1,no time to watch,college student,standard,medium,429.7,news junkie
CUST_06100,0.959816011,1,too expensive,working professional,basic,low,199.51,news junkie
CUST_06102,0.843764179,1,content not interesting,college student,basic,high,224.35,binge watcher
CUST_06103,0.813684603,1,too expensive,retired individual,premium,medium,697.72,casual viewer
CUST_06104,0.735035553,1,too expensive,retired individual,premium,high,687.56,family viewer
CUST_06105,0.880508384,1,too expensive,working professional,premium,high,607.36,news junkie
CUST_06107,0.756038284,1,technical issues,retired individual,standard,low,410.85,casual viewer
CUST_06108,0.809645097,1,none,college student,basic,medium,170.75,binge watcher
CUST_06109,0.819074437,1,switched to competitor,college student,basic,high,216.97,binge watcher
CUST_06110,0.811570731,1,technical issues,college student,standard,medium,420.54,sports enthusiast
CUST_06111,0.705842341,1,technical issues,working professional,basic,low,204.03,family viewer
CUST_06112,0.810939716,1,too expensive,college student,standard,high,418.65,news junkie
CUST_06113,0.743922033,1,too expensive,retired individual,premium,high,752.66,family viewer
CUST_06114,0.804723283,1,no time to watch,retired individual,standard,high,333.51,family viewer
CUST_06115,0.784365447,1,none,retired individual,standard,medium,387.17,family viewer
CUST_06116,0.728764761,1,none,working professional,standard,high,365.41,news junkie
CUST_06118,0.729205671,1,content not interesting,school student,standard,high,341.31,casual viewer
CUST_06119,0.714124846,1,none,working professional,standard,high,357.29,binge watcher
CUST_06121,0.86329446,1,none,retired individual,basic,low,189.16,family viewer
CUST_06122,0.797148134,1,content not interesting,working professional,standard,high,391.23,casual viewer
CUST_06123,0.885032385,1,no time to watch,retired individual,standard,low,408.54,casual viewer
CUST_06124,0.715670309,1,too expensive,retired individual,premium,high,699.42,news junkie
CUST_06125,0.798690956,1,technical issues,working professional,standard,low,376.51,binge watcher
CUST_06126,0.761305517,1,none,working professional,standard,high,436.3,sports enthusiast
CUST_06127,0.802865082,1,technical issues,college student,basic,medium,199.98,family viewer
CUST_06128,0.874403722,1,too expensive,working professional,standard,high,410.48,binge watcher
CUST_06129,0.920954998,1,no time to watch,working professional,premium,medium,589.84,binge watcher
CUST_06130,0.883967212,1,content not interesting,college student,basic,high,258.68,binge watcher
CUST_06131,0.952829686,1,too expensive,working professional,basic,low,204.28,sports enthusiast
CUST_06132,0.894667671,1,too expensive,retired individual,basic,medium,168.42,news junkie
CUST_06133,0.732825731,1,content not interesting,college student,basic,high,162.49,news junkie
CUST_06135,0.721891577,1,technical issues,retired individual,standard,medium,355.62,family viewer
CUST_06136,0.850395626,1,technical issues,retired individual,basic,medium,205.45,sports enthusiast
CUST_06137,0.704183889,1,technical issues,college student,standard,low,405.46,sports enthusiast
CUST_06138,0.881384765,1,too expensive,retired individual,standard,medium,450.58,casual viewer
CUST_06139,0.812169953,1,too expensive,school student,premium,high,679.7,news junkie
CUST_06140,0.720269206,1,too expensive,retired individual,premium,medium,656.99,family viewer
CUST_06141,0.88262111,1,no time to watch,working professional,standard,low,339.48,news junkie
CUST_06142,0.926378802,1,too expensive,working professional,basic,high,156.7,family viewer
CUST_06144,0.700135839,1,technical issues,college student,basic,medium,182.77,sports enthusiast
CUST_06146,0.736832952,1,switched to competitor,college student,standard,high,350.36,binge watcher
CUST_06147,0.928688229,1,none,college student,premium,low,680.63,news junkie
CUST_06149,0.795869379,1,too expensive,retired individual,basic,high,190.93,casual viewer
CUST_06150,0.783230618,1,no time to watch,college student,standard,high,357.67,news junkie
CUST_06151,0.79165641,1,too expensive,retired individual,premium,high,776.54,news junkie
CUST_06152,0.915460199,1,no time to watch,working professional,basic,low,229.71,news junkie
CUST_06153,0.751728818,1,too expensive,college student,basic,high,193.57,family viewer
CUST_06154,0.911244924,1,too expensive,working professional,premium,low,641.45,sports enthusiast
CUST_06155,0.846372224,1,none,working professional,standard,medium,431.74,casual viewer
CUST_06156,0.829465214,1,too expensive,college student,premium,high,760.22,news junkie
CUST_06157,0.908949898,1,no time to watch,school student,basic,high,220.89,sports enthusiast
CUST_06158,0.89286852,1,too expensive,school student,standard,medium,441.52,family viewer
CUST_06159,0.898355844,1,too expensive,school student,standard,high,369.01,binge watcher
CUST_06160,0.826308938,1,no time to watch,college student,premium,medium,573.48,news junkie
CUST_06161,0.89159122,1,technical issues,retired individual,standard,low,423.37,casual viewer
CUST_06162,0.747894657,1,too expensive,college student,premium,high,712.32,family viewer
CUST_06163,0.834290074,1,too expensive,college student,basic,low,208.38,sports enthusiast
CUST_06164,0.864763527,1,too expensive,working professional,standard,high,451.72,binge watcher
CUST_06165,0.883815419,1,too expensive,college student,standard,medium,396.22,family viewer
CUST_06166,0.797734484,1,too expensive,college student,premium,high,773.62,sports enthusiast
CUST_06167,0.939471635,1,too expensive,working professional,standard,low,379.02,sports enthusiast
CUST_06168,0.804562108,1,technical issues,college student,standard,low,357.1,binge watcher
CUST_06169,0.94633684,1,too expensive,working professional,standard,low,449.87,sports enthusiast
CUST_06171,0.879573172,1,none,working professional,standard,medium,339.78,sports enthusiast
CUST_06172,0.882005228,1,too expensive,school student,standard,high,355.01,casual viewer
CUST_06173,0.807579311,1,technical issues,retired individual,standard,medium,431.27,family viewer
CUST_06174,0.893572761,1,no time to watch,school student,standard,low,404.05,casual viewer
CUST_06175,0.826938233,1,technical issues,retired individual,standard,low,367.52,family viewer
CUST_06176,0.864757037,1,too expensive,college student,premium,medium,702.52,casual viewer
CUST_06177,0.716078169,1,technical issues,college student,standard,low,355.82,casual viewer
CUST_06178,0.871686264,1,no time to watch,working professional,standard,low,342.24,casual viewer
CUST_06179,0.927879963,1,too expensive,school student,basic,low,221.42,sports enthusiast
CUST_06181,0.719366976,1,technical issues,college student,basic,medium,213.35,sports enthusiast
CUST_06182,0.785863458,1,none,college student,standard,high,384.49,family viewer
CUST_06183,0.859061739,1,too expensive,college student,premium,high,777.5,news junkie
CUST_06184,0.88020309,1,too expensive,retired individual,basic,high,172.94,casual viewer
CUST_06187,0.733882678,1,too expensive,college student,standard,high,428.45,sports enthusiast
CUST_06188,0.805419503,1,technical issues,retired individual,basic,low,216.51,binge watcher
CUST_06189,0.919093312,1,too expensive,college student,standard,high,463.34,casual viewer
CUST_06190,0.713674076,1,technical issues,college student,basic,low,197.99,family viewer
CUST_06191,0.8834083,1,too expensive,college student,standard,high,366.1,sports enthusiast
CUST_06192,0.733215056,1,too expensive,school student,premium,high,712.05,sports enthusiast
CUST_06193,0.894608498,1,too expensive,working professional,basic,low,200.29,casual viewer
CUST_06194,0.871041008,1,too expensive,college student,standard,low,410.16,casual viewer
CUST_06195,0.753822136,1,too expensive,retired individual,standard,high,370.57,news junkie
CUST_06196,0.867471931,1,too expensive,college student,premium,medium,635.51,casual viewer
CUST_06197,0.757643751,1,none,retired individual,basic,high,222.66,news junkie
CUST_06198,0.852552899,1,too expensive,working professional,premium,medium,813.24,sports enthusiast
CUST_06199,0.878114609,1,technical issues,retired individual,standard,low,446.51,binge watcher
CUST_06200,0.794632333,1,none,college student,premium,medium,756.8,casual viewer
CUST_06201,0.81152968,1,none,school student,basic,high,211.1,binge watcher
CUST_06202,0.798208449,1,too expensive,college student,premium,high,711.69,family viewer
CUST_06203,0.833094512,1,none,college student,basic,low,177.11,binge watcher
CUST_06204,0.825217502,1,too expensive,working professional,premium,high,700.16,binge watcher
CUST_06205,0.823898154,1,too expensive,school student,premium,low,700.33,sports enthusiast
CUST_06206,0.92854907,1,none,working professional,premium,low,693.47,casual viewer
CUST_06207,0.757950269,1,technical issues,college student,standard,medium,335.3,news junkie
CUST_06208,0.775324876,1,too expensive,college student,standard,high,451.58,binge watcher
CUST_06209,0.755576545,1,content not interesting,retired individual,basic,high,152.78,sports enthusiast
CUST_06210,0.701943751,1,too expensive,retired individual,premium,high,610.42,binge watcher
CUST_06212,0.814347056,1,too expensive,college student,premium,medium,789.87,sports enthusiast
CUST_06213,0.908828284,1,too expensive,working professional,premium,high,798.65,binge watcher
CUST_06214,0.84182548,1,technical issues,school student,basic,medium,183.89,family viewer
CUST_06215,0.921575552,1,too expensive,college student,standard,low,351.06,news junkie
CUST_06216,0.927699994,1,too expensive,working professional,premium,low,796.01,binge watcher
CUST_06219,0.811564849,1,too expensive,working professional,basic,high,209.53,news junkie
CUST_06220,0.879556763,1,no time to watch,working professional,basic,low,206.05,sports enthusiast
CUST_06223,0.810144692,1,too expensive,college student,premium,high,659.53,casual viewer
CUST_06224,0.826191118,1,too expensive,retired individual,standard,medium,373.79,sports enthusiast
CUST_06225,0.957597394,1,too expensive,retired individual,premium,low,754.23,sports enthusiast
CUST_06226,0.846310363,1,too expensive,college student,premium,low,777.02,casual viewer
CUST_06227,0.724329882,1,none,college student,standard,high,371.55,family viewer
CUST_06228,0.888645405,1,too expensive,working professional,standard,low,382.74,sports enthusiast
CUST_06229,0.737074145,1,none,retired individual,basic,medium,230.42,casual viewer
CUST_06230,0.758643737,1,no time to watch,college student,standard,high,419.48,sports enthusiast
CUST_06231,0.884139481,1,too expensive,retired individual,premium,low,744.26,casual viewer
CUST_06232,0.889748662,1,too expensive,working professional,premium,high,611.42,binge watcher
CUST_06233,0.732110335,1,switched to competitor,college student,standard,high,385.39,binge watcher
CUST_06234,0.816150408,1,none,college student,standard,high,338.83,binge watcher
CUST_06235,0.902377679,1,none,working professional,basic,high,206.75,sports enthusiast
CUST_06236,0.922565423,1,too expensive,working professional,standard,medium,460.1,sports enthusiast
CUST_06238,0.902456934,1,too expensive,working professional,standard,high,463.95,binge watcher
CUST_06239,0.850166807,1,none,working professional,standard,low,388.97,sports enthusiast
CUST_06240,0.834008414,1,too expensive,school student,premium,medium,640.85,sports enthusiast
CUST_06241,0.727108692,1,none,working professional,standard,high,437.56,family viewer
CUST_06243,0.922925377,1,too expensive,college student,premium,high,781.54,casual viewer
CUST_06245,0.722526611,1,too expensive,retired individual,premium,medium,697.34,binge watcher
CUST_06247,0.861621853,1,too expensive,college student,standard,high,408.94,news junkie
CUST_06248,0.827692976,1,too expensive,working professional,standard,high,334.05,news junkie
CUST_06249,0.857985076,1,too expensive,college student,premium,low,627.31,family viewer
CUST_06250,0.802134347,1,content not interesting,college student,basic,high,202.61,binge watcher
CUST_06251,0.879431291,1,none,college student,premium,high,785.71,family viewer
CUST_06252,0.855296695,1,content not interesting,retired individual,basic,high,207.75,binge watcher
CUST_06253,0.858112567,1,content not interesting,college student,basic,high,164.28,news junkie
CUST_06254,0.962132245,1,too expensive,college student,basic,low,195.65,news junkie
CUST_06256,0.932176279,1,too expensive,working professional,standard,low,449.38,sports enthusiast
CUST_06257,0.823757307,1,content not interesting,college student,standard,high,390.25,casual viewer
CUST_06260,0.808419127,1,too expensive,school student,premium,low,770.59,binge watcher
CUST_06261,0.781202684,1,none,school student,basic,medium,207.23,binge watcher
CUST_06262,0.841859729,1,none,college student,standard,high,398.98,family viewer
CUST_06263,0.721510033,1,technical issues,college student,standard,low,386.14,family viewer
CUST_06264,0.752985489,1,no time to watch,working professional,standard,high,429.73,sports enthusiast
CUST_06265,0.830347032,1,none,college student,premium,high,765.79,casual viewer
CUST_06266,0.727853331,1,none,working professional,standard,high,423.74,sports enthusiast
CUST_06268,0.856554076,1,too expensive,working professional,premium,medium,709.69,casual viewer
CUST_06269,0.840659501,1,technical issues,college student,basic,medium,229.07,binge watcher
CUST_06270,0.784553536,1,no time to watch,college student,basic,medium,168.44,family viewer
CUST_06271,0.928436665,1,too expensive,working professional,premium,high,704.26,binge watcher
CUST_06272,0.898187004,1,too expensive,college student,premium,medium,672.2,binge watcher
CUST_06273,0.95934515,1,too expensive,working professional,basic,medium,169.71,family viewer
CUST_06274,0.771161754,1,too expensive,college student,premium,high,625.15,sports enthusiast
CUST_06276,0.808690445,1,no time to watch,retired individual,basic,high,222.18,binge watcher
CUST_06278,0.913656382,1,no time to watch,retired individual,standard,low,485.81,binge watcher
CUST_06279,0.711102091,1,too expensive,retired individual,premium,low,720.23,family viewer
CUST_06280,0.846845802,1,too expensive,college student,premium,medium,643.07,news junkie
CUST_06281,0.846360793,1,technical issues,college student,standard,low,451.55,family viewer
CUST_06282,0.909989521,1,too expensive,retired individual,premium,low,645.5,casual viewer
CUST_06283,0.792050478,1,technical issues,retired individual,standard,low,380.93,news junkie
CUST_06284,0.85418473,1,too expensive,working professional,standard,high,406.06,family viewer
CUST_06285,0.921917708,1,too expensive,school student,basic,low,195.15,casual viewer
CUST_06286,0.848245441,1,none,retired individual,standard,low,452.75,sports enthusiast
CUST_06287,0.840914439,1,technical issues,retired individual,basic,medium,166.69,sports enthusiast
CUST_06288,0.834752418,1,none,college student,premium,high,745.19,family viewer
CUST_06289,0.933919491,1,no time to watch,college student,standard,low,392.57,family viewer
CUST_06290,0.749308206,1,too expensive,retired individual,basic,medium,190.18,family viewer
CUST_06291,0.815151503,1,too expensive,college student,basic,high,211.18,casual viewer
CUST_06292,0.713032329,1,content not interesting,college student,standard,high,356.24,news junkie
CUST_06294,0.942803081,1,too expensive,retired individual,standard,low,421.52,binge watcher
CUST_06295,0.816994704,1,too expensive,college student,premium,high,726.81,news junkie
CUST_06296,0.77253687,1,too expensive,school student,premium,high,727.61,sports enthusiast
CUST_06297,0.778869241,1,technical issues,college student,basic,medium,242.81,sports enthusiast
CUST_06298,0.86468723,1,too expensive,retired individual,basic,high,173.97,sports enthusiast
CUST_06299,0.755585914,1,no time to watch,working professional,basic,low,184.94,binge watcher
CUST_06300,0.80422715,1,no time to watch,retired individual,standard,medium,405.19,news junkie
CUST_06301,0.848563096,1,no time to watch,school student,standard,low,407.08,sports enthusiast
CUST_06302,0.981888736,1,too expensive,working professional,standard,low,418.05,casual viewer
CUST_06303,0.847364716,1,too expensive,college student,premium,low,737.06,family viewer
CUST_06304,0.744240399,1,none,school student,premium,low,683.35,casual viewer
CUST_06305,0.85822675,1,too expensive,retired individual,premium,medium,768.52,sports enthusiast
CUST_06306,0.891419411,1,content not interesting,retired individual,standard,high,467.74,news junkie
CUST_06307,0.723548918,1,too expensive,retired individual,premium,high,615.17,binge watcher
CUST_06309,0.962004992,1,too expensive,working professional,standard,low,467.74,binge watcher
CUST_06310,0.726077371,1,too expensive,college student,premium,medium,605.42,sports enthusiast
CUST_06312,0.81061927,1,none,working professional,standard,medium,393.62,binge watcher
CUST_06313,0.902492652,1,too expensive,working professional,premium,high,767.45,binge watcher
CUST_06314,0.781778606,1,too expensive,retired individual,premium,medium,765.1,sports enthusiast
CUST_06315,0.73163993,1,none,working professional,standard,high,365.01,family viewer
CUST_06316,0.72617377,1,none,retired individual,basic,low,217.02,family viewer
CUST_06317,0.846701077,1,too expensive,retired individual,premium,high,603.33,news junkie
CUST_06318,0.94568482,1,too expensive,college student,standard,low,377.47,binge watcher
CUST_06321,0.774912857,1,none,college student,basic,high,244.32,binge watcher
CUST_06323,0.796501045,1,none,school student,premium,medium,682.34,binge watcher
CUST_06324,0.784598687,1,none,college student,standard,high,436.41,news junkie
CUST_06327,0.76143275,1,too expensive,college student,basic,high,211.72,casual viewer
CUST_06328,0.88170558,1,too expensive,college student,premium,high,637.68,binge watcher
CUST_06329,0.783501406,1,too expensive,working professional,premium,medium,745.4,family viewer
CUST_06330,0.778291394,1,technical issues,college student,standard,low,352.41,sports enthusiast
CUST_06331,0.744627687,1,too expensive,working professional,premium,medium,740.67,news junkie
CUST_06332,0.722004784,1,technical issues,retired individual,standard,medium,411.27,sports enthusiast
CUST_06335,0.789238821,1,too expensive,working professional,premium,high,711.39,family viewer
CUST_06337,0.850421305,1,too expensive,retired individual,premium,medium,712.42,casual viewer
CUST_06338,0.803625029,1,technical issues,college student,standard,medium,432.34,binge watcher
CUST_06339,0.89169792,1,technical issues,school student,basic,low,202.74,news junkie
CUST_06340,0.805848682,1,technical issues,college student,standard,low,409.24,casual viewer
CUST_06341,0.876195189,1,too expensive,college student,premium,high,600.82,family viewer
CUST_06342,0.748538361,1,too expensive,college student,premium,high,636.95,news junkie
CUST_06343,0.922320227,1,too expensive,retired individual,standard,low,349.2,casual viewer
CUST_06344,0.878399942,1,too expensive,college student,standard,high,363.01,casual viewer
CUST_06345,0.857458005,1,too expensive,college student,standard,low,352.53,sports enthusiast
CUST_06347,0.834533774,1,too expensive,working professional,premium,high,677.41,casual viewer
CUST_06348,0.727253186,1,too expensive,college student,basic,medium,198.85,sports enthusiast
CUST_06351,0.862356023,1,none,school student,premium,low,684.18,binge watcher
CUST_06352,0.804006025,1,too expensive,working professional,standard,high,438.06,family viewer
CUST_06353,0.710507287,1,no time to watch,retired individual,standard,high,396.42,binge watcher
CUST_06354,0.942558056,1,too expensive,college student,basic,high,228.49,family viewer
CUST_06355,0.939338985,1,too expensive,college student,premium,medium,685.85,family viewer
CUST_06356,0.818946768,1,too expensive,school student,premium,medium,619.41,binge watcher
CUST_06359,0.787733152,1,technical issues,college student,basic,low,216.69,binge watcher
CUST_06362,0.922836274,1,too expensive,retired individual,basic,high,197.24,news junkie
CUST_06363,0.802303357,1,too expensive,college student,premium,high,742.68,family viewer
CUST_06364,0.74389916,1,too expensive,retired individual,premium,high,751.66,sports enthusiast
CUST_06365,0.874017182,1,too expensive,working professional,standard,high,437.19,news junkie
CUST_06366,0.935523757,1,too expensive,working professional,premium,high,757.46,binge watcher
CUST_06367,0.915625686,1,too expensive,working professional,standard,high,367.26,news junkie
CUST_06368,0.747846416,1,too expensive,college student,premium,high,607.46,news junkie
CUST_06369,0.731042742,1,technical issues,retired individual,standard,low,421.62,binge watcher
CUST_06371,0.735482985,1,switched to competitor,college student,standard,high,393.84,sports enthusiast
CUST_06372,0.816549658,1,no time to watch,working professional,standard,high,445.11,sports enthusiast
CUST_06373,0.768458429,1,too expensive,college student,standard,high,417.16,news junkie
CUST_06374,0.767883548,1,technical issues,college student,standard,low,368.09,news junkie
CUST_06375,0.805010066,1,switched to competitor,college student,standard,high,436.26,family viewer
CUST_06376,0.758096421,1,none,college student,standard,high,440.57,news junkie
CUST_06377,0.872524944,1,technical issues,school student,basic,low,249.76,casual viewer
CUST_06378,0.705504504,1,technical issues,school student,basic,medium,173.49,news junkie
CUST_06379,0.74804185,1,too expensive,retired individual,standard,medium,375.01,binge watcher
CUST_06380,0.891516102,1,none,college student,premium,high,603.83,binge watcher
CUST_06381,0.847545224,1,too expensive,retired individual,basic,high,164.06,casual viewer
CUST_06382,0.706911237,1,none,college student,premium,high,634.67,sports enthusiast
CUST_06383,0.967971699,1,too expensive,college student,basic,low,186.94,sports enthusiast
CUST_06384,0.776787309,1,no time to watch,retired individual,basic,high,200.08,sports enthusiast
CUST_06386,0.804347191,1,too expensive,college student,basic,high,155.28,sports enthusiast
CUST_06388,0.765938273,1,none,college student,premium,high,731.27,family viewer
CUST_06389,0.857599782,1,too expensive,retired individual,standard,high,415.73,casual viewer
CUST_06390,0.739629915,1,none,college student,premium,medium,696.99,casual viewer
CUST_06391,0.703465248,1,content not interesting,working professional,standard,high,423.61,family viewer
CUST_06393,0.908236458,1,too expensive,retired individual,premium,medium,713.74,binge watcher
CUST_06394,0.90353598,1,too expensive,retired individual,basic,low,177.83,news junkie
CUST_06395,0.903413543,1,too expensive,working professional,basic,high,198.08,sports enthusiast
CUST_06396,0.89723047,1,no time to watch,working professional,standard,low,451.87,binge watcher
CUST_06397,0.924841245,1,none,retired individual,basic,high,231.01,family viewer
CUST_06399,0.911300861,1,too expensive,working professional,basic,high,147.62,news junkie
CUST_06400,0.86113928,1,too expensive,retired individual,standard,low,364.41,family viewer
CUST_06401,0.882503338,1,none,school student,premium,low,628.18,casual viewer
CUST_06402,0.755612369,1,none,college student,premium,high,622.33,family viewer
CUST_06403,0.845188786,1,none,retired individual,premium,high,630.2,family viewer
CUST_06404,0.843805945,1,too expensive,college student,premium,medium,745.73,sports enthusiast
CUST_06405,0.921928205,1,too expensive,working professional,basic,medium,186.05,news junkie
CUST_06407,0.765695939,1,technical issues,working professional,basic,low,230.04,sports enthusiast
CUST_06408,0.891716273,1,too expensive,college student,standard,medium,326.96,casual viewer
CUST_06409,0.806175324,1,too expensive,working professional,basic,high,144.76,binge watcher
CUST_06410,0.88422479,1,technical issues,retired individual,basic,low,206.15,family viewer
CUST_06412,0.707724113,1,none,college student,standard,high,427.79,sports enthusiast
CUST_06413,0.765923257,1,no time to watch,retired individual,standard,high,448.96,casual viewer
CUST_06414,0.876155834,1,too expensive,working professional,premium,high,798.11,sports enthusiast
CUST_06415,0.856008007,1,none,retired individual,basic,high,259.42,binge watcher
CUST_06416,0.80389357,1,none,working professional,basic,high,160.99,family viewer
CUST_06417,0.764576798,1,technical issues,college student,standard,low,436.83,news junkie
CUST_06418,0.85355413,1,none,retired individual,standard,low,460.15,family viewer
CUST_06419,0.82872541,1,no time to watch,school student,basic,low,186.91,family viewer
CUST_06420,0.931724305,1,too expensive,retired individual,standard,high,353.17,casual viewer
CUST_06421,0.953371316,1,no time to watch,working professional,basic,high,178.42,sports enthusiast
CUST_06423,0.920442904,1,too expensive,working professional,premium,medium,681.7,sports enthusiast
CUST_06425,0.826089613,1,too expensive,school student,basic,high,171.35,casual viewer
CUST_06426,0.883960252,1,too expensive,college student,standard,high,341.41,casual viewer
CUST_06427,0.889536498,1,too expensive,working professional,basic,high,224.17,news junkie
CUST_06429,0.787674924,1,too expensive,retired individual,premium,medium,774.09,news junkie
CUST_06430,0.88226582,1,too expensive,college student,premium,medium,612.44,binge watcher
CUST_06431,0.870121901,1,too expensive,college student,standard,medium,352.35,casual viewer
CUST_06434,0.911415193,1,too expensive,retired individual,premium,low,786.73,binge watcher
CUST_06435,0.780447293,1,content not interesting,college student,basic,high,191.36,casual viewer
CUST_06436,0.794392314,1,no time to watch,college student,standard,medium,365.04,sports enthusiast
CUST_06438,0.920792675,1,content not interesting,retired individual,standard,high,415.11,news junkie
CUST_06440,0.927326706,1,too expensive,college student,basic,high,224.44,sports enthusiast
CUST_06441,0.706258177,1,too expensive,college student,basic,high,223.43,binge watcher
CUST_06442,0.805915576,1,none,school student,basic,high,202.53,sports enthusiast
CUST_06443,0.807646669,1,too expensive,retired individual,premium,high,642.04,sports enthusiast
CUST_06444,0.873068606,1,too expensive,college student,standard,high,387.58,family viewer
CUST_06445,0.81721606,1,too expensive,working professional,premium,high,645.37,binge watcher
CUST_06447,0.913614842,1,none,retired individual,premium,medium,705.34,casual viewer
CUST_06448,0.886972749,1,too expensive,retired individual,standard,medium,373.34,casual viewer
CUST_06449,0.780273519,1,too expensive,college student,premium,medium,779.91,sports enthusiast
CUST_06450,0.794216425,1,too expensive,retired individual,standard,high,485.42,family viewer
CUST_06451,0.837512507,1,too expensive,college student,premium,high,797.05,sports enthusiast
CUST_06452,0.851694581,1,none,retired individual,standard,high,437.77,binge watcher
CUST_06453,0.843783851,1,too expensive,school student,standard,high,419.76,sports enthusiast
CUST_06454,0.906413567,1,too expensive,college student,standard,low,463.67,sports enthusiast
CUST_06455,0.744472845,1,content not interesting,retired individual,standard,high,412.43,casual viewer
CUST_06456,0.870094444,1,too expensive,retired individual,premium,medium,631.73,news junkie
CUST_06457,0.884547134,1,no time to watch,working professional,standard,low,403.64,binge watcher
CUST_06458,0.744363056,1,none,working professional,premium,medium,769.99,news junkie
CUST_06459,0.840381346,1,too expensive,retired individual,premium,medium,693.33,binge watcher
CUST_06461,0.851462673,1,too expensive,working professional,basic,low,192.6,family viewer
CUST_06462,0.727419357,1,technical issues,college student,basic,low,157.26,family viewer
CUST_06463,0.896817979,1,too expensive,college student,basic,high,253.67,sports enthusiast
CUST_06464,0.831188354,1,switched to competitor,college student,basic,high,151.32,casual viewer
CUST_06465,0.819127858,1,switched to competitor,school student,standard,high,402.72,sports enthusiast
CUST_06467,0.777187745,1,too expensive,retired individual,standard,medium,348.72,sports enthusiast
CUST_06468,0.919621753,1,no time to watch,school student,standard,high,449.08,sports enthusiast
CUST_06469,0.856197288,1,technical issues,college student,standard,low,366.96,family viewer
CUST_06470,0.707680336,1,switched to competitor,working professional,basic,high,202.57,family viewer
CUST_06471,0.753318953,1,none,retired individual,premium,high,765.16,family viewer
CUST_06472,0.75090723,1,too expensive,working professional,premium,high,674.46,binge watcher
CUST_06473,0.869359673,1,switched to competitor,school student,standard,high,339.39,family viewer
CUST_06475,0.87846066,1,none,working professional,standard,low,401.35,news junkie
CUST_06476,0.888490046,1,too expensive,working professional,standard,medium,397.8,sports enthusiast
CUST_06478,0.766353519,1,too expensive,working professional,premium,medium,757.99,binge watcher
CUST_06479,0.873174462,1,no time to watch,college student,standard,low,396.16,casual viewer
CUST_06481,0.950232268,1,too expensive,college student,standard,medium,459.23,casual viewer
CUST_06482,0.837677243,1,too expensive,college student,premium,low,636.79,casual viewer
CUST_06483,0.911534336,1,too expensive,college student,premium,medium,802.7,binge watcher
CUST_06485,0.810850017,1,technical issues,college student,basic,low,164.86,casual viewer
CUST_06486,0.809485909,1,too expensive,retired individual,standard,high,414.27,sports enthusiast
CUST_06487,0.783166066,1,too expensive,working professional,premium,high,773.09,casual viewer
CUST_06488,0.825985306,1,no time to watch,working professional,basic,high,162.77,sports enthusiast
CUST_06489,0.804262496,1,technical issues,working professional,standard,low,471.72,sports enthusiast
CUST_06490,0.865208799,1,too expensive,college student,standard,medium,376.32,binge watcher
CUST_06491,0.947352544,1,too expensive,college student,basic,high,208.53,casual viewer
CUST_06492,0.969742008,1,too expensive,school student,basic,low,194.69,casual viewer
CUST_06493,0.840221875,1,too expensive,working professional,premium,high,607.41,sports enthusiast
CUST_06494,0.864030915,1,too expensive,working professional,standard,medium,409.52,casual viewer
CUST_06495,0.89790846,1,too expensive,working professional,standard,low,382.85,casual viewer
CUST_06497,0.901497342,1,content not interesting,retired individual,basic,high,215.59,sports enthusiast
CUST_06498,0.89283036,1,none,working professional,basic,medium,155.72,binge watcher
CUST_06499,0.883960778,1,too expensive,college student,premium,low,664.2,sports enthusiast
CUST_06500,0.840230566,1,too expensive,college student,standard,medium,410.22,casual viewer
CUST_06501,0.83948674,1,too expensive,working professional,premium,medium,645.08,casual viewer
CUST_06502,0.70676375,1,technical issues,retired individual,basic,medium,218.99,sports enthusiast
CUST_06503,0.705128175,1,technical issues,college student,basic,medium,179.2,news junkie
CUST_06504,0.841598229,1,technical issues,working professional,standard,medium,376.72,family viewer
CUST_06505,0.874847379,1,too expensive,retired individual,standard,medium,442.69,binge watcher
CUST_06506,0.858700274,1,too expensive,working professional,premium,medium,796.84,family viewer
CUST_06508,0.742021807,1,too expensive,retired individual,premium,medium,627.09,sports enthusiast
CUST_06509,0.758679949,1,no time to watch,working professional,standard,high,381.97,family viewer
CUST_06511,0.901515584,1,no time to watch,school student,standard,high,431.57,casual viewer
CUST_06512,0.75112951,1,switched to competitor,college student,basic,high,188.65,family viewer
CUST_06513,0.904404535,1,too expensive,working professional,premium,low,797.86,family viewer
CUST_06514,0.807877575,1,none,college student,standard,low,435.4,family viewer
CUST_06516,0.827881663,1,no time to watch,college student,standard,medium,421.69,family viewer
CUST_06517,0.799621972,1,technical issues,working professional,standard,medium,367.94,news junkie
CUST_06518,0.767044927,1,no time to watch,working professional,standard,high,388.19,casual viewer
CUST_06520,0.720072448,1,no time to watch,working professional,standard,medium,362.13,casual viewer
CUST_06521,0.863573275,1,technical issues,working professional,basic,medium,251.32,news junkie
CUST_06522,0.736657207,1,no time to watch,college student,basic,medium,224.5,casual viewer
CUST_06524,0.900708046,1,too expensive,college student,premium,low,798.31,sports enthusiast
CUST_06526,0.802950089,1,none,retired individual,premium,low,700.52,binge watcher
CUST_06527,0.760024663,1,none,college student,basic,medium,205.2,news junkie
CUST_06528,0.834442671,1,too expensive,retired individual,standard,high,407.06,family viewer
CUST_06530,0.892836529,1,none,college student,basic,high,188.09,news junkie
CUST_06531,0.91707371,1,no time to watch,working professional,standard,medium,400.65,sports enthusiast
CUST_06532,0.817552649,1,too expensive,college student,premium,high,776.34,casual viewer
CUST_06533,0.89939457,1,too expensive,college student,basic,high,171.63,casual viewer
CUST_06534,0.801572182,1,too expensive,college student,premium,low,637.57,casual viewer
CUST_06535,0.863889847,1,technical issues,school student,standard,low,418.32,family viewer
CUST_06537,0.728243111,1,switched to competitor,college student,basic,high,178.33,sports enthusiast
CUST_06538,0.879517635,1,too expensive,school student,basic,high,194.28,sports enthusiast
CUST_06539,0.715963114,1,content not interesting,college student,standard,high,417.46,sports enthusiast
CUST_06540,0.88699474,1,none,working professional,standard,medium,366.49,sports enthusiast
CUST_06541,0.861642825,1,too expensive,college student,standard,medium,444.62,casual viewer
CUST_06542,0.821496133,1,none,retired individual,basic,medium,194.74,news junkie
CUST_06543,0.746139384,1,too expensive,school student,premium,high,625.67,news junkie
CUST_06544,0.822440086,1,no time to watch,working professional,basic,low,196.99,news junkie
CUST_06545,0.859630494,1,none,working professional,standard,medium,418.97,news junkie
CUST_06546,0.736918487,1,technical issues,retired individual,standard,low,345.25,news junkie
CUST_06548,0.897721943,1,too expensive,retired individual,standard,medium,417.71,casual viewer
CUST_06549,0.725499189,1,none,working professional,premium,high,783.93,binge watcher
CUST_06551,0.876986751,1,technical issues,working professional,standard,medium,414.31,casual viewer
CUST_06552,0.969809072,1,too expensive,working professional,premium,medium,730.36,casual viewer
CUST_06553,0.799134148,1,too expensive,working professional,basic,high,198.89,sports enthusiast
CUST_06554,0.774009977,1,none,working professional,standard,high,406.38,binge watcher
CUST_06555,0.816133399,1,switched to competitor,working professional,standard,high,398.16,binge watcher
CUST_06556,0.817724043,1,technical issues,school student,standard,low,378.85,family viewer
CUST_06557,0.890505962,1,too expensive,working professional,premium,medium,698.76,sports enthusiast
CUST_06558,0.795371715,1,none,school student,premium,medium,802.61,sports enthusiast
CUST_06559,0.750253092,1,none,working professional,standard,high,340.42,news junkie
CUST_06560,0.749146544,1,none,working professional,basic,high,163.88,casual viewer
CUST_06562,0.850218472,1,too expensive,college student,basic,low,212.35,sports enthusiast
CUST_06563,0.813635301,1,too expensive,retired individual,premium,medium,784.65,sports enthusiast
CUST_06564,0.861520126,1,too expensive,retired individual,premium,medium,620.18,binge watcher
CUST_06565,0.924550453,1,too expensive,working professional,standard,high,387.78,binge watcher
CUST_06566,0.701022469,1,none,school student,premium,low,624.46,news junkie
CUST_06567,0.817185446,1,technical issues,retired individual,standard,medium,370.63,family viewer
CUST_06568,0.7878111,1,too expensive,working professional,premium,high,676.27,news junkie
CUST_06569,0.868299861,1,too expensive,college student,premium,medium,690,sports enthusiast
CUST_06571,0.864213095,1,technical issues,college student,standard,low,456.27,binge watcher
CUST_06572,0.843047059,1,too expensive,working professional,premium,high,759.33,binge watcher
CUST_06574,0.891145495,1,too expensive,college student,basic,medium,217.38,family viewer
CUST_06575,0.729648887,1,none,college student,standard,high,411.71,sports enthusiast
CUST_06576,0.825092167,1,technical issues,college student,basic,medium,191.9,family viewer
CUST_06577,0.73565528,1,none,working professional,standard,medium,391.47,casual viewer
CUST_06578,0.765434912,1,no time to watch,college student,standard,medium,368.19,casual viewer
CUST_06579,0.774746157,1,too expensive,school student,premium,high,606.09,casual viewer
CUST_06580,0.889283747,1,too expensive,school student,basic,medium,200.16,family viewer
CUST_06582,0.887727335,1,too expensive,school student,standard,medium,419.13,news junkie
CUST_06584,0.804085314,1,none,college student,basic,medium,219.93,news junkie
CUST_06585,0.783217941,1,no time to watch,retired individual,basic,high,236.96,news junkie
CUST_06586,0.896976822,1,none,retired individual,premium,high,777.18,binge watcher
CUST_06587,0.813961132,1,content not interesting,college student,standard,high,426.47,family viewer
CUST_06589,0.813334996,1,too expensive,school student,premium,high,687.61,binge watcher
CUST_06590,0.772471821,1,no time to watch,college student,standard,low,388.85,news junkie
CUST_06592,0.790723137,1,technical issues,college student,standard,medium,395.85,family viewer
CUST_06593,0.93573137,1,too expensive,retired individual,standard,low,418.91,binge watcher
CUST_06594,0.796166651,1,too expensive,college student,standard,high,440.76,casual viewer
CUST_06596,0.859943697,1,content not interesting,school student,standard,high,435.6,binge watcher
CUST_06598,0.872879816,1,too expensive,working professional,premium,high,772.45,binge watcher
CUST_06599,0.837371364,1,none,working professional,standard,high,391.6,news junkie
CUST_06602,0.879653747,1,too expensive,college student,basic,high,184.45,news junkie
CUST_06603,0.9450674,1,too expensive,retired individual,premium,medium,641.93,casual viewer
CUST_06604,0.78550354,1,no time to watch,working professional,standard,medium,412.71,news junkie
CUST_06605,0.835843575,1,content not interesting,college student,basic,high,231.58,casual viewer
CUST_06606,0.940591516,1,too expensive,college student,standard,high,325.94,binge watcher
CUST_06607,0.883784737,1,too expensive,retired individual,premium,medium,690.68,family viewer
CUST_06608,0.905963844,1,none,school student,basic,low,181.25,news junkie
CUST_06610,0.859116581,1,no time to watch,retired individual,standard,high,361.67,casual viewer
CUST_06612,0.892401279,1,too expensive,retired individual,standard,high,351.13,news junkie
CUST_06613,0.890669305,1,too expensive,working professional,basic,medium,231.24,news junkie
CUST_06614,0.738576358,1,none,school student,premium,high,622.82,casual viewer
CUST_06616,0.815644111,1,too expensive,working professional,premium,medium,735.66,family viewer
CUST_06618,0.753257841,1,technical issues,school student,standard,medium,442.28,family viewer
CUST_06619,0.900740536,1,too expensive,college student,standard,low,339.58,news junkie
CUST_06620,0.789154042,1,none,college student,standard,high,386.96,family viewer
CUST_06621,0.79967591,1,technical issues,college student,basic,medium,189.87,sports enthusiast
CUST_06622,0.842150435,1,technical issues,college student,premium,medium,591.54,news junkie
CUST_06626,0.818634741,1,too expensive,college student,basic,high,211.15,binge watcher
CUST_06627,0.957325027,1,no time to watch,college student,basic,high,229.18,binge watcher
CUST_06628,0.828245948,1,no time to watch,working professional,basic,high,252.65,news junkie
CUST_06629,0.724431478,1,too expensive,school student,premium,medium,629.98,family viewer
CUST_06630,0.841938059,1,no time to watch,working professional,basic,medium,201.42,news junkie
CUST_06632,0.740937601,1,none,college student,basic,medium,246.29,family viewer
CUST_06633,0.891280485,1,no time to watch,working professional,basic,medium,177.36,sports enthusiast
CUST_06634,0.894344895,1,too expensive,school student,basic,low,180.18,casual viewer
CUST_06635,0.844832822,1,too expensive,retired individual,premium,low,793.27,family viewer
CUST_06636,0.823151466,1,too expensive,college student,premium,medium,756.6,sports enthusiast
CUST_06638,0.905050291,1,technical issues,college student,standard,low,365.77,binge watcher
CUST_06639,0.868666811,1,too expensive,working professional,premium,high,635.8,casual viewer
CUST_06640,0.937008916,1,too expensive,college student,premium,low,633.66,family viewer
CUST_06641,0.744889979,1,none,college student,basic,high,199.4,family viewer
CUST_06642,0.772487795,1,too expensive,college student,basic,medium,200.08,family viewer
CUST_06645,0.895563826,1,content not interesting,school student,basic,high,185.71,family viewer
CUST_06646,0.876669493,1,no time to watch,working professional,basic,high,247.71,sports enthusiast
CUST_06647,0.858599703,1,no time to watch,college student,basic,high,207.92,binge watcher
CUST_06648,0.905958057,1,too expensive,college student,standard,medium,446.59,sports enthusiast
CUST_06649,0.864120294,1,none,working professional,standard,high,350.9,binge watcher
CUST_06650,0.886593599,1,switched to competitor,college student,basic,high,214.04,binge watcher
CUST_06651,0.811669907,1,too expensive,school student,basic,high,190.25,family viewer
CUST_06652,0.749693183,1,none,retired individual,standard,high,343.8,casual viewer
CUST_06654,0.843207187,1,too expensive,retired individual,standard,high,406.74,casual viewer
CUST_06655,0.780082395,1,no time to watch,retired individual,standard,high,367.42,casual viewer
CUST_06656,0.815149066,1,too expensive,school student,basic,high,167.94,binge watcher
CUST_06658,0.898904892,1,too expensive,school student,standard,high,462.18,family viewer
CUST_06659,0.8247188,1,too expensive,retired individual,standard,low,465.42,binge watcher
CUST_06660,0.932514298,1,too expensive,retired individual,basic,low,203.64,family viewer
CUST_06661,0.732712408,1,switched to competitor,retired individual,basic,high,174.38,news junkie
CUST_06662,0.852317989,1,too expensive,college student,standard,medium,466.96,news junkie
CUST_06663,0.735457323,1,too expensive,school student,premium,high,644.58,casual viewer
CUST_06664,0.855753964,1,too expensive,working professional,basic,low,225.87,family viewer
CUST_06665,0.818542525,1,technical issues,school student,standard,low,429.04,family viewer
CUST_06666,0.792912779,1,none,college student,basic,low,187.97,family viewer
CUST_06667,0.724804138,1,switched to competitor,retired individual,standard,high,442.75,family viewer
CUST_06669,0.820759937,1,too expensive,college student,premium,medium,627.16,sports enthusiast
CUST_06670,0.788254864,1,none,retired individual,premium,low,633.72,family viewer
CUST_06671,0.700105959,1,none,school student,standard,low,427.15,casual viewer
CUST_06672,0.758133374,1,none,school student,premium,high,747.78,casual viewer
CUST_06673,0.768077159,1,none,retired individual,premium,high,679.35,binge watcher
CUST_06674,0.73217378,1,none,retired individual,premium,high,709.05,casual viewer
CUST_06675,0.772515229,1,none,retired individual,basic,low,220.29,news junkie
CUST_06676,0.738332586,1,none,college student,standard,high,445.92,sports enthusiast
CUST_06677,0.837871899,1,too expensive,working professional,standard,medium,375.56,sports enthusiast
CUST_06678,0.934831927,1,too expensive,working professional,premium,low,617.58,binge watcher
CUST_06679,0.894788037,1,too expensive,retired individual,premium,low,637.33,news junkie
CUST_06681,0.847902617,1,too expensive,working professional,premium,low,604.85,casual viewer
CUST_06682,0.803191465,1,too expensive,retired individual,premium,high,710.74,news junkie
CUST_06683,0.718197512,1,too expensive,retired individual,basic,high,181.56,family viewer
CUST_06684,0.81838738,1,technical issues,retired individual,basic,low,200.22,casual viewer
CUST_06685,0.880967703,1,none,college student,standard,low,394.95,news junkie
CUST_06686,0.76437613,1,none,working professional,standard,high,461.43,sports enthusiast
CUST_06687,0.702006588,1,too expensive,college student,basic,high,199.7,binge watcher
CUST_06688,0.859438797,1,too expensive,college student,standard,medium,429.47,binge watcher
CUST_06690,0.818618667,1,too expensive,working professional,premium,high,634.18,family viewer
CUST_06691,0.75592024,1,none,working professional,standard,high,434.21,binge watcher
CUST_06692,0.85002959,1,too expensive,retired individual,basic,high,161.82,news junkie
CUST_06694,0.820489161,1,technical issues,retired individual,standard,low,434.03,news junkie
CUST_06695,0.728900293,1,technical issues,college student,basic,medium,175.73,casual viewer
CUST_06696,0.926847026,1,too expensive,working professional,standard,medium,450.4,casual viewer
CUST_06698,0.721417086,1,none,retired individual,premium,medium,618.74,news junkie
CUST_06699,0.8760323,1,too expensive,working professional,basic,high,208.02,binge watcher
CUST_06701,0.78479315,1,none,school student,basic,low,162.45,family viewer
CUST_06702,0.877418732,1,no time to watch,working professional,basic,low,214.4,family viewer
CUST_06703,0.811020126,1,too expensive,college student,standard,high,360.48,sports enthusiast
CUST_06704,0.949483702,1,too expensive,retired individual,basic,medium,245.31,news junkie
CUST_06705,0.877959259,1,none,retired individual,standard,low,417.15,binge watcher
CUST_06707,0.828597859,1,none,retired individual,standard,high,363.26,news junkie
CUST_06708,0.957161618,1,too expensive,working professional,premium,high,614.44,binge watcher
CUST_06709,0.891667042,1,too expensive,working professional,basic,medium,182.34,casual viewer
CUST_06710,0.863225196,1,too expensive,retired individual,premium,medium,653.53,family viewer
CUST_06711,0.767927849,1,technical issues,college student,standard,medium,357.02,sports enthusiast
CUST_06712,0.898524686,1,technical issues,retired individual,standard,low,447.45,news junkie
CUST_06713,0.900087796,1,none,working professional,standard,high,349.18,binge watcher
CUST_06714,0.875059289,1,too expensive,college student,basic,low,193.8,sports enthusiast
CUST_06715,0.783974178,1,no time to watch,college student,standard,high,449.37,sports enthusiast
CUST_06716,0.799295866,1,technical issues,college student,basic,medium,212.34,binge watcher
CUST_06717,0.870399205,1,technical issues,college student,standard,medium,353.49,casual viewer
CUST_06718,0.770142642,1,none,school student,premium,medium,765.63,casual viewer
CUST_06719,0.901401155,1,no time to watch,working professional,standard,low,417.36,family viewer
CUST_06720,0.901898258,1,no time to watch,college student,standard,low,480.39,family viewer
CUST_06721,0.751508603,1,too expensive,retired individual,premium,medium,684.17,casual viewer
CUST_06724,0.860792841,1,no time to watch,retired individual,standard,low,469.61,casual viewer
CUST_06725,0.890803299,1,content not interesting,college student,basic,high,185.85,casual viewer
CUST_06726,0.866916192,1,too expensive,working professional,premium,high,614.49,casual viewer
CUST_06727,0.722922795,1,none,college student,premium,high,660.99,binge watcher
CUST_06728,0.812428973,1,technical issues,college student,standard,medium,427.87,news junkie
CUST_06729,0.895389901,1,too expensive,college student,basic,high,190.07,casual viewer
CUST_06730,0.864291985,1,none,retired individual,standard,low,363.56,casual viewer
CUST_06731,0.863517277,1,too expensive,college student,basic,high,172.58,binge watcher
CUST_06732,0.751288286,1,switched to competitor,college student,standard,high,364.42,binge watcher
CUST_06733,0.878073654,1,too expensive,college student,premium,high,678.36,binge watcher
CUST_06734,0.85651878,1,no time to watch,working professional,standard,medium,374.58,binge watcher
CUST_06735,0.732141022,1,too expensive,college student,basic,medium,158.32,casual viewer
CUST_06736,0.84937586,1,technical issues,working professional,standard,low,447.38,binge watcher
CUST_06737,0.863521034,1,none,working professional,premium,low,791.98,news junkie
CUST_06739,0.896676949,1,too expensive,retired individual,premium,low,655.55,binge watcher
CUST_06740,0.867859422,1,technical issues,school student,basic,medium,231.78,casual viewer
CUST_06741,0.884178443,1,technical issues,college student,standard,low,366.51,sports enthusiast
CUST_06742,0.919824588,1,too expensive,working professional,premium,low,606.43,sports enthusiast
CUST_06743,0.761797047,1,none,college student,standard,low,352.92,family viewer
CUST_06744,0.782829681,1,too expensive,retired individual,premium,low,680.59,family viewer
CUST_06747,0.738704978,1,too expensive,retired individual,premium,high,629.19,news junkie
CUST_06749,0.784709929,1,switched to competitor,retired individual,standard,high,397.57,binge watcher
CUST_06750,0.94213567,1,none,working professional,premium,medium,713.71,sports enthusiast
CUST_06751,0.701044135,1,none,college student,premium,high,690.71,casual viewer
CUST_06752,0.887143885,1,too expensive,working professional,premium,medium,686.78,family viewer
CUST_06754,0.750853043,1,none,college student,premium,high,804.77,casual viewer
CUST_06755,0.892308708,1,too expensive,college student,premium,low,732.38,news junkie
CUST_06756,0.909870101,1,too expensive,college student,premium,high,691.61,binge watcher
CUST_06757,0.769747437,1,too expensive,college student,premium,medium,664.67,casual viewer
CUST_06758,0.90050621,1,too expensive,working professional,standard,low,397.39,family viewer
CUST_06759,0.923248895,1,too expensive,working professional,standard,high,368.98,casual viewer
CUST_06761,0.865135019,1,too expensive,retired individual,basic,medium,167.15,news junkie
CUST_06762,0.793117733,1,technical issues,college student,basic,medium,212.13,family viewer
CUST_06763,0.784373763,1,technical issues,college student,standard,low,419.84,binge watcher
CUST_06764,0.909727278,1,technical issues,college student,standard,low,399.17,binge watcher
CUST_06767,0.959606227,1,too expensive,retired individual,premium,low,685.28,news junkie
CUST_06768,0.903940435,1,too expensive,retired individual,premium,low,650.58,sports enthusiast
CUST_06769,0.749615521,1,switched to competitor,school student,standard,high,368.34,casual viewer
CUST_06770,0.790064713,1,technical issues,college student,standard,low,373.17,sports enthusiast
CUST_06771,0.872888666,1,no time to watch,working professional,standard,high,423.39,casual viewer
CUST_06772,0.817919571,1,none,college student,standard,high,353.06,sports enthusiast
CUST_06773,0.868941896,1,content not interesting,college student,basic,high,199.05,family viewer
CUST_06774,0.886372932,1,too expensive,working professional,standard,high,427.42,sports enthusiast
CUST_06775,0.879420244,1,too expensive,college student,standard,high,362.52,family viewer
CUST_06776,0.913325592,1,none,working professional,standard,low,434.95,family viewer
CUST_06777,0.851682954,1,too expensive,working professional,standard,medium,417.87,family viewer
CUST_06779,0.817724982,1,no time to watch,working professional,standard,high,397.46,casual viewer
CUST_06780,0.895699778,1,too expensive,college student,premium,high,737.88,family viewer
CUST_06781,0.708860797,1,content not interesting,retired individual,premium,high,596.8,news junkie
CUST_06782,0.741548966,1,too expensive,college student,standard,high,351.52,news junkie
CUST_06784,0.81927581,1,too expensive,retired individual,premium,medium,683.55,sports enthusiast
CUST_06786,0.817737959,1,no time to watch,college student,basic,high,211.84,news junkie
CUST_06787,0.770723486,1,too expensive,college student,premium,medium,746.04,casual viewer
CUST_06788,0.754628064,1,none,college student,standard,high,404.71,news junkie
CUST_06789,0.896362643,1,none,working professional,premium,low,769.35,sports enthusiast
CUST_06790,0.740159121,1,too expensive,school student,premium,high,746.24,binge watcher
CUST_06791,0.851946248,1,too expensive,college student,premium,high,635.55,news junkie
CUST_06792,0.802959148,1,technical issues,college student,standard,low,346.94,sports enthusiast
CUST_06793,0.780863253,1,switched to competitor,college student,standard,high,395.36,sports enthusiast
CUST_06794,0.896777627,1,technical issues,retired individual,standard,medium,404,sports enthusiast
CUST_06795,0.862955255,1,too expensive,school student,standard,medium,386.38,family viewer
CUST_06796,0.832832743,1,too expensive,working professional,standard,high,418.21,sports enthusiast
CUST_06797,0.902952955,1,too expensive,working professional,basic,low,213.36,casual viewer
CUST_06799,0.804016065,1,too expensive,college student,premium,medium,620.65,binge watcher
CUST_06800,0.846672169,1,none,retired individual,standard,high,426.29,binge watcher
CUST_06801,0.769657665,1,too expensive,retired individual,premium,high,671.37,family viewer
CUST_06802,0.851238212,1,too expensive,retired individual,premium,high,767.9,casual viewer
CUST_06803,0.705218972,1,technical issues,college student,standard,low,340.59,family viewer
CUST_06804,0.77806869,1,no time to watch,retired individual,basic,high,187.45,sports enthusiast
CUST_06805,0.901320636,1,too expensive,college student,premium,medium,791.12,family viewer
CUST_06806,0.853969103,1,none,retired individual,standard,medium,447.03,news junkie
CUST_06807,0.80578862,1,too expensive,college student,premium,low,751.63,news junkie
CUST_06808,0.916878885,1,too expensive,working professional,standard,low,433,casual viewer
CUST_06809,0.885584325,1,too expensive,working professional,basic,low,200.7,casual viewer
CUST_06811,0.917131447,1,too expensive,working professional,premium,high,804.92,casual viewer
CUST_06812,0.799354984,1,none,retired individual,standard,high,428.25,family viewer
CUST_06813,0.759016621,1,switched to competitor,retired individual,basic,high,198.21,casual viewer
CUST_06814,0.71522162,1,too expensive,college student,premium,medium,637.64,sports enthusiast
CUST_06815,0.839048263,1,none,school student,premium,high,620.25,binge watcher
CUST_06816,0.799779244,1,none,retired individual,standard,medium,374.48,casual viewer
CUST_06817,0.855213394,1,too expensive,working professional,premium,low,697.27,casual viewer
CUST_06818,0.71125865,1,content not interesting,college student,standard,high,320.17,casual viewer
CUST_06819,0.814554541,1,too expensive,working professional,standard,high,387.32,family viewer
CUST_06821,0.843220607,1,too expensive,retired individual,premium,high,744.37,binge watcher
CUST_06822,0.763942654,1,none,college student,standard,medium,429.44,news junkie
CUST_06824,0.848930586,1,too expensive,college student,basic,high,210.07,news junkie
CUST_06825,0.842225267,1,none,working professional,standard,medium,388.29,news junkie
CUST_06826,0.784846927,1,no time to watch,retired individual,standard,medium,361.23,family viewer
CUST_06827,0.914287907,1,too expensive,college student,basic,high,157.69,casual viewer
CUST_06828,0.819692603,1,none,college student,standard,high,453.12,family viewer
CUST_06830,0.819094317,1,too expensive,retired individual,basic,high,241.45,sports enthusiast
CUST_06831,0.838229698,1,too expensive,college student,premium,high,665.75,binge watcher
CUST_06832,0.851684343,1,too expensive,college student,premium,medium,732.76,binge watcher
CUST_06833,0.890034064,1,too expensive,retired individual,standard,medium,451.25,casual viewer
CUST_06834,0.777041267,1,too expensive,retired individual,premium,medium,792.35,news junkie
CUST_06835,0.847460345,1,too expensive,retired individual,basic,low,229.15,family viewer
CUST_06836,0.823624937,1,too expensive,school student,premium,medium,725.73,casual viewer
CUST_06837,0.700579737,1,too expensive,school student,premium,high,732.68,casual viewer
CUST_06838,0.885706655,1,technical issues,working professional,standard,medium,345.77,news junkie
CUST_06839,0.719620361,1,too expensive,retired individual,standard,high,396.49,news junkie
CUST_06840,0.929831148,1,too expensive,working professional,basic,medium,182,family viewer
CUST_06841,0.819548172,1,technical issues,college student,basic,medium,189.51,news junkie
CUST_06843,0.81498882,1,content not interesting,retired individual,basic,high,206.3,sports enthusiast
CUST_06844,0.809578788,1,technical issues,college student,standard,medium,351.72,sports enthusiast
CUST_06845,0.759237959,1,switched to competitor,school student,standard,high,408.06,casual viewer
CUST_06846,0.737375361,1,no time to watch,working professional,standard,high,363.48,news junkie
CUST_06847,0.829798176,1,none,retired individual,basic,low,206.57,news junkie
CUST_06848,0.80911865,1,too expensive,retired individual,premium,high,784.41,family viewer
CUST_06849,0.890634718,1,too expensive,retired individual,premium,low,656.89,binge watcher
CUST_06850,0.939657166,1,too expensive,college student,standard,low,392.37,binge watcher
CUST_06851,0.867090656,1,technical issues,working professional,standard,low,367.75,sports enthusiast
CUST_06852,0.862457788,1,too expensive,college student,premium,medium,741.25,sports enthusiast
CUST_06853,0.767048647,1,switched to competitor,school student,standard,high,358.76,sports enthusiast
CUST_06854,0.8225626,1,none,college student,premium,low,645.28,binge watcher
CUST_06855,0.816700719,1,technical issues,working professional,basic,medium,196.71,binge watcher
CUST_06856,0.789165634,1,too expensive,retired individual,basic,high,204.99,family viewer
CUST_06857,0.847411947,1,too expensive,retired individual,premium,high,781.34,family viewer
CUST_06858,0.937017988,1,too expensive,working professional,premium,low,794.87,family viewer
CUST_06859,0.767044982,1,too expensive,school student,standard,high,375.19,casual viewer
CUST_06860,0.770487157,1,no time to watch,school student,standard,medium,388.45,sports enthusiast
CUST_06861,0.89360262,1,technical issues,college student,standard,low,377.56,casual viewer
CUST_06862,0.884997313,1,too expensive,retired individual,standard,high,377.32,news junkie
CUST_06863,0.772993237,1,content not interesting,college student,standard,high,419.28,binge watcher
CUST_06864,0.925513638,1,too expensive,college student,premium,low,727.26,binge watcher
CUST_06865,0.725982506,1,too expensive,school student,premium,high,655.49,family viewer
CUST_06866,0.759013838,1,switched to competitor,college student,standard,high,379.23,sports enthusiast
CUST_06867,0.903854876,1,too expensive,college student,standard,high,382.48,family viewer
CUST_06868,0.846621652,1,too expensive,working professional,premium,medium,623.73,casual viewer
CUST_06869,0.802314161,1,switched to competitor,college student,standard,high,416.19,casual viewer
CUST_06870,0.838029976,1,too expensive,retired individual,premium,high,657.15,news junkie
CUST_06871,0.720323019,1,too expensive,college student,premium,medium,715.78,news junkie
CUST_06872,0.872295166,1,too expensive,retired individual,premium,medium,792.28,binge watcher
CUST_06873,0.83630515,1,too expensive,college student,standard,high,426.75,sports enthusiast
CUST_06874,0.896696995,1,technical issues,college student,standard,low,398.54,sports enthusiast
CUST_06875,0.755519801,1,too expensive,working professional,basic,high,173.91,sports enthusiast
CUST_06876,0.774236059,1,none,college student,basic,medium,165.85,family viewer
CUST_06877,0.838170091,1,too expensive,retired individual,basic,low,251.61,sports enthusiast
CUST_06878,0.777620105,1,none,college student,standard,medium,366.94,news junkie
CUST_06880,0.855545351,1,too expensive,college student,premium,low,628.05,sports enthusiast
CUST_06881,0.845458924,1,too expensive,working professional,premium,medium,696.66,family viewer
CUST_06882,0.876856189,1,no time to watch,retired individual,standard,medium,348.99,family viewer
CUST_06883,0.85147747,1,none,college student,premium,low,773.76,family viewer
CUST_06884,0.768194893,1,technical issues,college student,basic,medium,217.77,family viewer
CUST_06885,0.810402245,1,too expensive,retired individual,premium,high,625.74,family viewer
CUST_06887,0.716498428,1,none,working professional,basic,high,240.06,family viewer
CUST_06888,0.724430338,1,technical issues,school student,standard,medium,374.06,news junkie
CUST_06889,0.892083187,1,too expensive,college student,basic,medium,181.28,family viewer
CUST_06891,0.80935101,1,too expensive,college student,standard,high,407.64,casual viewer
CUST_06893,0.832294373,1,too expensive,retired individual,standard,high,400.32,sports enthusiast
CUST_06894,0.730237298,1,content not interesting,retired individual,basic,high,209.75,family viewer
CUST_06895,0.884173965,1,no time to watch,working professional,standard,medium,458.01,sports enthusiast
CUST_06898,0.802278361,1,too expensive,school student,basic,high,209.32,news junkie
CUST_06899,0.852455842,1,too expensive,college student,basic,high,169.62,sports enthusiast
CUST_06900,0.915080837,1,technical issues,retired individual,basic,medium,169.97,casual viewer
CUST_06901,0.868131607,1,no time to watch,college student,basic,medium,157.93,family viewer
CUST_06903,0.745627459,1,switched to competitor,college student,basic,high,213.93,sports enthusiast
CUST_06904,0.855016805,1,too expensive,retired individual,basic,high,200.73,sports enthusiast
CUST_06905,0.790922285,1,technical issues,working professional,basic,medium,178.39,news junkie
CUST_06906,0.868477864,1,too expensive,college student,premium,high,780.53,casual viewer
CUST_06907,0.869202789,1,too expensive,college student,basic,medium,202.18,family viewer
CUST_06909,0.889847439,1,technical issues,college student,standard,medium,411.57,family viewer
CUST_06910,0.736057866,1,no time to watch,working professional,basic,medium,229.28,binge watcher
CUST_06912,0.917244114,1,too expensive,working professional,standard,medium,378.44,binge watcher
CUST_06913,0.771807893,1,content not interesting,college student,standard,high,384.31,news junkie
CUST_06915,0.736255045,1,technical issues,working professional,standard,medium,373.68,casual viewer
CUST_06917,0.728739082,1,switched to competitor,retired individual,basic,high,214.41,family viewer
CUST_06918,0.839338252,1,too expensive,college student,basic,high,217.31,casual viewer
CUST_06919,0.745360072,1,none,college student,standard,high,450.14,news junkie
CUST_06920,0.859338373,1,too expensive,college student,standard,medium,440.99,news junkie
CUST_06921,0.796085603,1,technical issues,school student,basic,low,185.48,sports enthusiast
CUST_06922,0.892605377,1,too expensive,school student,premium,low,795.34,casual viewer
CUST_06924,0.781519295,1,technical issues,retired individual,basic,low,209.12,family viewer
CUST_06925,0.787501047,1,none,retired individual,basic,medium,168.7,binge watcher
CUST_06926,0.77240575,1,too expensive,retired individual,basic,medium,208.52,sports enthusiast
CUST_06927,0.724639957,1,technical issues,school student,basic,medium,185.01,sports enthusiast
CUST_06928,0.889632451,1,too expensive,school student,premium,medium,717.96,sports enthusiast
CUST_06929,0.788136918,1,switched to competitor,college student,basic,high,183.25,news junkie
CUST_06930,0.83689199,1,technical issues,working professional,standard,low,477.54,sports enthusiast
CUST_06931,0.727220877,1,content not interesting,college student,standard,high,353.17,casual viewer
CUST_06932,0.802064496,1,too expensive,working professional,standard,high,346.02,news junkie
CUST_06933,0.884366952,1,too expensive,working professional,basic,high,159.18,family viewer
CUST_06934,0.859606946,1,too expensive,college student,standard,high,332.52,news junkie
CUST_06935,0.903628082,1,too expensive,working professional,premium,high,688.21,sports enthusiast
CUST_06936,0.722368682,1,too expensive,working professional,premium,high,698.77,news junkie
CUST_06937,0.766354279,1,switched to competitor,working professional,standard,high,452.84,news junkie
CUST_06938,0.803403245,1,none,retired individual,standard,high,387.04,news junkie
CUST_06939,0.945604111,1,too expensive,working professional,standard,medium,405.69,sports enthusiast
CUST_06940,0.926409687,1,too expensive,retired individual,standard,medium,442.7,binge watcher
CUST_06941,0.706481078,1,content not interesting,school student,standard,high,379.85,news junkie
CUST_06942,0.815426479,1,none,college student,premium,high,774.98,family viewer
CUST_06943,0.77104926,1,technical issues,college student,standard,low,459.25,casual viewer
CUST_06944,0.747762008,1,no time to watch,working professional,standard,high,381.62,sports enthusiast
CUST_06946,0.863893405,1,too expensive,retired individual,standard,high,441.38,binge watcher
CUST_06947,0.874757497,1,too expensive,retired individual,premium,medium,698.54,casual viewer
CUST_06948,0.908696643,1,too expensive,retired individual,basic,high,210.29,news junkie
CUST_06949,0.854157505,1,no time to watch,retired individual,basic,high,167.08,binge watcher
CUST_06951,0.852835056,1,too expensive,college student,basic,medium,192.77,binge watcher
CUST_06953,0.807412154,1,too expensive,college student,basic,low,173.99,sports enthusiast
CUST_06954,0.832472732,1,too expensive,school student,premium,medium,730.48,family viewer
CUST_06955,0.731522405,1,too expensive,working professional,premium,medium,725.27,news junkie
CUST_06957,0.959450134,1,too expensive,working professional,basic,low,181.16,sports enthusiast
CUST_06958,0.780803127,1,content not interesting,college student,basic,high,160.31,casual viewer
CUST_06959,0.872612342,1,too expensive,retired individual,standard,high,398.37,sports enthusiast
CUST_06960,0.821662422,1,none,working professional,premium,high,609.28,family viewer
CUST_06961,0.909755316,1,too expensive,working professional,premium,medium,698.26,casual viewer
CUST_06962,0.865414714,1,technical issues,college student,basic,low,154.22,family viewer
CUST_06964,0.723896612,1,content not interesting,college student,standard,high,435.72,family viewer
CUST_06965,0.871051388,1,technical issues,college student,basic,low,188.26,family viewer
CUST_06966,0.776397449,1,too expensive,college student,premium,medium,666.49,news junkie
CUST_06967,0.834354499,1,technical issues,working professional,standard,low,383.44,family viewer
CUST_06969,0.882000526,1,none,retired individual,standard,medium,373.24,family viewer
CUST_06971,0.708856038,1,too expensive,retired individual,standard,high,342.16,binge watcher
CUST_06973,0.747184924,1,none,working professional,standard,high,381.58,casual viewer
CUST_06975,0.843736759,1,no time to watch,college student,standard,low,393.56,family viewer
CUST_06976,0.750745425,1,none,college student,premium,high,703.59,binge watcher
CUST_06977,0.85650198,1,too expensive,working professional,standard,high,369.51,family viewer
CUST_06978,0.880845057,1,too expensive,school student,premium,low,786.17,family viewer
CUST_06979,0.838530971,1,none,college student,premium,medium,759.13,sports enthusiast
CUST_06980,0.878560493,1,none,retired individual,standard,low,382.76,news junkie
CUST_06982,0.926801856,1,too expensive,retired individual,basic,medium,194.54,binge watcher
CUST_06983,0.828166063,1,switched to competitor,college student,standard,high,338.6,binge watcher
CUST_06984,0.824647657,1,too expensive,college student,premium,high,775.81,news junkie
CUST_06985,0.752922696,1,too expensive,working professional,premium,low,638.5,news junkie
CUST_06986,0.720701646,1,none,working professional,premium,high,774.46,casual viewer
CUST_06987,0.848400922,1,too expensive,school student,basic,high,186.19,family viewer
CUST_06988,0.747072454,1,none,college student,basic,low,195.89,sports enthusiast
CUST_06990,0.811067805,1,technical issues,college student,standard,low,337.92,binge watcher
CUST_06991,0.898712122,1,technical issues,retired individual,standard,low,471,news junkie
CUST_06992,0.799558607,1,technical issues,retired individual,standard,medium,360.9,news junkie
CUST_06993,0.867557929,1,technical issues,retired individual,basic,low,173.68,family viewer
CUST_06994,0.895276481,1,no time to watch,college student,basic,high,171.55,family viewer
CUST_06995,0.714974964,1,none,college student,standard,high,457.32,binge watcher
CUST_06996,0.92213694,1,too expensive,retired individual,basic,medium,203.6,sports enthusiast
CUST_06997,0.741301002,1,too expensive,college student,premium,high,746.67,binge watcher
CUST_07000,0.820669942,1,switched to competitor,school student,standard,high,380.24,casual viewer
CUST_07002,0.873633984,1,no time to watch,college student,standard,medium,412.2,news junkie
CUST_07003,0.711867448,1,technical issues,school student,standard,low,444.74,news junkie
CUST_07004,0.78483095,1,too expensive,college student,standard,high,464.26,family viewer
CUST_07005,0.78671685,1,technical issues,college student,standard,low,371.43,family viewer
CUST_07006,0.862388619,1,technical issues,college student,standard,medium,429.68,binge watcher
CUST_07007,0.780618481,1,none,working professional,premium,high,804.86,news junkie
CUST_07008,0.803958607,1,none,college student,standard,medium,444.93,binge watcher
CUST_07009,0.756770041,1,none,college student,standard,low,355.03,sports enthusiast
CUST_07010,0.915097989,1,too expensive,college student,premium,medium,751.75,sports enthusiast
CUST_07011,0.884219802,1,content not interesting,school student,standard,high,429.96,casual viewer
CUST_07012,0.874938003,1,too expensive,retired individual,premium,high,712.48,sports enthusiast
CUST_07013,0.897477394,1,too expensive,college student,basic,medium,189.11,family viewer
CUST_07014,0.825968483,1,too expensive,school student,premium,high,625.45,news junkie
CUST_07015,0.786505283,1,no time to watch,working professional,standard,high,410.18,binge watcher
CUST_07016,0.76972737,1,no time to watch,college student,standard,medium,440.57,news junkie
CUST_07017,0.815842987,1,none,college student,premium,low,643.66,family viewer
CUST_07018,0.769379524,1,none,working professional,basic,medium,185.97,sports enthusiast
CUST_07020,0.743157484,1,technical issues,retired individual,basic,medium,197.79,casual viewer
CUST_07021,0.817520608,1,too expensive,college student,standard,high,415.7,sports enthusiast
CUST_07022,0.769648042,1,content not interesting,retired individual,basic,high,167.21,news junkie
CUST_07023,0.706470745,1,none,retired individual,standard,high,401.27,family viewer
CUST_07024,0.838900621,1,too expensive,college student,premium,high,705.1,binge watcher
CUST_07025,0.715592516,1,no time to watch,working professional,standard,high,435.26,casual viewer
CUST_07026,0.80024319,1,none,college student,standard,low,345.88,family viewer
CUST_07027,0.828001212,1,technical issues,college student,basic,low,250.64,binge watcher
CUST_07028,0.724613727,1,too expensive,school student,premium,high,653.19,sports enthusiast
CUST_07029,0.793390929,1,technical issues,college student,standard,low,422.96,binge watcher
CUST_07030,0.884506737,1,too expensive,working professional,standard,high,450.75,casual viewer
CUST_07031,0.872996208,1,too expensive,working professional,standard,high,440.79,news junkie
CUST_07032,0.839596586,1,too expensive,college student,standard,high,363.69,news junkie
CUST_07033,0.909153289,1,none,school student,basic,low,205.84,casual viewer
CUST_07034,0.876304126,1,none,college student,standard,high,419.07,family viewer
CUST_07035,0.89883717,1,too expensive,retired individual,standard,high,452.25,sports enthusiast
CUST_07036,0.839018455,1,too expensive,college student,premium,low,779.41,binge watcher
CUST_07038,0.7431659,1,content not interesting,working professional,standard,high,435.22,family viewer
CUST_07039,0.850650674,1,content not interesting,school student,basic,high,156.69,binge watcher
CUST_07040,0.913574277,1,no time to watch,college student,standard,low,397.98,binge watcher
CUST_07041,0.795597225,1,none,school student,standard,low,451.76,binge watcher
CUST_07042,0.87172242,1,technical issues,retired individual,standard,medium,476.58,binge watcher
CUST_07043,0.853456679,1,none,college student,basic,high,199.38,casual viewer
CUST_07044,0.785889008,1,none,school student,standard,low,358.77,binge watcher
CUST_07045,0.770939685,1,none,college student,standard,high,441.71,family viewer
CUST_07048,0.851780838,1,too expensive,retired individual,basic,high,195.23,binge watcher
CUST_07050,0.757890505,1,none,working professional,standard,high,355.51,casual viewer
CUST_07051,0.929739293,1,too expensive,school student,standard,medium,437.22,family viewer
CUST_07052,0.803481836,1,too expensive,working professional,premium,high,742.54,family viewer
CUST_07053,0.789365478,1,too expensive,retired individual,premium,medium,677.89,binge watcher
CUST_07054,0.953542536,1,none,college student,basic,low,181.52,family viewer
CUST_07055,0.763043379,1,none,college student,standard,medium,415.78,family viewer
CUST_07058,0.867902993,1,content not interesting,college student,standard,high,377.65,binge watcher
CUST_07059,0.79643798,1,technical issues,college student,standard,medium,388.18,family viewer
CUST_07060,0.740931241,1,technical issues,working professional,basic,medium,189.83,casual viewer
CUST_07061,0.81912632,1,too expensive,college student,basic,medium,190.46,family viewer
CUST_07063,0.869511829,1,technical issues,school student,standard,low,323.93,binge watcher
CUST_07064,0.907152657,1,no time to watch,retired individual,basic,medium,233.06,sports enthusiast
CUST_07065,0.788435946,1,too expensive,college student,basic,high,143.51,news junkie
CUST_07066,0.855367112,1,no time to watch,working professional,standard,medium,358.19,family viewer
CUST_07067,0.873221104,1,technical issues,retired individual,standard,medium,414.46,sports enthusiast
CUST_07068,0.858151891,1,too expensive,college student,standard,medium,381.17,binge watcher
CUST_07069,0.852499651,1,too expensive,working professional,premium,low,687.3,casual viewer
CUST_07071,0.807083221,1,too expensive,college student,basic,high,228.14,sports enthusiast
CUST_07072,0.838623119,1,too expensive,school student,premium,low,689.66,binge watcher
CUST_07074,0.896786255,1,no time to watch,working professional,basic,medium,186.01,casual viewer
CUST_07075,0.944572765,1,too expensive,college student,standard,low,454.2,news junkie
CUST_07076,0.88339796,1,too expensive,college student,standard,medium,409.7,binge watcher
CUST_07077,0.864188844,1,technical issues,college student,standard,medium,345.19,binge watcher
CUST_07078,0.763731513,1,too expensive,retired individual,premium,low,659.69,binge watcher
CUST_07081,0.714491983,1,too expensive,retired individual,premium,high,774.87,casual viewer
CUST_07082,0.821528928,1,no time to watch,college student,basic,high,164.76,news junkie
CUST_07083,0.949434464,1,technical issues,working professional,standard,low,368.71,casual viewer
CUST_07084,0.921414565,1,too expensive,working professional,premium,low,703.44,casual viewer
CUST_07085,0.744115615,1,technical issues,college student,standard,low,426.13,binge watcher
CUST_07086,0.874353593,1,too expensive,retired individual,premium,high,767.19,family viewer
CUST_07087,0.78698525,1,too expensive,school student,premium,high,786.9,news junkie
CUST_07088,0.757198832,1,too expensive,college student,premium,high,701.51,sports enthusiast
CUST_07089,0.792604934,1,too expensive,college student,premium,high,738.22,sports enthusiast
CUST_07090,0.891343913,1,too expensive,working professional,basic,high,252.23,family viewer
CUST_07091,0.942421126,1,no time to watch,working professional,standard,low,406.38,family viewer
CUST_07092,0.803142122,1,no time to watch,working professional,standard,high,371.86,binge watcher
CUST_07093,0.813007299,1,switched to competitor,college student,standard,high,380.62,casual viewer
CUST_07094,0.771040031,1,switched to competitor,retired individual,basic,high,198.27,binge watcher
CUST_07095,0.785763998,1,too expensive,college student,standard,medium,414.35,news junkie
CUST_07096,0.805595311,1,too expensive,retired individual,premium,low,775.69,casual viewer
CUST_07097,0.807255087,1,none,school student,basic,high,243.27,binge watcher
CUST_07098,0.782811045,1,too expensive,college student,basic,high,214.91,binge watcher
CUST_07099,0.83868824,1,technical issues,retired individual,standard,low,446.48,sports enthusiast
CUST_07100,0.818196981,1,switched to competitor,college student,standard,high,371.86,family viewer
CUST_07101,0.85112138,1,technical issues,school student,standard,medium,489.59,sports enthusiast
CUST_07102,0.815201802,1,too expensive,college student,standard,high,449.07,casual viewer
CUST_07103,0.721875399,1,too expensive,retired individual,basic,high,207.94,news junkie
CUST_07104,0.889826478,1,technical issues,retired individual,standard,low,335.11,family viewer
CUST_07106,0.723770801,1,none,college student,standard,medium,355.75,casual viewer
CUST_07108,0.837075382,1,none,working professional,premium,medium,680.15,binge watcher
CUST_07111,0.717717682,1,technical issues,college student,standard,medium,456.84,news junkie
CUST_07112,0.806844076,1,none,working professional,premium,high,806.57,sports enthusiast
CUST_07115,0.848938563,1,too expensive,working professional,premium,medium,790.33,casual viewer
CUST_07116,0.86568509,1,too expensive,school student,premium,high,679.42,news junkie
CUST_07117,0.746899058,1,none,college student,premium,medium,683.28,news junkie
CUST_07118,0.90096874,1,too expensive,working professional,premium,high,691.68,family viewer
CUST_07119,0.826462052,1,too expensive,school student,premium,low,621.3,sports enthusiast
CUST_07120,0.880998589,1,too expensive,working professional,premium,high,779.02,news junkie
CUST_07122,0.850672306,1,too expensive,retired individual,premium,medium,693.13,casual viewer
CUST_07123,0.890497157,1,technical issues,retired individual,standard,low,437.27,news junkie
CUST_07124,0.848113309,1,too expensive,school student,standard,low,416.25,binge watcher
CUST_07125,0.845259468,1,too expensive,working professional,premium,high,798.36,news junkie
CUST_07126,0.8586096,1,no time to watch,retired individual,standard,high,355.76,casual viewer
CUST_07127,0.837898928,1,switched to competitor,retired individual,basic,high,222.57,family viewer
CUST_07128,0.939580309,1,too expensive,college student,premium,low,662.7,sports enthusiast
CUST_07129,0.737213963,1,too expensive,college student,standard,high,428.06,sports enthusiast
CUST_07130,0.763966713,1,too expensive,retired individual,standard,high,385.81,news junkie
CUST_07131,0.862536658,1,none,working professional,standard,high,373.22,news junkie
CUST_07132,0.812171174,1,too expensive,working professional,basic,high,222.62,binge watcher
CUST_07133,0.81658929,1,too expensive,college student,standard,high,451.4,sports enthusiast
CUST_07134,0.888168386,1,too expensive,working professional,standard,low,336.43,sports enthusiast
CUST_07135,0.792053048,1,too expensive,working professional,basic,medium,192.73,family viewer
CUST_07136,0.806955517,1,technical issues,college student,standard,medium,449.4,family viewer
CUST_07137,0.925160712,1,too expensive,working professional,basic,medium,168.53,binge watcher
CUST_07139,0.896241194,1,too expensive,college student,premium,low,715.77,binge watcher
CUST_07140,0.86637856,1,none,college student,basic,low,196.18,casual viewer
CUST_07143,0.754098731,1,too expensive,retired individual,basic,high,189.99,news junkie
CUST_07146,0.850434288,1,too expensive,working professional,basic,high,214.88,news junkie
CUST_07147,0.729282934,1,too expensive,school student,premium,high,619.81,sports enthusiast
CUST_07148,0.748727085,1,too expensive,college student,standard,high,365.07,casual viewer
CUST_07149,0.812553114,1,too expensive,retired individual,premium,high,756.69,news junkie
CUST_07151,0.719033737,1,technical issues,school student,standard,medium,359.7,news junkie
CUST_07152,0.839260678,1,none,retired individual,standard,high,381.01,sports enthusiast
CUST_07153,0.763761478,1,too expensive,college student,premium,medium,656.68,casual viewer
CUST_07154,0.780828906,1,no time to watch,college student,basic,high,195.12,binge watcher
CUST_07155,0.804621537,1,too expensive,college student,standard,high,375.45,news junkie
CUST_07156,0.710542456,1,switched to competitor,school student,basic,high,212.61,binge watcher
CUST_07157,0.766747181,1,too expensive,college student,basic,high,201.74,binge watcher
CUST_07158,0.727393053,1,too expensive,college student,premium,medium,707.01,binge watcher
CUST_07159,0.9194021,1,too expensive,retired individual,premium,medium,796.33,binge watcher
CUST_07160,0.739943174,1,none,college student,premium,medium,622.07,binge watcher
CUST_07161,0.85442329,1,too expensive,working professional,premium,low,703.49,news junkie
CUST_07163,0.841390725,1,none,college student,premium,low,634.3,family viewer
CUST_07165,0.702130151,1,switched to competitor,retired individual,basic,high,137.27,casual viewer
CUST_07166,0.783199643,1,technical issues,retired individual,standard,medium,406.68,sports enthusiast
CUST_07167,0.928195017,1,none,retired individual,premium,medium,768.37,news junkie
CUST_07168,0.830004106,1,no time to watch,college student,standard,high,358.12,news junkie
CUST_07169,0.916802895,1,none,working professional,premium,high,766.26,casual viewer
CUST_07170,0.817239742,1,technical issues,retired individual,standard,low,454.05,sports enthusiast
CUST_07173,0.804611235,1,no time to watch,working professional,basic,high,228.57,binge watcher
CUST_07174,0.761352194,1,technical issues,working professional,standard,medium,352.42,binge watcher
CUST_07176,0.784327555,1,switched to competitor,retired individual,basic,high,227.96,family viewer
CUST_07177,0.862318993,1,switched to competitor,retired individual,standard,high,434.24,binge watcher
CUST_07178,0.846793201,1,too expensive,retired individual,standard,low,436.15,casual viewer
CUST_07180,0.850791533,1,none,college student,standard,medium,403.37,binge watcher
CUST_07182,0.741103202,1,too expensive,college student,standard,medium,363.87,binge watcher
CUST_07183,0.827027397,1,too expensive,working professional,standard,high,373.07,family viewer
CUST_07184,0.896851733,1,technical issues,working professional,standard,low,438.62,binge watcher
CUST_07186,0.884815192,1,too expensive,college student,standard,medium,409.89,family viewer
CUST_07187,0.901750685,1,no time to watch,working professional,standard,low,375.31,sports enthusiast
CUST_07188,0.786629167,1,technical issues,retired individual,standard,low,454.73,news junkie
CUST_07189,0.834426273,1,too expensive,college student,premium,medium,809.44,binge watcher
CUST_07190,0.831372886,1,too expensive,college student,basic,medium,194.67,news junkie
CUST_07191,0.90340948,1,too expensive,working professional,standard,high,440.15,news junkie
CUST_07192,0.718232038,1,technical issues,retired individual,standard,low,341.7,casual viewer
CUST_07193,0.813577725,1,switched to competitor,retired individual,basic,high,211.29,sports enthusiast
CUST_07195,0.899349598,1,too expensive,college student,basic,medium,205.66,binge watcher
CUST_07196,0.797873112,1,too expensive,retired individual,basic,medium,219,sports enthusiast
CUST_07197,0.872458888,1,none,retired individual,standard,high,469.05,sports enthusiast
CUST_07198,0.72074128,1,content not interesting,retired individual,standard,high,370.36,sports enthusiast
CUST_07199,0.810466035,1,too expensive,retired individual,premium,high,757.26,family viewer
CUST_07201,0.954902867,1,no time to watch,working professional,standard,low,362.05,binge watcher
CUST_07202,0.922484555,1,too expensive,college student,premium,low,608.52,news junkie
CUST_07203,0.805239009,1,technical issues,school student,standard,medium,457.77,casual viewer
CUST_07204,0.711666055,1,too expensive,retired individual,standard,medium,404.93,news junkie
CUST_07205,0.829748428,1,switched to competitor,college student,standard,high,381.75,binge watcher
CUST_07206,0.83563332,1,technical issues,college student,basic,medium,229.04,sports enthusiast
CUST_07208,0.84042252,1,none,college student,standard,low,463.28,sports enthusiast
CUST_07209,0.730235429,1,none,school student,premium,medium,621.45,casual viewer
CUST_07210,0.816396474,1,content not interesting,college student,standard,high,386.41,casual viewer
CUST_07211,0.844126234,1,technical issues,college student,standard,low,333.79,news junkie
CUST_07212,0.851760245,1,none,school student,standard,medium,473.61,casual viewer
CUST_07213,0.831401095,1,too expensive,working professional,basic,low,228.91,binge watcher
CUST_07214,0.725752186,1,none,retired individual,standard,medium,358.79,news junkie
CUST_07215,0.859420185,1,none,retired individual,basic,medium,199.93,casual viewer
CUST_07216,0.804197068,1,too expensive,retired individual,premium,medium,695.61,binge watcher
CUST_07217,0.88578332,1,too expensive,school student,premium,high,738.81,sports enthusiast
CUST_07219,0.895435597,1,none,school student,premium,low,768.28,news junkie
CUST_07220,0.847117317,1,no time to watch,working professional,basic,low,219.4,family viewer
CUST_07221,0.734747339,1,content not interesting,college student,basic,high,214.67,news junkie
CUST_07223,0.819753128,1,too expensive,college student,standard,medium,383.93,news junkie
CUST_07226,0.804138079,1,too expensive,retired individual,premium,high,657.65,casual viewer
CUST_07228,0.898397611,1,too expensive,retired individual,premium,high,752.3,sports enthusiast
CUST_07229,0.708773381,1,none,college student,basic,high,192.6,sports enthusiast
CUST_07230,0.771926347,1,no time to watch,retired individual,standard,high,406.2,binge watcher
CUST_07231,0.786612365,1,none,retired individual,premium,high,768.83,sports enthusiast
CUST_07232,0.782717073,1,none,working professional,basic,low,209.63,news junkie
CUST_07233,0.792914994,1,too expensive,school student,standard,high,359.92,family viewer
CUST_07234,0.871301435,1,none,retired individual,premium,high,703.03,casual viewer
CUST_07236,0.745415531,1,technical issues,college student,standard,medium,354.42,binge watcher
CUST_07237,0.925400373,1,too expensive,retired individual,standard,low,426.09,binge watcher
CUST_07238,0.705934268,1,content not interesting,school student,standard,high,398.69,casual viewer
CUST_07239,0.788497893,1,too expensive,retired individual,basic,high,161.09,casual viewer
CUST_07240,0.710627154,1,technical issues,college student,standard,medium,372.35,casual viewer
CUST_07241,0.760967699,1,technical issues,college student,standard,medium,437.29,news junkie
CUST_07242,0.800057675,1,too expensive,school student,standard,high,416.53,news junkie
CUST_07244,0.834664799,1,too expensive,school student,basic,low,187.98,casual viewer
CUST_07245,0.893536279,1,too expensive,working professional,standard,high,375.08,sports enthusiast
CUST_07246,0.947586174,1,too expensive,working professional,premium,low,762.78,binge watcher
CUST_07247,0.830889384,1,too expensive,school student,standard,medium,319.94,news junkie
CUST_07248,0.872808691,1,too expensive,working professional,premium,high,751.6,casual viewer
CUST_07249,0.856175471,1,technical issues,college student,standard,medium,407.73,binge watcher
CUST_07250,0.83514327,1,switched to competitor,retired individual,basic,high,205.17,family viewer
CUST_07251,0.792124186,1,too expensive,working professional,basic,medium,233.4,news junkie
CUST_07254,0.739318325,1,none,working professional,basic,high,173.77,binge watcher
CUST_07255,0.738470424,1,too expensive,retired individual,basic,high,211.03,casual viewer
CUST_07256,0.85624775,1,too expensive,retired individual,premium,high,696.26,casual viewer
CUST_07257,0.817301609,1,technical issues,working professional,standard,medium,471.16,news junkie
CUST_07258,0.859018894,1,too expensive,college student,basic,high,223.94,casual viewer
CUST_07260,0.887621979,1,no time to watch,working professional,standard,medium,332.5,family viewer
CUST_07261,0.758768903,1,no time to watch,working professional,standard,high,433.01,binge watcher
CUST_07262,0.793926824,1,no time to watch,college student,standard,high,427.59,family viewer
CUST_07264,0.848003464,1,technical issues,retired individual,standard,medium,337.63,family viewer
CUST_07265,0.812106919,1,none,working professional,standard,medium,436.32,family viewer
CUST_07266,0.891357802,1,too expensive,working professional,premium,low,690.62,casual viewer
CUST_07267,0.780552187,1,switched to competitor,college student,basic,high,197.33,news junkie
CUST_07268,0.801951729,1,technical issues,school student,basic,low,202.72,sports enthusiast
CUST_07269,0.927351837,1,too expensive,retired individual,basic,high,206.55,news junkie
CUST_07270,0.82067338,1,too expensive,retired individual,standard,high,444.27,casual viewer
CUST_07272,0.71289903,1,too expensive,college student,premium,high,785.6,family viewer
CUST_07273,0.759237259,1,technical issues,retired individual,standard,medium,367.94,binge watcher
CUST_07274,0.876098928,1,technical issues,college student,standard,medium,391.03,news junkie
CUST_07275,0.785686233,1,too expensive,college student,standard,high,348.06,binge watcher
CUST_07276,0.796127967,1,technical issues,college student,standard,low,347.57,news junkie
CUST_07277,0.905663412,1,too expensive,working professional,standard,high,441.17,family viewer
CUST_07278,0.722816629,1,switched to competitor,college student,standard,high,345.27,family viewer
CUST_07280,0.885227363,1,none,college student,basic,low,192.94,family viewer
CUST_07281,0.877869448,1,no time to watch,college student,standard,medium,405.83,family viewer
CUST_07282,0.883635105,1,too expensive,college student,premium,high,689.24,family viewer
CUST_07283,0.769176608,1,too expensive,school student,premium,high,630.08,sports enthusiast
CUST_07284,0.92684997,1,technical issues,retired individual,basic,medium,205.04,sports enthusiast
CUST_07285,0.87639373,1,no time to watch,working professional,basic,high,204.79,casual viewer
CUST_07286,0.709764628,1,switched to competitor,working professional,basic,high,201.61,news junkie
CUST_07287,0.837892848,1,none,college student,premium,high,622.76,casual viewer
CUST_07289,0.744059338,1,technical issues,college student,standard,low,429.2,binge watcher
CUST_07290,0.826718687,1,none,school student,basic,high,162.42,binge watcher
CUST_07292,0.944925711,1,too expensive,working professional,basic,low,226.22,binge watcher
CUST_07293,0.783251387,1,none,working professional,standard,low,443.15,family viewer
CUST_07294,0.851669306,1,switched to competitor,college student,standard,high,364.7,binge watcher
CUST_07295,0.789295645,1,too expensive,school student,standard,low,356.65,family viewer
CUST_07296,0.875205002,1,too expensive,working professional,premium,medium,636.69,sports enthusiast
CUST_07297,0.895512145,1,technical issues,retired individual,basic,low,197.49,sports enthusiast
CUST_07298,0.949133364,1,technical issues,college student,standard,low,437.85,sports enthusiast
CUST_07299,0.717771425,1,too expensive,working professional,premium,medium,705.31,binge watcher
CUST_07300,0.749675087,1,switched to competitor,college student,basic,high,197.78,sports enthusiast
CUST_07301,0.929697554,1,too expensive,college student,basic,low,164.24,binge watcher
CUST_07302,0.778186463,1,technical issues,retired individual,standard,medium,389.07,binge watcher
CUST_07303,0.727703048,1,no time to watch,college student,standard,high,447.35,casual viewer
CUST_07304,0.755190414,1,too expensive,school student,standard,high,431.31,news junkie
CUST_07306,0.783303127,1,technical issues,working professional,basic,medium,206.43,family viewer
CUST_07307,0.899865408,1,too expensive,college student,premium,medium,764.25,family viewer
CUST_07308,0.794671525,1,no time to watch,college student,basic,high,202.97,binge watcher
CUST_07310,0.815149065,1,technical issues,retired individual,basic,medium,240.64,casual viewer
CUST_07311,0.867779745,1,technical issues,retired individual,standard,medium,321.14,binge watcher
CUST_07312,0.866435722,1,no time to watch,working professional,standard,high,333,binge watcher
CUST_07314,0.728485245,1,too expensive,working professional,standard,high,410.27,casual viewer
CUST_07316,0.863495224,1,no time to watch,working professional,basic,low,168.63,family viewer
CUST_07317,0.80249443,1,no time to watch,retired individual,standard,high,429.05,sports enthusiast
CUST_07319,0.735353004,1,no time to watch,working professional,standard,high,407.44,sports enthusiast
CUST_07320,0.839344377,1,technical issues,retired individual,basic,medium,225.72,binge watcher
CUST_07321,0.889067608,1,too expensive,working professional,basic,medium,207.05,binge watcher
CUST_07322,0.83722809,1,no time to watch,college student,basic,high,199.71,casual viewer
CUST_07323,0.860608166,1,too expensive,school student,premium,low,716.51,binge watcher
CUST_07324,0.767574936,1,switched to competitor,college student,basic,high,217.97,news junkie
CUST_07325,0.710444887,1,none,working professional,premium,high,641.51,casual viewer
CUST_07326,0.7063521,1,switched to competitor,retired individual,basic,high,188.32,casual viewer
CUST_07327,0.831100203,1,too expensive,college student,premium,medium,709.46,sports enthusiast
CUST_07328,0.745171247,1,none,working professional,basic,high,157.88,binge watcher
CUST_07330,0.826964749,1,no time to watch,retired individual,basic,low,168.51,casual viewer
CUST_07331,0.778063246,1,none,retired individual,premium,low,656.19,binge watcher
CUST_07332,0.70727164,1,switched to competitor,working professional,standard,high,390.56,binge watcher
CUST_07333,0.95900954,1,too expensive,college student,basic,low,214.07,casual viewer
CUST_07334,0.91835901,1,too expensive,college student,premium,low,712.29,news junkie
CUST_07335,0.874047375,1,too expensive,college student,basic,low,146.95,news junkie
CUST_07339,0.798193725,1,technical issues,college student,standard,low,434.76,binge watcher
CUST_07340,0.935729236,1,too expensive,working professional,premium,high,675.5,binge watcher
CUST_07341,0.78876433,1,none,school student,basic,high,226.48,news junkie
CUST_07342,0.845783534,1,too expensive,working professional,standard,medium,361.64,family viewer
CUST_07343,0.946297099,1,too expensive,college student,premium,low,625.42,sports enthusiast
CUST_07344,0.918065392,1,none,college student,standard,low,369.47,family viewer
CUST_07345,0.703665142,1,none,retired individual,basic,medium,195.7,sports enthusiast
CUST_07346,0.720769741,1,too expensive,college student,premium,high,607.66,family viewer
CUST_07347,0.799042,1,too expensive,school student,standard,low,356.71,sports enthusiast
CUST_07348,0.768064874,1,too expensive,college student,premium,high,694.82,family viewer
CUST_07351,0.831354923,1,none,working professional,premium,medium,632.11,casual viewer
CUST_07352,0.779967267,1,no time to watch,working professional,basic,high,205.37,news junkie
CUST_07353,0.864444296,1,too expensive,working professional,standard,medium,411.95,casual viewer
CUST_07354,0.886254203,1,technical issues,school student,standard,low,341.61,casual viewer
CUST_07355,0.838035323,1,none,school student,standard,low,365.26,sports enthusiast
CUST_07357,0.751907668,1,too expensive,college student,premium,medium,651.43,news junkie
CUST_07358,0.728647213,1,none,college student,basic,high,187.23,sports enthusiast
CUST_07359,0.723162589,1,switched to competitor,school student,premium,high,587.98,sports enthusiast
CUST_07360,0.809682702,1,technical issues,college student,basic,medium,181.35,binge watcher
CUST_07361,0.901791886,1,too expensive,college student,standard,low,371.11,casual viewer
CUST_07362,0.799484271,1,technical issues,retired individual,standard,medium,403.21,family viewer
CUST_07364,0.713543556,1,none,working professional,basic,low,196.27,casual viewer
CUST_07365,0.768650578,1,content not interesting,college student,standard,high,440.49,family viewer
CUST_07368,0.81822298,1,switched to competitor,working professional,basic,high,175.08,casual viewer
CUST_07369,0.798251793,1,none,college student,standard,low,427.34,news junkie
CUST_07370,0.840156071,1,technical issues,working professional,basic,low,194.09,casual viewer
CUST_07371,0.876610625,1,too expensive,working professional,premium,high,688.21,news junkie
CUST_07372,0.838517638,1,technical issues,retired individual,basic,medium,211.86,family viewer
CUST_07373,0.729802553,1,no time to watch,working professional,basic,high,222.1,news junkie
CUST_07374,0.935019465,1,too expensive,college student,premium,low,741.25,binge watcher
CUST_07375,0.750937888,1,technical issues,working professional,standard,medium,408.74,family viewer
CUST_07377,0.74604572,1,none,school student,standard,high,460.15,casual viewer
CUST_07378,0.846990162,1,too expensive,college student,standard,medium,361.78,news junkie
CUST_07379,0.75892598,1,too expensive,working professional,premium,low,689.15,binge watcher
CUST_07381,0.822177289,1,technical issues,college student,standard,medium,381.69,news junkie
CUST_07382,0.844018572,1,too expensive,working professional,premium,medium,655.3,binge watcher
CUST_07383,0.897033179,1,too expensive,working professional,standard,high,353.67,news junkie
CUST_07385,0.843643068,1,none,working professional,standard,high,418.14,sports enthusiast
CUST_07386,0.789561092,1,too expensive,college student,premium,high,798.27,news junkie
CUST_07388,0.805565356,1,technical issues,college student,basic,medium,217.31,binge watcher
CUST_07389,0.758127949,1,too expensive,college student,premium,high,632.24,family viewer
CUST_07390,0.797892785,1,no time to watch,working professional,standard,high,412,sports enthusiast
CUST_07391,0.834423657,1,content not interesting,college student,basic,high,149.72,family viewer
CUST_07392,0.91091793,1,too expensive,college student,standard,low,360.49,news junkie
CUST_07393,0.753061522,1,switched to competitor,college student,standard,high,367.96,family viewer
CUST_07395,0.756486441,1,too expensive,working professional,premium,high,617.73,family viewer
CUST_07396,0.82931858,1,too expensive,working professional,standard,medium,442.54,family viewer
CUST_07399,0.910658454,1,technical issues,college student,standard,low,428.75,casual viewer
CUST_07400,0.842458876,1,no time to watch,college student,basic,low,172.77,binge watcher
CUST_07402,0.802493307,1,too expensive,college student,standard,high,375.14,family viewer
CUST_07404,0.788526016,1,too expensive,retired individual,premium,medium,757.23,news junkie
CUST_07406,0.716554783,1,switched to competitor,retired individual,basic,high,188.22,sports enthusiast
CUST_07407,0.854651203,1,no time to watch,retired individual,basic,medium,200.52,news junkie
CUST_07408,0.77308277,1,too expensive,college student,premium,high,725.1,news junkie
CUST_07409,0.779731956,1,no time to watch,college student,basic,medium,184.84,casual viewer
CUST_07410,0.85503859,1,no time to watch,working professional,basic,medium,198.53,family viewer
CUST_07411,0.887683546,1,too expensive,working professional,premium,high,710.75,casual viewer
CUST_07412,0.919574382,1,too expensive,college student,premium,high,767.78,binge watcher
CUST_07413,0.770380029,1,no time to watch,working professional,basic,high,219.96,family viewer
CUST_07414,0.869939535,1,too expensive,college student,premium,high,644.02,casual viewer
CUST_07415,0.857608987,1,too expensive,college student,premium,medium,623.43,family viewer
CUST_07416,0.736843322,1,none,retired individual,standard,medium,394.74,casual viewer
CUST_07417,0.859825004,1,none,college student,standard,low,348.32,sports enthusiast
CUST_07418,0.841935806,1,too expensive,working professional,premium,high,609.59,sports enthusiast
CUST_07419,0.837671011,1,too expensive,school student,premium,medium,699.83,news junkie
CUST_07423,0.806017318,1,none,school student,standard,low,403.96,sports enthusiast
CUST_07425,0.884343572,1,no time to watch,working professional,basic,low,249.48,sports enthusiast
CUST_07426,0.821443187,1,technical issues,college student,standard,medium,346.42,casual viewer
CUST_07427,0.703836517,1,technical issues,college student,basic,medium,203.9,binge watcher
CUST_07428,0.713400925,1,too expensive,college student,premium,high,614.43,news junkie
CUST_07429,0.885704702,1,too expensive,working professional,standard,high,416.18,news junkie
CUST_07430,0.841825523,1,technical issues,college student,standard,low,476.73,binge watcher
CUST_07431,0.935669483,1,none,college student,standard,low,448.33,casual viewer
CUST_07432,0.81960963,1,too expensive,college student,standard,medium,421.17,sports enthusiast
CUST_07433,0.702569137,1,none,school student,standard,high,404.88,news junkie
CUST_07435,0.751278927,1,technical issues,retired individual,basic,medium,214.15,news junkie
CUST_07436,0.899322737,1,too expensive,working professional,standard,high,432.38,casual viewer
CUST_07437,0.888356702,1,technical issues,retired individual,standard,medium,370.71,casual viewer
CUST_07439,0.726053179,1,switched to competitor,college student,standard,high,402.55,news junkie
CUST_07440,0.766400962,1,none,retired individual,standard,high,435.98,family viewer
CUST_07441,0.794633967,1,too expensive,college student,standard,low,358,family viewer
CUST_07442,0.805987199,1,content not interesting,working professional,standard,high,439.58,binge watcher
CUST_07443,0.913010101,1,technical issues,college student,standard,medium,372,family viewer
CUST_07444,0.887544928,1,too expensive,school student,premium,high,717.58,family viewer
CUST_07445,0.840071027,1,none,college student,standard,high,348.59,binge watcher
CUST_07446,0.730741169,1,too expensive,school student,premium,medium,731.02,news junkie
CUST_07448,0.836669889,1,too expensive,college student,basic,high,204.1,family viewer
CUST_07449,0.844301718,1,no time to watch,working professional,basic,low,152.63,sports enthusiast
CUST_07450,0.817660634,1,switched to competitor,working professional,basic,high,177.22,binge watcher
CUST_07451,0.75217302,1,switched to competitor,college student,standard,high,357.27,sports enthusiast
CUST_07452,0.870071665,1,too expensive,college student,basic,high,170.05,sports enthusiast
CUST_07453,0.91904045,1,too expensive,school student,basic,low,194.25,binge watcher
CUST_07454,0.849407016,1,no time to watch,working professional,basic,medium,175.64,family viewer
CUST_07455,0.865568174,1,too expensive,college student,standard,medium,433.26,sports enthusiast
CUST_07457,0.85814067,1,switched to competitor,college student,standard,high,413.26,sports enthusiast
CUST_07458,0.788666238,1,none,school student,standard,medium,420.34,binge watcher
CUST_07459,0.78208465,1,technical issues,retired individual,basic,medium,147.07,casual viewer
CUST_07460,0.77729195,1,no time to watch,working professional,standard,high,354.49,casual viewer
CUST_07461,0.889162136,1,too expensive,college student,basic,low,227.59,sports enthusiast
CUST_07462,0.774010368,1,switched to competitor,college student,standard,high,389.03,sports enthusiast
CUST_07463,0.906945669,1,too expensive,retired individual,standard,low,388.68,news junkie
CUST_07464,0.869882944,1,technical issues,school student,basic,low,224.74,sports enthusiast
CUST_07465,0.887090998,1,too expensive,working professional,basic,high,234.11,sports enthusiast
CUST_07466,0.809478245,1,too expensive,retired individual,standard,high,401.75,sports enthusiast
CUST_07467,0.862362405,1,none,retired individual,basic,medium,222.91,casual viewer
CUST_07468,0.73726148,1,no time to watch,retired individual,standard,high,413.39,casual viewer
CUST_07469,0.850312721,1,too expensive,working professional,premium,medium,612.74,family viewer
CUST_07470,0.73144302,1,technical issues,college student,basic,medium,221.16,news junkie
CUST_07471,0.803600678,1,too expensive,retired individual,standard,high,402.23,sports enthusiast
CUST_07472,0.7422258,1,no time to watch,college student,standard,high,414.57,news junkie
CUST_07474,0.920796519,1,too expensive,retired individual,standard,low,420.13,casual viewer
CUST_07475,0.919043857,1,too expensive,working professional,premium,high,735.32,casual viewer
CUST_07476,0.787188526,1,technical issues,college student,basic,low,188.55,casual viewer
CUST_07477,0.930634849,1,too expensive,school student,premium,high,745.38,sports enthusiast
CUST_07479,0.798008403,1,technical issues,retired individual,basic,medium,188.21,binge watcher
CUST_07480,0.837754344,1,technical issues,college student,basic,medium,198.33,news junkie
CUST_07481,0.87039131,1,too expensive,college student,standard,high,373.87,binge watcher
CUST_07482,0.735135678,1,too expensive,college student,basic,high,214.54,family viewer
CUST_07483,0.799514317,1,technical issues,working professional,standard,medium,427.86,sports enthusiast
CUST_07484,0.798026365,1,technical issues,college student,standard,medium,361.32,family viewer
CUST_07485,0.877954062,1,no time to watch,working professional,standard,low,425.01,binge watcher
CUST_07487,0.735740951,1,technical issues,retired individual,basic,medium,227.11,family viewer
CUST_07488,0.881460625,1,no time to watch,retired individual,basic,medium,199.57,family viewer
CUST_07490,0.814277471,1,none,retired individual,standard,medium,348.37,casual viewer
CUST_07491,0.831721133,1,technical issues,college student,standard,medium,385.42,sports enthusiast
CUST_07492,0.803759046,1,technical issues,college student,standard,low,389.4,binge watcher
CUST_07493,0.877851312,1,technical issues,college student,basic,medium,180.01,family viewer
CUST_07494,0.704583488,1,switched to competitor,retired individual,standard,high,373.28,sports enthusiast
CUST_07495,0.842225972,1,technical issues,college student,standard,medium,376.09,casual viewer
CUST_07496,0.858039087,1,too expensive,college student,standard,medium,426.21,family viewer
CUST_07498,0.88875329,1,technical issues,college student,standard,medium,367.59,casual viewer
CUST_07500,0.768124614,1,too expensive,retired individual,standard,high,463.26,news junkie
CUST_07501,0.792418054,1,none,retired individual,basic,medium,213.62,sports enthusiast
CUST_07502,0.80185281,1,no time to watch,working professional,basic,high,227.89,sports enthusiast
CUST_07504,0.838943641,1,too expensive,college student,standard,high,359.37,news junkie
CUST_07505,0.754235808,1,too expensive,college student,basic,high,174.93,news junkie
CUST_07506,0.924187249,1,no time to watch,college student,standard,low,437.83,sports enthusiast
CUST_07508,0.831577223,1,no time to watch,working professional,standard,low,465.49,news junkie
CUST_07509,0.784406125,1,no time to watch,school student,basic,high,189.33,binge watcher
CUST_07510,0.828707081,1,no time to watch,college student,standard,high,434.39,news junkie
CUST_07511,0.79026447,1,none,college student,basic,high,168.38,sports enthusiast
CUST_07512,0.758310627,1,none,retired individual,premium,medium,792.63,news junkie
CUST_07513,0.831745134,1,switched to competitor,college student,standard,high,463.83,sports enthusiast
CUST_07514,0.739059839,1,technical issues,college student,premium,low,598.94,casual viewer
CUST_07515,0.762120226,1,switched to competitor,school student,standard,high,374.74,sports enthusiast
CUST_07516,0.810999475,1,no time to watch,retired individual,basic,high,193.39,casual viewer
CUST_07517,0.909770535,1,too expensive,college student,basic,low,201.98,casual viewer
CUST_07518,0.847096058,1,technical issues,school student,standard,low,445.3,news junkie
CUST_07519,0.859306808,1,no time to watch,working professional,basic,high,182.35,sports enthusiast
CUST_07520,0.895416349,1,technical issues,school student,basic,low,224.82,family viewer
CUST_07521,0.76253737,1,technical issues,college student,standard,medium,435.95,binge watcher
CUST_07522,0.771027711,1,technical issues,college student,basic,low,208.36,sports enthusiast
CUST_07523,0.92308458,1,too expensive,school student,basic,low,237.34,sports enthusiast
CUST_07524,0.821596092,1,too expensive,college student,premium,high,736.19,sports enthusiast
CUST_07526,0.871731916,1,too expensive,college student,basic,high,212.03,news junkie
CUST_07527,0.908189927,1,too expensive,college student,basic,high,186.22,family viewer
CUST_07529,0.70414044,1,switched to competitor,school student,standard,high,448.16,casual viewer
CUST_07531,0.883640264,1,none,school student,standard,medium,414.29,binge watcher
CUST_07532,0.85497016,1,too expensive,retired individual,basic,low,202.54,binge watcher
CUST_07533,0.840900174,1,too expensive,retired individual,basic,high,183.86,news junkie
CUST_07534,0.711687564,1,too expensive,college student,standard,high,418.84,sports enthusiast
CUST_07535,0.748656652,1,too expensive,school student,basic,high,168.7,news junkie
CUST_07536,0.750269011,1,technical issues,working professional,basic,medium,224.96,binge watcher
CUST_07537,0.772332517,1,none,school student,premium,low,642.96,news junkie
CUST_07538,0.797985937,1,too expensive,college student,premium,high,639.96,news junkie
CUST_07539,0.924344618,1,too expensive,working professional,standard,medium,464.69,sports enthusiast
CUST_07540,0.805512795,1,too expensive,school student,premium,medium,765.27,family viewer
CUST_07541,0.831041383,1,too expensive,retired individual,premium,medium,680.96,sports enthusiast
CUST_07542,0.826192362,1,switched to competitor,college student,basic,high,145.61,family viewer
CUST_07543,0.76818326,1,none,school student,standard,high,355.37,sports enthusiast
CUST_07544,0.752241634,1,no time to watch,college student,basic,high,196.19,news junkie
CUST_07545,0.841920304,1,too expensive,college student,basic,high,219.37,news junkie
CUST_07546,0.796573922,1,too expensive,retired individual,premium,high,719,casual viewer
CUST_07548,0.832632837,1,no time to watch,working professional,standard,high,448.83,family viewer
CUST_07549,0.867569856,1,technical issues,college student,standard,medium,362.58,binge watcher
CUST_07552,0.780337156,1,technical issues,retired individual,basic,medium,187.16,sports enthusiast
CUST_07553,0.860584349,1,too expensive,working professional,standard,high,465.41,news junkie
CUST_07554,0.84721696,1,too expensive,college student,premium,medium,737.85,casual viewer
CUST_07555,0.929386819,1,too expensive,working professional,basic,medium,198.6,casual viewer
CUST_07556,0.770399181,1,none,retired individual,basic,high,173.7,family viewer
CUST_07557,0.90196803,1,too expensive,retired individual,standard,high,447.88,binge watcher
CUST_07559,0.846592769,1,too expensive,college student,standard,high,410.15,binge watcher
CUST_07560,0.768105351,1,switched to competitor,retired individual,standard,high,461.12,family viewer
CUST_07561,0.905359983,1,too expensive,college student,premium,low,713.82,binge watcher
CUST_07562,0.786121754,1,too expensive,retired individual,premium,high,747.64,sports enthusiast
CUST_07563,0.858822777,1,no time to watch,working professional,standard,high,385.8,casual viewer
CUST_07564,0.723197922,1,technical issues,working professional,basic,low,181.57,family viewer
CUST_07565,0.863288863,1,too expensive,college student,premium,high,633.86,casual viewer
CUST_07566,0.923260057,1,too expensive,working professional,premium,low,662.95,news junkie
CUST_07567,0.774096803,1,too expensive,college student,premium,high,652.27,sports enthusiast
CUST_07568,0.867606713,1,too expensive,working professional,standard,medium,443.5,news junkie
CUST_07569,0.818070426,1,technical issues,retired individual,standard,medium,397.74,sports enthusiast
CUST_07570,0.801915275,1,switched to competitor,working professional,basic,high,202.9,news junkie
CUST_07571,0.795491846,1,too expensive,college student,premium,high,642.69,family viewer
CUST_07572,0.823366125,1,too expensive,school student,premium,medium,776.68,binge watcher
CUST_07573,0.760857291,1,too expensive,retired individual,basic,high,171.75,sports enthusiast
CUST_07574,0.844804085,1,no time to watch,retired individual,standard,high,349.31,binge watcher
CUST_07575,0.901203032,1,too expensive,college student,premium,medium,707.63,casual viewer
CUST_07576,0.90347491,1,too expensive,school student,standard,medium,490.17,binge watcher
CUST_07577,0.91658104,1,technical issues,retired individual,standard,low,452.02,sports enthusiast
CUST_07578,0.863769337,1,too expensive,school student,basic,high,170.9,sports enthusiast
CUST_07579,0.872037151,1,too expensive,college student,basic,low,195.88,news junkie
CUST_07580,0.835739138,1,too expensive,retired individual,standard,high,363.34,news junkie
CUST_07583,0.949175709,1,too expensive,retired individual,premium,medium,712.11,binge watcher
CUST_07584,0.874833034,1,none,college student,basic,low,191.34,family viewer
CUST_07585,0.701968118,1,none,college student,standard,medium,466.76,news junkie
CUST_07587,0.759017535,1,switched to competitor,college student,basic,high,219.49,binge watcher
CUST_07589,0.725544804,1,none,retired individual,basic,medium,198.96,casual viewer
CUST_07590,0.797123778,1,too expensive,school student,premium,high,780.94,news junkie
CUST_07591,0.88772522,1,too expensive,college student,basic,medium,237.03,family viewer
CUST_07592,0.750146524,1,switched to competitor,school student,standard,high,440.4,news junkie
CUST_07593,0.772691227,1,too expensive,working professional,premium,high,623.97,binge watcher
CUST_07594,0.85875395,1,too expensive,college student,standard,high,366.55,news junkie
CUST_07595,0.912136803,1,technical issues,retired individual,standard,low,376.22,family viewer
CUST_07596,0.832570137,1,too expensive,college student,premium,high,789.18,family viewer
CUST_07597,0.813306958,1,switched to competitor,working professional,standard,high,359.77,family viewer
CUST_07598,0.706094179,1,too expensive,retired individual,premium,medium,629.14,casual viewer
CUST_07599,0.948581369,1,too expensive,working professional,premium,low,625.39,family viewer
CUST_07600,0.747760895,1,none,college student,premium,high,708.53,sports enthusiast
CUST_07601,0.88532936,1,technical issues,college student,basic,medium,159.06,news junkie
CUST_07602,0.923868902,1,too expensive,working professional,standard,high,430.56,family viewer
CUST_07603,0.893723689,1,technical issues,college student,standard,low,400.1,family viewer
CUST_07604,0.753826988,1,none,college student,premium,medium,704.93,binge watcher
CUST_07605,0.850236961,1,technical issues,college student,standard,low,448.18,sports enthusiast
CUST_07606,0.751836102,1,too expensive,working professional,premium,high,762.14,family viewer
CUST_07608,0.831812907,1,content not interesting,retired individual,standard,high,426.21,family viewer
CUST_07609,0.929982636,1,too expensive,retired individual,basic,low,213.83,binge watcher
CUST_07610,0.903097258,1,none,retired individual,basic,high,232.09,news junkie
CUST_07611,0.714978755,1,too expensive,school student,premium,high,702.28,sports enthusiast
CUST_07612,0.794160153,1,no time to watch,college student,standard,high,393.65,binge watcher
CUST_07614,0.862906617,1,technical issues,college student,standard,medium,405.35,casual viewer
CUST_07615,0.86742901,1,too expensive,retired individual,premium,high,715.57,news junkie
CUST_07616,0.729853147,1,none,college student,basic,high,221.94,family viewer
CUST_07617,0.853792363,1,too expensive,college student,premium,medium,723.69,family viewer
CUST_07618,0.826844795,1,content not interesting,college student,basic,high,193.57,casual viewer
CUST_07619,0.791045714,1,too expensive,working professional,premium,high,785.52,family viewer
CUST_07620,0.811618008,1,too expensive,college student,premium,high,774.21,binge watcher
CUST_07621,0.921885124,1,no time to watch,college student,basic,low,195.13,family viewer
CUST_07623,0.853537625,1,content not interesting,working professional,standard,high,413.32,casual viewer
CUST_07624,0.820032362,1,none,college student,premium,medium,594.56,news junkie
CUST_07625,0.860557196,1,too expensive,retired individual,premium,low,717.01,family viewer
CUST_07626,0.759809418,1,none,working professional,premium,high,634.09,news junkie
CUST_07627,0.826996105,1,too expensive,college student,premium,high,773.45,casual viewer
CUST_07628,0.826858694,1,too expensive,working professional,premium,high,755.09,family viewer
CUST_07629,0.81112246,1,switched to competitor,school student,basic,high,209.88,family viewer
CUST_07630,0.845478569,1,technical issues,college student,standard,low,358.31,sports enthusiast
CUST_07631,0.78508549,1,too expensive,working professional,basic,medium,203.32,family viewer
CUST_07632,0.768217,1,switched to competitor,college student,standard,high,408.64,casual viewer
CUST_07633,0.867111841,1,technical issues,school student,basic,low,144.14,casual viewer
CUST_07635,0.954976199,1,too expensive,working professional,premium,medium,637.8,family viewer
CUST_07636,0.791303355,1,too expensive,school student,standard,high,380.82,family viewer
CUST_07637,0.92120613,1,too expensive,college student,premium,medium,618.06,binge watcher
CUST_07638,0.79450572,1,technical issues,college student,standard,low,451.19,sports enthusiast
CUST_07639,0.840468844,1,too expensive,retired individual,standard,medium,448.31,binge watcher
CUST_07640,0.886366273,1,too expensive,retired individual,basic,medium,202.96,news junkie
CUST_07641,0.730459751,1,none,retired individual,standard,high,484.79,binge watcher
CUST_07643,0.825121194,1,none,school student,basic,high,231.4,news junkie
CUST_07644,0.935203954,1,none,working professional,premium,medium,651.68,family viewer
CUST_07645,0.709578233,1,technical issues,college student,basic,medium,225.05,sports enthusiast
CUST_07646,0.735229539,1,too expensive,working professional,premium,high,735.06,casual viewer
CUST_07648,0.814189029,1,too expensive,working professional,premium,high,792.66,family viewer
CUST_07649,0.789878781,1,technical issues,college student,basic,low,217.67,binge watcher
CUST_07650,0.854204512,1,too expensive,working professional,premium,high,645.48,family viewer
CUST_07651,0.807788617,1,none,retired individual,standard,high,404.89,binge watcher
CUST_07652,0.887743887,1,no time to watch,retired individual,standard,low,384.87,casual viewer
CUST_07655,0.876150468,1,too expensive,retired individual,premium,low,628.42,family viewer
CUST_07656,0.820948436,1,too expensive,college student,premium,high,712.47,family viewer
CUST_07657,0.854251482,1,too expensive,working professional,premium,high,618.45,binge watcher
CUST_07658,0.772083169,1,none,school student,basic,high,226.59,binge watcher
CUST_07659,0.736037632,1,no time to watch,college student,standard,medium,421.95,sports enthusiast
CUST_07660,0.741405876,1,too expensive,college student,premium,high,703.95,sports enthusiast
CUST_07661,0.7692551,1,none,retired individual,basic,high,215.43,sports enthusiast
CUST_07662,0.735686117,1,none,college student,premium,high,640.6,family viewer
CUST_07663,0.765301956,1,switched to competitor,college student,basic,high,218.64,sports enthusiast
CUST_07664,0.75931228,1,none,school student,premium,low,692.54,casual viewer
CUST_07665,0.76610715,1,technical issues,working professional,standard,medium,452.51,casual viewer
CUST_07666,0.723440059,1,technical issues,college student,basic,low,210.7,casual viewer
CUST_07667,0.795031126,1,too expensive,working professional,premium,medium,752.06,news junkie
CUST_07668,0.869769492,1,too expensive,working professional,premium,high,619.03,binge watcher
CUST_07669,0.757442601,1,none,college student,basic,low,186.84,news junkie
CUST_07670,0.719298131,1,none,retired individual,basic,high,173.48,casual viewer
CUST_07672,0.789695568,1,technical issues,college student,standard,medium,438.79,casual viewer
CUST_07673,0.861497548,1,no time to watch,working professional,basic,high,195.02,binge watcher
CUST_07674,0.88099141,1,too expensive,retired individual,premium,low,706.84,news junkie
CUST_07676,0.891140293,1,no time to watch,college student,standard,low,332.71,casual viewer
CUST_07677,0.731880577,1,no time to watch,working professional,standard,medium,405.69,binge watcher
CUST_07679,0.909199708,1,too expensive,working professional,standard,medium,466.39,news junkie
CUST_07680,0.809521759,1,technical issues,working professional,standard,medium,447.96,binge watcher
CUST_07681,0.804479713,1,too expensive,retired individual,basic,high,185.78,binge watcher
CUST_07683,0.730147096,1,switched to competitor,retired individual,basic,high,168.46,binge watcher
CUST_07684,0.877993402,1,content not interesting,college student,standard,high,377.48,binge watcher
CUST_07685,0.747513234,1,technical issues,college student,standard,low,424.68,sports enthusiast
CUST_07688,0.832097835,1,no time to watch,college student,standard,medium,450.66,binge watcher
CUST_07689,0.783404049,1,too expensive,college student,premium,high,753.36,sports enthusiast
CUST_07690,0.883138661,1,too expensive,college student,standard,low,431.8,sports enthusiast
CUST_07691,0.796944641,1,too expensive,college student,premium,low,608.9,casual viewer
CUST_07693,0.902921947,1,technical issues,college student,standard,medium,412.95,news junkie
CUST_07695,0.816233926,1,technical issues,college student,standard,medium,380.29,sports enthusiast
CUST_07696,0.869024454,1,too expensive,working professional,premium,low,668.37,family viewer
CUST_07697,0.841685066,1,too expensive,working professional,standard,high,375.14,binge watcher
CUST_07698,0.807631481,1,too expensive,retired individual,standard,high,441.65,sports enthusiast
CUST_07699,0.965799307,1,too expensive,working professional,standard,low,350.85,sports enthusiast
CUST_07700,0.811098899,1,none,working professional,premium,medium,655.32,binge watcher
CUST_07701,0.894818614,1,too expensive,retired individual,premium,low,768.73,news junkie
CUST_07703,0.947677992,1,too expensive,college student,premium,low,651.57,news junkie
CUST_07704,0.799586901,1,switched to competitor,working professional,basic,high,189.21,binge watcher
CUST_07705,0.922044466,1,too expensive,working professional,premium,medium,709.18,sports enthusiast
CUST_07706,0.80650456,1,too expensive,working professional,premium,high,806.41,binge watcher
CUST_07707,0.877530072,1,too expensive,retired individual,basic,high,233.56,family viewer
CUST_07708,0.82299343,1,switched to competitor,retired individual,standard,high,322.05,sports enthusiast
CUST_07709,0.898645258,1,no time to watch,working professional,standard,low,397.85,casual viewer
CUST_07711,0.72043563,1,switched to competitor,college student,standard,high,454.39,binge watcher
CUST_07712,0.779713028,1,no time to watch,working professional,basic,medium,208.9,family viewer
CUST_07713,0.921385641,1,too expensive,school student,premium,medium,766.64,family viewer
CUST_07714,0.901595668,1,no time to watch,working professional,basic,low,224.87,casual viewer
CUST_07715,0.760192741,1,none,retired individual,basic,low,191.79,binge watcher
CUST_07716,0.796148134,1,no time to watch,college student,basic,high,198.41,family viewer
CUST_07717,0.894513436,1,too expensive,college student,basic,low,225.3,binge watcher
CUST_07718,0.857872012,1,technical issues,college student,standard,medium,397.63,sports enthusiast
CUST_07719,0.852665199,1,none,school student,premium,high,771.55,sports enthusiast
CUST_07720,0.853661559,1,technical issues,retired individual,standard,low,411.92,sports enthusiast
CUST_07721,0.900376052,1,too expensive,retired individual,standard,high,439.73,sports enthusiast
CUST_07723,0.737415099,1,too expensive,working professional,premium,high,635.42,casual viewer
CUST_07724,0.862482768,1,none,school student,premium,high,650.96,news junkie
CUST_07725,0.800755677,1,technical issues,college student,standard,medium,373.2,binge watcher
CUST_07726,0.761798776,1,too expensive,college student,premium,high,730.44,sports enthusiast
CUST_07727,0.78899792,1,switched to competitor,retired individual,basic,high,238.62,sports enthusiast
CUST_07728,0.821928441,1,none,retired individual,standard,medium,398.86,news junkie
CUST_07729,0.814294599,1,too expensive,retired individual,premium,low,779.04,family viewer
CUST_07730,0.746726639,1,switched to competitor,college student,standard,high,454.11,binge watcher
CUST_07731,0.900621784,1,too expensive,retired individual,premium,low,606.98,news junkie
CUST_07732,0.740079528,1,none,retired individual,premium,high,711.5,binge watcher
CUST_07733,0.749228033,1,too expensive,working professional,premium,low,770.65,casual viewer
CUST_07734,0.802192092,1,too expensive,working professional,premium,high,793.49,casual viewer
CUST_07735,0.860043453,1,too expensive,school student,standard,high,456.54,news junkie
CUST_07736,0.742624054,1,none,retired individual,standard,high,394.32,binge watcher
CUST_07738,0.776216832,1,too expensive,retired individual,premium,high,703.21,news junkie
CUST_07739,0.86010074,1,too expensive,college student,premium,low,777.47,binge watcher
CUST_07740,0.853306421,1,no time to watch,working professional,standard,medium,449.02,family viewer
CUST_07743,0.844741557,1,too expensive,college student,premium,low,655.28,news junkie
CUST_07744,0.838642942,1,no time to watch,working professional,basic,high,179.7,casual viewer
CUST_07745,0.8315416,1,too expensive,retired individual,standard,high,450.59,sports enthusiast
CUST_07746,0.85715059,1,none,retired individual,standard,high,432.11,casual viewer
CUST_07747,0.776701723,1,none,working professional,premium,medium,790.98,binge watcher
CUST_07748,0.832660168,1,none,college student,standard,medium,409.45,binge watcher
CUST_07749,0.899514012,1,none,retired individual,premium,high,652.94,family viewer
CUST_07751,0.75732207,1,too expensive,college student,premium,high,642.73,sports enthusiast
CUST_07752,0.861440148,1,too expensive,college student,standard,medium,374.06,casual viewer
CUST_07753,0.762336834,1,too expensive,working professional,standard,high,309.18,binge watcher
CUST_07754,0.718323166,1,none,retired individual,basic,medium,210.02,binge watcher
CUST_07756,0.78243658,1,none,school student,basic,low,196.1,news junkie
CUST_07757,0.768614462,1,none,college student,premium,high,794.56,family viewer
CUST_07758,0.806773509,1,switched to competitor,college student,premium,high,595.95,binge watcher
CUST_07760,0.737293518,1,technical issues,college student,standard,medium,436.17,family viewer
CUST_07762,0.83190885,1,too expensive,college student,premium,high,597.84,binge watcher
CUST_07763,0.87314231,1,too expensive,working professional,standard,high,394.07,sports enthusiast
CUST_07764,0.826008614,1,no time to watch,school student,standard,medium,457.17,binge watcher
CUST_07765,0.737612042,1,no time to watch,working professional,standard,high,335.7,news junkie
CUST_07767,0.841612891,1,no time to watch,working professional,basic,medium,234.24,family viewer
CUST_07768,0.750893789,1,technical issues,retired individual,basic,medium,181.76,casual viewer
CUST_07770,0.878321675,1,none,college student,standard,high,404.65,sports enthusiast
CUST_07771,0.76196556,1,too expensive,college student,standard,high,434.67,family viewer
CUST_07772,0.885160183,1,none,college student,basic,medium,244.13,news junkie
CUST_07773,0.84116778,1,too expensive,working professional,premium,medium,762.33,news junkie
CUST_07774,0.843386922,1,none,working professional,standard,medium,448.95,family viewer
CUST_07775,0.836870032,1,technical issues,college student,standard,low,448.56,sports enthusiast
CUST_07777,0.893344564,1,too expensive,working professional,premium,high,711.23,sports enthusiast
CUST_07778,0.754379236,1,content not interesting,retired individual,standard,high,334.47,family viewer
CUST_07781,0.816298472,1,too expensive,college student,standard,high,384.59,family viewer
CUST_07782,0.937337428,1,no time to watch,college student,basic,medium,184.61,family viewer
CUST_07783,0.81838519,1,too expensive,retired individual,premium,medium,651.39,casual viewer
CUST_07784,0.869740004,1,too expensive,school student,basic,high,203.9,family viewer
CUST_07785,0.845989008,1,content not interesting,working professional,standard,high,440.39,news junkie
CUST_07786,0.878923645,1,none,working professional,basic,medium,215.31,family viewer
CUST_07787,0.798969358,1,technical issues,working professional,basic,medium,215.36,family viewer
CUST_07789,0.751133962,1,too expensive,college student,standard,high,420.95,news junkie
CUST_07790,0.826444973,1,too expensive,college student,premium,high,767.82,family viewer
CUST_07791,0.794086309,1,too expensive,retired individual,standard,high,410.09,news junkie
CUST_07792,0.854164111,1,none,college student,standard,high,434.34,family viewer
CUST_07793,0.834766108,1,too expensive,working professional,basic,medium,191.49,news junkie
CUST_07795,0.801403588,1,technical issues,retired individual,standard,medium,422.01,news junkie
CUST_07797,0.913383749,1,too expensive,retired individual,standard,low,389.01,binge watcher
CUST_07798,0.780175783,1,too expensive,retired individual,premium,medium,770.02,binge watcher
CUST_07800,0.785539185,1,switched to competitor,school student,standard,high,376.07,family viewer
CUST_07801,0.888084886,1,technical issues,working professional,standard,low,360.82,binge watcher
CUST_07802,0.801682613,1,too expensive,working professional,standard,high,462.45,binge watcher
CUST_07803,0.823264167,1,no time to watch,retired individual,basic,medium,182.51,news junkie
CUST_07804,0.787965199,1,none,working professional,premium,high,642.58,binge watcher
CUST_07805,0.85989954,1,technical issues,college student,standard,low,454.25,sports enthusiast
CUST_07806,0.802825755,1,content not interesting,college student,basic,high,172.39,casual viewer
CUST_07809,0.920266479,1,too expensive,college student,standard,low,442.81,binge watcher
CUST_07810,0.817439143,1,too expensive,college student,standard,high,418.34,casual viewer
CUST_07813,0.802742629,1,switched to competitor,school student,standard,high,413.86,family viewer
CUST_07814,0.72646189,1,none,college student,basic,medium,188.79,family viewer
CUST_07815,0.752441226,1,too expensive,working professional,premium,medium,791.58,binge watcher
CUST_07816,0.895423202,1,too expensive,retired individual,basic,low,217.45,binge watcher
CUST_07817,0.931331118,1,too expensive,working professional,standard,high,353.94,binge watcher
CUST_07818,0.795329294,1,too expensive,college student,premium,high,644.41,binge watcher
CUST_07819,0.855017518,1,too expensive,working professional,premium,high,657.48,casual viewer
CUST_07820,0.778617672,1,technical issues,college student,basic,low,221.16,news junkie
CUST_07821,0.714762149,1,too expensive,college student,premium,high,750.12,sports enthusiast
CUST_07822,0.764207023,1,too expensive,retired individual,standard,high,388.73,family viewer
CUST_07823,0.940349602,1,no time to watch,school student,standard,low,385.17,sports enthusiast
CUST_07824,0.840800511,1,too expensive,retired individual,standard,medium,426.37,family viewer
CUST_07825,0.719235574,1,technical issues,college student,standard,low,460.43,news junkie
CUST_07826,0.752043049,1,too expensive,retired individual,standard,high,399.68,binge watcher
CUST_07829,0.805870311,1,none,working professional,basic,low,205.86,sports enthusiast
CUST_07830,0.922352099,1,too expensive,college student,premium,high,615.54,news junkie
CUST_07831,0.865741452,1,too expensive,school student,standard,medium,380.93,casual viewer
CUST_07832,0.870724795,1,none,retired individual,basic,medium,225.33,casual viewer
CUST_07834,0.855227427,1,too expensive,working professional,premium,high,664.09,family viewer
CUST_07835,0.778393591,1,technical issues,college student,standard,medium,363.47,binge watcher
CUST_07836,0.772360472,1,none,college student,basic,high,196.06,casual viewer
CUST_07837,0.732355777,1,too expensive,retired individual,basic,high,201.93,news junkie
CUST_07838,0.782505015,1,technical issues,working professional,standard,medium,412.03,binge watcher
CUST_07840,0.939623083,1,too expensive,college student,standard,low,397,sports enthusiast
CUST_07841,0.796015207,1,technical issues,college student,basic,medium,234.67,casual viewer
CUST_07842,0.874955655,1,too expensive,retired individual,premium,medium,795.18,family viewer
CUST_07843,0.801245622,1,no time to watch,working professional,basic,high,178.54,casual viewer
CUST_07844,0.863484266,1,none,school student,basic,high,238.4,news junkie
CUST_07845,0.823798727,1,none,working professional,premium,high,689.25,news junkie
CUST_07846,0.929950729,1,too expensive,college student,basic,high,220.01,sports enthusiast
CUST_07847,0.718205327,1,technical issues,school student,basic,low,187.78,binge watcher
CUST_07848,0.896787588,1,technical issues,working professional,standard,medium,441.5,sports enthusiast
CUST_07849,0.792989044,1,too expensive,retired individual,premium,high,637.71,sports enthusiast
CUST_07850,0.853880562,1,technical issues,college student,basic,medium,197.87,casual viewer
CUST_07851,0.873672471,1,technical issues,working professional,standard,low,461.15,sports enthusiast
CUST_07852,0.817263644,1,no time to watch,working professional,standard,high,446.77,news junkie
CUST_07853,0.932503253,1,none,college student,standard,medium,349.8,family viewer
CUST_07855,0.831183679,1,too expensive,school student,premium,high,764.09,sports enthusiast
CUST_07858,0.763740259,1,too expensive,retired individual,premium,medium,784.77,news junkie
CUST_07860,0.704374923,1,switched to competitor,working professional,standard,high,375.89,binge watcher
CUST_07861,0.882620413,1,too expensive,college student,premium,low,771.35,casual viewer
CUST_07862,0.859270812,1,too expensive,working professional,basic,high,184.68,binge watcher
CUST_07863,0.862647008,1,too expensive,working professional,standard,high,452.84,casual viewer
CUST_07865,0.748639885,1,no time to watch,college student,standard,high,370.16,casual viewer
CUST_07867,0.771569477,1,technical issues,working professional,basic,medium,179.48,casual viewer
CUST_07868,0.804930722,1,too expensive,working professional,standard,medium,393.97,casual viewer
CUST_07869,0.868886211,1,too expensive,school student,basic,high,186.78,family viewer
CUST_07870,0.833840475,1,none,working professional,premium,high,734.66,binge watcher
CUST_07873,0.735517477,1,too expensive,college student,basic,medium,227.27,binge watcher
CUST_07874,0.857359059,1,none,retired individual,premium,high,774.96,casual viewer
CUST_07875,0.705153408,1,none,retired individual,premium,high,774.19,family viewer
CUST_07876,0.810001437,1,too expensive,working professional,premium,medium,760,family viewer
CUST_07877,0.835794306,1,too expensive,retired individual,standard,high,370.87,sports enthusiast
CUST_07878,0.739351546,1,too expensive,retired individual,premium,high,640.21,casual viewer
CUST_07879,0.819572499,1,too expensive,retired individual,basic,high,187.63,family viewer
CUST_07880,0.835154649,1,technical issues,retired individual,basic,low,177.61,binge watcher
CUST_07881,0.883547275,1,none,college student,standard,medium,467.86,news junkie
CUST_07882,0.849235644,1,too expensive,college student,premium,low,804.07,casual viewer
CUST_07883,0.929355204,1,too expensive,college student,standard,low,359.66,family viewer
CUST_07884,0.902415126,1,none,working professional,standard,high,367.08,binge watcher
CUST_07885,0.827014904,1,too expensive,working professional,premium,medium,779.6,casual viewer
CUST_07887,0.863589158,1,none,working professional,standard,high,351.55,family viewer
CUST_07888,0.817246874,1,switched to competitor,retired individual,basic,high,165.9,sports enthusiast
CUST_07889,0.815103957,1,too expensive,college student,basic,medium,216.02,binge watcher
CUST_07890,0.810354199,1,too expensive,retired individual,premium,high,761.53,news junkie
CUST_07891,0.86457961,1,too expensive,school student,standard,low,390.01,news junkie
CUST_07892,0.82494869,1,none,college student,premium,high,648.07,sports enthusiast
CUST_07894,0.900923388,1,technical issues,retired individual,basic,low,215.15,family viewer
CUST_07895,0.805283555,1,too expensive,school student,premium,high,784.67,binge watcher
CUST_07896,0.774803542,1,content not interesting,college student,standard,high,423.78,binge watcher
CUST_07897,0.824136593,1,too expensive,school student,premium,high,713.97,binge watcher
CUST_07898,0.884994365,1,too expensive,college student,standard,high,401.26,news junkie
CUST_07900,0.719859573,1,too expensive,college student,premium,high,745.93,casual viewer
CUST_07901,0.855929945,1,too expensive,college student,premium,medium,691.54,sports enthusiast
CUST_07903,0.832070056,1,too expensive,school student,basic,low,224.41,news junkie
CUST_07904,0.772983154,1,none,college student,standard,high,406.72,sports enthusiast
CUST_07905,0.844734633,1,too expensive,working professional,premium,high,632.43,binge watcher
CUST_07906,0.903793277,1,technical issues,school student,standard,low,441.6,family viewer
CUST_07908,0.769897193,1,technical issues,college student,standard,low,403.98,casual viewer
CUST_07909,0.861886169,1,too expensive,school student,premium,medium,764.34,family viewer
CUST_07910,0.834219828,1,technical issues,college student,standard,medium,424.25,casual viewer
CUST_07911,0.703511869,1,too expensive,working professional,premium,high,705.97,sports enthusiast
CUST_07912,0.85400101,1,too expensive,working professional,standard,high,363.95,binge watcher
CUST_07913,0.811697262,1,no time to watch,college student,basic,medium,213.48,casual viewer
CUST_07914,0.718861024,1,too expensive,college student,premium,medium,739.96,binge watcher
CUST_07916,0.751135303,1,technical issues,college student,basic,medium,238.85,casual viewer
CUST_07917,0.735305704,1,technical issues,college student,basic,medium,185.13,casual viewer
CUST_07920,0.789523035,1,none,working professional,basic,high,223.81,sports enthusiast
CUST_07921,0.767946239,1,too expensive,college student,basic,high,265.9,family viewer
CUST_07922,0.826321331,1,none,retired individual,standard,low,374.18,sports enthusiast
CUST_07923,0.775610271,1,none,college student,basic,high,172.74,casual viewer
CUST_07924,0.932985505,1,technical issues,retired individual,basic,low,175.42,binge watcher
CUST_07925,0.885086162,1,no time to watch,working professional,basic,medium,202.79,sports enthusiast
CUST_07927,0.906028793,1,too expensive,college student,standard,medium,411.38,casual viewer
CUST_07928,0.916192941,1,too expensive,retired individual,premium,low,674.38,sports enthusiast
CUST_07929,0.85054838,1,too expensive,working professional,premium,low,781.68,binge watcher
CUST_07931,0.922866937,1,too expensive,working professional,basic,low,177.26,casual viewer
CUST_07932,0.872519164,1,technical issues,working professional,basic,medium,207.82,sports enthusiast
CUST_07935,0.795396041,1,too expensive,college student,standard,high,421.15,casual viewer
CUST_07936,0.807702404,1,switched to competitor,college student,basic,high,157.67,casual viewer
CUST_07937,0.89038506,1,too expensive,college student,premium,high,597.05,family viewer
CUST_07938,0.734597698,1,no time to watch,retired individual,basic,high,158.47,binge watcher
CUST_07939,0.861620028,1,too expensive,working professional,premium,medium,644.68,casual viewer
CUST_07940,0.84014693,1,too expensive,college student,standard,high,432.43,casual viewer
CUST_07941,0.746376853,1,none,school student,premium,medium,636.89,casual viewer
CUST_07942,0.876144418,1,no time to watch,working professional,standard,high,425.59,casual viewer
CUST_07943,0.833033158,1,switched to competitor,retired individual,basic,high,214.26,binge watcher
CUST_07944,0.946953756,1,too expensive,retired individual,premium,low,641.62,casual viewer
CUST_07946,0.72329395,1,none,college student,basic,medium,161.71,sports enthusiast
CUST_07947,0.802666801,1,switched to competitor,school student,standard,high,368.94,family viewer
CUST_07948,0.8405496,1,too expensive,retired individual,premium,high,595.35,sports enthusiast
CUST_07949,0.748532834,1,switched to competitor,college student,basic,high,240.85,casual viewer
CUST_07950,0.844103055,1,too expensive,school student,premium,low,758.23,family viewer
CUST_07951,0.739291193,1,switched to competitor,retired individual,standard,high,389.48,family viewer
CUST_07952,0.803749613,1,too expensive,college student,basic,high,198.91,family viewer
CUST_07953,0.843001077,1,too expensive,retired individual,standard,high,332.74,family viewer
CUST_07954,0.773714576,1,none,school student,standard,medium,425.65,news junkie
CUST_07955,0.7589639,1,too expensive,college student,basic,high,191.43,sports enthusiast
CUST_07956,0.886445191,1,content not interesting,college student,standard,high,425.49,binge watcher
CUST_07958,0.873164525,1,too expensive,college student,standard,high,384.7,news junkie
CUST_07959,0.854791992,1,no time to watch,college student,basic,high,169.4,news junkie
CUST_07960,0.933240076,1,too expensive,working professional,standard,low,427.8,binge watcher
CUST_07961,0.882626154,1,technical issues,college student,standard,medium,402.53,casual viewer
CUST_07962,0.771289708,1,too expensive,college student,premium,medium,632.05,binge watcher
CUST_07963,0.779966421,1,too expensive,college student,standard,high,449.4,sports enthusiast
CUST_07964,0.930151682,1,none,retired individual,standard,low,356.56,sports enthusiast
CUST_07965,0.797699293,1,none,college student,premium,low,647.26,family viewer
CUST_07966,0.737879811,1,too expensive,college student,premium,high,741.92,sports enthusiast
CUST_07967,0.716114638,1,no time to watch,working professional,basic,high,204.18,news junkie
CUST_07968,0.70997488,1,technical issues,working professional,basic,medium,153.53,family viewer
CUST_07969,0.774452368,1,too expensive,college student,premium,medium,709.38,casual viewer
CUST_07970,0.88893625,1,too expensive,college student,premium,low,625.59,sports enthusiast
CUST_07971,0.752154249,1,too expensive,retired individual,premium,high,605.29,sports enthusiast
CUST_07972,0.837650838,1,none,retired individual,standard,medium,365.64,news junkie
CUST_07973,0.796041483,1,no time to watch,retired individual,basic,high,206.46,family viewer
CUST_07974,0.79135164,1,no time to watch,working professional,standard,high,423.07,family viewer
CUST_07975,0.861669376,1,none,college student,premium,high,642.04,binge watcher
CUST_07976,0.766186848,1,no time to watch,working professional,basic,medium,177.19,sports enthusiast
CUST_07978,0.794759225,1,no time to watch,college student,premium,high,587.95,binge watcher
CUST_07979,0.813096035,1,too expensive,college student,basic,high,199.21,casual viewer
CUST_07980,0.919239101,1,too expensive,working professional,basic,medium,206.75,family viewer
CUST_07981,0.831336524,1,none,retired individual,basic,medium,217.08,casual viewer
CUST_07982,0.902125621,1,too expensive,retired individual,standard,high,379.61,binge watcher
CUST_07983,0.784852803,1,too expensive,college student,premium,high,712.87,binge watcher
CUST_07984,0.959316195,1,too expensive,working professional,basic,low,220.42,news junkie
CUST_07985,0.870903661,1,too expensive,working professional,premium,high,770.69,binge watcher
CUST_07986,0.714360148,1,switched to competitor,college student,basic,high,197.16,sports enthusiast
CUST_07987,0.860444962,1,too expensive,retired individual,premium,low,632.87,news junkie
CUST_07988,0.710466799,1,no time to watch,retired individual,standard,high,384.17,sports enthusiast
CUST_07989,0.899426102,1,too expensive,working professional,basic,high,188.11,family viewer
CUST_07990,0.893487502,1,too expensive,college student,basic,high,167.97,sports enthusiast
CUST_07991,0.724426158,1,none,school student,standard,medium,356.92,casual viewer
CUST_07992,0.771130168,1,none,working professional,premium,high,725.67,news junkie
CUST_07993,0.895712529,1,no time to watch,working professional,basic,high,200.83,binge watcher
CUST_07994,0.908197406,1,no time to watch,working professional,standard,high,404.79,casual viewer
CUST_07995,0.767136464,1,none,school student,standard,high,416.16,casual viewer
CUST_07996,0.872732316,1,content not interesting,college student,basic,high,217.28,news junkie
CUST_07997,0.713464812,1,too expensive,college student,premium,low,798.79,sports enthusiast
CUST_07998,0.766509315,1,too expensive,school student,premium,low,637.24,casual viewer
CUST_07999,0.765839293,1,content not interesting,retired individual,standard,high,403.41,sports enthusiast
CUST_08000,0.799745889,1,technical issues,school student,basic,low,194.83,casual viewer
CUST_08003,0.904926595,1,too expensive,retired individual,premium,high,731.12,casual viewer
CUST_08005,0.842018547,1,too expensive,working professional,premium,medium,774.92,binge watcher
CUST_08006,0.723720424,1,too expensive,college student,premium,medium,646.08,casual viewer
CUST_08007,0.866572274,1,technical issues,school student,basic,medium,205.6,casual viewer
CUST_08008,0.901398242,1,too expensive,retired individual,premium,high,621.36,sports enthusiast
CUST_08010,0.873226382,1,too expensive,college student,premium,high,703.72,family viewer
CUST_08011,0.927014285,1,too expensive,college student,basic,low,156.27,binge watcher
CUST_08012,0.812290636,1,too expensive,school student,premium,low,642.65,casual viewer
CUST_08013,0.870021528,1,too expensive,working professional,premium,high,759.88,binge watcher
CUST_08014,0.831373428,1,too expensive,retired individual,standard,low,432.74,family viewer
CUST_08015,0.857361507,1,content not interesting,school student,standard,high,388.35,casual viewer
CUST_08016,0.714626021,1,technical issues,college student,basic,medium,197.71,casual viewer
CUST_08017,0.716061387,1,none,college student,basic,high,183.31,sports enthusiast
CUST_08018,0.847762628,1,too expensive,college student,premium,high,757.92,casual viewer
CUST_08019,0.881243126,1,too expensive,working professional,standard,high,353.6,sports enthusiast
CUST_08020,0.863382794,1,none,college student,standard,high,444.83,family viewer
CUST_08021,0.759382276,1,none,retired individual,basic,high,209.68,family viewer
CUST_08022,0.780580816,1,no time to watch,working professional,basic,low,178.91,family viewer
CUST_08023,0.80962009,1,too expensive,college student,premium,high,611.85,binge watcher
CUST_08024,0.713684933,1,technical issues,retired individual,standard,medium,443.7,news junkie
CUST_08025,0.716996474,1,too expensive,school student,premium,medium,782.34,binge watcher
CUST_08026,0.915619613,1,too expensive,school student,basic,medium,204.73,sports enthusiast
CUST_08027,0.867709936,1,technical issues,working professional,basic,low,203.35,news junkie
CUST_08028,0.788088536,1,technical issues,retired individual,standard,low,348.46,sports enthusiast
CUST_08029,0.94867392,1,too expensive,college student,standard,low,392.44,casual viewer
CUST_08030,0.837533809,1,too expensive,college student,standard,high,397.94,family viewer
CUST_08031,0.75325636,1,none,college student,premium,medium,715.34,binge watcher
CUST_08032,0.822149405,1,technical issues,college student,standard,low,425.58,binge watcher
CUST_08033,0.914162987,1,too expensive,college student,standard,medium,397.48,sports enthusiast
CUST_08034,0.804545487,1,too expensive,working professional,premium,low,697.71,sports enthusiast
CUST_08035,0.868674803,1,no time to watch,college student,standard,low,389.44,binge watcher
CUST_08037,0.888656565,1,technical issues,college student,standard,medium,385.06,casual viewer
CUST_08038,0.809988818,1,too expensive,college student,premium,high,634.2,casual viewer
CUST_08039,0.894394533,1,too expensive,working professional,premium,medium,723.13,sports enthusiast
CUST_08040,0.819624899,1,technical issues,college student,standard,low,372.01,news junkie
CUST_08041,0.811070061,1,switched to competitor,college student,basic,high,178.84,sports enthusiast
CUST_08043,0.820909156,1,too expensive,retired individual,standard,high,371.73,news junkie
CUST_08044,0.711082665,1,none,college student,standard,high,469.01,binge watcher
CUST_08045,0.866340149,1,technical issues,retired individual,standard,medium,447.95,family viewer
CUST_08046,0.748370352,1,no time to watch,retired individual,standard,high,459.1,binge watcher
CUST_08047,0.78420289,1,too expensive,retired individual,premium,low,693.56,binge watcher
CUST_08048,0.752495754,1,none,college student,standard,high,458.88,news junkie
CUST_08049,0.73599255,1,none,college student,standard,low,368.87,casual viewer
CUST_08051,0.866564966,1,too expensive,college student,standard,high,440.82,binge watcher
CUST_08053,0.86443132,1,too expensive,school student,standard,medium,360.64,casual viewer
CUST_08054,0.796724409,1,no time to watch,retired individual,basic,medium,186.74,binge watcher
CUST_08055,0.811811247,1,none,working professional,basic,high,205.86,sports enthusiast
CUST_08056,0.752094633,1,too expensive,working professional,standard,high,414.89,binge watcher
CUST_08057,0.857632999,1,too expensive,working professional,standard,medium,406.98,news junkie
CUST_08058,0.817794637,1,none,college student,basic,high,202.21,family viewer
CUST_08059,0.854941238,1,none,working professional,standard,medium,402.13,sports enthusiast
CUST_08060,0.76301759,1,none,retired individual,premium,medium,664.8,binge watcher
CUST_08061,0.786526007,1,too expensive,college student,premium,medium,630.01,family viewer
CUST_08062,0.836583467,1,too expensive,college student,premium,high,664.53,binge watcher
CUST_08063,0.894043638,1,too expensive,college student,basic,high,187.71,family viewer
CUST_08065,0.863063266,1,too expensive,college student,premium,high,686.63,news junkie
CUST_08066,0.774893475,1,technical issues,working professional,standard,medium,366.68,news junkie
CUST_08067,0.867047751,1,too expensive,working professional,basic,high,147.14,sports enthusiast
CUST_08068,0.71931333,1,too expensive,school student,premium,low,811.25,binge watcher
CUST_08069,0.889435131,1,none,college student,standard,medium,441.64,binge watcher
CUST_08070,0.804381045,1,no time to watch,working professional,standard,medium,458.69,news junkie
CUST_08071,0.825777313,1,switched to competitor,college student,standard,high,370.57,binge watcher
CUST_08072,0.756394445,1,too expensive,college student,premium,high,632.4,news junkie
CUST_08073,0.806894266,1,none,school student,premium,low,605.65,binge watcher
CUST_08074,0.920076238,1,too expensive,working professional,premium,medium,776.13,news junkie
CUST_08075,0.74547798,1,none,retired individual,standard,high,420.91,binge watcher
CUST_08076,0.914698601,1,no time to watch,working professional,standard,high,405.53,casual viewer
CUST_08078,0.786185405,1,too expensive,retired individual,standard,high,346.28,binge watcher
CUST_08079,0.892175383,1,too expensive,retired individual,standard,high,360.09,sports enthusiast
CUST_08080,0.897379972,1,too expensive,school student,standard,medium,442.33,binge watcher
CUST_08081,0.795191009,1,too expensive,working professional,premium,medium,788.89,casual viewer
CUST_08083,0.92070595,1,too expensive,retired individual,premium,low,754.38,news junkie
CUST_08084,0.812264057,1,none,retired individual,premium,medium,695.34,casual viewer
CUST_08085,0.707683876,1,no time to watch,retired individual,standard,medium,321.24,binge watcher
CUST_08086,0.742716931,1,too expensive,college student,premium,high,772.8,news junkie
CUST_08087,0.842084608,1,technical issues,college student,standard,medium,426.21,news junkie
CUST_08089,0.781333227,1,technical issues,retired individual,basic,medium,257.38,casual viewer
CUST_08090,0.700330441,1,too expensive,working professional,premium,low,772.37,binge watcher
CUST_08091,0.767699704,1,none,college student,standard,high,443.35,news junkie
CUST_08092,0.851662213,1,too expensive,working professional,premium,medium,607.48,binge watcher
CUST_08093,0.86191342,1,technical issues,school student,basic,medium,201.08,casual viewer
CUST_08095,0.83784577,1,too expensive,college student,standard,low,355.77,news junkie
CUST_08096,0.809574913,1,technical issues,college student,standard,medium,387.4,news junkie
CUST_08097,0.805908284,1,switched to competitor,college student,standard,high,325.94,casual viewer
CUST_08099,0.846132667,1,too expensive,college student,standard,medium,427.84,news junkie
CUST_08100,0.923936302,1,no time to watch,working professional,standard,low,343.67,binge watcher
CUST_08101,0.834592152,1,too expensive,college student,premium,high,780.29,binge watcher
CUST_08102,0.867416155,1,too expensive,college student,basic,high,222.4,sports enthusiast
CUST_08103,0.927437162,1,too expensive,retired individual,premium,low,684.56,binge watcher
CUST_08104,0.922224447,1,too expensive,retired individual,standard,low,422.09,sports enthusiast
CUST_08105,0.800839828,1,too expensive,retired individual,premium,high,785.2,binge watcher
CUST_08107,0.701500805,1,too expensive,retired individual,basic,medium,180.18,news junkie
CUST_08108,0.752240167,1,none,retired individual,basic,medium,234.69,news junkie
CUST_08109,0.782299018,1,technical issues,retired individual,basic,medium,156.56,family viewer
CUST_08110,0.817157693,1,none,college student,premium,high,601.51,binge watcher
CUST_08112,0.751514358,1,technical issues,college student,basic,low,231.41,sports enthusiast
CUST_08113,0.847512891,1,none,college student,basic,medium,208.75,sports enthusiast
CUST_08114,0.737981394,1,switched to competitor,school student,basic,high,189.16,binge watcher
CUST_08115,0.850581821,1,too expensive,college student,premium,medium,703.9,family viewer
CUST_08116,0.87352064,1,too expensive,retired individual,premium,medium,628.4,news junkie
CUST_08117,0.750100094,1,none,school student,standard,high,364.89,news junkie
CUST_08118,0.786061673,1,too expensive,retired individual,basic,medium,217.62,binge watcher
CUST_08119,0.752542132,1,switched to competitor,retired individual,basic,high,218.29,sports enthusiast
CUST_08120,0.757524827,1,switched to competitor,college student,standard,high,370.17,family viewer
CUST_08122,0.89682272,1,too expensive,working professional,standard,low,420.4,sports enthusiast
CUST_08123,0.706863481,1,too expensive,retired individual,standard,medium,435.16,binge watcher
CUST_08124,0.852518977,1,too expensive,working professional,premium,low,647.07,binge watcher
CUST_08125,0.807030419,1,too expensive,working professional,basic,high,166.35,sports enthusiast
CUST_08126,0.891485083,1,too expensive,school student,standard,medium,396.56,sports enthusiast
CUST_08127,0.768972311,1,no time to watch,retired individual,standard,low,414,family viewer
CUST_08128,0.767033262,1,too expensive,college student,premium,high,639.96,sports enthusiast
CUST_08129,0.887262647,1,technical issues,college student,basic,low,217.93,news junkie
CUST_08130,0.755182076,1,too expensive,college student,premium,medium,697.34,news junkie
CUST_08131,0.802061635,1,too expensive,college student,premium,low,780.78,news junkie
CUST_08132,0.894642196,1,none,working professional,basic,medium,198.32,news junkie
CUST_08133,0.741899908,1,no time to watch,working professional,standard,high,364.04,binge watcher
CUST_08134,0.860252393,1,no time to watch,working professional,standard,high,353.66,news junkie
CUST_08135,0.945027852,1,too expensive,retired individual,standard,medium,368.2,binge watcher
CUST_08136,0.883124359,1,too expensive,working professional,standard,medium,418.89,family viewer
CUST_08137,0.726828944,1,too expensive,retired individual,premium,medium,668.75,binge watcher
CUST_08138,0.908796211,1,too expensive,retired individual,standard,medium,447.66,family viewer
CUST_08139,0.857088319,1,content not interesting,working professional,basic,high,209.89,family viewer
CUST_08140,0.832609538,1,too expensive,college student,premium,low,641.88,casual viewer
CUST_08142,0.873409782,1,none,college student,standard,low,384.94,family viewer
CUST_08143,0.859005086,1,no time to watch,working professional,standard,medium,388.23,casual viewer
CUST_08144,0.801815151,1,too expensive,college student,premium,medium,776.62,casual viewer
CUST_08145,0.877388069,1,too expensive,retired individual,standard,high,350.88,binge watcher
CUST_08146,0.836677226,1,too expensive,working professional,premium,medium,805.92,news junkie
CUST_08147,0.737813672,1,none,college student,premium,high,647.63,family viewer
CUST_08149,0.814629941,1,no time to watch,working professional,basic,high,197.96,binge watcher
CUST_08151,0.770416485,1,technical issues,college student,standard,medium,404.11,sports enthusiast
CUST_08152,0.907789007,1,too expensive,working professional,standard,high,429.14,sports enthusiast
CUST_08153,0.924440384,1,no time to watch,college student,basic,medium,155.98,sports enthusiast
CUST_08154,0.958711501,1,too expensive,working professional,standard,low,443.72,sports enthusiast
CUST_08155,0.838078811,1,too expensive,working professional,basic,medium,206.01,binge watcher
CUST_08156,0.763058511,1,too expensive,retired individual,standard,high,441.28,sports enthusiast
CUST_08157,0.860132902,1,none,working professional,standard,low,462.76,news junkie
CUST_08158,0.760059634,1,too expensive,retired individual,basic,medium,214.14,family viewer
CUST_08160,0.893351059,1,too expensive,working professional,basic,medium,184.91,family viewer
CUST_08162,0.82519168,1,content not interesting,working professional,standard,high,337.36,family viewer
CUST_08163,0.887760875,1,content not interesting,retired individual,basic,high,184.34,casual viewer
CUST_08164,0.81699042,1,too expensive,working professional,premium,high,624.11,casual viewer
CUST_08166,0.807342276,1,no time to watch,working professional,basic,medium,209.01,binge watcher
CUST_08167,0.882840325,1,technical issues,working professional,standard,low,412.87,binge watcher
CUST_08169,0.83590448,1,too expensive,working professional,standard,high,438.5,family viewer
CUST_08170,0.711595206,1,too expensive,retired individual,premium,high,719.59,news junkie
CUST_08171,0.923687509,1,too expensive,working professional,premium,medium,742.33,binge watcher
CUST_08172,0.759854092,1,too expensive,retired individual,premium,low,663.2,sports enthusiast
CUST_08175,0.783212961,1,switched to competitor,working professional,basic,high,230.11,family viewer
CUST_08177,0.848211844,1,technical issues,college student,basic,medium,194.79,news junkie
CUST_08178,0.869714404,1,technical issues,college student,basic,low,179.05,sports enthusiast
CUST_08179,0.890515989,1,too expensive,college student,standard,high,421.48,family viewer
CUST_08180,0.871029996,1,no time to watch,working professional,standard,high,466.03,binge watcher
CUST_08181,0.769006996,1,switched to competitor,retired individual,standard,high,420.14,binge watcher
CUST_08182,0.924592633,1,too expensive,working professional,basic,medium,186.13,news junkie
CUST_08183,0.862875798,1,none,college student,basic,low,200.51,binge watcher
CUST_08184,0.809966673,1,none,college student,basic,medium,202.72,binge watcher
CUST_08185,0.859184495,1,too expensive,college student,basic,high,221.99,family viewer
CUST_08187,0.918495411,1,technical issues,college student,standard,low,422.14,family viewer
CUST_08188,0.727214039,1,none,working professional,standard,high,388.51,casual viewer
CUST_08189,0.903469701,1,no time to watch,working professional,standard,low,380.7,news junkie
CUST_08191,0.945713513,1,none,college student,premium,low,768.68,binge watcher
CUST_08192,0.848364472,1,technical issues,college student,basic,low,197.86,family viewer
CUST_08193,0.856118323,1,no time to watch,working professional,basic,medium,173.54,binge watcher
CUST_08194,0.787694709,1,too expensive,college student,premium,high,715.67,news junkie
CUST_08195,0.859341216,1,too expensive,college student,standard,high,437.02,casual viewer
CUST_08196,0.837683517,1,no time to watch,college student,standard,low,356.37,binge watcher
CUST_08197,0.88959042,1,too expensive,working professional,premium,low,785.13,family viewer
CUST_08199,0.875858035,1,too expensive,working professional,standard,medium,391.11,casual viewer
CUST_08200,0.830265825,1,too expensive,school student,premium,high,694.33,news junkie
CUST_08201,0.930238025,1,no time to watch,working professional,basic,medium,182.04,sports enthusiast
CUST_08202,0.883678732,1,no time to watch,working professional,standard,low,363.31,news junkie
CUST_08203,0.876456011,1,too expensive,working professional,standard,medium,452.38,casual viewer
CUST_08206,0.906908805,1,technical issues,college student,standard,low,386.66,news junkie
CUST_08207,0.736536162,1,too expensive,college student,premium,high,630.58,casual viewer
CUST_08208,0.713579237,1,technical issues,retired individual,basic,medium,203.47,family viewer
CUST_08209,0.849890273,1,too expensive,retired individual,premium,medium,786.18,binge watcher
CUST_08211,0.825583705,1,switched to competitor,college student,premium,high,579.06,casual viewer
CUST_08215,0.941612432,1,too expensive,college student,basic,high,213.07,sports enthusiast
CUST_08216,0.897646341,1,none,college student,standard,high,416.31,sports enthusiast
CUST_08217,0.754970218,1,technical issues,college student,basic,medium,261.65,news junkie
CUST_08219,0.853654834,1,none,retired individual,premium,low,792.02,sports enthusiast
CUST_08220,0.781314966,1,too expensive,college student,standard,high,359.23,casual viewer
CUST_08221,0.808056558,1,too expensive,retired individual,standard,medium,329.06,casual viewer
CUST_08222,0.706483362,1,too expensive,college student,premium,high,702.51,casual viewer
CUST_08223,0.761566351,1,switched to competitor,retired individual,standard,high,374.8,binge watcher
CUST_08224,0.768104512,1,technical issues,retired individual,standard,low,382.98,sports enthusiast
CUST_08225,0.895687029,1,no time to watch,college student,standard,high,467.67,binge watcher
CUST_08226,0.77463438,1,too expensive,retired individual,premium,medium,768.69,casual viewer
CUST_08227,0.850119373,1,none,college student,standard,medium,422.89,family viewer
CUST_08228,0.750304275,1,content not interesting,college student,basic,high,165.08,family viewer
CUST_08229,0.935298457,1,too expensive,working professional,standard,medium,347.95,casual viewer
CUST_08230,0.920594299,1,too expensive,college student,basic,low,213,news junkie
CUST_08231,0.856113461,1,too expensive,working professional,basic,high,182.45,sports enthusiast
CUST_08232,0.787457408,1,no time to watch,working professional,basic,medium,173.83,sports enthusiast
CUST_08233,0.894686128,1,too expensive,college student,standard,low,396.34,news junkie
CUST_08234,0.867549743,1,none,working professional,standard,high,356.53,family viewer
CUST_08235,0.891002492,1,too expensive,college student,basic,medium,162.64,sports enthusiast
CUST_08236,0.862109568,1,too expensive,college student,basic,medium,254.01,binge watcher
CUST_08238,0.710783155,1,too expensive,retired individual,premium,high,776.85,sports enthusiast
CUST_08239,0.936423837,1,too expensive,working professional,basic,medium,192.78,family viewer
CUST_08240,0.882405599,1,too expensive,retired individual,standard,high,386.83,binge watcher
CUST_08241,0.830135233,1,technical issues,college student,basic,low,173.84,news junkie
CUST_08242,0.751672796,1,too expensive,college student,basic,high,158.62,news junkie
CUST_08243,0.913779819,1,none,school student,standard,low,385.7,sports enthusiast
CUST_08244,0.790898459,1,too expensive,college student,premium,low,754.61,family viewer
CUST_08245,0.887705709,1,too expensive,working professional,premium,medium,751.44,sports enthusiast
CUST_08246,0.8046483,1,none,retired individual,basic,high,189.53,binge watcher
CUST_08247,0.789276211,1,no time to watch,college student,basic,high,183.04,casual viewer
CUST_08248,0.887802282,1,too expensive,college student,premium,medium,659.4,news junkie
CUST_08249,0.890506679,1,too expensive,college student,standard,low,430.43,family viewer
CUST_08250,0.866371592,1,too expensive,working professional,basic,medium,172.66,binge watcher
CUST_08251,0.874899148,1,no time to watch,working professional,standard,high,408.07,casual viewer
CUST_08252,0.910534947,1,technical issues,college student,standard,medium,374.47,family viewer
CUST_08253,0.876515721,1,technical issues,school student,standard,low,386.06,family viewer
CUST_08254,0.785296166,1,content not interesting,college student,standard,high,412.29,binge watcher
CUST_08255,0.755791516,1,too expensive,retired individual,basic,high,208.91,binge watcher
CUST_08256,0.901422846,1,technical issues,school student,standard,low,407.45,sports enthusiast
CUST_08258,0.867808251,1,technical issues,school student,standard,medium,440.89,sports enthusiast
CUST_08260,0.776288356,1,none,retired individual,premium,medium,594.76,casual viewer
CUST_08261,0.877416107,1,too expensive,college student,basic,high,148.01,casual viewer
CUST_08262,0.793507327,1,none,retired individual,standard,high,365.32,binge watcher
CUST_08263,0.924490782,1,too expensive,working professional,standard,medium,472.57,casual viewer
CUST_08264,0.832670277,1,content not interesting,working professional,standard,high,360.61,family viewer
CUST_08265,0.799380253,1,too expensive,working professional,premium,medium,665.99,sports enthusiast
CUST_08266,0.893178304,1,too expensive,working professional,premium,high,688.39,casual viewer
CUST_08267,0.909246102,1,too expensive,retired individual,standard,low,435.81,binge watcher
CUST_08268,0.780695929,1,too expensive,college student,standard,medium,411.04,family viewer
CUST_08271,0.809322226,1,none,college student,basic,low,197.9,sports enthusiast
CUST_08273,0.821847087,1,none,working professional,standard,high,381.56,casual viewer
CUST_08274,0.902915086,1,too expensive,retired individual,standard,medium,341.43,sports enthusiast
CUST_08275,0.766926238,1,technical issues,retired individual,standard,medium,372.65,news junkie
CUST_08276,0.861408972,1,switched to competitor,working professional,standard,high,361.1,casual viewer
CUST_08277,0.945773896,1,too expensive,college student,standard,high,393.98,sports enthusiast
CUST_08279,0.852881432,1,switched to competitor,retired individual,basic,high,163.21,casual viewer
CUST_08280,0.769148173,1,too expensive,working professional,standard,high,354.14,news junkie
CUST_08281,0.877195085,1,none,retired individual,standard,high,354.16,news junkie
CUST_08282,0.763998473,1,too expensive,working professional,premium,low,602.39,binge watcher
CUST_08283,0.875077311,1,too expensive,college student,standard,high,319.37,news junkie
CUST_08284,0.91283448,1,technical issues,school student,basic,low,221.92,family viewer
CUST_08285,0.761699946,1,none,college student,premium,high,704.49,family viewer
CUST_08286,0.786848327,1,none,college student,standard,low,364.88,sports enthusiast
CUST_08287,0.777858538,1,content not interesting,college student,basic,high,205.08,casual viewer
CUST_08288,0.727269133,1,too expensive,college student,premium,medium,628.34,family viewer
CUST_08289,0.86446737,1,too expensive,retired individual,premium,medium,723.61,casual viewer
CUST_08290,0.81580315,1,no time to watch,working professional,basic,high,208.43,casual viewer
CUST_08294,0.91238066,1,too expensive,working professional,standard,high,427.46,family viewer
CUST_08295,0.768498754,1,technical issues,college student,standard,medium,388.81,news junkie
CUST_08296,0.892894678,1,too expensive,working professional,standard,high,417,sports enthusiast
CUST_08297,0.799077112,1,technical issues,working professional,standard,low,391.7,casual viewer
CUST_08298,0.725280218,1,switched to competitor,college student,basic,high,131.25,sports enthusiast
CUST_08299,0.886974786,1,too expensive,retired individual,premium,low,651.15,sports enthusiast
CUST_08300,0.900872283,1,too expensive,working professional,premium,low,749.5,casual viewer
CUST_08301,0.75348831,1,too expensive,retired individual,basic,high,189.89,casual viewer
CUST_08302,0.945843827,1,too expensive,working professional,standard,medium,355.65,binge watcher
CUST_08304,0.853980199,1,too expensive,working professional,standard,high,436.76,news junkie
CUST_08305,0.804449714,1,too expensive,school student,premium,low,660.27,sports enthusiast
CUST_08306,0.705677795,1,none,retired individual,basic,high,173.51,news junkie
CUST_08307,0.849793776,1,none,college student,premium,medium,629.01,news junkie
CUST_08308,0.891556908,1,too expensive,working professional,premium,medium,624.17,sports enthusiast
CUST_08309,0.843957409,1,too expensive,retired individual,standard,medium,430.62,binge watcher
CUST_08310,0.783234121,1,none,school student,premium,low,667.03,binge watcher
CUST_08311,0.745207973,1,content not interesting,college student,basic,high,171.62,casual viewer
CUST_08312,0.801651774,1,too expensive,working professional,premium,high,631.81,sports enthusiast
CUST_08316,0.84094223,1,technical issues,college student,standard,low,370.12,sports enthusiast
CUST_08318,0.870019211,1,too expensive,retired individual,standard,low,395.82,binge watcher
CUST_08319,0.861061971,1,technical issues,working professional,standard,medium,381.45,news junkie
CUST_08320,0.92045225,1,too expensive,college student,standard,medium,419.55,news junkie
CUST_08321,0.797141943,1,too expensive,retired individual,premium,medium,624.85,family viewer
CUST_08322,0.834798665,1,too expensive,retired individual,basic,high,178.69,casual viewer
CUST_08323,0.896486071,1,too expensive,school student,premium,low,624.05,sports enthusiast
CUST_08324,0.787603132,1,too expensive,retired individual,premium,medium,639.32,family viewer
CUST_08325,0.868899966,1,technical issues,retired individual,standard,medium,379.82,casual viewer
CUST_08326,0.852220598,1,technical issues,school student,standard,low,353.28,binge watcher
CUST_08327,0.872146384,1,too expensive,college student,standard,high,458.13,casual viewer
CUST_08328,0.813271019,1,switched to competitor,college student,standard,high,422.3,sports enthusiast
CUST_08329,0.867841901,1,too expensive,college student,premium,medium,721.32,sports enthusiast
CUST_08330,0.898561104,1,too expensive,working professional,standard,low,447.25,family viewer
CUST_08331,0.823930945,1,too expensive,school student,premium,high,760.58,family viewer
CUST_08332,0.714411909,1,too expensive,college student,basic,high,221.28,news junkie
CUST_08333,0.756332539,1,too expensive,retired individual,premium,low,689.51,sports enthusiast
CUST_08334,0.761768259,1,too expensive,working professional,premium,high,721.27,casual viewer
CUST_08335,0.821966146,1,too expensive,college student,premium,high,659.24,sports enthusiast
CUST_08336,0.922114886,1,too expensive,working professional,premium,high,603.29,news junkie
CUST_08337,0.86954141,1,too expensive,college student,standard,high,390.25,casual viewer
CUST_08338,0.840055783,1,no time to watch,working professional,basic,medium,217.13,news junkie
CUST_08339,0.886978766,1,too expensive,college student,standard,high,458.1,binge watcher
CUST_08340,0.788487276,1,content not interesting,college student,basic,high,186.75,family viewer
CUST_08341,0.771573412,1,switched to competitor,working professional,standard,high,437.13,binge watcher
CUST_08342,0.75817686,1,none,college student,standard,high,370.82,sports enthusiast
CUST_08343,0.862247579,1,too expensive,college student,basic,medium,195.95,binge watcher
CUST_08344,0.757093306,1,content not interesting,school student,standard,high,444.22,news junkie
CUST_08345,0.779198567,1,content not interesting,retired individual,standard,high,370.62,news junkie
CUST_08346,0.739679756,1,technical issues,college student,basic,low,158.28,binge watcher
CUST_08347,0.707194608,1,switched to competitor,retired individual,standard,high,439.98,family viewer
CUST_08348,0.88896952,1,too expensive,college student,premium,high,617.16,casual viewer
CUST_08349,0.72185547,1,none,college student,standard,high,395.12,sports enthusiast
CUST_08350,0.801157941,1,too expensive,college student,premium,low,756.78,news junkie
CUST_08351,0.853170695,1,too expensive,college student,basic,high,207.57,casual viewer
CUST_08352,0.870006298,1,too expensive,retired individual,standard,high,391.54,binge watcher
CUST_08354,0.845719294,1,too expensive,retired individual,standard,high,462.22,casual viewer
CUST_08355,0.810788646,1,no time to watch,college student,standard,high,344.1,news junkie
CUST_08356,0.837544602,1,technical issues,retired individual,standard,low,413.39,sports enthusiast
CUST_08359,0.771511358,1,none,college student,standard,high,432.59,casual viewer
CUST_08360,0.712689538,1,content not interesting,school student,basic,high,160.64,family viewer
CUST_08361,0.906242954,1,content not interesting,college student,standard,high,432.85,sports enthusiast
CUST_08362,0.7624692,1,switched to competitor,school student,standard,high,355.08,sports enthusiast
CUST_08363,0.820357163,1,too expensive,working professional,premium,high,714.87,family viewer
CUST_08364,0.870983247,1,switched to competitor,college student,standard,high,422.12,sports enthusiast
CUST_08365,0.759463826,1,switched to competitor,college student,basic,high,193.83,news junkie
CUST_08366,0.849425383,1,content not interesting,working professional,standard,high,461.04,news junkie
CUST_08367,0.936466822,1,too expensive,retired individual,premium,low,774.47,news junkie
CUST_08369,0.909360008,1,too expensive,college student,premium,high,635.45,binge watcher
CUST_08370,0.868400182,1,technical issues,retired individual,standard,low,356.88,family viewer
CUST_08371,0.733597562,1,none,working professional,standard,high,355.84,news junkie
CUST_08372,0.781732562,1,technical issues,retired individual,standard,low,378.88,casual viewer
CUST_08374,0.879375232,1,technical issues,college student,basic,low,217.38,family viewer
CUST_08375,0.764379621,1,too expensive,college student,premium,medium,778.67,news junkie
CUST_08376,0.754936151,1,too expensive,college student,premium,high,711.62,sports enthusiast
CUST_08377,0.843837186,1,technical issues,school student,standard,low,441.75,casual viewer
CUST_08378,0.79655334,1,none,college student,standard,high,417.03,sports enthusiast
CUST_08379,0.872716941,1,too expensive,school student,premium,low,697.74,news junkie
CUST_08381,0.856048894,1,technical issues,retired individual,standard,low,399.02,family viewer
CUST_08382,0.773347831,1,none,retired individual,basic,high,219.54,casual viewer
CUST_08383,0.916480885,1,none,college student,premium,medium,791.46,binge watcher
CUST_08384,0.892808349,1,too expensive,college student,basic,low,170.61,news junkie
CUST_08386,0.88848301,1,technical issues,college student,standard,medium,430.09,sports enthusiast
CUST_08387,0.706809216,1,none,working professional,standard,medium,375.33,news junkie
CUST_08388,0.826478303,1,too expensive,working professional,basic,high,182.75,sports enthusiast
CUST_08389,0.906674418,1,too expensive,college student,standard,medium,433.34,casual viewer
CUST_08391,0.873146095,1,too expensive,working professional,basic,high,185.1,casual viewer
CUST_08392,0.828887686,1,switched to competitor,working professional,standard,high,465.98,casual viewer
CUST_08393,0.85142688,1,switched to competitor,college student,basic,high,175.5,binge watcher
CUST_08395,0.816095773,1,too expensive,school student,standard,high,438.4,family viewer
CUST_08396,0.88894623,1,content not interesting,retired individual,standard,high,393.27,casual viewer
CUST_08398,0.952765481,1,too expensive,college student,standard,medium,387.4,news junkie
CUST_08399,0.857818507,1,too expensive,college student,premium,medium,632.35,sports enthusiast
CUST_08400,0.736113926,1,too expensive,retired individual,premium,medium,693.24,sports enthusiast
CUST_08401,0.927062824,1,too expensive,working professional,basic,low,180.39,sports enthusiast
CUST_08403,0.832255828,1,no time to watch,retired individual,basic,high,142.03,family viewer
CUST_08404,0.963913302,1,no time to watch,working professional,standard,low,438.61,binge watcher
CUST_08409,0.788168576,1,no time to watch,retired individual,standard,high,387.33,news junkie
CUST_08410,0.886345456,1,too expensive,retired individual,basic,low,189.29,news junkie
CUST_08412,0.787231436,1,none,college student,basic,high,154.27,sports enthusiast
CUST_08413,0.738186916,1,technical issues,college student,standard,medium,406.78,family viewer
CUST_08414,0.796765914,1,none,college student,standard,low,386.94,casual viewer
CUST_08416,0.790361745,1,too expensive,retired individual,standard,high,340.99,family viewer
CUST_08417,0.85301861,1,too expensive,retired individual,premium,medium,642,binge watcher
CUST_08418,0.840187829,1,technical issues,school student,standard,low,397.5,news junkie
CUST_08419,0.853875615,1,too expensive,school student,premium,medium,622.34,sports enthusiast
CUST_08420,0.772193535,1,none,school student,standard,high,430.01,casual viewer
CUST_08422,0.799822631,1,technical issues,college student,basic,low,211.44,family viewer
CUST_08423,0.878657569,1,technical issues,college student,basic,low,222.9,binge watcher
CUST_08425,0.766095063,1,content not interesting,college student,standard,high,384.47,casual viewer
CUST_08426,0.778158041,1,none,college student,basic,high,232.36,family viewer
CUST_08427,0.72662822,1,technical issues,school student,standard,low,463.49,news junkie
CUST_08428,0.738957418,1,no time to watch,working professional,standard,high,425.26,casual viewer
CUST_08429,0.878395667,1,technical issues,college student,basic,low,179.85,sports enthusiast
CUST_08432,0.754191346,1,none,college student,basic,high,162.93,family viewer
CUST_08433,0.734857621,1,none,college student,premium,high,703.27,news junkie
CUST_08434,0.837303815,1,too expensive,college student,premium,medium,701.92,binge watcher
CUST_08435,0.748165397,1,switched to competitor,college student,basic,high,208.21,family viewer
CUST_08438,0.778322115,1,too expensive,college student,premium,low,707.3,news junkie
CUST_08439,0.742728036,1,content not interesting,college student,standard,high,356.6,sports enthusiast
CUST_08440,0.784985048,1,too expensive,college student,premium,low,669.63,family viewer
CUST_08441,0.729500028,1,none,college student,standard,medium,394.54,family viewer
CUST_08442,0.883633134,1,too expensive,college student,standard,low,363.99,sports enthusiast
CUST_08443,0.924455574,1,too expensive,working professional,premium,medium,615.38,binge watcher
CUST_08445,0.76622684,1,too expensive,college student,premium,high,699.48,news junkie
CUST_08446,0.832959058,1,too expensive,retired individual,standard,medium,438.76,sports enthusiast
CUST_08447,0.765554753,1,none,working professional,premium,high,628.03,sports enthusiast
CUST_08448,0.837790667,1,too expensive,working professional,premium,low,758.42,news junkie
CUST_08449,0.753394985,1,none,school student,basic,high,183,news junkie
CUST_08450,0.916220721,1,no time to watch,retired individual,standard,medium,359.53,casual viewer
CUST_08451,0.713949485,1,technical issues,college student,basic,medium,250.4,news junkie
CUST_08452,0.830395935,1,technical issues,college student,standard,low,421.68,news junkie
CUST_08453,0.964233247,1,too expensive,working professional,basic,low,197.78,casual viewer
CUST_08454,0.878424007,1,too expensive,school student,standard,low,444.41,family viewer
CUST_08455,0.857555505,1,technical issues,retired individual,standard,medium,375.88,sports enthusiast
CUST_08458,0.905935521,1,none,college student,basic,high,149.88,sports enthusiast
CUST_08459,0.917784672,1,none,retired individual,standard,high,442.67,sports enthusiast
CUST_08460,0.776731199,1,too expensive,school student,premium,medium,781.28,family viewer
CUST_08461,0.720469594,1,switched to competitor,retired individual,standard,high,383.71,binge watcher
CUST_08462,0.787690425,1,none,college student,basic,medium,195.44,casual viewer
CUST_08463,0.874676045,1,none,college student,premium,medium,680.8,binge watcher
CUST_08464,0.912756777,1,too expensive,working professional,basic,high,166.15,family viewer
CUST_08465,0.901535753,1,too expensive,working professional,premium,high,671.9,sports enthusiast
CUST_08466,0.763450546,1,none,college student,basic,high,187.62,news junkie
CUST_08467,0.899912789,1,none,working professional,standard,low,423.93,family viewer
CUST_08468,0.890048644,1,too expensive,college student,standard,high,385.77,sports enthusiast
CUST_08469,0.934164831,1,too expensive,working professional,basic,medium,218.22,news junkie
CUST_08470,0.797615646,1,too expensive,working professional,premium,low,690.85,binge watcher
CUST_08471,0.860882481,1,too expensive,retired individual,premium,high,752.71,family viewer
CUST_08472,0.746412005,1,too expensive,working professional,premium,high,664.16,binge watcher
CUST_08473,0.91905769,1,technical issues,working professional,basic,low,212.33,family viewer
CUST_08474,0.846588222,1,no time to watch,retired individual,standard,medium,406.42,news junkie
CUST_08475,0.815146671,1,too expensive,college student,premium,medium,618.11,casual viewer
CUST_08476,0.727349243,1,switched to competitor,college student,standard,high,365.22,family viewer
CUST_08477,0.740393806,1,too expensive,retired individual,premium,high,713.2,binge watcher
CUST_08478,0.788615644,1,too expensive,school student,premium,medium,691.51,casual viewer
CUST_08479,0.717548837,1,none,college student,standard,low,394.88,binge watcher
CUST_08480,0.914732186,1,too expensive,working professional,standard,high,381.17,news junkie
CUST_08481,0.761245683,1,none,college student,premium,high,585.68,binge watcher
CUST_08482,0.760898198,1,switched to competitor,college student,basic,high,210.36,sports enthusiast
CUST_08483,0.748472817,1,technical issues,working professional,standard,medium,420.82,casual viewer
CUST_08484,0.867032345,1,too expensive,working professional,standard,medium,411.93,news junkie
CUST_08485,0.723616752,1,too expensive,college student,premium,medium,761.41,news junkie
CUST_08486,0.893622593,1,too expensive,college student,basic,high,210.64,sports enthusiast
CUST_08487,0.844658903,1,technical issues,school student,basic,medium,156.76,news junkie
CUST_08488,0.857236742,1,technical issues,retired individual,standard,medium,409.96,news junkie
CUST_08489,0.87353949,1,no time to watch,college student,standard,medium,353.35,binge watcher
CUST_08490,0.86440055,1,no time to watch,working professional,basic,low,186.24,sports enthusiast
CUST_08491,0.750209232,1,no time to watch,college student,standard,medium,357.16,binge watcher
CUST_08492,0.816026449,1,none,college student,basic,low,266.05,casual viewer
CUST_08495,0.861855134,1,technical issues,college student,basic,low,188.27,casual viewer
CUST_08496,0.936115559,1,too expensive,college student,basic,low,222.79,family viewer
CUST_08497,0.885231653,1,content not interesting,working professional,basic,high,206.27,casual viewer
CUST_08498,0.759695724,1,none,college student,standard,low,392.54,casual viewer
CUST_08500,0.843920454,1,too expensive,retired individual,basic,high,195.16,sports enthusiast
CUST_08501,0.715346232,1,no time to watch,working professional,standard,high,386.79,family viewer
CUST_08502,0.772104799,1,none,retired individual,standard,medium,452.71,casual viewer
CUST_08503,0.837857101,1,technical issues,college student,basic,low,187.42,binge watcher
CUST_08504,0.716770088,1,too expensive,school student,basic,high,250.48,family viewer
CUST_08505,0.874501223,1,too expensive,working professional,premium,high,623.08,casual viewer
CUST_08506,0.776330059,1,no time to watch,retired individual,standard,high,385.6,sports enthusiast
CUST_08508,0.880058421,1,technical issues,working professional,standard,low,448.91,casual viewer
CUST_08509,0.882855184,1,none,college student,basic,high,137.8,news junkie
CUST_08511,0.858981347,1,too expensive,college student,premium,high,632.03,sports enthusiast
CUST_08513,0.847760459,1,too expensive,school student,standard,medium,436.29,casual viewer
CUST_08514,0.924349231,1,no time to watch,working professional,standard,medium,368.68,sports enthusiast
CUST_08515,0.745001642,1,technical issues,working professional,basic,medium,235.05,news junkie
CUST_08516,0.796679053,1,no time to watch,working professional,standard,low,355.12,casual viewer
CUST_08517,0.746941376,1,technical issues,college student,basic,medium,221.08,family viewer
CUST_08518,0.841181206,1,too expensive,retired individual,standard,medium,449.96,news junkie
CUST_08519,0.902511287,1,too expensive,college student,premium,medium,766.07,binge watcher
CUST_08520,0.704737243,1,switched to competitor,retired individual,basic,high,210.66,casual viewer
CUST_08521,0.852591778,1,none,retired individual,standard,high,395.81,sports enthusiast
CUST_08522,0.805376897,1,none,college student,premium,medium,626.4,news junkie
CUST_08523,0.754767319,1,switched to competitor,retired individual,basic,high,167.34,casual viewer
CUST_08524,0.793563865,1,none,working professional,premium,high,704.56,sports enthusiast
CUST_08527,0.860360033,1,too expensive,college student,premium,low,651.25,casual viewer
CUST_08528,0.77711956,1,none,college student,basic,low,248.86,news junkie
CUST_08529,0.814734698,1,no time to watch,college student,basic,low,242.62,news junkie
CUST_08531,0.79273146,1,technical issues,school student,basic,medium,198.46,binge watcher
CUST_08532,0.763524242,1,switched to competitor,college student,basic,high,202.13,family viewer
CUST_08533,0.861619962,1,too expensive,college student,premium,medium,684.66,binge watcher
CUST_08534,0.844257043,1,too expensive,working professional,standard,high,400.14,family viewer
CUST_08535,0.879862463,1,too expensive,retired individual,standard,low,356.65,news junkie
CUST_08537,0.89853264,1,none,retired individual,standard,medium,389.29,sports enthusiast
CUST_08538,0.886342565,1,too expensive,retired individual,standard,low,334.71,casual viewer
CUST_08539,0.763881455,1,too expensive,school student,premium,low,620,news junkie
CUST_08543,0.766417636,1,too expensive,college student,basic,high,219.7,sports enthusiast
CUST_08544,0.84681663,1,too expensive,retired individual,premium,high,753.8,binge watcher
CUST_08546,0.901312142,1,too expensive,school student,standard,low,361.33,casual viewer
CUST_08547,0.705026744,1,no time to watch,college student,standard,low,405.83,sports enthusiast
CUST_08548,0.714233389,1,switched to competitor,retired individual,standard,high,393.29,news junkie
CUST_08549,0.833086975,1,too expensive,working professional,premium,high,604.23,news junkie
CUST_08550,0.716484989,1,none,retired individual,standard,medium,380.86,family viewer
CUST_08551,0.804642836,1,content not interesting,school student,standard,high,435.58,news junkie
CUST_08552,0.79311963,1,too expensive,college student,premium,high,709.4,binge watcher
CUST_08553,0.780844939,1,technical issues,working professional,standard,medium,429.73,news junkie
CUST_08554,0.892882191,1,too expensive,retired individual,standard,high,411.58,binge watcher
CUST_08555,0.853386341,1,content not interesting,working professional,basic,high,187.73,sports enthusiast
CUST_08556,0.70904625,1,none,college student,standard,medium,373.35,binge watcher
CUST_08557,0.924831764,1,too expensive,retired individual,premium,low,778.87,sports enthusiast
CUST_08559,0.853363246,1,switched to competitor,working professional,standard,high,347.02,binge watcher
CUST_08560,0.83702117,1,none,school student,standard,high,456.38,news junkie
CUST_08561,0.743201273,1,none,college student,basic,medium,208.46,news junkie
CUST_08562,0.870071654,1,too expensive,college student,premium,medium,640.6,news junkie
CUST_08563,0.711024279,1,too expensive,college student,basic,medium,205.4,family viewer
CUST_08564,0.900809226,1,too expensive,college student,basic,medium,159.08,casual viewer
CUST_08565,0.927861491,1,too expensive,working professional,premium,high,684.42,news junkie
CUST_08567,0.856177326,1,no time to watch,working professional,basic,high,201.41,news junkie
CUST_08568,0.714919697,1,switched to competitor,college student,standard,high,426.7,sports enthusiast
CUST_08569,0.818143615,1,too expensive,school student,basic,high,200.48,binge watcher
CUST_08570,0.899614301,1,too expensive,retired individual,standard,high,367.58,family viewer
CUST_08571,0.732827822,1,switched to competitor,college student,basic,high,215,casual viewer
CUST_08572,0.897901703,1,too expensive,college student,basic,high,179.97,casual viewer
CUST_08573,0.862732714,1,none,retired individual,basic,low,199.05,family viewer
CUST_08575,0.728477013,1,none,working professional,premium,medium,623.77,sports enthusiast
CUST_08576,0.78933833,1,none,college student,premium,low,633.49,news junkie
CUST_08577,0.825670217,1,switched to competitor,college student,basic,high,173.21,family viewer
CUST_08578,0.852104529,1,none,retired individual,basic,medium,184.34,family viewer
CUST_08579,0.816915902,1,too expensive,college student,standard,low,370.59,casual viewer
CUST_08580,0.706053076,1,content not interesting,retired individual,standard,high,357.4,family viewer
CUST_08581,0.871037437,1,too expensive,working professional,premium,high,737.95,family viewer
CUST_08582,0.898084937,1,too expensive,working professional,premium,high,623.93,binge watcher
CUST_08584,0.949883274,1,too expensive,working professional,basic,high,227.3,binge watcher
CUST_08585,0.956205143,1,too expensive,working professional,premium,low,633.62,casual viewer
CUST_08586,0.809630896,1,none,retired individual,premium,low,703.18,sports enthusiast
CUST_08587,0.770385483,1,no time to watch,working professional,standard,low,399.96,binge watcher
CUST_08589,0.805743115,1,no time to watch,working professional,standard,high,441.66,casual viewer
CUST_08591,0.735580759,1,too expensive,college student,premium,high,634.75,binge watcher
CUST_08592,0.934611687,1,no time to watch,school student,standard,low,443.1,news junkie
CUST_08594,0.872394568,1,none,school student,premium,medium,695.19,sports enthusiast
CUST_08595,0.894200536,1,too expensive,school student,premium,low,752.38,news junkie
CUST_08596,0.880932928,1,no time to watch,retired individual,standard,low,454,family viewer
CUST_08597,0.716595805,1,none,working professional,basic,high,140.72,binge watcher
CUST_08598,0.872241752,1,none,college student,premium,high,735.58,casual viewer
CUST_08599,0.764871648,1,too expensive,college student,premium,high,734.73,family viewer
CUST_08600,0.721683589,1,none,college student,standard,medium,446.59,binge watcher
CUST_08601,0.914766019,1,too expensive,working professional,basic,high,185.42,family viewer
CUST_08602,0.856680056,1,too expensive,working professional,basic,high,201.95,binge watcher
CUST_08603,0.807250444,1,no time to watch,college student,standard,high,352.41,binge watcher
CUST_08604,0.850850036,1,content not interesting,working professional,basic,high,211.85,news junkie
CUST_08605,0.732677886,1,too expensive,retired individual,premium,high,703.91,family viewer
CUST_08606,0.749411114,1,none,college student,premium,high,712.51,news junkie
CUST_08607,0.743187191,1,no time to watch,college student,standard,high,376.09,casual viewer
CUST_08608,0.843843087,1,technical issues,college student,standard,medium,410.05,casual viewer
CUST_08609,0.885341068,1,too expensive,working professional,premium,medium,612.23,casual viewer
CUST_08611,0.814710308,1,technical issues,school student,basic,low,203.38,family viewer
CUST_08612,0.829387832,1,switched to competitor,working professional,standard,high,403.54,casual viewer
CUST_08613,0.802717672,1,too expensive,college student,standard,medium,466.19,casual viewer
CUST_08614,0.887272373,1,too expensive,college student,standard,high,378.51,family viewer
CUST_08615,0.883162514,1,too expensive,retired individual,basic,high,198.1,family viewer
CUST_08617,0.893302333,1,no time to watch,working professional,standard,low,353.69,news junkie
CUST_08618,0.856714908,1,no time to watch,working professional,basic,medium,222.61,family viewer
CUST_08619,0.705028288,1,too expensive,college student,standard,high,375.46,casual viewer
CUST_08620,0.844737462,1,too expensive,college student,standard,medium,389.54,sports enthusiast
CUST_08621,0.76567933,1,technical issues,college student,standard,medium,397.72,sports enthusiast
CUST_08622,0.763372905,1,too expensive,retired individual,standard,high,437.88,news junkie
CUST_08623,0.824035657,1,too expensive,retired individual,premium,medium,765.71,family viewer
CUST_08625,0.840316507,1,too expensive,school student,premium,medium,756.3,sports enthusiast
CUST_08626,0.730881841,1,switched to competitor,college student,basic,high,218.81,sports enthusiast
CUST_08627,0.736369416,1,no time to watch,working professional,basic,high,199.52,sports enthusiast
CUST_08628,0.787676125,1,no time to watch,college student,standard,low,366.3,family viewer
CUST_08629,0.878222023,1,too expensive,college student,premium,high,776.67,family viewer
CUST_08630,0.845214602,1,no time to watch,working professional,standard,high,345.6,sports enthusiast
CUST_08631,0.753115149,1,switched to competitor,retired individual,basic,high,150.87,family viewer
CUST_08632,0.899618528,1,too expensive,working professional,premium,high,634.02,news junkie
CUST_08634,0.931437776,1,too expensive,college student,premium,low,682.95,news junkie
CUST_08635,0.713217479,1,too expensive,school student,basic,high,206.21,sports enthusiast
CUST_08636,0.756239848,1,too expensive,retired individual,basic,high,200.42,news junkie
CUST_08638,0.854383264,1,no time to watch,working professional,standard,low,400.7,casual viewer
CUST_08639,0.859264293,1,too expensive,retired individual,basic,medium,155.86,casual viewer
CUST_08640,0.88837095,1,no time to watch,working professional,standard,low,419.77,news junkie
CUST_08641,0.901419358,1,too expensive,college student,premium,low,758.84,family viewer
CUST_08643,0.760537332,1,too expensive,college student,basic,high,179.98,binge watcher
CUST_08644,0.783024358,1,too expensive,school student,standard,medium,388.73,news junkie
CUST_08645,0.784893905,1,too expensive,college student,basic,high,158.11,news junkie
CUST_08646,0.783717817,1,too expensive,retired individual,premium,medium,644.58,binge watcher
CUST_08648,0.754253166,1,too expensive,college student,premium,high,639.72,sports enthusiast
CUST_08649,0.816076854,1,technical issues,college student,standard,medium,370.27,binge watcher
CUST_08651,0.70594659,1,none,retired individual,premium,high,689.8,family viewer
CUST_08652,0.919683465,1,no time to watch,working professional,standard,high,419.54,binge watcher
CUST_08653,0.870741449,1,too expensive,college student,basic,high,242.14,family viewer
CUST_08655,0.722303962,1,none,working professional,standard,medium,482.64,casual viewer
CUST_08656,0.768291969,1,none,retired individual,basic,high,219.66,news junkie
CUST_08657,0.840407771,1,none,working professional,standard,medium,356.49,sports enthusiast
CUST_08658,0.761905696,1,no time to watch,working professional,standard,high,426.18,news junkie
CUST_08659,0.700433253,1,switched to competitor,college student,standard,high,392.95,news junkie
CUST_08660,0.774372962,1,too expensive,retired individual,premium,high,772.99,sports enthusiast
CUST_08661,0.806616622,1,technical issues,college student,standard,medium,406.02,casual viewer
CUST_08663,0.84570307,1,no time to watch,working professional,standard,high,415.3,news junkie
CUST_08664,0.731542281,1,none,retired individual,standard,high,443.28,binge watcher
CUST_08665,0.786140036,1,technical issues,retired individual,standard,low,419.27,sports enthusiast
CUST_08666,0.752729187,1,content not interesting,working professional,standard,high,464.56,binge watcher
CUST_08667,0.819327684,1,too expensive,college student,standard,high,433.02,news junkie
CUST_08668,0.855731028,1,too expensive,working professional,standard,medium,348.38,binge watcher
CUST_08669,0.813473487,1,none,college student,premium,medium,789.52,sports enthusiast
CUST_08670,0.747319044,1,no time to watch,school student,standard,high,366.14,binge watcher
CUST_08672,0.909723496,1,no time to watch,working professional,standard,high,374.97,sports enthusiast
CUST_08673,0.728614677,1,too expensive,school student,premium,medium,756.5,family viewer
CUST_08674,0.939107047,1,too expensive,college student,premium,low,673.56,sports enthusiast
CUST_08675,0.912736049,1,too expensive,retired individual,standard,medium,333.47,binge watcher
CUST_08676,0.797382396,1,content not interesting,college student,standard,high,428.29,binge watcher
CUST_08678,0.886646796,1,technical issues,college student,basic,low,219.47,casual viewer
CUST_08679,0.935566995,1,too expensive,retired individual,standard,low,423.3,binge watcher
CUST_08680,0.700300648,1,none,college student,standard,high,356.01,news junkie
CUST_08681,0.838190268,1,no time to watch,working professional,basic,high,266.18,news junkie
CUST_08682,0.795844811,1,technical issues,retired individual,standard,low,362.33,news junkie
CUST_08683,0.921374478,1,too expensive,retired individual,premium,high,652.08,sports enthusiast
CUST_08684,0.731016622,1,none,retired individual,premium,high,799.11,news junkie
CUST_08685,0.773288938,1,too expensive,college student,premium,low,635.21,family viewer
CUST_08686,0.882347521,1,too expensive,school student,basic,medium,196.66,news junkie
CUST_08687,0.750259249,1,switched to competitor,retired individual,basic,high,131.54,binge watcher
CUST_08688,0.876586568,1,too expensive,retired individual,basic,medium,189.17,family viewer
CUST_08689,0.91049384,1,too expensive,working professional,premium,medium,766.21,news junkie
CUST_08690,0.818262852,1,too expensive,working professional,premium,medium,694.53,casual viewer
CUST_08691,0.76901317,1,technical issues,college student,basic,low,239.62,binge watcher
CUST_08693,0.867769227,1,too expensive,college student,standard,high,457.91,sports enthusiast
CUST_08694,0.844318283,1,too expensive,college student,premium,high,799.38,family viewer
CUST_08695,0.915126093,1,too expensive,working professional,basic,low,240.33,family viewer
CUST_08696,0.752983793,1,too expensive,college student,premium,high,770.93,casual viewer
CUST_08699,0.919364103,1,too expensive,retired individual,basic,medium,250.71,casual viewer
CUST_08700,0.848068584,1,no time to watch,college student,basic,high,204.56,sports enthusiast
CUST_08701,0.857217659,1,too expensive,school student,basic,low,160.21,sports enthusiast
CUST_08702,0.727535268,1,technical issues,retired individual,standard,medium,380.82,news junkie
CUST_08703,0.809410332,1,too expensive,retired individual,basic,medium,182.02,sports enthusiast
CUST_08704,0.828450245,1,too expensive,college student,standard,high,361.13,sports enthusiast
CUST_08705,0.934815536,1,none,retired individual,premium,high,652.03,binge watcher
CUST_08709,0.768429461,1,too expensive,college student,standard,medium,454.45,family viewer
CUST_08710,0.722907695,1,none,college student,premium,high,749.08,binge watcher
CUST_08711,0.874715857,1,technical issues,college student,standard,medium,405.44,news junkie
CUST_08712,0.797931665,1,content not interesting,working professional,basic,high,153.2,news junkie
CUST_08713,0.808574331,1,too expensive,retired individual,premium,medium,774.15,news junkie
CUST_08714,0.724954655,1,none,retired individual,standard,medium,368.95,news junkie
CUST_08716,0.784519177,1,none,college student,standard,high,372.03,news junkie
CUST_08718,0.835303411,1,too expensive,school student,basic,high,210.61,sports enthusiast
CUST_08719,0.796371926,1,too expensive,retired individual,standard,medium,399.79,news junkie
CUST_08720,0.846553642,1,technical issues,working professional,premium,medium,595.04,binge watcher
CUST_08721,0.853064797,1,none,college student,standard,medium,438.58,news junkie
CUST_08722,0.721362641,1,none,retired individual,premium,medium,677.55,casual viewer
CUST_08724,0.898465118,1,too expensive,school student,standard,low,390.91,casual viewer
CUST_08725,0.823823436,1,none,retired individual,standard,low,474.12,family viewer
CUST_08728,0.864529693,1,too expensive,retired individual,standard,low,462.19,binge watcher
CUST_08729,0.856809263,1,none,school student,standard,high,412.9,family viewer
CUST_08730,0.834170603,1,too expensive,working professional,premium,medium,608.42,family viewer
CUST_08731,0.74181661,1,too expensive,school student,standard,high,346.97,binge watcher
CUST_08732,0.777014316,1,no time to watch,working professional,basic,high,255.62,binge watcher
CUST_08733,0.828525414,1,technical issues,college student,basic,medium,232.03,news junkie
CUST_08734,0.753168341,1,technical issues,retired individual,basic,low,203.89,news junkie
CUST_08735,0.769672472,1,technical issues,college student,basic,medium,184,sports enthusiast
CUST_08736,0.912596737,1,too expensive,college student,premium,medium,707.84,sports enthusiast
CUST_08737,0.704925603,1,technical issues,working professional,basic,medium,195.7,news junkie
CUST_08738,0.758596403,1,content not interesting,retired individual,standard,high,366.8,family viewer
CUST_08740,0.942195593,1,too expensive,college student,standard,high,342.46,news junkie
CUST_08742,0.94523877,1,too expensive,college student,basic,low,179.58,binge watcher
CUST_08743,0.801187271,1,none,college student,basic,high,159.91,family viewer
CUST_08744,0.788467597,1,switched to competitor,working professional,basic,high,193.71,binge watcher
CUST_08746,0.789224561,1,too expensive,college student,basic,low,242.61,sports enthusiast
CUST_08747,0.700613032,1,none,college student,standard,high,398.12,family viewer
CUST_08748,0.934765603,1,too expensive,retired individual,standard,low,357.84,sports enthusiast
CUST_08749,0.711544555,1,technical issues,school student,basic,low,195.57,family viewer
CUST_08750,0.857782,1,too expensive,college student,standard,medium,382.82,casual viewer
CUST_08751,0.76873866,1,too expensive,college student,premium,high,770.95,sports enthusiast
CUST_08752,0.879477353,1,none,working professional,basic,low,205.44,news junkie
CUST_08754,0.871357924,1,content not interesting,school student,basic,high,207.24,family viewer
CUST_08757,0.827093958,1,none,college student,basic,low,219.87,news junkie
CUST_08758,0.793642653,1,none,working professional,basic,medium,173.05,family viewer
CUST_08759,0.788152387,1,too expensive,college student,basic,high,201.68,binge watcher
CUST_08760,0.804495969,1,too expensive,retired individual,standard,high,427.05,casual viewer
CUST_08761,0.734374383,1,none,college student,standard,low,337.72,sports enthusiast
CUST_08763,0.72431131,1,technical issues,retired individual,standard,low,350.21,sports enthusiast
CUST_08764,0.751748157,1,technical issues,retired individual,basic,medium,164.27,sports enthusiast
CUST_08765,0.917112102,1,too expensive,working professional,standard,medium,394.77,family viewer
CUST_08766,0.730549899,1,switched to competitor,working professional,standard,high,389.1,casual viewer
CUST_08767,0.936796425,1,no time to watch,college student,standard,low,392.59,sports enthusiast
CUST_08768,0.821220787,1,too expensive,retired individual,premium,high,805.31,sports enthusiast
CUST_08769,0.814158447,1,none,working professional,standard,high,424.7,news junkie
CUST_08770,0.822832382,1,none,college student,basic,high,223.44,casual viewer
CUST_08772,0.807708905,1,no time to watch,working professional,standard,high,395.32,news junkie
CUST_08774,0.835089826,1,technical issues,retired individual,basic,medium,211.24,casual viewer
CUST_08775,0.842711197,1,too expensive,college student,basic,medium,160.87,casual viewer
CUST_08776,0.773781683,1,too expensive,retired individual,premium,high,766,family viewer
CUST_08778,0.765600957,1,technical issues,college student,standard,medium,430.24,casual viewer
CUST_08779,0.846607308,1,too expensive,college student,premium,high,673.8,casual viewer
CUST_08780,0.772020313,1,too expensive,working professional,premium,medium,802.36,news junkie
CUST_08781,0.736521712,1,too expensive,college student,standard,high,343.83,sports enthusiast
CUST_08782,0.886014916,1,no time to watch,working professional,basic,medium,198.61,sports enthusiast
CUST_08783,0.771726505,1,switched to competitor,school student,standard,high,473.2,sports enthusiast
CUST_08784,0.73972154,1,switched to competitor,retired individual,basic,high,235.33,binge watcher
CUST_08785,0.788093367,1,too expensive,college student,basic,high,203.41,news junkie
CUST_08786,0.864768867,1,no time to watch,working professional,standard,medium,403.78,binge watcher
CUST_08787,0.876652588,1,too expensive,retired individual,standard,high,345.74,family viewer
CUST_08788,0.746429361,1,too expensive,retired individual,basic,high,191.3,sports enthusiast
CUST_08789,0.840386678,1,switched to competitor,college student,basic,high,188.88,news junkie
CUST_08790,0.88592632,1,too expensive,college student,premium,medium,753.07,sports enthusiast
CUST_08791,0.845790267,1,too expensive,school student,standard,low,389.76,sports enthusiast
CUST_08792,0.794569882,1,technical issues,school student,standard,low,413,sports enthusiast
CUST_08793,0.721627758,1,too expensive,school student,premium,high,782.39,news junkie
CUST_08794,0.854496382,1,technical issues,college student,standard,low,413.39,casual viewer
CUST_08795,0.811089128,1,none,college student,premium,high,799.06,sports enthusiast
CUST_08797,0.786659026,1,none,college student,premium,medium,658.16,casual viewer
CUST_08799,0.800730583,1,technical issues,college student,basic,medium,259.72,binge watcher
CUST_08800,0.751688055,1,content not interesting,college student,basic,high,190.29,binge watcher
CUST_08801,0.752074504,1,none,working professional,basic,high,219.79,news junkie
CUST_08802,0.745111393,1,none,working professional,standard,low,347.2,sports enthusiast
CUST_08803,0.895842823,1,too expensive,college student,basic,low,184.75,family viewer
CUST_08804,0.767081073,1,too expensive,college student,premium,high,675.47,family viewer
CUST_08805,0.827117148,1,too expensive,college student,premium,high,661.48,casual viewer
CUST_08806,0.705190587,1,technical issues,school student,standard,medium,409.7,news junkie
CUST_08807,0.834691846,1,no time to watch,working professional,basic,medium,169.94,sports enthusiast
CUST_08808,0.839444927,1,technical issues,retired individual,standard,medium,413.72,family viewer
CUST_08809,0.924049209,1,technical issues,retired individual,standard,low,366.07,sports enthusiast
CUST_08812,0.856409035,1,too expensive,working professional,basic,high,187.23,sports enthusiast
CUST_08813,0.769487411,1,switched to competitor,retired individual,standard,high,409.72,family viewer
CUST_08814,0.781487288,1,too expensive,working professional,premium,high,603.87,news junkie
CUST_08815,0.845217271,1,switched to competitor,working professional,basic,high,221.69,binge watcher
CUST_08816,0.826046668,1,too expensive,school student,basic,low,152.32,family viewer
CUST_08817,0.865171988,1,too expensive,retired individual,basic,medium,225.23,binge watcher
CUST_08818,0.880697268,1,too expensive,college student,basic,low,215.95,sports enthusiast
CUST_08819,0.811645302,1,content not interesting,working professional,standard,high,376.15,family viewer
CUST_08820,0.833247488,1,too expensive,college student,standard,high,389.88,casual viewer
CUST_08821,0.842660407,1,technical issues,college student,basic,low,202.5,news junkie
CUST_08822,0.88813595,1,too expensive,college student,basic,low,175.66,binge watcher
CUST_08824,0.801717757,1,too expensive,working professional,standard,high,419.29,news junkie
CUST_08825,0.905559036,1,no time to watch,college student,basic,low,193.27,news junkie
CUST_08826,0.826370957,1,too expensive,retired individual,premium,high,630.97,news junkie
CUST_08827,0.845950683,1,technical issues,retired individual,standard,medium,438.71,binge watcher
CUST_08828,0.902707939,1,technical issues,working professional,basic,low,181.41,binge watcher
CUST_08830,0.79449534,1,switched to competitor,college student,standard,high,392.68,binge watcher
CUST_08831,0.950993591,1,too expensive,working professional,basic,low,186.2,family viewer
CUST_08832,0.779392991,1,switched to competitor,college student,standard,high,389.95,news junkie
CUST_08833,0.826917598,1,no time to watch,college student,basic,medium,212.92,sports enthusiast
CUST_08834,0.856228191,1,too expensive,retired individual,premium,high,691.45,news junkie
CUST_08835,0.807260701,1,too expensive,working professional,premium,medium,775.6,casual viewer
CUST_08836,0.851525472,1,too expensive,retired individual,premium,medium,711.74,sports enthusiast
CUST_08837,0.907387333,1,too expensive,college student,premium,high,614.93,binge watcher
CUST_08839,0.813993271,1,too expensive,school student,premium,high,629.71,news junkie
CUST_08840,0.828340271,1,too expensive,college student,standard,high,423.55,casual viewer
CUST_08843,0.865963831,1,too expensive,college student,premium,high,717.8,sports enthusiast
CUST_08844,0.824797187,1,no time to watch,college student,standard,high,347.29,family viewer
CUST_08845,0.761949888,1,technical issues,college student,basic,low,204.7,binge watcher
CUST_08846,0.786746647,1,none,retired individual,basic,high,188.9,news junkie
CUST_08847,0.805568606,1,too expensive,school student,premium,low,702.03,casual viewer
CUST_08848,0.840398698,1,too expensive,working professional,premium,high,659.7,sports enthusiast
CUST_08851,0.874670168,1,too expensive,college student,basic,high,172.35,casual viewer
CUST_08852,0.761643064,1,none,school student,basic,medium,232.53,sports enthusiast
CUST_08853,0.836208944,1,no time to watch,retired individual,standard,high,380.31,casual viewer
CUST_08854,0.9562241,1,too expensive,retired individual,premium,low,712.8,sports enthusiast
CUST_08856,0.700616931,1,none,college student,standard,medium,372.15,family viewer
CUST_08857,0.813720852,1,no time to watch,working professional,standard,high,392.2,casual viewer
CUST_08858,0.911910501,1,too expensive,retired individual,premium,low,779.68,news junkie
CUST_08860,0.884939433,1,too expensive,retired individual,premium,low,718.09,casual viewer
CUST_08862,0.70649196,1,switched to competitor,retired individual,standard,high,391.88,binge watcher
CUST_08864,0.831511216,1,too expensive,college student,basic,high,198.42,family viewer
CUST_08865,0.70386665,1,no time to watch,working professional,standard,high,339.78,sports enthusiast
CUST_08866,0.76208824,1,switched to competitor,college student,standard,high,375.17,family viewer
CUST_08868,0.919703743,1,technical issues,school student,basic,low,232.58,casual viewer
CUST_08869,0.774602355,1,technical issues,retired individual,standard,low,417.28,family viewer
CUST_08870,0.868644657,1,too expensive,working professional,premium,high,697.66,casual viewer
CUST_08871,0.90137079,1,none,working professional,basic,high,217.35,sports enthusiast
CUST_08872,0.919313028,1,too expensive,college student,standard,medium,357.19,casual viewer
CUST_08873,0.741297782,1,none,school student,basic,high,153.03,casual viewer
CUST_08874,0.702382255,1,switched to competitor,college student,basic,high,167.34,casual viewer
CUST_08875,0.776645693,1,none,college student,standard,high,344.32,casual viewer
CUST_08876,0.828111169,1,switched to competitor,school student,standard,high,384.19,sports enthusiast
CUST_08877,0.85331158,1,too expensive,retired individual,standard,high,360.99,casual viewer
CUST_08878,0.827643416,1,too expensive,working professional,standard,high,454.16,casual viewer
CUST_08879,0.812694557,1,none,retired individual,standard,high,412.95,binge watcher
CUST_08880,0.830871819,1,too expensive,college student,standard,high,422.76,news junkie
CUST_08881,0.825930054,1,too expensive,retired individual,premium,medium,774.89,casual viewer
CUST_08882,0.775030153,1,content not interesting,school student,basic,high,222.22,binge watcher
CUST_08883,0.840287297,1,too expensive,working professional,standard,medium,381.15,news junkie
CUST_08884,0.863557123,1,too expensive,college student,premium,high,711.44,family viewer
CUST_08885,0.79250766,1,none,retired individual,standard,low,413.66,sports enthusiast
CUST_08887,0.894027861,1,too expensive,college student,premium,low,724.98,binge watcher
CUST_08888,0.867408605,1,too expensive,college student,premium,low,742.7,news junkie
CUST_08891,0.882381911,1,too expensive,working professional,standard,high,399.49,news junkie
CUST_08893,0.711738388,1,too expensive,working professional,premium,high,685.24,casual viewer
CUST_08894,0.907779681,1,too expensive,college student,basic,low,208.27,family viewer
CUST_08896,0.86997343,1,no time to watch,working professional,standard,high,418.81,casual viewer
CUST_08897,0.944190496,1,too expensive,working professional,standard,low,377.55,family viewer
CUST_08899,0.777633255,1,technical issues,college student,basic,medium,208.6,news junkie
CUST_08900,0.745213112,1,switched to competitor,college student,basic,high,188.89,family viewer
CUST_08901,0.893828627,1,too expensive,school student,basic,low,163.38,binge watcher
CUST_08902,0.841274098,1,too expensive,college student,standard,low,418.09,family viewer
CUST_08903,0.827888603,1,no time to watch,college student,standard,medium,379.12,casual viewer
CUST_08904,0.842108293,1,too expensive,college student,premium,high,719.28,news junkie
CUST_08905,0.807641528,1,no time to watch,working professional,standard,high,382.76,family viewer
CUST_08906,0.921690121,1,content not interesting,retired individual,standard,high,413.93,family viewer
CUST_08907,0.881633929,1,technical issues,college student,basic,low,243.59,binge watcher
CUST_08908,0.70261997,1,technical issues,working professional,basic,medium,187.32,sports enthusiast
CUST_08910,0.833990391,1,no time to watch,working professional,basic,medium,188.78,binge watcher
CUST_08912,0.706673324,1,too expensive,college student,standard,high,324.99,news junkie
CUST_08914,0.868286464,1,too expensive,working professional,basic,high,220.33,family viewer
CUST_08915,0.806573282,1,technical issues,retired individual,basic,low,185.49,news junkie
CUST_08916,0.889319033,1,too expensive,working professional,standard,medium,338.29,news junkie
CUST_08917,0.847338703,1,too expensive,college student,standard,low,363.45,sports enthusiast
CUST_08918,0.892712102,1,technical issues,working professional,standard,low,382.2,casual viewer
CUST_08919,0.927640011,1,none,retired individual,standard,medium,449.79,casual viewer
CUST_08920,0.834349972,1,too expensive,retired individual,standard,high,449.29,news junkie
CUST_08921,0.780440109,1,technical issues,college student,standard,medium,385.74,news junkie
CUST_08924,0.845954117,1,too expensive,working professional,premium,high,748.08,news junkie
CUST_08925,0.738108509,1,technical issues,retired individual,standard,medium,352.38,family viewer
CUST_08926,0.939641632,1,too expensive,college student,premium,low,785.95,family viewer
CUST_08927,0.900553685,1,too expensive,college student,basic,medium,207.91,binge watcher
CUST_08928,0.862497829,1,too expensive,school student,standard,high,336.78,casual viewer
CUST_08930,0.887217691,1,too expensive,college student,premium,low,686.39,family viewer
CUST_08931,0.925673649,1,too expensive,college student,standard,high,370.22,binge watcher
CUST_08932,0.949289186,1,too expensive,college student,standard,medium,441.64,casual viewer
CUST_08933,0.754953232,1,too expensive,school student,basic,high,181.93,sports enthusiast
CUST_08934,0.8620024,1,too expensive,college student,premium,low,759.71,sports enthusiast
CUST_08935,0.853034508,1,too expensive,college student,standard,high,386.64,binge watcher
CUST_08936,0.895911641,1,technical issues,retired individual,standard,low,446.86,sports enthusiast
CUST_08937,0.725416544,1,none,college student,standard,medium,432.93,news junkie
CUST_08939,0.803025596,1,technical issues,school student,basic,medium,201.84,family viewer
CUST_08940,0.733367025,1,too expensive,school student,premium,low,771.19,news junkie
CUST_08941,0.812451798,1,too expensive,college student,premium,high,716.11,casual viewer
CUST_08942,0.841068766,1,no time to watch,working professional,basic,high,185.24,family viewer
CUST_08943,0.868679598,1,content not interesting,working professional,standard,high,403.94,casual viewer
CUST_08944,0.856506559,1,none,college student,premium,high,686.04,casual viewer
CUST_08945,0.905373796,1,too expensive,retired individual,standard,high,378.71,sports enthusiast
CUST_08946,0.862206666,1,too expensive,college student,premium,medium,615.98,family viewer
CUST_08948,0.898932805,1,too expensive,retired individual,premium,low,630.27,sports enthusiast
CUST_08949,0.746376219,1,none,college student,basic,high,188.82,sports enthusiast
CUST_08950,0.921799925,1,no time to watch,college student,standard,low,447.19,sports enthusiast
CUST_08951,0.772001076,1,too expensive,retired individual,premium,high,618.83,casual viewer
CUST_08952,0.85420101,1,none,college student,premium,high,688.05,family viewer
CUST_08953,0.86735012,1,too expensive,college student,basic,medium,181.55,family viewer
CUST_08954,0.840062741,1,none,working professional,premium,medium,797.86,news junkie
CUST_08957,0.756966744,1,none,retired individual,standard,medium,407.75,news junkie
CUST_08958,0.772632239,1,too expensive,school student,premium,medium,600.57,binge watcher
CUST_08961,0.808266119,1,none,retired individual,premium,medium,771.83,sports enthusiast
CUST_08962,0.715288296,1,none,college student,standard,medium,404.61,casual viewer
CUST_08963,0.782093662,1,too expensive,college student,premium,medium,625.86,casual viewer
CUST_08964,0.891719843,1,none,working professional,basic,high,209.74,casual viewer
CUST_08966,0.83723865,1,technical issues,working professional,standard,medium,428.26,news junkie
CUST_08967,0.762954724,1,too expensive,working professional,premium,high,613.35,binge watcher
CUST_08969,0.830882299,1,no time to watch,working professional,standard,low,346.54,binge watcher
CUST_08970,0.824237134,1,too expensive,retired individual,standard,high,408.84,sports enthusiast
CUST_08971,0.808943136,1,no time to watch,working professional,standard,high,425.54,casual viewer
CUST_08972,0.736161213,1,too expensive,college student,premium,high,680.34,binge watcher
CUST_08973,0.70984489,1,technical issues,school student,standard,low,398.96,news junkie
CUST_08974,0.817823673,1,none,college student,standard,high,457.69,casual viewer
CUST_08975,0.886513016,1,technical issues,college student,standard,medium,416.7,binge watcher
CUST_08976,0.852792928,1,too expensive,working professional,standard,high,390.36,binge watcher
CUST_08977,0.794573704,1,none,college student,standard,high,381.65,binge watcher
CUST_08978,0.908634617,1,too expensive,working professional,basic,low,150.79,news junkie
CUST_08979,0.858514567,1,too expensive,working professional,premium,high,775.41,news junkie
CUST_08980,0.934979524,1,technical issues,college student,standard,low,393.49,sports enthusiast
CUST_08981,0.845999075,1,too expensive,college student,standard,high,366.88,family viewer
CUST_08982,0.811565695,1,too expensive,college student,premium,low,740.52,casual viewer
CUST_08984,0.833817419,1,technical issues,college student,standard,medium,418.81,news junkie
CUST_08985,0.83029171,1,content not interesting,college student,basic,high,211.32,casual viewer
CUST_08986,0.837647309,1,content not interesting,college student,standard,high,359.02,casual viewer
CUST_08988,0.753150669,1,none,retired individual,premium,high,799.1,binge watcher
CUST_08989,0.85944187,1,none,retired individual,premium,high,684.61,sports enthusiast
CUST_08990,0.809515771,1,too expensive,college student,standard,high,351.77,sports enthusiast
CUST_08991,0.819285719,1,technical issues,retired individual,standard,medium,372.68,casual viewer
CUST_08992,0.877488204,1,none,working professional,standard,high,371.18,family viewer
CUST_08993,0.769394182,1,switched to competitor,school student,standard,high,411.31,casual viewer
CUST_08994,0.895719361,1,none,retired individual,standard,high,417.7,sports enthusiast
CUST_08995,0.860634793,1,technical issues,college student,standard,low,369.97,sports enthusiast
CUST_08996,0.717431393,1,none,working professional,premium,high,682.11,family viewer
CUST_08999,0.892500837,1,none,school student,standard,medium,365.21,sports enthusiast
CUST_09000,0.815340002,1,switched to competitor,school student,standard,high,359.05,family viewer
CUST_09002,0.802593675,1,no time to watch,college student,standard,high,387.04,sports enthusiast
CUST_09004,0.805884563,1,content not interesting,working professional,standard,high,366.41,binge watcher
CUST_09006,0.926651035,1,too expensive,working professional,standard,low,382.82,casual viewer
CUST_09007,0.848879339,1,too expensive,school student,standard,medium,437.32,news junkie
CUST_09008,0.77858762,1,too expensive,college student,premium,medium,747.57,sports enthusiast
CUST_09009,0.761501796,1,switched to competitor,college student,standard,high,363.05,casual viewer
CUST_09010,0.771165221,1,too expensive,school student,basic,medium,166.55,sports enthusiast
CUST_09011,0.838590754,1,technical issues,retired individual,basic,medium,194.37,family viewer
CUST_09014,0.906908756,1,no time to watch,retired individual,basic,low,175.18,binge watcher
CUST_09015,0.822890285,1,too expensive,retired individual,premium,medium,718.25,binge watcher
CUST_09017,0.831616122,1,too expensive,school student,premium,low,699.03,family viewer
CUST_09018,0.714267926,1,too expensive,retired individual,premium,medium,637.96,news junkie
CUST_09019,0.738192771,1,too expensive,school student,premium,high,699.12,binge watcher
CUST_09021,0.843050816,1,no time to watch,college student,standard,high,400.35,casual viewer
CUST_09024,0.84493623,1,too expensive,college student,basic,medium,153.99,family viewer
CUST_09025,0.923259053,1,too expensive,retired individual,standard,high,462.27,family viewer
CUST_09027,0.853899487,1,too expensive,school student,premium,high,775.83,family viewer
CUST_09028,0.867157974,1,too expensive,college student,premium,low,607.16,family viewer
CUST_09029,0.867166739,1,too expensive,retired individual,premium,high,786.46,family viewer
CUST_09030,0.840586366,1,too expensive,working professional,premium,medium,613.37,news junkie
CUST_09031,0.905836222,1,too expensive,working professional,premium,high,765.97,binge watcher
CUST_09033,0.760294661,1,none,working professional,standard,high,365.04,sports enthusiast
CUST_09034,0.878741193,1,technical issues,retired individual,standard,medium,428.86,news junkie
CUST_09035,0.917242724,1,no time to watch,working professional,standard,medium,379.82,news junkie
CUST_09036,0.779538344,1,switched to competitor,college student,standard,high,387.89,news junkie
CUST_09038,0.860832061,1,too expensive,working professional,standard,high,488.8,sports enthusiast
CUST_09039,0.847747264,1,technical issues,college student,basic,medium,225.88,casual viewer
CUST_09040,0.704607992,1,content not interesting,retired individual,basic,high,238,family viewer
CUST_09041,0.788881523,1,no time to watch,working professional,standard,high,445.75,sports enthusiast
CUST_09042,0.815253708,1,technical issues,college student,standard,medium,321.25,news junkie
CUST_09043,0.835411874,1,none,college student,standard,low,382.19,sports enthusiast
CUST_09044,0.713053383,1,too expensive,college student,premium,medium,675.1,binge watcher
CUST_09045,0.788278957,1,too expensive,working professional,premium,high,784.73,binge watcher
CUST_09047,0.87113473,1,too expensive,retired individual,standard,high,360.06,family viewer
CUST_09048,0.898851569,1,too expensive,working professional,premium,low,739.21,sports enthusiast
CUST_09050,0.72802537,1,none,college student,basic,high,223.93,binge watcher
CUST_09052,0.847841938,1,no time to watch,working professional,standard,medium,337.31,family viewer
CUST_09054,0.700174829,1,too expensive,college student,basic,medium,217.06,news junkie
CUST_09055,0.707265876,1,too expensive,retired individual,premium,high,701.08,sports enthusiast
CUST_09056,0.786503473,1,none,college student,standard,medium,348.8,news junkie
CUST_09058,0.935203998,1,too expensive,college student,premium,low,677.98,family viewer
CUST_09059,0.772740064,1,too expensive,college student,basic,medium,182.67,news junkie
CUST_09060,0.853556569,1,none,school student,premium,medium,671.88,binge watcher
CUST_09061,0.87979989,1,too expensive,retired individual,standard,high,350.82,family viewer
CUST_09062,0.874802773,1,too expensive,school student,premium,high,774.76,family viewer
CUST_09064,0.864538204,1,too expensive,college student,premium,medium,634.9,binge watcher
CUST_09065,0.856979385,1,too expensive,college student,premium,low,602.52,news junkie
CUST_09066,0.895719154,1,too expensive,college student,standard,medium,460.07,family viewer
CUST_09068,0.868166494,1,content not interesting,retired individual,standard,high,463.56,news junkie
CUST_09069,0.714671725,1,no time to watch,working professional,standard,high,400.43,binge watcher
CUST_09070,0.747942323,1,switched to competitor,college student,standard,high,335.24,family viewer
CUST_09071,0.781123125,1,too expensive,college student,premium,medium,736.93,family viewer
CUST_09072,0.875131817,1,too expensive,school student,basic,high,144.28,casual viewer
CUST_09073,0.77511202,1,too expensive,college student,premium,medium,729.52,family viewer
CUST_09074,0.845303773,1,too expensive,retired individual,premium,high,790.21,casual viewer
CUST_09075,0.915883162,1,none,college student,standard,medium,424.21,binge watcher
CUST_09076,0.727987647,1,switched to competitor,college student,basic,high,228.26,news junkie
CUST_09078,0.900957681,1,too expensive,working professional,premium,medium,708.67,sports enthusiast
CUST_09079,0.717605991,1,too expensive,college student,premium,medium,738.03,binge watcher
CUST_09080,0.832993928,1,too expensive,school student,premium,high,599.71,family viewer
CUST_09082,0.816587978,1,technical issues,college student,basic,low,234.09,binge watcher
CUST_09083,0.868523558,1,too expensive,retired individual,basic,high,210.7,casual viewer
CUST_09084,0.850142789,1,too expensive,school student,basic,high,200.86,sports enthusiast
CUST_09085,0.837116709,1,none,college student,basic,low,242.66,news junkie
CUST_09086,0.851111774,1,technical issues,college student,standard,medium,398.67,sports enthusiast
CUST_09087,0.762293822,1,none,college student,premium,low,681.45,sports enthusiast
CUST_09088,0.784675164,1,technical issues,working professional,standard,medium,381.34,sports enthusiast
CUST_09089,0.899708131,1,too expensive,working professional,standard,low,471.13,sports enthusiast
CUST_09092,0.831882616,1,too expensive,college student,standard,high,396.88,casual viewer
CUST_09093,0.74777545,1,switched to competitor,college student,basic,high,211.82,family viewer
CUST_09094,0.952865893,1,too expensive,working professional,standard,low,394.78,family viewer
CUST_09095,0.877859556,1,too expensive,college student,basic,medium,210.02,news junkie
CUST_09096,0.86136155,1,technical issues,retired individual,basic,low,216.01,casual viewer
CUST_09097,0.836183493,1,too expensive,college student,standard,medium,412.44,binge watcher
CUST_09099,0.743569897,1,switched to competitor,college student,basic,high,162.01,news junkie
CUST_09100,0.725708451,1,switched to competitor,retired individual,standard,high,447.29,binge watcher
CUST_09101,0.810510594,1,too expensive,college student,premium,low,645.12,family viewer
CUST_09102,0.771397396,1,too expensive,working professional,premium,medium,695.38,binge watcher
CUST_09103,0.849003629,1,technical issues,college student,standard,low,344.1,news junkie
CUST_09104,0.821465868,1,too expensive,college student,premium,medium,729.23,sports enthusiast
CUST_09105,0.839772519,1,none,working professional,basic,high,206.51,casual viewer
CUST_09106,0.794026593,1,none,school student,premium,medium,692.2,binge watcher
CUST_09107,0.845285561,1,none,college student,basic,high,210.39,casual viewer
CUST_09108,0.764004526,1,none,college student,premium,high,726.23,news junkie
CUST_09109,0.922624136,1,too expensive,working professional,premium,medium,766.43,binge watcher
CUST_09110,0.740294617,1,technical issues,college student,standard,medium,349.3,family viewer
CUST_09111,0.92879632,1,too expensive,working professional,basic,medium,208.04,sports enthusiast
CUST_09113,0.785658345,1,too expensive,retired individual,premium,high,741.85,news junkie
CUST_09115,0.832298037,1,technical issues,retired individual,standard,low,407.74,binge watcher
CUST_09116,0.814468517,1,no time to watch,working professional,standard,high,387.49,sports enthusiast
CUST_09117,0.762400048,1,too expensive,college student,standard,high,341.86,sports enthusiast
CUST_09118,0.929492565,1,too expensive,school student,basic,low,163.58,casual viewer
CUST_09120,0.944299652,1,no time to watch,college student,standard,medium,445.07,sports enthusiast
CUST_09121,0.943307156,1,too expensive,retired individual,standard,low,427.1,binge watcher
CUST_09122,0.751452422,1,none,college student,standard,high,461.56,news junkie
CUST_09123,0.874189837,1,too expensive,working professional,premium,high,644.66,news junkie
CUST_09125,0.861187356,1,none,retired individual,standard,high,440.05,family viewer
CUST_09126,0.926644725,1,no time to watch,working professional,basic,low,230.33,family viewer
CUST_09127,0.899732688,1,too expensive,retired individual,premium,low,616.97,casual viewer
CUST_09128,0.787768203,1,too expensive,college student,basic,medium,235.99,sports enthusiast
CUST_09129,0.714980844,1,technical issues,retired individual,basic,medium,224.81,family viewer
CUST_09130,0.729255968,1,too expensive,school student,premium,high,674.15,casual viewer
CUST_09131,0.864061709,1,technical issues,school student,standard,medium,377.35,family viewer
CUST_09132,0.779773756,1,too expensive,retired individual,basic,high,211.86,family viewer
CUST_09133,0.870854199,1,too expensive,school student,premium,high,681.6,sports enthusiast
CUST_09134,0.783607961,1,technical issues,retired individual,basic,low,205.62,family viewer
CUST_09135,0.838502782,1,too expensive,college student,standard,high,372.06,news junkie
CUST_09136,0.842873021,1,too expensive,college student,standard,medium,464.61,sports enthusiast
CUST_09137,0.880990632,1,too expensive,retired individual,standard,high,358.18,family viewer
CUST_09138,0.913475715,1,no time to watch,college student,basic,low,230.15,family viewer
CUST_09139,0.819058787,1,technical issues,college student,basic,medium,226.65,binge watcher
CUST_09140,0.899066541,1,technical issues,working professional,standard,low,434.98,sports enthusiast
CUST_09142,0.741474535,1,switched to competitor,working professional,basic,high,180.77,family viewer
CUST_09143,0.851006659,1,too expensive,college student,premium,high,617.27,family viewer
CUST_09144,0.876784747,1,no time to watch,working professional,standard,low,368.2,family viewer
CUST_09146,0.916796348,1,too expensive,college student,premium,medium,647.19,news junkie
CUST_09150,0.909181663,1,no time to watch,working professional,basic,high,207.44,news junkie
CUST_09151,0.929008247,1,too expensive,college student,premium,low,610.47,sports enthusiast
CUST_09153,0.858245597,1,too expensive,working professional,premium,medium,619.94,news junkie
CUST_09154,0.824825404,1,too expensive,retired individual,basic,medium,145.62,sports enthusiast
CUST_09155,0.896445519,1,no time to watch,working professional,standard,low,444.2,casual viewer
CUST_09157,0.795649901,1,no time to watch,retired individual,standard,high,452.18,casual viewer
CUST_09158,0.702491501,1,switched to competitor,working professional,standard,high,447.13,casual viewer
CUST_09159,0.913467502,1,too expensive,college student,basic,high,211.72,family viewer
CUST_09161,0.785635189,1,too expensive,working professional,premium,medium,736.9,family viewer
CUST_09163,0.85072491,1,too expensive,school student,standard,high,461.99,family viewer
CUST_09164,0.859930323,1,no time to watch,working professional,standard,high,435.28,news junkie
CUST_09165,0.749299086,1,technical issues,college student,standard,medium,353.99,family viewer
CUST_09166,0.71931631,1,technical issues,college student,standard,medium,341.2,binge watcher
CUST_09167,0.901587082,1,too expensive,working professional,premium,low,750.22,sports enthusiast
CUST_09168,0.92442884,1,too expensive,school student,standard,low,380.15,binge watcher
CUST_09169,0.873898776,1,switched to competitor,working professional,basic,high,201.63,casual viewer
CUST_09170,0.809265989,1,too expensive,college student,premium,medium,703.83,binge watcher
CUST_09171,0.914338378,1,too expensive,college student,standard,high,425.57,news junkie
CUST_09172,0.946437247,1,too expensive,school student,basic,low,196.04,news junkie
CUST_09173,0.735436352,1,switched to competitor,retired individual,standard,high,392.81,binge watcher
CUST_09174,0.803156845,1,switched to competitor,college student,standard,high,424.24,family viewer
CUST_09175,0.702246048,1,too expensive,working professional,premium,medium,698.44,sports enthusiast
CUST_09177,0.781848175,1,switched to competitor,retired individual,basic,high,164.35,family viewer
CUST_09178,0.732548215,1,content not interesting,school student,standard,high,397.52,casual viewer
CUST_09179,0.798708107,1,too expensive,retired individual,premium,medium,629.16,news junkie
CUST_09180,0.837399906,1,too expensive,school student,premium,medium,756.4,news junkie
CUST_09181,0.869125477,1,content not interesting,working professional,basic,high,197.66,casual viewer
CUST_09183,0.757708532,1,none,college student,basic,medium,205.62,news junkie
CUST_09184,0.894190394,1,none,retired individual,standard,medium,362.62,binge watcher
CUST_09185,0.728139193,1,too expensive,retired individual,premium,medium,669.23,news junkie
CUST_09186,0.847400631,1,too expensive,college student,basic,medium,223.63,casual viewer
CUST_09187,0.877451294,1,technical issues,school student,basic,low,197.53,casual viewer
CUST_09188,0.866239061,1,too expensive,college student,premium,medium,623.36,binge watcher
CUST_09189,0.840505162,1,too expensive,college student,premium,high,748.94,casual viewer
CUST_09190,0.830747687,1,too expensive,retired individual,premium,medium,685,binge watcher
CUST_09191,0.865367622,1,too expensive,college student,premium,medium,768.22,family viewer
CUST_09192,0.878208685,1,too expensive,school student,standard,low,339.79,sports enthusiast
CUST_09195,0.888090243,1,too expensive,working professional,premium,high,634.31,news junkie
CUST_09196,0.84111544,1,none,retired individual,standard,medium,410.25,casual viewer
CUST_09197,0.769705039,1,none,retired individual,basic,low,196.66,family viewer
CUST_09199,0.848357741,1,no time to watch,retired individual,basic,low,175.39,sports enthusiast
CUST_09201,0.710292861,1,too expensive,college student,premium,medium,794.37,casual viewer
CUST_09202,0.753400616,1,switched to competitor,college student,standard,high,341.71,news junkie
CUST_09203,0.788422366,1,technical issues,college student,basic,low,181.52,sports enthusiast
CUST_09204,0.733656901,1,switched to competitor,college student,basic,high,212.77,binge watcher
CUST_09205,0.875130937,1,technical issues,school student,standard,medium,357.57,news junkie
CUST_09206,0.733473447,1,too expensive,retired individual,premium,high,705.38,casual viewer
CUST_09207,0.716452243,1,content not interesting,retired individual,basic,high,190.61,sports enthusiast
CUST_09208,0.734617323,1,none,working professional,basic,medium,234.57,family viewer
CUST_09209,0.885321957,1,no time to watch,college student,basic,medium,182.25,news junkie
CUST_09210,0.834154937,1,no time to watch,working professional,standard,high,397.87,casual viewer
CUST_09211,0.934698968,1,too expensive,college student,premium,low,760.02,casual viewer
CUST_09212,0.865045727,1,too expensive,college student,standard,high,363.05,binge watcher
CUST_09213,0.732464842,1,none,college student,standard,medium,450.66,news junkie
CUST_09214,0.723816049,1,too expensive,college student,premium,high,777.06,casual viewer
CUST_09215,0.899190225,1,switched to competitor,working professional,standard,high,398.51,casual viewer
CUST_09216,0.900314294,1,too expensive,college student,standard,low,436.92,casual viewer
CUST_09217,0.749837455,1,none,school student,standard,medium,437.38,sports enthusiast
CUST_09219,0.789474015,1,too expensive,college student,premium,high,747.61,casual viewer
CUST_09220,0.807462667,1,switched to competitor,college student,standard,high,383.49,news junkie
CUST_09221,0.891735495,1,too expensive,retired individual,premium,high,713.31,family viewer
CUST_09223,0.92398823,1,too expensive,college student,premium,low,732.94,sports enthusiast
CUST_09224,0.714478038,1,too expensive,college student,premium,high,720.76,sports enthusiast
CUST_09225,0.855347691,1,too expensive,retired individual,premium,high,701.88,binge watcher
CUST_09226,0.847859597,1,too expensive,working professional,premium,medium,674.83,news junkie
CUST_09227,0.906905517,1,none,working professional,standard,low,402.56,sports enthusiast
CUST_09228,0.741437016,1,switched to competitor,college student,standard,high,345.36,family viewer
CUST_09229,0.882520168,1,no time to watch,working professional,basic,low,181.92,binge watcher
CUST_09230,0.814488485,1,too expensive,college student,premium,high,761.47,binge watcher
CUST_09231,0.742361282,1,none,working professional,premium,high,640.23,family viewer
CUST_09232,0.766616045,1,no time to watch,retired individual,basic,high,173.69,sports enthusiast
CUST_09233,0.727806817,1,too expensive,college student,basic,high,184.71,sports enthusiast
CUST_09234,0.883198885,1,none,working professional,premium,low,747.5,family viewer
CUST_09236,0.89319349,1,none,school student,premium,medium,620.01,casual viewer
CUST_09238,0.764120402,1,too expensive,retired individual,premium,medium,658.33,sports enthusiast
CUST_09239,0.921511782,1,too expensive,college student,standard,low,364.69,sports enthusiast
CUST_09240,0.83654556,1,too expensive,retired individual,standard,medium,376.57,binge watcher
CUST_09241,0.882058644,1,too expensive,college student,premium,low,744.5,sports enthusiast
CUST_09242,0.798115433,1,too expensive,college student,premium,high,708.1,family viewer
CUST_09243,0.742779834,1,none,working professional,premium,high,722.83,news junkie
CUST_09244,0.880624864,1,too expensive,school student,premium,low,739.8,casual viewer
CUST_09246,0.824394278,1,none,college student,standard,low,426.72,binge watcher
CUST_09247,0.71117158,1,content not interesting,college student,basic,high,171.22,family viewer
CUST_09248,0.784833215,1,technical issues,college student,standard,low,409.81,family viewer
CUST_09249,0.829400947,1,content not interesting,working professional,standard,high,439.49,binge watcher
CUST_09250,0.775392594,1,switched to competitor,school student,basic,high,168.6,casual viewer
CUST_09251,0.822160733,1,too expensive,retired individual,standard,high,456.21,news junkie
CUST_09254,0.717777674,1,too expensive,college student,standard,medium,398.36,binge watcher
CUST_09255,0.839612567,1,too expensive,retired individual,basic,low,196.24,news junkie
CUST_09256,0.771997308,1,technical issues,school student,basic,low,233.01,sports enthusiast
CUST_09257,0.811551206,1,no time to watch,working professional,standard,high,428.81,sports enthusiast
CUST_09258,0.758184448,1,none,retired individual,basic,high,221.36,family viewer
CUST_09259,0.86256605,1,too expensive,working professional,standard,medium,356.62,news junkie
CUST_09260,0.917167004,1,too expensive,college student,standard,low,367.53,family viewer
CUST_09261,0.820828468,1,technical issues,college student,basic,medium,214.37,news junkie
CUST_09262,0.858212242,1,too expensive,college student,premium,high,745.27,casual viewer
CUST_09263,0.894900706,1,too expensive,working professional,basic,low,149.85,binge watcher
CUST_09264,0.759290586,1,none,working professional,standard,high,410.28,news junkie
CUST_09265,0.717394447,1,too expensive,working professional,basic,high,196.44,family viewer
CUST_09266,0.777613142,1,none,college student,premium,medium,718.69,sports enthusiast
CUST_09270,0.790382636,1,none,retired individual,premium,medium,768.5,news junkie
CUST_09271,0.795866576,1,technical issues,retired individual,standard,medium,453.4,casual viewer
CUST_09272,0.766778498,1,too expensive,retired individual,premium,medium,640.85,sports enthusiast
CUST_09273,0.907564461,1,too expensive,college student,standard,low,469.16,family viewer
CUST_09274,0.880843885,1,no time to watch,working professional,standard,high,374.16,casual viewer
CUST_09277,0.772958229,1,switched to competitor,college student,basic,high,224.61,casual viewer
CUST_09280,0.701003866,1,none,retired individual,basic,high,227.08,casual viewer
CUST_09281,0.875504926,1,technical issues,retired individual,standard,low,435.75,binge watcher
CUST_09282,0.725604943,1,no time to watch,school student,standard,low,405.24,news junkie
CUST_09284,0.882521636,1,no time to watch,working professional,basic,medium,189.17,sports enthusiast
CUST_09285,0.713814439,1,technical issues,working professional,standard,medium,444.02,sports enthusiast
CUST_09286,0.772292142,1,too expensive,college student,premium,low,734.87,sports enthusiast
CUST_09287,0.927658288,1,no time to watch,working professional,standard,medium,374.01,binge watcher
CUST_09289,0.861915313,1,no time to watch,working professional,standard,high,419.47,family viewer
CUST_09291,0.793393016,1,technical issues,school student,basic,medium,212.57,binge watcher
CUST_09292,0.794075244,1,too expensive,school student,premium,high,700.19,casual viewer
CUST_09293,0.806822915,1,too expensive,working professional,standard,high,394.32,family viewer
CUST_09294,0.796838519,1,none,working professional,premium,high,608.94,sports enthusiast
CUST_09295,0.75841232,1,none,working professional,standard,low,433.04,news junkie
CUST_09296,0.856976666,1,no time to watch,working professional,basic,low,210.99,casual viewer
CUST_09297,0.798893755,1,technical issues,working professional,basic,medium,201.92,sports enthusiast
CUST_09298,0.801687067,1,technical issues,working professional,standard,medium,354.19,sports enthusiast
CUST_09301,0.832005285,1,too expensive,college student,premium,medium,640.64,news junkie
CUST_09302,0.821672096,1,too expensive,school student,basic,high,181.31,casual viewer
CUST_09303,0.896360942,1,too expensive,school student,standard,low,432.99,binge watcher
CUST_09305,0.882194188,1,none,working professional,basic,low,176.6,sports enthusiast
CUST_09306,0.781158232,1,no time to watch,working professional,basic,medium,164.07,sports enthusiast
CUST_09309,0.904243502,1,none,retired individual,standard,low,388.66,casual viewer
CUST_09310,0.810954925,1,technical issues,working professional,standard,medium,363.78,sports enthusiast
CUST_09311,0.910851942,1,no time to watch,college student,standard,low,426.68,casual viewer
CUST_09312,0.736949589,1,switched to competitor,college student,basic,high,185.92,news junkie
CUST_09313,0.897490451,1,too expensive,working professional,premium,high,671.36,binge watcher
CUST_09314,0.786846493,1,no time to watch,working professional,basic,low,172.63,family viewer
CUST_09315,0.718266199,1,none,retired individual,standard,medium,397.36,family viewer
CUST_09316,0.946189998,1,too expensive,working professional,standard,medium,434.67,family viewer
CUST_09317,0.73681794,1,none,working professional,premium,low,666.9,casual viewer
CUST_09318,0.845246582,1,too expensive,retired individual,premium,medium,764.06,casual viewer
CUST_09319,0.882462454,1,too expensive,college student,basic,medium,208.21,sports enthusiast
CUST_09320,0.710789575,1,switched to competitor,retired individual,basic,high,196.9,sports enthusiast
CUST_09321,0.733446036,1,none,working professional,standard,medium,411.67,news junkie
CUST_09322,0.817057023,1,no time to watch,college student,standard,high,417.8,casual viewer
CUST_09323,0.738753345,1,no time to watch,working professional,basic,medium,193.5,binge watcher
CUST_09324,0.921506851,1,no time to watch,college student,standard,low,386.4,casual viewer
CUST_09325,0.821465333,1,too expensive,college student,basic,high,243.51,binge watcher
CUST_09326,0.8685483,1,none,college student,standard,medium,435.15,sports enthusiast
CUST_09328,0.852262087,1,content not interesting,working professional,standard,high,351.93,news junkie
CUST_09329,0.937692397,1,technical issues,retired individual,standard,low,421.94,binge watcher
CUST_09330,0.839464745,1,technical issues,working professional,standard,medium,348.16,casual viewer
CUST_09332,0.838397951,1,too expensive,school student,premium,low,685.88,family viewer
CUST_09333,0.837067866,1,technical issues,college student,basic,medium,230.3,family viewer
CUST_09335,0.76414101,1,too expensive,college student,premium,medium,681.7,binge watcher
CUST_09336,0.766370422,1,none,retired individual,standard,high,397.82,casual viewer
CUST_09338,0.72628106,1,technical issues,college student,basic,medium,153.66,binge watcher
CUST_09339,0.857080694,1,too expensive,working professional,premium,medium,680.35,family viewer
CUST_09340,0.82110196,1,too expensive,college student,premium,low,656.61,news junkie
CUST_09341,0.820003959,1,technical issues,retired individual,basic,low,155.51,news junkie
CUST_09342,0.801902019,1,too expensive,retired individual,premium,high,780.61,casual viewer
CUST_09344,0.846631286,1,too expensive,college student,premium,low,774.47,sports enthusiast
CUST_09345,0.896328409,1,too expensive,working professional,premium,high,705.15,news junkie
CUST_09346,0.887040715,1,too expensive,retired individual,basic,high,215.15,family viewer
CUST_09347,0.862282821,1,none,school student,basic,low,193.07,news junkie
CUST_09348,0.730602449,1,content not interesting,working professional,standard,high,450.37,binge watcher
CUST_09349,0.890435556,1,none,retired individual,standard,medium,439.76,sports enthusiast
CUST_09350,0.732480243,1,too expensive,college student,premium,high,675.32,news junkie
CUST_09351,0.742054616,1,switched to competitor,retired individual,standard,high,376.49,casual viewer
CUST_09352,0.856310035,1,no time to watch,working professional,standard,high,338.9,news junkie
CUST_09353,0.717192081,1,none,college student,basic,low,178.7,sports enthusiast
CUST_09354,0.750348015,1,too expensive,college student,standard,medium,411.89,casual viewer
CUST_09355,0.728403463,1,none,school student,standard,medium,423.35,family viewer
CUST_09356,0.800030902,1,too expensive,retired individual,premium,high,659.75,news junkie
CUST_09357,0.808799546,1,too expensive,college student,basic,low,187.47,binge watcher
CUST_09358,0.859607289,1,no time to watch,college student,basic,low,212.62,binge watcher
CUST_09359,0.762782238,1,too expensive,retired individual,standard,high,373.89,family viewer
CUST_09360,0.88223589,1,too expensive,college student,basic,medium,176.32,binge watcher
CUST_09361,0.768617176,1,no time to watch,working professional,standard,medium,451.52,family viewer
CUST_09362,0.924122273,1,too expensive,college student,premium,low,631.99,binge watcher
CUST_09363,0.795526049,1,too expensive,retired individual,premium,medium,707.53,sports enthusiast
CUST_09364,0.82203866,1,too expensive,college student,standard,high,395.59,binge watcher
CUST_09365,0.871464059,1,too expensive,college student,standard,high,347.82,binge watcher
CUST_09366,0.867073292,1,too expensive,school student,premium,medium,763.19,binge watcher
CUST_09367,0.887364007,1,none,working professional,basic,high,260.01,sports enthusiast
CUST_09368,0.729046247,1,content not interesting,college student,basic,high,174.98,family viewer
CUST_09370,0.896031912,1,too expensive,working professional,standard,medium,426.09,family viewer
CUST_09371,0.71539467,1,none,working professional,premium,medium,779.43,sports enthusiast
CUST_09372,0.823432306,1,too expensive,retired individual,standard,high,376.74,casual viewer
CUST_09373,0.738101558,1,none,college student,standard,high,385.48,casual viewer
CUST_09374,0.936306606,1,too expensive,college student,standard,low,406.04,sports enthusiast
CUST_09377,0.800653341,1,too expensive,working professional,premium,low,622.29,family viewer
CUST_09379,0.834101471,1,no time to watch,retired individual,standard,medium,392.07,family viewer
CUST_09380,0.939209265,1,too expensive,retired individual,standard,high,452.87,casual viewer
CUST_09381,0.86319381,1,too expensive,college student,premium,high,617.97,binge watcher
CUST_09383,0.773731121,1,too expensive,retired individual,premium,high,768.8,family viewer
CUST_09384,0.704745494,1,content not interesting,school student,basic,high,193.95,news junkie
CUST_09385,0.814480488,1,none,school student,standard,medium,428.13,casual viewer
CUST_09388,0.757077512,1,too expensive,retired individual,premium,low,764.36,sports enthusiast
CUST_09389,0.780837042,1,switched to competitor,college student,basic,high,226.3,family viewer
CUST_09390,0.779244008,1,switched to competitor,college student,standard,high,435.93,sports enthusiast
CUST_09391,0.803988117,1,none,working professional,standard,high,404.58,family viewer
CUST_09392,0.764881737,1,none,college student,premium,high,717.38,sports enthusiast
CUST_09393,0.84292908,1,technical issues,working professional,standard,medium,384.46,sports enthusiast
CUST_09394,0.883128219,1,technical issues,retired individual,standard,low,388.67,news junkie
CUST_09395,0.838577562,1,technical issues,retired individual,basic,low,206.39,binge watcher
CUST_09396,0.817424649,1,content not interesting,retired individual,standard,high,359.04,casual viewer
CUST_09397,0.842530617,1,too expensive,working professional,premium,high,624.46,sports enthusiast
CUST_09398,0.754054412,1,no time to watch,retired individual,standard,high,416.41,casual viewer
CUST_09399,0.717274379,1,none,college student,basic,high,185.75,news junkie
CUST_09400,0.850374602,1,no time to watch,retired individual,standard,high,434.5,casual viewer
CUST_09401,0.870053694,1,too expensive,working professional,premium,high,780.59,news junkie
CUST_09402,0.818980303,1,too expensive,working professional,premium,low,692.58,casual viewer
CUST_09403,0.792043941,1,no time to watch,working professional,standard,medium,361.05,binge watcher
CUST_09404,0.793183113,1,no time to watch,working professional,standard,high,466.11,casual viewer
CUST_09405,0.810458752,1,too expensive,retired individual,premium,medium,620.29,binge watcher
CUST_09407,0.90161347,1,too expensive,college student,premium,low,608.18,binge watcher
CUST_09408,0.876912009,1,technical issues,school student,standard,low,408.97,casual viewer
CUST_09409,0.827278118,1,none,college student,standard,high,444.71,family viewer
CUST_09410,0.746236711,1,no time to watch,retired individual,basic,medium,200.62,sports enthusiast
CUST_09411,0.945188192,1,too expensive,school student,premium,low,799.82,casual viewer
CUST_09412,0.775930086,1,switched to competitor,retired individual,standard,high,465.81,binge watcher
CUST_09413,0.932773942,1,too expensive,working professional,basic,medium,191.82,news junkie
CUST_09414,0.826309932,1,too expensive,college student,premium,high,613.27,family viewer
CUST_09415,0.788377054,1,none,college student,standard,low,370.13,news junkie
CUST_09416,0.928603348,1,too expensive,retired individual,standard,low,354.23,casual viewer
CUST_09417,0.79799894,1,none,college student,standard,medium,388.58,news junkie
CUST_09418,0.940489951,1,too expensive,college student,standard,low,397.5,sports enthusiast
CUST_09419,0.858811538,1,technical issues,retired individual,basic,low,199.43,news junkie
CUST_09421,0.703831455,1,content not interesting,retired individual,basic,high,185.28,casual viewer
CUST_09422,0.84792176,1,no time to watch,working professional,standard,medium,411.84,sports enthusiast
CUST_09423,0.847648528,1,too expensive,retired individual,premium,high,749.62,family viewer
CUST_09425,0.789653269,1,none,working professional,standard,medium,346.81,sports enthusiast
CUST_09426,0.8643672,1,too expensive,college student,basic,medium,218.17,casual viewer
CUST_09427,0.87933351,1,too expensive,working professional,premium,high,703.3,sports enthusiast
CUST_09431,0.839438323,1,too expensive,school student,premium,medium,685.18,news junkie
CUST_09432,0.856731366,1,too expensive,college student,premium,low,630.15,news junkie
CUST_09433,0.832216585,1,technical issues,college student,standard,low,328.09,casual viewer
CUST_09434,0.809214192,1,technical issues,retired individual,basic,medium,213.83,sports enthusiast
CUST_09435,0.892312741,1,none,working professional,basic,high,237.3,news junkie
CUST_09436,0.930933504,1,too expensive,college student,premium,medium,740.74,binge watcher
CUST_09437,0.825070154,1,too expensive,working professional,premium,low,779.81,news junkie
CUST_09438,0.907625202,1,no time to watch,college student,basic,low,189.73,family viewer
CUST_09439,0.917522355,1,too expensive,retired individual,premium,high,783.06,news junkie
CUST_09440,0.828092743,1,too expensive,retired individual,standard,high,381.13,binge watcher
CUST_09441,0.77806519,1,too expensive,college student,premium,high,701.89,binge watcher
CUST_09442,0.729620141,1,no time to watch,working professional,basic,high,247.5,binge watcher
CUST_09444,0.76999458,1,none,school student,premium,low,777.52,casual viewer
CUST_09445,0.839520109,1,too expensive,college student,premium,medium,698.13,binge watcher
CUST_09446,0.886344229,1,none,college student,basic,medium,177.75,casual viewer
CUST_09447,0.73593069,1,too expensive,college student,premium,high,703.27,casual viewer
CUST_09448,0.805942386,1,switched to competitor,college student,basic,high,224.13,sports enthusiast
CUST_09449,0.780471253,1,too expensive,retired individual,premium,high,712.77,binge watcher
CUST_09450,0.822539034,1,too expensive,college student,premium,high,776.18,news junkie
CUST_09451,0.868649321,1,too expensive,college student,standard,medium,382.44,sports enthusiast
CUST_09452,0.789846489,1,too expensive,college student,standard,high,393.75,sports enthusiast
CUST_09454,0.906752028,1,too expensive,working professional,basic,low,165.54,news junkie
CUST_09455,0.822200256,1,too expensive,college student,standard,high,422.91,casual viewer
CUST_09456,0.920582443,1,too expensive,retired individual,basic,medium,260.76,sports enthusiast
CUST_09457,0.891631318,1,too expensive,college student,basic,high,170.17,casual viewer
CUST_09458,0.908146634,1,no time to watch,working professional,standard,medium,382.74,casual viewer
CUST_09460,0.832854405,1,too expensive,working professional,standard,medium,389.26,family viewer
CUST_09461,0.82680879,1,too expensive,working professional,standard,high,391.92,sports enthusiast
CUST_09462,0.850021566,1,none,school student,basic,medium,199.45,sports enthusiast
CUST_09463,0.881254554,1,too expensive,college student,premium,high,679.2,casual viewer
CUST_09464,0.783502062,1,none,college student,premium,high,682.44,sports enthusiast
CUST_09467,0.797511245,1,none,college student,standard,medium,314.14,casual viewer
CUST_09468,0.816491376,1,too expensive,working professional,premium,high,721.42,casual viewer
CUST_09469,0.850740555,1,too expensive,school student,premium,low,694.05,binge watcher
CUST_09470,0.882310508,1,content not interesting,college student,standard,high,306.65,binge watcher
CUST_09471,0.800326916,1,technical issues,college student,basic,low,202.41,family viewer
CUST_09473,0.822966634,1,too expensive,working professional,premium,high,705.79,casual viewer
CUST_09474,0.760931458,1,none,working professional,premium,high,681.79,sports enthusiast
CUST_09475,0.78011466,1,none,college student,standard,high,460.68,casual viewer
CUST_09476,0.73673537,1,switched to competitor,working professional,basic,high,181.63,news junkie
CUST_09477,0.885931186,1,too expensive,retired individual,basic,low,262.68,family viewer
CUST_09478,0.83065193,1,too expensive,college student,standard,high,430.69,sports enthusiast
CUST_09479,0.840677197,1,too expensive,retired individual,premium,low,720.91,family viewer
CUST_09480,0.825793561,1,technical issues,college student,standard,low,396.55,news junkie
CUST_09482,0.934543248,1,too expensive,working professional,standard,low,339.58,family viewer
CUST_09483,0.938931231,1,too expensive,college student,premium,low,760.98,news junkie
CUST_09484,0.771102654,1,too expensive,retired individual,premium,high,796.63,binge watcher
CUST_09485,0.76380267,1,switched to competitor,retired individual,standard,high,407.56,sports enthusiast
CUST_09487,0.908685322,1,too expensive,working professional,premium,medium,633.14,family viewer
CUST_09488,0.714133613,1,switched to competitor,college student,standard,high,376.54,news junkie
CUST_09489,0.869510474,1,too expensive,working professional,premium,high,772.53,family viewer
CUST_09490,0.809681087,1,too expensive,retired individual,basic,high,194.03,casual viewer
CUST_09491,0.727809191,1,switched to competitor,college student,basic,high,216.8,family viewer
CUST_09492,0.826449849,1,too expensive,working professional,basic,medium,251.85,family viewer
CUST_09495,0.839535344,1,too expensive,college student,standard,high,443.41,casual viewer
CUST_09496,0.871169221,1,too expensive,working professional,standard,low,370.18,news junkie
CUST_09497,0.835988429,1,too expensive,school student,premium,low,717.28,binge watcher
CUST_09498,0.835563072,1,no time to watch,working professional,standard,medium,367.87,news junkie
CUST_09499,0.741459683,1,too expensive,college student,premium,high,713.22,family viewer
CUST_09500,0.850133072,1,too expensive,college student,premium,medium,800.89,news junkie
CUST_09501,0.890843257,1,technical issues,college student,basic,low,176.36,casual viewer
CUST_09502,0.893865567,1,too expensive,retired individual,standard,high,362.95,casual viewer
CUST_09503,0.818849453,1,content not interesting,working professional,standard,high,460.68,binge watcher
CUST_09504,0.74933265,1,no time to watch,working professional,standard,high,344.36,binge watcher
CUST_09505,0.790171072,1,no time to watch,retired individual,standard,medium,413.66,family viewer
CUST_09506,0.879340574,1,too expensive,college student,premium,high,814.76,binge watcher
CUST_09507,0.707297015,1,switched to competitor,retired individual,standard,high,446.4,binge watcher
CUST_09508,0.844793252,1,none,retired individual,premium,medium,644.59,family viewer
CUST_09511,0.883492489,1,too expensive,college student,premium,low,691.96,casual viewer
CUST_09512,0.7115294,1,technical issues,college student,standard,medium,351.8,news junkie
CUST_09513,0.759138711,1,no time to watch,college student,standard,medium,385.55,family viewer
CUST_09515,0.723176354,1,technical issues,college student,standard,low,425.44,binge watcher
CUST_09516,0.71531745,1,too expensive,retired individual,premium,medium,700.42,news junkie
CUST_09517,0.808176452,1,technical issues,school student,basic,low,200.96,casual viewer
CUST_09518,0.762798367,1,technical issues,college student,standard,medium,445.33,news junkie
CUST_09520,0.793630729,1,none,retired individual,premium,high,718.77,family viewer
CUST_09522,0.84201755,1,too expensive,school student,standard,high,410.64,sports enthusiast
CUST_09523,0.728556348,1,no time to watch,working professional,standard,medium,379.82,sports enthusiast
CUST_09526,0.725105537,1,too expensive,college student,premium,medium,682.49,news junkie
CUST_09527,0.836672092,1,none,college student,premium,high,738.88,news junkie
CUST_09528,0.914804949,1,too expensive,college student,basic,medium,231.93,sports enthusiast
CUST_09529,0.76737148,1,too expensive,working professional,premium,high,684.04,family viewer
CUST_09530,0.853432232,1,none,retired individual,standard,medium,371.85,news junkie
CUST_09531,0.723260053,1,no time to watch,working professional,standard,high,336.27,binge watcher
CUST_09532,0.856435166,1,no time to watch,retired individual,standard,high,390.38,family viewer
CUST_09533,0.947603477,1,too expensive,retired individual,standard,low,376.64,sports enthusiast
CUST_09534,0.7046061,1,technical issues,retired individual,standard,low,386.31,family viewer
CUST_09535,0.824325272,1,switched to competitor,retired individual,standard,high,344.24,casual viewer
CUST_09536,0.751257499,1,too expensive,working professional,premium,high,646.15,binge watcher
CUST_09537,0.716332204,1,too expensive,retired individual,premium,medium,704.52,binge watcher
CUST_09538,0.802439192,1,none,retired individual,basic,low,216.33,news junkie
CUST_09539,0.902800108,1,technical issues,working professional,basic,medium,238.39,news junkie
CUST_09540,0.879124335,1,none,retired individual,premium,high,717.68,news junkie
CUST_09541,0.861748185,1,too expensive,school student,premium,medium,712.59,binge watcher
CUST_09543,0.814461166,1,no time to watch,college student,standard,medium,365.07,binge watcher
CUST_09546,0.88215202,1,too expensive,retired individual,basic,high,185.06,news junkie
CUST_09547,0.728920952,1,technical issues,college student,standard,medium,363.74,sports enthusiast
CUST_09548,0.708216017,1,technical issues,college student,standard,medium,357.29,news junkie
CUST_09549,0.825434195,1,too expensive,college student,premium,medium,687.61,casual viewer
CUST_09550,0.899463062,1,too expensive,working professional,basic,high,201.1,sports enthusiast
CUST_09551,0.893126206,1,content not interesting,school student,basic,high,160.72,sports enthusiast
CUST_09553,0.839991449,1,none,retired individual,premium,high,656.32,binge watcher
CUST_09554,0.725374273,1,technical issues,college student,basic,medium,199.16,casual viewer
CUST_09555,0.758604623,1,content not interesting,working professional,basic,high,242.18,sports enthusiast
CUST_09556,0.703288675,1,content not interesting,working professional,basic,high,212.48,family viewer
CUST_09557,0.866277865,1,too expensive,college student,premium,high,623.19,casual viewer
CUST_09558,0.769644897,1,none,retired individual,standard,low,395.78,casual viewer
CUST_09559,0.783624362,1,too expensive,working professional,premium,medium,692.31,casual viewer
CUST_09560,0.746535092,1,none,college student,standard,high,393.46,binge watcher
CUST_09561,0.72750976,1,content not interesting,college student,standard,high,382.03,binge watcher
CUST_09562,0.799313464,1,no time to watch,working professional,standard,high,384.96,family viewer
CUST_09563,0.742193934,1,technical issues,college student,basic,low,174.47,binge watcher
CUST_09565,0.86611805,1,technical issues,retired individual,standard,low,413.7,sports enthusiast
CUST_09566,0.83502508,1,technical issues,college student,basic,low,186.28,sports enthusiast
CUST_09567,0.92476678,1,too expensive,retired individual,basic,low,221.7,casual viewer
CUST_09568,0.939464461,1,too expensive,working professional,premium,medium,772.32,casual viewer
CUST_09569,0.734367508,1,technical issues,college student,basic,medium,228.74,family viewer
CUST_09570,0.703094148,1,none,college student,premium,medium,723.81,family viewer
CUST_09571,0.92616965,1,too expensive,working professional,premium,low,707.17,binge watcher
CUST_09572,0.770095966,1,none,college student,basic,high,219.24,casual viewer
CUST_09573,0.71244744,1,too expensive,retired individual,premium,high,726.44,casual viewer
CUST_09574,0.940177423,1,none,retired individual,standard,medium,393.23,sports enthusiast
CUST_09576,0.932759055,1,no time to watch,working professional,standard,low,434.91,news junkie
CUST_09577,0.704224935,1,too expensive,retired individual,premium,medium,606.59,news junkie
CUST_09578,0.89240124,1,too expensive,college student,premium,low,629.45,binge watcher
CUST_09579,0.857818095,1,switched to competitor,working professional,basic,high,212.8,casual viewer
CUST_09580,0.731104419,1,switched to competitor,college student,standard,high,411.98,news junkie
CUST_09581,0.806348811,1,too expensive,working professional,premium,high,666.6,news junkie
CUST_09582,0.885650493,1,too expensive,working professional,premium,medium,634.33,family viewer
CUST_09584,0.787346704,1,no time to watch,college student,standard,high,370.77,sports enthusiast
CUST_09586,0.953138669,1,too expensive,working professional,premium,medium,648.23,family viewer
CUST_09587,0.794948134,1,technical issues,retired individual,basic,medium,198.9,casual viewer
CUST_09588,0.820968311,1,too expensive,working professional,premium,high,703.8,family viewer
CUST_09589,0.704065279,1,none,college student,basic,low,214.95,binge watcher
CUST_09590,0.811144444,1,too expensive,retired individual,basic,medium,232.3,casual viewer
CUST_09591,0.949900041,1,too expensive,retired individual,premium,high,764.89,family viewer
CUST_09593,0.700010618,1,technical issues,school student,standard,medium,376.86,binge watcher
CUST_09594,0.907003805,1,too expensive,school student,standard,low,425.9,casual viewer
CUST_09595,0.773226356,1,too expensive,working professional,premium,high,696.37,sports enthusiast
CUST_09596,0.874746829,1,none,working professional,standard,high,443.74,news junkie
CUST_09597,0.834283399,1,too expensive,working professional,premium,medium,738.65,casual viewer
CUST_09599,0.811551216,1,too expensive,school student,standard,low,343.22,sports enthusiast
CUST_09600,0.906857153,1,too expensive,college student,standard,medium,382.63,casual viewer
CUST_09601,0.919014705,1,too expensive,working professional,premium,low,644.99,sports enthusiast
CUST_09602,0.867241277,1,technical issues,college student,basic,medium,230.15,binge watcher
CUST_09603,0.874140623,1,technical issues,college student,standard,medium,436.54,casual viewer
CUST_09604,0.713846437,1,too expensive,retired individual,premium,low,733.12,binge watcher
CUST_09605,0.818118437,1,technical issues,retired individual,standard,low,431.64,family viewer
CUST_09607,0.788883689,1,no time to watch,college student,basic,medium,176.21,casual viewer
CUST_09608,0.904308258,1,too expensive,retired individual,premium,high,759.73,family viewer
CUST_09609,0.806421767,1,too expensive,working professional,premium,high,677.87,news junkie
CUST_09610,0.84146721,1,too expensive,college student,premium,high,643,casual viewer
CUST_09611,0.808855319,1,technical issues,working professional,standard,low,410.93,family viewer
CUST_09612,0.85001327,1,too expensive,college student,premium,medium,724.81,family viewer
CUST_09613,0.81020937,1,technical issues,college student,standard,medium,357,news junkie
CUST_09614,0.769767629,1,none,retired individual,basic,high,211.76,binge watcher
CUST_09615,0.758579322,1,too expensive,school student,premium,high,739.86,news junkie
CUST_09616,0.940977111,1,too expensive,working professional,standard,low,382.36,sports enthusiast
CUST_09617,0.893433032,1,too expensive,college student,premium,medium,769.9,casual viewer
CUST_09618,0.82243391,1,technical issues,college student,standard,low,432.11,casual viewer
CUST_09620,0.820137461,1,too expensive,working professional,standard,high,431.27,sports enthusiast
CUST_09621,0.854283962,1,technical issues,school student,basic,medium,223.23,family viewer
CUST_09622,0.793367919,1,none,college student,standard,high,385.27,binge watcher
CUST_09623,0.777205004,1,none,working professional,basic,high,207.94,casual viewer
CUST_09624,0.733589468,1,too expensive,school student,premium,high,644.85,family viewer
CUST_09628,0.795967667,1,too expensive,working professional,premium,high,607.3,news junkie
CUST_09629,0.776676306,1,too expensive,college student,premium,low,712.42,news junkie
CUST_09631,0.926084256,1,too expensive,working professional,premium,high,709.76,sports enthusiast
CUST_09632,0.8295765,1,too expensive,retired individual,premium,medium,705.19,sports enthusiast
CUST_09633,0.80804387,1,no time to watch,working professional,standard,low,459.74,sports enthusiast
CUST_09634,0.737575855,1,no time to watch,working professional,standard,high,386.05,casual viewer
CUST_09635,0.710135725,1,content not interesting,college student,basic,high,204.32,family viewer
CUST_09636,0.71679536,1,too expensive,college student,standard,medium,410.71,news junkie
CUST_09638,0.838284937,1,none,school student,standard,high,394.48,news junkie
CUST_09639,0.76769749,1,technical issues,college student,basic,medium,262.48,sports enthusiast
CUST_09641,0.755489464,1,no time to watch,retired individual,basic,medium,185.41,news junkie
CUST_09642,0.819603925,1,technical issues,college student,basic,medium,185.24,binge watcher
CUST_09643,0.895413208,1,too expensive,college student,basic,medium,186.98,sports enthusiast
CUST_09644,0.901940287,1,none,college student,basic,medium,215.92,sports enthusiast
CUST_09645,0.930135347,1,too expensive,college student,basic,low,235.54,sports enthusiast
CUST_09646,0.837838811,1,too expensive,retired individual,premium,medium,668.44,sports enthusiast
CUST_09647,0.876371159,1,too expensive,college student,premium,medium,685.45,binge watcher
CUST_09648,0.885001437,1,technical issues,retired individual,basic,low,199.37,casual viewer
CUST_09649,0.872722694,1,none,college student,premium,medium,786.98,casual viewer
CUST_09650,0.762611887,1,too expensive,college student,premium,high,704.12,binge watcher
CUST_09651,0.832396496,1,switched to competitor,working professional,standard,high,420.75,casual viewer
CUST_09652,0.867212775,1,too expensive,retired individual,premium,high,636.47,sports enthusiast
CUST_09653,0.829390399,1,too expensive,working professional,premium,medium,793.1,binge watcher
CUST_09654,0.841354047,1,too expensive,college student,basic,low,203.91,news junkie
CUST_09655,0.711939078,1,technical issues,retired individual,standard,medium,359.02,news junkie
CUST_09656,0.72352236,1,none,retired individual,standard,high,429.59,news junkie
CUST_09658,0.858463753,1,too expensive,working professional,premium,high,768.03,binge watcher
CUST_09659,0.859212073,1,too expensive,retired individual,premium,low,660.38,casual viewer
CUST_09660,0.831714979,1,switched to competitor,college student,standard,high,395.93,casual viewer
CUST_09662,0.717882049,1,technical issues,college student,standard,low,470.76,sports enthusiast
CUST_09663,0.776307066,1,none,college student,standard,medium,417.68,sports enthusiast
CUST_09664,0.867035151,1,technical issues,retired individual,standard,medium,324.39,family viewer
CUST_09665,0.822615388,1,too expensive,college student,premium,high,701.56,binge watcher
CUST_09666,0.764975221,1,switched to competitor,college student,basic,high,191.87,binge watcher
CUST_09667,0.907813484,1,too expensive,retired individual,standard,low,361.65,news junkie
CUST_09668,0.7997796,1,none,retired individual,standard,medium,372,news junkie
CUST_09669,0.803491535,1,content not interesting,retired individual,basic,high,211.74,family viewer
CUST_09671,0.888000421,1,too expensive,working professional,standard,low,411.64,family viewer
CUST_09674,0.787644228,1,too expensive,college student,premium,medium,770.56,family viewer
CUST_09675,0.769170794,1,too expensive,retired individual,standard,high,461.8,casual viewer
CUST_09676,0.785985753,1,none,college student,standard,high,454.13,news junkie
CUST_09677,0.736135322,1,too expensive,college student,premium,high,761.38,sports enthusiast
CUST_09678,0.932605517,1,too expensive,college student,basic,low,241.94,news junkie
CUST_09679,0.931745852,1,too expensive,college student,basic,low,242.15,news junkie
CUST_09680,0.740218701,1,too expensive,school student,standard,high,406.59,casual viewer
CUST_09681,0.780425618,1,too expensive,working professional,basic,high,201.43,family viewer
CUST_09683,0.915238418,1,too expensive,college student,standard,high,384.87,news junkie
CUST_09684,0.820673229,1,switched to competitor,retired individual,standard,high,358.72,family viewer
CUST_09685,0.746337267,1,too expensive,school student,premium,medium,619.4,news junkie
CUST_09686,0.722294226,1,no time to watch,working professional,standard,high,437.85,casual viewer
CUST_09687,0.723110197,1,switched to competitor,working professional,basic,high,227.28,news junkie
CUST_09688,0.891891159,1,no time to watch,working professional,standard,low,394.73,binge watcher
CUST_09689,0.747355995,1,switched to competitor,college student,basic,high,233.76,news junkie
CUST_09692,0.902568058,1,content not interesting,retired individual,standard,high,321.2,news junkie
CUST_09693,0.717968592,1,none,retired individual,standard,high,441.53,binge watcher
CUST_09694,0.785230184,1,none,retired individual,premium,high,684.46,news junkie
CUST_09695,0.805095689,1,technical issues,school student,standard,medium,405.57,news junkie
CUST_09696,0.91245991,1,technical issues,retired individual,standard,low,433.99,family viewer
CUST_09697,0.947041087,1,too expensive,school student,premium,low,673.18,family viewer
CUST_09698,0.883044794,1,none,retired individual,premium,medium,616.62,binge watcher
CUST_09699,0.86440128,1,none,retired individual,basic,medium,238.32,binge watcher
CUST_09700,0.823780696,1,technical issues,retired individual,basic,medium,253.89,family viewer
CUST_09701,0.903027622,1,too expensive,college student,basic,medium,198.15,binge watcher
CUST_09702,0.817673875,1,too expensive,retired individual,premium,high,708.79,news junkie
CUST_09703,0.739419759,1,none,working professional,premium,high,764.57,sports enthusiast
CUST_09704,0.830910055,1,too expensive,college student,premium,low,623.81,news junkie
CUST_09705,0.861163831,1,too expensive,school student,premium,high,662.7,news junkie
CUST_09706,0.870963173,1,too expensive,retired individual,premium,high,768.27,news junkie
CUST_09707,0.731628858,1,none,retired individual,premium,medium,703.94,casual viewer
CUST_09708,0.77294828,1,too expensive,college student,premium,high,633.09,binge watcher
CUST_09709,0.834311777,1,technical issues,retired individual,basic,medium,192.53,family viewer
CUST_09711,0.843909236,1,technical issues,retired individual,standard,medium,419.16,news junkie
CUST_09712,0.817754919,1,no time to watch,college student,standard,medium,344.39,sports enthusiast
CUST_09713,0.913528655,1,too expensive,retired individual,basic,low,170.66,sports enthusiast
CUST_09715,0.905387873,1,technical issues,working professional,basic,low,207.85,news junkie
CUST_09716,0.730495755,1,switched to competitor,retired individual,standard,high,359.13,family viewer
CUST_09717,0.73463316,1,too expensive,college student,basic,high,155.67,news junkie
CUST_09718,0.856738851,1,too expensive,college student,premium,high,768.52,news junkie
CUST_09719,0.791878862,1,too expensive,retired individual,premium,high,642.32,sports enthusiast
CUST_09720,0.845721626,1,none,working professional,premium,low,809.54,family viewer
CUST_09722,0.790496777,1,too expensive,working professional,premium,medium,692.1,family viewer
CUST_09723,0.702283864,1,none,college student,premium,medium,727.35,family viewer
CUST_09725,0.848659312,1,too expensive,working professional,premium,high,687.02,family viewer
CUST_09726,0.828841302,1,no time to watch,college student,standard,medium,424.65,family viewer
CUST_09727,0.808788845,1,no time to watch,working professional,premium,medium,594.62,binge watcher
CUST_09728,0.85831965,1,too expensive,retired individual,basic,high,178.52,family viewer
CUST_09729,0.724465374,1,switched to competitor,working professional,basic,high,188.47,family viewer
CUST_09730,0.851948828,1,no time to watch,working professional,standard,low,422.35,news junkie
CUST_09731,0.882644884,1,too expensive,retired individual,basic,medium,193.06,casual viewer
CUST_09732,0.786617174,1,none,working professional,basic,low,228.61,sports enthusiast
CUST_09733,0.781259586,1,switched to competitor,working professional,basic,high,158.14,sports enthusiast
CUST_09734,0.914131584,1,too expensive,working professional,premium,high,690.23,family viewer
CUST_09736,0.781593222,1,technical issues,retired individual,basic,medium,213.54,binge watcher
CUST_09737,0.860319264,1,none,working professional,basic,low,202.28,binge watcher
CUST_09738,0.885965429,1,too expensive,working professional,premium,medium,652.45,family viewer
CUST_09739,0.76870669,1,switched to competitor,college student,basic,high,188.91,binge watcher
CUST_09741,0.908752878,1,content not interesting,retired individual,standard,high,414.14,casual viewer
CUST_09742,0.769989808,1,none,retired individual,basic,medium,240.29,news junkie
CUST_09743,0.842939049,1,too expensive,working professional,premium,medium,794.94,news junkie
CUST_09744,0.840116602,1,none,retired individual,premium,low,780.31,news junkie
CUST_09745,0.835828546,1,content not interesting,college student,basic,high,197.5,binge watcher
CUST_09746,0.716803322,1,switched to competitor,working professional,basic,high,155.84,news junkie
CUST_09747,0.814943336,1,switched to competitor,college student,standard,high,427.01,family viewer
CUST_09748,0.914175248,1,too expensive,college student,standard,high,376.54,news junkie
CUST_09749,0.850836177,1,technical issues,retired individual,standard,medium,372.69,casual viewer
CUST_09751,0.763029284,1,none,retired individual,basic,low,176.29,casual viewer
CUST_09753,0.812601702,1,too expensive,college student,premium,high,707.23,casual viewer
CUST_09754,0.760196907,1,none,retired individual,standard,high,343.12,binge watcher
CUST_09756,0.850242768,1,too expensive,college student,basic,high,206.91,casual viewer
CUST_09758,0.934054347,1,too expensive,college student,standard,low,465.42,news junkie
CUST_09759,0.802932349,1,none,college student,standard,medium,358.37,sports enthusiast
CUST_09760,0.901127865,1,none,college student,premium,medium,699.49,news junkie
CUST_09761,0.881167097,1,too expensive,college student,basic,high,176.8,family viewer
CUST_09762,0.933219302,1,too expensive,working professional,premium,low,771.53,family viewer
CUST_09763,0.802191249,1,too expensive,working professional,premium,high,605.3,family viewer
CUST_09766,0.829491927,1,no time to watch,college student,standard,high,381.35,binge watcher
CUST_09768,0.783669645,1,no time to watch,college student,standard,low,402.19,sports enthusiast
CUST_09769,0.916320976,1,no time to watch,working professional,basic,low,192.45,casual viewer
CUST_09770,0.787475442,1,too expensive,college student,premium,medium,705.79,casual viewer
CUST_09771,0.731181017,1,no time to watch,working professional,standard,medium,453.85,binge watcher
CUST_09772,0.744957151,1,technical issues,college student,standard,medium,437.9,binge watcher
CUST_09773,0.847636039,1,none,college student,standard,high,419.33,casual viewer
CUST_09774,0.899985075,1,too expensive,college student,standard,high,442.06,family viewer
CUST_09775,0.753235565,1,none,school student,standard,medium,376.43,sports enthusiast
CUST_09776,0.819432713,1,technical issues,retired individual,basic,low,140.7,news junkie
CUST_09777,0.903077343,1,too expensive,working professional,premium,high,771.11,casual viewer
CUST_09778,0.884798562,1,technical issues,college student,basic,low,183.29,binge watcher
CUST_09779,0.852411496,1,none,working professional,basic,high,188.91,family viewer
CUST_09780,0.787684361,1,too expensive,college student,basic,high,190.06,news junkie
CUST_09781,0.75953431,1,content not interesting,retired individual,standard,high,372.51,binge watcher
CUST_09783,0.803228844,1,switched to competitor,retired individual,basic,high,181.21,sports enthusiast
CUST_09785,0.839042587,1,technical issues,college student,standard,low,406.36,family viewer
CUST_09786,0.761306702,1,none,college student,standard,high,393.17,sports enthusiast
CUST_09787,0.718483323,1,no time to watch,retired individual,standard,high,419.04,family viewer
CUST_09788,0.73041861,1,too expensive,college student,premium,high,819.97,family viewer
CUST_09789,0.773349856,1,too expensive,school student,premium,medium,660.62,sports enthusiast
CUST_09790,0.780514024,1,technical issues,college student,standard,medium,417,news junkie
CUST_09791,0.905509801,1,too expensive,retired individual,premium,low,702.65,binge watcher
CUST_09792,0.817186348,1,none,college student,premium,low,636.44,family viewer
CUST_09793,0.874953271,1,too expensive,college student,standard,low,458,binge watcher
CUST_09794,0.817956292,1,switched to competitor,college student,basic,high,208.23,sports enthusiast
CUST_09795,0.793430426,1,no time to watch,working professional,basic,high,170.27,casual viewer
CUST_09796,0.765252775,1,no time to watch,retired individual,basic,medium,128.55,family viewer
CUST_09797,0.818054445,1,technical issues,school student,basic,medium,167.45,casual viewer
CUST_09798,0.936404607,1,too expensive,working professional,premium,low,756.97,news junkie
CUST_09799,0.866017734,1,too expensive,college student,standard,low,380.75,sports enthusiast
CUST_09800,0.708377362,1,technical issues,retired individual,standard,low,385.01,family viewer
CUST_09801,0.711671209,1,switched to competitor,college student,standard,high,443.47,news junkie
CUST_09802,0.73422052,1,too expensive,retired individual,premium,high,611.26,news junkie
CUST_09803,0.812768857,1,too expensive,college student,premium,high,711.27,binge watcher
CUST_09804,0.818913408,1,too expensive,college student,standard,low,403.77,family viewer
CUST_09805,0.837554355,1,too expensive,college student,standard,medium,401.05,sports enthusiast
CUST_09806,0.815417631,1,none,retired individual,premium,high,710.21,sports enthusiast
CUST_09807,0.708740698,1,none,working professional,premium,high,634.13,binge watcher
CUST_09808,0.857246822,1,no time to watch,retired individual,basic,medium,167.58,sports enthusiast
CUST_09809,0.922115376,1,too expensive,working professional,premium,high,706.41,news junkie
CUST_09810,0.853980672,1,too expensive,college student,standard,medium,398.46,news junkie
CUST_09812,0.874609479,1,too expensive,retired individual,standard,high,446.28,casual viewer
CUST_09813,0.805415027,1,none,college student,basic,medium,197.76,binge watcher
CUST_09814,0.731227861,1,none,working professional,premium,medium,638.28,binge watcher
CUST_09815,0.843553297,1,technical issues,college student,basic,low,165.14,binge watcher
CUST_09816,0.725191054,1,too expensive,retired individual,premium,high,634.72,casual viewer
CUST_09817,0.859483851,1,too expensive,working professional,standard,low,382.07,casual viewer
CUST_09818,0.828769549,1,none,college student,basic,low,190.1,binge watcher
CUST_09820,0.906543724,1,too expensive,working professional,basic,low,185.94,family viewer
CUST_09822,0.866194447,1,too expensive,working professional,premium,high,710.96,news junkie
CUST_09823,0.87092498,1,too expensive,college student,standard,low,462.86,casual viewer
CUST_09824,0.871917663,1,too expensive,college student,basic,low,216.25,sports enthusiast
CUST_09825,0.878435049,1,too expensive,retired individual,standard,low,421.01,news junkie
CUST_09826,0.745342817,1,too expensive,college student,premium,medium,649.54,family viewer
CUST_09827,0.755673997,1,none,college student,standard,high,350.83,casual viewer
CUST_09828,0.797698609,1,too expensive,college student,basic,medium,199.94,binge watcher
CUST_09829,0.799663309,1,content not interesting,working professional,standard,high,375.28,binge watcher
CUST_09830,0.779697129,1,too expensive,college student,premium,low,684.11,family viewer
CUST_09832,0.701257219,1,technical issues,college student,basic,low,217.93,sports enthusiast
CUST_09834,0.968807277,1,too expensive,working professional,basic,low,195.93,binge watcher
CUST_09835,0.887543568,1,too expensive,college student,premium,high,698.97,binge watcher
CUST_09836,0.895053989,1,too expensive,working professional,basic,high,208.38,sports enthusiast
CUST_09837,0.773944397,1,switched to competitor,working professional,basic,high,204.13,sports enthusiast
CUST_09838,0.947235844,1,too expensive,working professional,standard,low,400.08,sports enthusiast
CUST_09839,0.921690015,1,too expensive,college student,premium,low,620.33,binge watcher
CUST_09840,0.775449184,1,too expensive,school student,premium,high,758.79,binge watcher
CUST_09841,0.7638056,1,too expensive,college student,premium,high,737.45,news junkie
CUST_09842,0.731304987,1,too expensive,retired individual,premium,high,758.73,family viewer
CUST_09843,0.846577102,1,no time to watch,working professional,basic,medium,201.38,binge watcher
CUST_09844,0.921331706,1,too expensive,retired individual,standard,low,366.89,casual viewer
CUST_09845,0.902945771,1,too expensive,school student,premium,low,794.4,sports enthusiast
CUST_09846,0.817200749,1,too expensive,college student,premium,medium,641.2,sports enthusiast
CUST_09847,0.821304263,1,none,college student,premium,medium,679.62,news junkie
CUST_09848,0.801280485,1,none,school student,premium,high,713.2,casual viewer
CUST_09849,0.815460576,1,too expensive,retired individual,premium,high,620.09,casual viewer
CUST_09850,0.799531589,1,too expensive,retired individual,premium,low,751.02,family viewer
CUST_09852,0.889318092,1,too expensive,college student,standard,low,441.77,binge watcher
CUST_09853,0.702549276,1,content not interesting,retired individual,basic,high,209.85,news junkie
CUST_09854,0.823415765,1,too expensive,college student,premium,high,744.77,news junkie
CUST_09855,0.884350041,1,no time to watch,working professional,basic,low,213.69,news junkie
CUST_09856,0.803199211,1,technical issues,college student,basic,medium,141.81,news junkie
CUST_09857,0.80858106,1,no time to watch,college student,standard,low,432.15,family viewer
CUST_09860,0.871813009,1,too expensive,working professional,premium,high,716.72,sports enthusiast
CUST_09861,0.840020425,1,too expensive,school student,premium,medium,753.73,sports enthusiast
CUST_09862,0.815920256,1,too expensive,retired individual,premium,medium,770.46,news junkie
CUST_09863,0.863150113,1,too expensive,college student,standard,medium,420.31,binge watcher
CUST_09864,0.781619299,1,technical issues,retired individual,standard,medium,459.51,news junkie
CUST_09865,0.834303236,1,too expensive,working professional,premium,medium,758.04,binge watcher
CUST_09866,0.799990991,1,too expensive,college student,premium,medium,710.56,family viewer
CUST_09867,0.895224428,1,too expensive,college student,standard,medium,443.97,binge watcher
CUST_09868,0.839504695,1,technical issues,college student,standard,low,417.21,news junkie
CUST_09869,0.837866182,1,too expensive,retired individual,premium,high,659.85,news junkie
CUST_09870,0.80066653,1,technical issues,retired individual,standard,medium,466.68,binge watcher
CUST_09871,0.897870183,1,technical issues,college student,standard,low,417.56,sports enthusiast
CUST_09874,0.838576177,1,too expensive,retired individual,premium,high,687.24,binge watcher
CUST_09875,0.894569963,1,none,school student,standard,medium,456.81,casual viewer
CUST_09876,0.890016855,1,none,school student,premium,low,718.83,casual viewer
CUST_09877,0.807165051,1,switched to competitor,college student,basic,high,164.27,casual viewer
CUST_09878,0.747724804,1,switched to competitor,school student,basic,high,203.16,casual viewer
CUST_09879,0.772891578,1,none,school student,premium,low,671.44,family viewer
CUST_09880,0.921166325,1,too expensive,college student,basic,low,280.11,family viewer
CUST_09881,0.896548875,1,too expensive,retired individual,basic,high,217.2,news junkie
CUST_09882,0.933612169,1,no time to watch,retired individual,standard,low,402.17,casual viewer
CUST_09883,0.933712255,1,none,college student,standard,medium,338.34,casual viewer
CUST_09884,0.874813331,1,too expensive,college student,standard,medium,363.24,family viewer
CUST_09886,0.823366128,1,too expensive,retired individual,premium,medium,742.58,binge watcher
CUST_09887,0.930977935,1,too expensive,college student,basic,low,175.02,news junkie
CUST_09888,0.911347742,1,content not interesting,college student,basic,high,213.35,sports enthusiast
CUST_09889,0.764764857,1,no time to watch,working professional,basic,low,201.81,sports enthusiast
CUST_09890,0.898399085,1,none,college student,basic,high,233.16,sports enthusiast
CUST_09891,0.890668421,1,too expensive,working professional,premium,high,677.71,news junkie
CUST_09892,0.878207204,1,no time to watch,college student,standard,medium,358.09,family viewer
CUST_09894,0.810468769,1,too expensive,retired individual,standard,high,415.93,family viewer
CUST_09896,0.808879399,1,no time to watch,college student,standard,medium,404.76,sports enthusiast
CUST_09897,0.811125519,1,content not interesting,college student,standard,high,419.83,binge watcher
CUST_09898,0.860898449,1,too expensive,retired individual,premium,high,764.62,sports enthusiast
CUST_09900,0.777364176,1,technical issues,working professional,basic,low,227.02,binge watcher
CUST_09901,0.849170737,1,technical issues,college student,standard,medium,359.6,binge watcher
CUST_09902,0.787182049,1,none,retired individual,basic,low,153.9,binge watcher
CUST_09903,0.842499634,1,too expensive,college student,premium,high,754.73,family viewer
CUST_09904,0.732634827,1,too expensive,college student,premium,high,710.93,news junkie
CUST_09905,0.862626973,1,too expensive,working professional,premium,high,789.72,sports enthusiast
CUST_09906,0.738113623,1,none,working professional,standard,low,415.47,family viewer
CUST_09909,0.737056528,1,none,college student,basic,high,223.92,binge watcher
CUST_09910,0.877390488,1,too expensive,retired individual,basic,medium,236.37,family viewer
CUST_09911,0.742139269,1,none,school student,basic,high,143.06,news junkie
CUST_09912,0.779393895,1,switched to competitor,college student,standard,high,463.83,binge watcher
CUST_09913,0.828967483,1,too expensive,working professional,premium,medium,689.08,family viewer
CUST_09914,0.705921772,1,technical issues,retired individual,standard,medium,369.46,binge watcher
CUST_09915,0.927445503,1,no time to watch,retired individual,standard,high,470.35,news junkie
CUST_09916,0.821742466,1,switched to competitor,working professional,basic,high,178.3,news junkie
CUST_09918,0.818345612,1,too expensive,retired individual,premium,high,769.38,news junkie
CUST_09920,0.815447363,1,content not interesting,college student,standard,high,396.29,casual viewer
CUST_09921,0.902847043,1,too expensive,working professional,premium,medium,771.94,binge watcher
CUST_09922,0.891421691,1,too expensive,working professional,premium,medium,623.4,casual viewer
CUST_09923,0.82164954,1,no time to watch,college student,standard,medium,420.93,family viewer
CUST_09924,0.856243205,1,too expensive,retired individual,premium,high,728.74,sports enthusiast
CUST_09925,0.743923035,1,too expensive,retired individual,premium,high,694.71,sports enthusiast
CUST_09927,0.862969768,1,too expensive,school student,standard,low,447.08,family viewer
CUST_09929,0.82557716,1,too expensive,working professional,premium,medium,674.68,family viewer
CUST_09930,0.799092264,1,technical issues,school student,standard,medium,388.24,binge watcher
CUST_09931,0.849922966,1,too expensive,working professional,premium,low,644.26,casual viewer
CUST_09932,0.740501173,1,technical issues,retired individual,basic,medium,194.85,family viewer
CUST_09933,0.812840261,1,technical issues,college student,standard,low,423.17,binge watcher
CUST_09934,0.838383551,1,content not interesting,retired individual,standard,high,371.54,news junkie
CUST_09935,0.908689699,1,too expensive,working professional,standard,medium,382.8,casual viewer
CUST_09936,0.74448416,1,none,college student,premium,high,801.04,casual viewer
CUST_09937,0.8235994,1,no time to watch,working professional,standard,high,397.94,binge watcher
CUST_09938,0.73615387,1,content not interesting,retired individual,standard,high,371.54,casual viewer
CUST_09939,0.733054677,1,too expensive,school student,premium,medium,684.74,casual viewer
CUST_09943,0.784228224,1,technical issues,working professional,standard,medium,362.97,family viewer
CUST_09945,0.879838072,1,too expensive,school student,basic,high,204.03,casual viewer
CUST_09946,0.883614872,1,too expensive,retired individual,premium,medium,715.79,binge watcher
CUST_09947,0.830568606,1,technical issues,college student,basic,medium,246.07,family viewer
CUST_09948,0.811125958,1,too expensive,retired individual,standard,high,417.53,sports enthusiast
CUST_09949,0.760988683,1,technical issues,school student,standard,low,318.88,family viewer
CUST_09950,0.77091708,1,switched to competitor,college student,basic,high,242.67,binge watcher
CUST_09951,0.761441292,1,switched to competitor,college student,standard,high,435.74,casual viewer
CUST_09952,0.812889467,1,none,retired individual,standard,low,380.74,binge watcher
CUST_09954,0.930591608,1,too expensive,school student,basic,low,228.48,casual viewer
CUST_09957,0.826233385,1,too expensive,retired individual,premium,medium,767.94,casual viewer
CUST_09959,0.797454622,1,no time to watch,school student,basic,high,197.58,casual viewer
CUST_09961,0.723484187,1,switched to competitor,working professional,basic,high,160.08,news junkie
CUST_09962,0.700972584,1,none,working professional,premium,high,785.54,casual viewer
CUST_09964,0.904167739,1,too expensive,working professional,basic,high,198.86,binge watcher
CUST_09965,0.767382424,1,no time to watch,working professional,basic,high,238.61,binge watcher
CUST_09966,0.819046701,1,no time to watch,working professional,basic,medium,147,family viewer
CUST_09967,0.867813146,1,too expensive,school student,standard,high,421.63,binge watcher
CUST_09968,0.826364541,1,no time to watch,college student,basic,low,217.39,family viewer
CUST_09969,0.847958039,1,no time to watch,college student,standard,low,372.53,news junkie
CUST_09970,0.857999392,1,technical issues,college student,basic,low,149.44,news junkie
CUST_09971,0.882619027,1,no time to watch,retired individual,standard,low,360.92,binge watcher
CUST_09972,0.746339918,1,too expensive,college student,basic,high,187.05,sports enthusiast
CUST_09973,0.823906612,1,too expensive,working professional,premium,medium,716.46,news junkie
CUST_09974,0.837163921,1,no time to watch,retired individual,standard,high,361.26,binge watcher
CUST_09975,0.760596943,1,none,retired individual,premium,medium,709.86,casual viewer
CUST_09976,0.911597458,1,content not interesting,working professional,basic,high,153,casual viewer
CUST_09977,0.822265556,1,technical issues,working professional,standard,medium,370.88,binge watcher
CUST_09978,0.90344506,1,no time to watch,college student,basic,medium,175.05,family viewer
CUST_09979,0.824835813,1,too expensive,school student,standard,low,418.43,family viewer
CUST_09980,0.834330168,1,switched to competitor,retired individual,standard,high,357.16,binge watcher
CUST_09981,0.864955953,1,too expensive,working professional,premium,high,740.21,binge watcher
CUST_09982,0.873877864,1,too expensive,college student,premium,low,770.28,casual viewer
CUST_09984,0.875040514,1,too expensive,college student,premium,medium,779.33,casual viewer
CUST_09985,0.882746678,1,too expensive,working professional,basic,high,199.5,news junkie
CUST_09986,0.819678436,1,none,college student,premium,high,704.67,sports enthusiast
CUST_09987,0.829584209,1,too expensive,college student,basic,high,206.13,family viewer
CUST_09988,0.929960029,1,no time to watch,working professional,standard,medium,346.28,binge watcher
CUST_09989,0.856242659,1,too expensive,retired individual,basic,high,171.28,binge watcher
CUST_09990,0.765052875,1,none,working professional,standard,medium,416.24,sports enthusiast
CUST_09991,0.815703365,1,too expensive,college student,premium,high,709.99,family viewer
CUST_09993,0.860878154,1,too expensive,working professional,premium,medium,617.03,binge watcher
CUST_09995,0.735517517,1,none,working professional,premium,medium,744.72,sports enthusiast
CUST_09996,0.886262482,1,none,working professional,premium,high,710.74,binge watcher
CUST_09998,0.834493632,1,technical issues,school student,standard,medium,470.22,family viewer
CUST_09999,0.923102037,1,too expensive,retired individual,standard,high,461.07,family viewer
